Name,URL,Image_URL,Home,Age,Movie Mentioned,Cover artist,Genre,Pages,Movie Appearances,Eye Color,ISBN,Followed by,Special features,Inhabitants,Mentioned,Appearance,Publication date,Type,Preceded by,Publisher,Country,Arena,Author,Occupation,Duration,Head Gamemaker,Appearances,Height,Date,Also known as,Relatives,Hair,Book Mentioned,Fate,Book Appearances,Portrayed by,Outcome,Location,Victor's home,Weapon,Victor,Gender
50th Hunger Games,https://thehungergames.fandom.com/wiki/50th_Hunger_Games,https://static.wikia.nocookie.net/thehungergames/images/e/ef/50th_Cornucopia.jpeg/revision/latest/scale-to-width-down/268?cb=20251120144330,,,,,,,,,,51st Hunger Games Quarter Quell: 75th Hunger Games,48 tributes (2 male and 2 female from each district ),,Catching Fire,Sunrise on the Reaping,,,49th Hunger Games Quarter Quell: 25th Hunger Games,,,Poison paradise,,,7 days,Faustina Gripper,,,,Second Quarter Quell,,,,,,,,,District 12,,Haymitch Abernathy,
65th Hunger Games,https://thehungergames.fandom.com/wiki/65th_Hunger_Games,,,,,,,,,,,66th Hunger Games,,,Catching Fire,,,Regular,64th Hunger Games,,,,,,About 10-12 days,,,,,,,,,,,,,,District 4,,Finnick Odair,
Agrippina Sickle,https://thehungergames.fandom.com/wiki/Agrippina_Sickle,,The Capitol,,,,,,,,,,,,,,,,,,,,,Professor Gymnasium mistress,,,,,,,Vipsania Sickle (niece) Drusilla Sickle (unknown relation),,,,The Ballad of Songbirds and Snakes,,,,,,,Female
Alawna,https://thehungergames.fandom.com/wiki/Alawna,,District 8,18-Dec,,,,,The Hunger Games: Sunrise on the Reaping (upcoming),Dark brown (film),,,,,,,,,,,,,,Tribute ( 50th Hunger Games ),,,,5’6” (film),,,,Black (film),,Deceased,Sunrise on the Reaping,Carmen Guissou,,,,,,Female
Alma Coin,https://thehungergames.fandom.com/wiki/Alma_Coin,https://static.wikia.nocookie.net/thehungergames/images/4/49/PresidentCoinD13Portrait.jpg/revision/latest/scale-to-width-down/267?cb=20190306042858,District 13 The Capitol (briefly),Mid-late 50s ( Mockingjay ),,,,,Mockingjay - Part 1 Mockingjay - Part 2,Grey (books) [ 1 ] Hazel (films),,,,,,,,,,,,,,President of District 13 Rebel leader Interim President of Panem,,,,,,,Unnamed husband (film) Unnamed daughter (film),Grey (books [ 1 ] and films),,Deceased,Mockingjay,Julianne Moore,,,,Propaganda Bombs,,Female
Alpheus,https://thehungergames.fandom.com/wiki/Alpheus,https://static.wikia.nocookie.net/thehungergames/images/6/60/Alpheus.png/revision/latest?cb=20260418041839,District 2,15-18,,,,,The Hunger Games: Sunrise on the Reaping,Brown (film),,,,,,,,,,,,,,Tribute ( 50th Hunger Games ),,,,6’2” (film),,,,Brown (film),,Deceased,Sunrise on the Reaping,Julius Trabolt,,,,,,Male
Ampert Latier,https://thehungergames.fandom.com/wiki/Ampert,https://static.wikia.nocookie.net/thehungergames/images/2/22/AmpertSOTR.jpeg/revision/latest/scale-to-width-down/268?cb=20260413154421,District 3,12 [ 1 ],,,,,The Hunger Games: Sunrise on the Reaping (upcoming),Dark brown (film),,,,,,,,,,,,,,Tribute ( 50th Hunger Games ),,,,5’1” (film),,,Beetee Latier (father) Unnamed mother Unnamed younger sibling,Black (film),,Deceased,Sunrise on the Reaping,Percy Daggs IV [ 2 ],,,,,,Male
Androcles Anderson,https://thehungergames.fandom.com/wiki/Androcles_Anderson,https://static.wikia.nocookie.net/thehungergames/images/0/07/Androcles_Anderson.jpg/revision/latest?cb=20231106220258,The Capitol,,,,,,The Hunger Games: The Ballad of Songbirds & Snakes,,,,,,,,,,,,,,,Academy student Mentor ( 10th Hunger Games ),,,,,,,,,,,The Ballad of Songbirds and Snakes,Chieloka Jairus,,,,,,Male
Angler,https://thehungergames.fandom.com/wiki/Angler,https://static.wikia.nocookie.net/thehungergames/images/b/bf/Angler.png/revision/latest/scale-to-width-down/268?cb=20260418032539,District 4,18-Dec,,,,,The Hunger Games: Sunrise on the Reaping (upcoming),Dark brown (film),,,,,,,,,,,,,,Tribute ( 50th Hunger Games ),,,,6’0” (film),,,,Dark brown (film),,Deceased,Sunrise on the Reaping,Dias Kaldybek,,,,,,Male
Anion,https://thehungergames.fandom.com/wiki/Anion,https://static.wikia.nocookie.net/thehungergames/images/7/7a/Anion1.png/revision/latest/scale-to-width-down/268?cb=20260704215345,District 5,18-Dec,,,,,The Hunger Games: Sunrise on the Reaping (upcoming),Green (film),,,,,,,,,,,,,,Tribute ( 50th Hunger Games ),,,,5’9” (film),,,,Black (film),,Deceased,Sunrise on the Reaping,Padmé Hamdemir,,,,,,Female
Annie Cresta,https://thehungergames.fandom.com/wiki/Annie_Cresta,https://static.wikia.nocookie.net/thehungergames/images/2/22/AnnieAndBabyMJ2.jpg/revision/latest/scale-to-width-down/268?cb=20190306051017,Victors' Village in District 4 The Capitol & District 13 (briefly),18 ( 70th Hunger Games ) 23 ( Catching Fire ) [ 1 ] 23-24 ( Mockingjay ),,,,,Catching Fire Mockingjay - Part 1 Mockingjay - Part 2,Sea-green (book) [ 2 ] Blue (films),,,,,,,,,,,,,,Victor ( 70th Hunger Games ) Career Tribute Mother,,,,,,,Finnick Odair † (husband) Unnamed son,Brown (book) [ 2 ] Red (films),,Alive,Catching Fire Mockingjay,Stef Dawson,,,,,,Female
Apollo Ring,https://thehungergames.fandom.com/wiki/Apollo_Ring,https://static.wikia.nocookie.net/thehungergames/images/1/16/ApolloRing_.jpg/revision/latest/scale-to-width-down/268?cb=20231206014407,The Capitol,,,,,,The Hunger Games: The Ballad of Songbirds & Snakes,,,,,,,,,,,,,,,Academy student Mentor ( 10th Hunger Games ),,,,,,Pollo,Diana Ring (twin sister),,,Deceased (book) Unknown (film),The Ballad of Songbirds and Snakes,Aaron Finn Schultz,,,,,,Male
Arachne Crane,https://thehungergames.fandom.com/wiki/Arachne_Crane,https://static.wikia.nocookie.net/thehungergames/images/6/6a/Arachnec.jpg/revision/latest/scale-to-width-down/268?cb=20231222122257,The Capitol,18,,,,,The Hunger Games: The Ballad of Songbirds & Snakes,,,,,,,,,,,,,,,Academy student Mentor ( 10th Hunger Games ),,,,,,,Unnamed older brother Seneca Crane (unknown relation),,,Deceased (killed by Brandy ),The Ballad of Songbirds and Snakes,Lilly Cooper,,,,,,Female
Arlo Chance,https://thehungergames.fandom.com/wiki/Arlo_Chance,https://static.wikia.nocookie.net/thehungergames/images/6/68/Arlo_Chance.jpg/revision/latest/scale-to-width-down/268?cb=20231222170315,District 12,,,,,,The Hunger Games: The Ballad of Songbirds & Snakes,,,,,,,,,,,,,,,Rebel soldier (formerly) Coal miner,,,,,,,Woodbine Chance † (descendant) Binnie Chance † (descendant) Clay Chance † (descendant),,,Deceased,The Ballad of Songbirds and Snakes,Raphael Zari,,,,,,Male
Asterid Everdeen,https://thehungergames.fandom.com/wiki/Asterid_Everdeen,https://static.wikia.nocookie.net/thehungergames/images/3/3f/Mrs_everdeen.jpg/revision/latest/scale-to-width-down/268?cb=20120418200927,The Seam (formerly) Victors' Village in District 12 (formerly) [ 4 ] District 13 (briefly) District 4 [ 5 ],16 ( Sunrise on the Reaping ) 40 ( The Hunger Games ) 41-42 ( Catching Fire & Mockingjay ),,,,,The Hunger Games film The Hunger Games: Catching Fire Mockingjay - Part 1 Mockingjay - Part 2 The Hunger Games: Sunrise on the Reaping (upcoming),Blue (books [ 1 ] and films),,,,,,,,,,,,,,Healer [ 1 ] [ 2 ] [ 3 ] Mother Merchant / pharmacist (formerly),,,,,,,Burdock Everdeen † (husband) Katniss Everdeen (oldest daughter) Primrose Everdeen † (youngest daughter) Peeta Mellark (son-in-law) Unnamed granddaughter Unnamed grandson,Pale blonde (books [ 1 ] and films),,Alive,The Hunger Games Catching Fire Mockingjay Sunrise on the Reaping,Paula Malcomson (original trilogy) Grace Ackary (SOTR) Ruth Everett ( stage ),,,,,,Female
Atala,https://thehungergames.fandom.com/wiki/Atala,https://static.wikia.nocookie.net/thehungergames/images/c/c8/Atala.jpg/revision/latest/scale-to-width-down/268?cb=20120208235030,The Capitol,,,,,,The Hunger Games film,,,,,,,,,,,,,,,Head trainer,,,,,,,,,,Unknown,The Hunger Games,Karan Kendrick,,,,,,Female
Atread,https://thehungergames.fandom.com/wiki/Atread,,District 6,18-Dec,,,,,The Hunger Games: Sunrise on the Reaping (upcoming),Dark brown (film),,,,,,,,,,,,,,Tribute ( 50th Hunger Games ),,,,5’7” (film),,“Dove” (by Haymitch),,Black (film),,Deceased,Sunrise on the Reaping,Deyar Alkalash,,,,,,Male
Autumn,https://thehungergames.fandom.com/wiki/Autumn,https://static.wikia.nocookie.net/thehungergames/images/4/4b/AutumnSOTR.png/revision/latest?cb=20260604031458,District 7,18-Dec,,,,,The Hunger Games: Sunrise on the Reaping (upcoming),Blue (film),,,,,,,,,,,,,,Tribute ( 50th Hunger Games ),,,,4’11” (film),,,,Blonde (film),,Deceased,Sunrise on the Reaping,Madeleine Wagenitz,,,,Knife (film),,Female
Annie and Finnick Odair's son,https://thehungergames.fandom.com/wiki/Baby_Odair,https://static.wikia.nocookie.net/thehungergames/images/6/6b/AnnieFinnickSon.jpeg/revision/latest/scale-to-width-down/268?cb=20250403003543,Victors' Village in District 4,Newborn [ 1 ] ( Mockingjay ),Mockingjay - Part 2,,,,,,,,,,,,,,,,,,,,,,,,,,Annie Cresta (mother) Finnick Odair (father) (deceased),,Mockingjay,Alive,,,,,,,,Male
Barb Azure Baird,https://thehungergames.fandom.com/wiki/Barb_Azure_Baird,https://static.wikia.nocookie.net/thehungergames/images/a/a6/Barb_Azure_Hob.png/revision/latest/scale-to-width-down/268?cb=20240801213610,The Seam in District 12,,,,,,The Hunger Games: The Ballad of Songbirds & Snakes,Brown (film),,,,,,,,,,,,,,Musician,,,,,,Barb Azure,Unnamed parents Lucy Gray Baird (cousin) Two unnamed cousins (Lucy Gray's siblings) Maude Ivory Baird † (younger cousin) Unknown relations Lenore Dove Baird † Burdock Everdeen † Katniss Everdeen Primrose Everdeen †,Black (film),,,The Ballad of Songbirds and Snakes,Honor Gillies,,,,,,Female
Barba,https://thehungergames.fandom.com/wiki/Barba,https://static.wikia.nocookie.net/thehungergames/images/5/58/Barba.png/revision/latest?cb=20260418040507,District 4,15-18,,,,,The Hunger Games: Sunrise on the Reaping (upcoming),Dark brown (film),,,,,,,,,,,,,,Tribute ( 50th Hunger Games ),,,,5’4” (film),,,,Brown with blonde highlights (film),,Deceased,Sunrise on the Reaping,Anastasia Detkov,,,,Dagger (book) Trident (book/film),,Female
Bascom Pie,https://thehungergames.fandom.com/wiki/Bascom_Pie,,District 12,,,,,,,,,,,,,,,,,,,,,Bootlegger,,,,,,,,,Sunrise on the Reaping,,,,,,,,,Male
Beetee Latier,https://thehungergames.fandom.com/wiki/Beetee,https://static.wikia.nocookie.net/thehungergames/images/5/51/BeeteeD13Portrait.jpg/revision/latest/scale-to-width-down/267?cb=20190306042857,Victors' Village in District 3 [ 1 ] District 13 [ 3 ] (briefly),14-18 ( 34th Hunger Games ) 30-34 ( 50th Hunger Games ) [ 1 ] 55-59 ( 75th Hunger Games ) [ 2 ],,,,,The Hunger Games: Catching Fire Mockingjay - Part 1 Mockingjay - Part 2 The Hunger Games: Sunrise on the Reaping (upcoming),Dark brown (films),,,,,,,,,,,,,,Victor (34th Hunger Games) Mentor ( 49th and 50th Hunger Games) Tribute ( 75th Hunger Games ) Soldier Inventor,,,,,,Volts [ 2 ] (by Johanna Mason and Peeta Mellark ),Unnamed wife [ 5 ] Ampert Latier † (son) [ 1 ] Unnamed younger child [ 5 ],Black (books [ 4 ] and films),,Alive,Catching Fire Mockingjay Sunrise on the Reaping,Jeffrey Wright (original trilogy) Kelvin Harrison Jr. (SOTR),,,,Wire Technology Intelligence,,Male
Beetee Latier,https://thehungergames.fandom.com/wiki/Beetee_Latier,https://static.wikia.nocookie.net/thehungergames/images/5/51/BeeteeD13Portrait.jpg/revision/latest/scale-to-width-down/267?cb=20190306042857,Victors' Village in District 3 [ 1 ] District 13 [ 3 ] (briefly),14-18 ( 34th Hunger Games ) 30-34 ( 50th Hunger Games ) [ 1 ] 55-59 ( 75th Hunger Games ) [ 2 ],,,,,The Hunger Games: Catching Fire Mockingjay - Part 1 Mockingjay - Part 2 The Hunger Games: Sunrise on the Reaping (upcoming),Dark brown (films),,,,,,,,,,,,,,Victor (34th Hunger Games) Mentor ( 49th and 50th Hunger Games) Tribute ( 75th Hunger Games ) Soldier Inventor,,,,,,Volts [ 2 ] (by Johanna Mason and Peeta Mellark ),Unnamed wife [ 5 ] Ampert Latier † (son) [ 1 ] Unnamed younger child [ 5 ],Black (books [ 4 ] and films),,Alive,Catching Fire Mockingjay Sunrise on the Reaping,Jeffrey Wright (original trilogy) Kelvin Harrison Jr. (SOTR),,,,Wire Technology Intelligence,,Male
Billy Taupe Clade,https://thehungergames.fandom.com/wiki/Billy_Taupe,https://static.wikia.nocookie.net/thehungergames/images/e/e6/Billy_Taupe.jpg/revision/latest/scale-to-width-down/268?cb=20231222172355,District 12,16-18 [ 1 ],,,,,The Hunger Games: The Ballad of Songbirds & Snakes,,,,,,,,,,,,,,,Musician,,,,,,,Unnamed parents Clerk Carmine Clade (little brother) The Covey (adoptive family),,,Deceased,The Ballad of Songbirds and Snakes,Dakota Shapiro,,,,,,Male
Binnie Chance,https://thehungergames.fandom.com/wiki/Binnie_Chance,,District 12,,,,,,,,,,,,,,,,,,,,,,,,,,,,Clay Chance † (brother) Woodbine Chance † Arlo Chance † (possible ancestor) [ 1 ],,Sunrise on the Reaping,Deceased,,,,,,,,Female
Bircher,https://thehungergames.fandom.com/wiki/Bircher,,District 7,18-Dec,,,,,The Hunger Games: Sunrise on the Reaping,Blue (film),,,,,,,,,,,,,,Tribute ( 50th Hunger Games ),,,,6’0” (film),,,,Strawberry-blonde (film),,Deceased,Sunrise on the Reaping,Ilja Bultmann,,,,,,Male
Blair,https://thehungergames.fandom.com/wiki/Blair,,District 12,14-16 (Book),,,,,The Hunger Games: Sunrise on the Reaping (upcoming),,,,,,,,,,,,,,,,,,,,,,Unnamed older brother [ 1 ],,,,Sunrise on the Reaping,Devon Singletary,,,,,,Male
Blight,https://thehungergames.fandom.com/wiki/Blight,https://static.wikia.nocookie.net/thehungergames/images/6/64/Blight1.jpeg/revision/latest/scale-to-width-down/267?cb=20200729212125,Victors' Village in District 7,15-18 (at victory) 34-42 ( 75th Hunger Games ),,,,,The Hunger Games: Catching Fire,,,,,,,,,,,,,,,Victor Tribute ( 75th Hunger Games ),,,,,,,,,,Deceased,Catching Fire,Bobby Jordan,,,,Axe [ 1 ],,Male
Blossom,https://thehungergames.fandom.com/wiki/Blossom,https://static.wikia.nocookie.net/thehungergames/images/1/15/BlossomSOTR.png/revision/latest?cb=20260604031755,District 11,12-18 ( 50th Hunger Games ),,,,,The Hunger Games: Sunrise on the Reaping (upcoming),Dark brown (film),,,,,,,,,,,,,,Tribute ( 50th Hunger Games ),,,,"4'11"" (film)",,,,Dark brown (film),,Deceased,Sunrise on the Reaping,Suryani Hardt,,,,,,Female
Bobbin,https://thehungergames.fandom.com/wiki/Bobbin,https://static.wikia.nocookie.net/thehungergames/images/9/96/Bobbin.jpg/revision/latest/scale-to-width-down/268?cb=20231129171223,District 8,18-Dec,,,,,The Hunger Games: The Ballad of Songbirds & Snakes,Green (film),,,,,,,,,,,,,,Tribute ( 10th Hunger Games ),,,,,,,,Blonde (film),,Deceased (killed by Coriolanus Snow ),The Ballad of Songbirds and Snakes,Knox Gibson,,,,Knife Machete,,Male
Boggs,https://thehungergames.fandom.com/wiki/Boggs,https://static.wikia.nocookie.net/thehungergames/images/7/77/BoggsD13Portrait.jpg/revision/latest/scale-to-width-down/267?cb=20190306042857,District 13,Mid-forties [ 1 ],,,,,Mockingjay - Part 1 Mockingjay - Part 2,,,,,,,,,,,,,,,Soldier Head of Security of District 13,,,,,,,,,,Deceased,Mockingjay,Mahershala Ali,,,,Gun,,Male
Bonnie,https://thehungergames.fandom.com/wiki/Bonnie,,District 8,Mid teens,,,,,,,,,,,,,,,,,,,,Student Factory worker,,,,,,,,,Mockingjay,Unknown (presumed deceased),Catching Fire,,,,,,,Female
Brandy,https://thehungergames.fandom.com/wiki/Brandy,https://static.wikia.nocookie.net/thehungergames/images/0/06/Brandy.jpg/revision/latest/scale-to-width-down/267?cb=20231122163028,District 10,12–18,,,,,The Hunger Games: The Ballad of Songbirds & Snakes,Blue (film),,,,,,,,,,,,,,Tribute ( 10th Hunger Games ),,,,,,,,Blonde (film),,Deceased (shot by Peacekeepers ),The Ballad of Songbirds and Snakes,Luna Kuse,,,,Knife (book) Bottle (film),,Female
Bristel,https://thehungergames.fandom.com/wiki/Bristel,,District 12,,,,,,,,,,,,,,,,,,,,,Coal miner,,,,,,,,,,Unknown (presumed deceased),Catching Fire,,,,,,,Unknown
Brutus,https://thehungergames.fandom.com/wiki/Brutus,https://static.wikia.nocookie.net/thehungergames/images/f/fb/Quarter_quell_brutus.jpg/revision/latest/scale-to-width-down/267?cb=20140218190941,Victors' Village in District 2,"At least 18 (at victory) At least 40, 40-49 ( 75th Hunger Games ) [ 1 ]",,,,,The Hunger Games: Catching Fire,,,,,,,,,,,,,,,Victor (late 40s) Career Tribute ( 75th Hunger Games ) [ 1 ],,,,,,,,,Mockingjay,Deceased,Catching Fire,Bruno Gunn,,,,Spear [ 2 ],,Male
Buck,https://thehungergames.fandom.com/wiki/Buck,,District 10,18-Dec,,,,,The Hunger Games: Sunrise on the Reaping (upcoming),Dark brown (film),,,,,,,,,,,,,,Tribute ( 50th Hunger Games ),,,,5’9” (film),,,,Black (film),,Deceased,Sunrise on the Reaping,John Doeble [ 1 ],,,,,,Male
Bug,https://thehungergames.fandom.com/wiki/Bug,,District 11 (previously) District 12,,,,,,,,,,,,,,,,,,,,,Peacekeeper,,,,,,,,,,Alive,The Ballad of Songbirds and Snakes,,,,,Peacekeeper's rifle,,Male
Burdock Everdeen,https://thehungergames.fandom.com/wiki/Burdock_Everdeen,https://static.wikia.nocookie.net/thehungergames/images/a/a5/Sr.Everdeen.png/revision/latest/scale-to-width-down/268?cb=20140504225522,The Seam in District 12,14-15 ( Sunrise on the Reaping ) [ 1 ] 34-35 (at death) [ 2 ],The Hunger Games: Mockingjay - Part 1 The Hunger Games: Mockingjay - Part 2,,,,The Hunger Games (flashbacks) The Hunger Games: Sunrise on the Reaping (upcoming),Gray (books),,,,,,,,,,,,,,Coal miner [ 3 ] Hunter [ 4 ],,,,,,Burdie (by Haymitch Abernathy ) [ 5 ],Lenore Dove Baird † (distant cousin) Asterid Everdeen (wife) Katniss Everdeen (oldest daughter) Primrose Everdeen † (youngest daughter) Peeta Mellark (son-in-law) Unnamed granddaughter Unnamed grandson The Covey (implied/distant/supposed family),Black (books) Brown (film),The Hunger Games Catching Fire Mockingjay,Deceased,Sunrise on the Reaping,Phillip Troy Linger Scot Greenan (SOTR),,,,Bow and arrow,,Male
Buster,https://thehungergames.fandom.com/wiki/Buster,,District 12,,,,,,,,,,,,,,,,,,,,,,,,,,,,,,Sunrise on the Reaping,,,,,,,,,Male
Buttercup,https://thehungergames.fandom.com/wiki/Buttercup,https://static.wikia.nocookie.net/thehungergames/images/c/c6/Buttercup.png/revision/latest/scale-to-width-down/268?cb=20150104015613,The Seam (formerly) Victors' Village in District 12 District 13 (briefly),3-4 ( The Hunger Games ) 4-5 ( Catching Fire and Mockingjay ),,,,,The Hunger Games (film) The Hunger Games: Catching Fire Mockingjay - Part 1 Mockingjay - Part 2,,,,,,,,,,,,,,,,,,,,,,,,,Alive,The Hunger Games Catching Fire Mockingjay,,,,,,,Male
Caesar Flickerman,https://thehungergames.fandom.com/wiki/Caesar_Flickerman,https://static.wikia.nocookie.net/thehungergames/images/8/84/CaesarCapitolCouture.jpg/revision/latest/scale-to-width-down/268?cb=20231107225949,The Capitol,Around 65 (implied) [ 1 ],,,,,The Hunger Games film The Hunger Games: Catching Fire Mockingjay - Part 1 Mockingjay - Part 2 The Hunger Games: Sunrise on the Reaping (upcoming),,,,,,,,,,,,,,,Master of Ceremonies,,,,,,,,Green (dyed; 50th HG) Red (dyed; 73rd HG) Blue (dyed; 74th HG) Lavender (dyed; 75th HG),,Unknown,The Hunger Games Catching Fire Mockingjay Sunrise on the Reaping,Stanley Tucci (original trilogy) Kieran Culkin (SOTR) Stavros Demetraki ( stage ),,,,,,Male
Camilla,https://thehungergames.fandom.com/wiki/Camilla,https://static.wikia.nocookie.net/thehungergames/images/b/bd/Camilla.jpeg/revision/latest/scale-to-width-down/268?cb=20260509191952,District 2,18-Dec,,,,,The Hunger Games: Sunrise on the Reaping (upcoming),Dark brown (film),,,,,,,,,,,,,,Tribute ( 50th Hunger Games ),,,,5’8” (film),,,,Dark brown (film),,Deceased,Sunrise on the Reaping,Paloma Padrock,,,,Sledgehammer (film),,Female
Carat,https://thehungergames.fandom.com/wiki/Carat,https://static.wikia.nocookie.net/thehungergames/images/e/e2/Carat.png/revision/latest?cb=20260418033048,District 1,18-Dec,,,,,The Hunger Games: Sunrise on the Reaping,Dark brown (film),,,,,,,,,,,,,,Tribute ( 50th Hunger Games ),,,,5’7 (film),,,,Black (film),,Deceased,Sunrise on the Reaping,Nikita Takasaki,,,,Bow and arrow (film),,Female
Career Tribute,https://thehungergames.fandom.com/wiki/Career_Tribute,,,,,,,,,,,,,,,,,,,,,,,,,,,,,,,,,,,,,,,,,
Casca Highbottom,https://thehungergames.fandom.com/wiki/Casca_Highbottom,https://static.wikia.nocookie.net/thehungergames/images/8/89/CascaHighbottom-Poster.jpeg/revision/latest/scale-to-width-down/268?cb=20230922111131,The Capitol,,,,,,The Hunger Games: The Ballad of Songbirds & Snakes,,,,,,,,,,,,,,,Dean of the Academy,,,,,,,,,,Deceased (poisoned by Coriolanus Snow ),The Ballad of Songbirds and Snakes,Peter Dinklage,,,,,,Male
Cashmere,https://thehungergames.fandom.com/wiki/Cashmere,https://static.wikia.nocookie.net/thehungergames/images/9/92/Quarter_quell_cashmere.jpg/revision/latest/scale-to-width-down/267?cb=20140218190812,Victors' Village in District 1,15 ( 64th Hunger Games ) 26 ( 75th Hunger Games ) [ 1 ],,,,,The Hunger Games: Catching Fire,,,,,,,,,,,,,,,Victor (64th HG) Mentor [ 1 ] Career Tribute (75th HG) [ 2 ] Sex worker (unwillingly) [ 3 ],,,,,,,Gloss † (older brother),,,Deceased,Catching Fire,Stephanie Leigh Schlund,,,,Throwing knives,,Female
Cassia,https://thehungergames.fandom.com/wiki/Cassia,,,,,,,,,,,,,,,,,,,,,,,Camerawoman,,,,,,,,,,Unknown,Sunrise on the Reaping,,,,,,,Female
Castor,https://thehungergames.fandom.com/wiki/Castor,https://static.wikia.nocookie.net/thehungergames/images/d/d1/CastorD13Portrait.jpg/revision/latest/scale-to-width-down/267?cb=20190306042857,The Capitol District 13 (briefly),,,,,,Mockingjay - Part 1 Mockingjay - Part 2,,,,,,,,,,,,,,,Cameraman,,,,,,,Pollux (brother),,,Deceased,Mockingjay,Wes Chatham,,,,,,Male
Catching Fire,https://thehungergames.fandom.com/wiki/Catching_Fire,https://static.wikia.nocookie.net/thehungergames/images/7/76/Catching_Fire.jpg/revision/latest/scale-to-width-down/268?cb=20091007051512,,,,Tim O'Brien,Science fiction Young adult Adventure,391 [ 1 ],,,ISBN 9780439023498,Mockingjay,,,,,1-Sep-09,,The Hunger Games,Scholastic Press,United States,,Suzanne Collins,,,,,,,,,,,,,,,,,,,
Cato,https://thehungergames.fandom.com/wiki/Cato,https://static.wikia.nocookie.net/thehungergames/images/f/f5/CatoNormal.png/revision/latest/scale-to-width-down/268?cb=20140401230438,District 2,16 ( The Hunger Games: Tribute Guide ) [ 1 ] 18 (film) [ 2 ],The Hunger Games: Mockingjay - Part 2,,,,The Hunger Games,Blue (film),,,,,,,,,,,,,,Career Tribute,,,,"6'2"" [ 2 ]",,,,Dark ( The Hunger Games: Illustrated Edition ) Blond (film),Catching Fire Mockingjay,Deceased (mauled by mutts /mercy kill by Katniss Everdeen ),The Hunger Games,Alexander Ludwig (film) Felipe Pacheco ( stage ),,,,Spear (novel) Sword (novel and film) Bar mace (film) Machete (film) Serrated sword (film),,Male
Cayson McCoy,https://thehungergames.fandom.com/wiki/Cayson_McCoy,,The Seam in District 12,At least 19,,,,,,,,,,,,,,,,,,,,Coal miner,,,,,,,Mr. McCoy Mrs. McCoy Ima McCoy (sister) Louella McCoy † (younger sister) 4 Unnamed siblings,,,Alive,Sunrise on the Reaping,,,,,,,Male
Cecelia,https://thehungergames.fandom.com/wiki/Cecelia,https://static.wikia.nocookie.net/thehungergames/images/7/74/Cecelia.jpeg/revision/latest/scale-to-width-down/268?cb=20190805090619,Victors' Village in District 8,15-18 (at victory) About 30 [ 1 ],,,,,The Hunger Games: Catching Fire,Blue (film),,,,,,,,,,,,,,Victor Tribute ( 75th Hunger Games ) [ 1 ],,,,,,,3 unnamed children,Brown (film),,Deceased,Catching Fire,Elena Sánchez,,,,,,Female
Chaff,https://thehungergames.fandom.com/wiki/Chaff,https://static.wikia.nocookie.net/thehungergames/images/2/23/Chaff_chariot.jpeg/revision/latest/scale-to-width-down/268?cb=20200821105412,Victor's Village in District 11,15-18 ( 45th Hunger Games ) [ 1 ] 45-48 ( 75th Hunger Games ),,,,,Catching Fire,,,,,,,,,,,,,,,Victor ( 45th Hunger Games ) [ 1 ] Tribute ( 75th Hunger Games ) [ 2 ],,,,,,,,,Mockingjay,Deceased,Catching Fire,E. Roger Mitchell,,,,Spear (training) [ 3 ],,Male
Chicory,https://thehungergames.fandom.com/wiki/Chicory,https://static.wikia.nocookie.net/thehungergames/images/4/4d/Chicory.png/revision/latest?cb=20260604032747,District 11,18-Dec,,,,,The Hunger Games: Sunrise on the Reaping,Dark brown (film),,,,,,,,,,,,,,Tribute ( 50th Hunger Games ),,,,"5'7"" (film)",,,,Dark brown (film),,Deceased,Sunrise on the Reaping,Berline Augustin,,,,,,Female
Cinna,https://thehungergames.fandom.com/wiki/Cinna,https://static.wikia.nocookie.net/thehungergames/images/5/5a/CinnaCapitolCouture.jpg/revision/latest/scale-to-width-down/268?cb=20231107225645,The Capitol,,Mockingjay - Part 1 Mockingjay - Part 2,,,,The Hunger Games (film) The Hunger Games: Catching Fire,Green with golden flecks [ 1 ] (books) Brown (films),,,,,,,,,,,,,,Stylist Rebel,,,,,,,,Brown [ 1 ] (books) Black (films),Mockingjay,Deceased,The Hunger Games Catching Fire,Lenny Kravitz,,,,,,Male
Circ,https://thehungergames.fandom.com/wiki/Circ,https://static.wikia.nocookie.net/thehungergames/images/a/a5/Circ_%28TBOSAS%29.jpg/revision/latest?cb=20250427053938,District 3,12–18,,,,,The Hunger Games: The Ballad of Songbirds & Snakes,Dark-brown (film),,,,,,,,,,,,,,Tribute ( 10th Hunger Games ),,,,,,,,Black (film),,Deceased,The Ballad of Songbirds and Snakes,Felix Audu,,,,Sword (film),,Male
Citadel,https://thehungergames.fandom.com/wiki/Citadel,https://static.wikia.nocookie.net/thehungergames/images/6/60/Citadel_lab.png/revision/latest/scale-to-width-down/267?cb=20230703173852,,,,,,,,,,,,Muttations Avoxes Gamemakers Peacekeepers,,,,,,,,,,,,,The Ballad of Songbirds and Snakes,,,,,,,,,,,The Capitol,,,,
Claudius Templesmith,https://thehungergames.fandom.com/wiki/Claudius_Templesmith,https://static.wikia.nocookie.net/thehungergames/images/5/56/Tumblr_m00kx5VE4t1r0yeyyo1_500.png/revision/latest/scale-to-width-down/268?cb=20120226204035,The Capitol,46 ( The Hunger Games ) 47 ( Catching Fire ),,,,,"The Hunger Games (film) , The Hunger Games: Catching Fire",,,,,,,,,,,,,,,Hunger Games announcer,,,,,,,,,Mockingjay,Unknown (presumed alive),"The Hunger Games , Catching Fire",Toby Jones,,,,,,Male
Clay Chance,https://thehungergames.fandom.com/wiki/Clay_Chance,,District 12,,,,,,,,,,,,,,,,,,,,,,,,,,,,Binnie Chance † (sister) Woodbine Chance † Arlo Chance † (possible ancestor) [ 1 ],,Sunrise on the Reaping,Deceased,,,,,,,,Male
Clayton,https://thehungergames.fandom.com/wiki/Clayton,https://static.wikia.nocookie.net/thehungergames/images/2/2b/Clayton.png/revision/latest/scale-to-width-down/268?cb=20260418040652,District 9,18-Dec,,,,,The Hunger Games: Sunrise on the Reaping (upcoming),Green (film),,,,,,,,,,,,,,Tribute ( 50th Hunger Games ),,,,5’11” (film),,,,Brown (film),,Deceased,Sunrise on the Reaping,Salimou Thiam [ 1 ],,,,,,Male
Clemensia Dovecote,https://thehungergames.fandom.com/wiki/Clemensia_Dovecote,https://static.wikia.nocookie.net/thehungergames/images/4/49/Clemensia_at_the_Citadel.jpg/revision/latest/scale-to-width-down/268?cb=20240816215001,The Capitol,17-18,,,,,The Hunger Games: The Ballad of Songbirds & Snakes,,,,,,,,,,,,,,,Academy student Mentor ( 10th Hunger Games ),,,,,,Clemmie (by Coriolanus Snow ) [ 1 ] Clem (by Festus Creed and Lysistrata Vickers ) [ 2 ],,,,Alive (book) Deceased (film) [ 3 ],The Ballad of Songbirds and Snakes,Ashley Liao,,,,,,Female
Clerk Carmine Clade,https://thehungergames.fandom.com/wiki/Clerk_Carmine,https://static.wikia.nocookie.net/thehungergames/images/3/38/ClerkCarmine.jpg/revision/latest/scale-to-width-down/268?cb=20231222115732,The Seam in District 12 District 13,Around 12 ( The Ballad of Songbirds and Snakes ) Around 52 ( Sunrise on the Reaping ) Around 77 ( Mockingjay ),,,,,The Hunger Games: The Ballad of Songbirds & Snakes,,,,,,,,,,,,,,,Musician,,,,,,CC,Unnamed parents Billy Taupe Clade † (older brother) Lenore Dove Baird † (adoptive niece) The Covey (adoptive family) Burdock Everdeen † (distant relative) Unnamed partner †,,,Alive,Mockingjay The Ballad of Songbirds and Snakes Sunrise on the Reaping,Konstantin Taffet Jeffrey Hallman (SOTR),,,,,,Male
Clove,https://thehungergames.fandom.com/wiki/Clove,https://static.wikia.nocookie.net/thehungergames/images/b/b7/Tribute_D2_female.jpg/revision/latest?cb=20120208002011,District 2,15 (film) [ 1 ],The Hunger Games: Mockingjay - Part 2,,,,The Hunger Games,Brown (film),,,,,,,,,,,,,,Career Tribute,,,,"5'4"" (film) [ 1 ]",,,,Dark (book) Brown (film),Catching Fire Mockingjay,Deceased,The Hunger Games,Isabelle Fuhrman (film) Liana Cottrill ( stage ),,,,Throwing knives,,Female
Coil,https://thehungergames.fandom.com/wiki/Coil,,District 3,18-Dec,,,,,The Hunger Games: Sunrise on the Reaping,Brown (film),,,,,,,,,,,,,,Tribute ( 50th Hunger Games ),,,,5’1” (film),,,,Light brown (film),,Deceased,Sunrise on the Reaping,Sophie Paasch,,,,,,Female
Commander Hoff,https://thehungergames.fandom.com/wiki/Commander_Hoff,https://static.wikia.nocookie.net/thehungergames/images/c/c0/Commander_Hoff.jpg/revision/latest/scale-to-width-down/268?cb=20230508234106,District 12,,,,,,The Hunger Games: The Ballad of Songbirds & Snakes,,,,,,,,,,,,,,,Peacekeeper commander,,,,,,,,,,Replaced,The Ballad of Songbirds and Snakes,Burn Gorman,,,,,,Male
Commander Paylor,https://thehungergames.fandom.com/wiki/Commander_Paylor,https://static.wikia.nocookie.net/thehungergames/images/5/5f/Commander_Paylor.png/revision/latest/scale-to-width-down/268?cb=20151222092633,District 8 (originally) The Capitol (after rebellion),Early 30s [ 1 ],,,,,Mockingjay - Part 1 Mockingjay - Part 2,,,,,,,,,,,,,,,Commander ( Second Rebellion ) President of Panem,,,,,,,,,,Alive,Mockingjay,Patina Miller,,,,Machine gun,,Female
Cookie,https://thehungergames.fandom.com/wiki/Cookie,,District 12,,,,,,,,,,,,,,,,,,,,,Peacekeeper,,,,,,,,,,,,,,,,,,Male
Coral,https://thehungergames.fandom.com/wiki/Coral,https://static.wikia.nocookie.net/thehungergames/images/4/4e/Coral_%28TBOSAS%29.jpg/revision/latest/scale-to-width-down/267?cb=20231102205733,District 4,18-Dec,,,,,The Hunger Games: The Ballad of Songbirds & Snakes,Blue (film),,,,,,,,,,,,,,Tribute,,,,,,Cunning Coral (by Lucky Flickerman ),,Red (film),,Deceased,The Ballad of Songbirds and Snakes,Mackenzie Lansing,,,,Trident Knife,,Female
Coriolanus Snow,https://thehungergames.fandom.com/wiki/Coriolanus_Snow,https://static.wikia.nocookie.net/thehungergames/images/7/7b/SnowCapitolCouture.jpg/revision/latest/scale-to-width-down/268?cb=20231107225829,The Capitol District 12 (deployed),18 ( The Ballad of Songbirds and Snakes ) 58 ( Sunrise on the Reaping ) 82 ( The Hunger Games ) 83-84 ( Catching Fire and Mockingjay ),,,,,The Hunger Games The Hunger Games: Catching Fire Mockingjay - Part 1 Mockingjay - Part 2 The Hunger Games: The Ballad of Songbirds & Snakes The Hunger Games: Sunrise on the Reaping (upcoming),Pale blue,,,,,,,,,,,,,,"President of Panem Academy student (graduated) Mentor (formerly) Student aide (formerly) Peacekeeper - Private [ 1 ] to Officer [ 2 ] (honorably discharged) University student (graduated) Gamemaker (intern, formerly)",,,,,,Coryo (by Tigris and Sejanus Plinth ) Sweetheart (by Lucy Gray Baird ) Gent (by District 12 Peacekeepers),Crassus Snow † (father) Unnamed mother † Unnamed younger sister † Unnamed wife Unnamed child Unnamed granddaughter Grandma'am † (paternal grandmother) Mr. Snow † (paternal grandfather) Tigris (paternal cousin),"Blonde (young, book and film) White (elderly, film)",,Deceased,The Hunger Games Catching Fire Mockingjay The Ballad of Songbirds and Snakes Sunrise on the Reaping,Donald Sutherland (original trilogy) Ralph Fiennes (SOTR) [ 3 ] Tom Blyth (TBOSAS) [ 4 ] Dexter Sol Ansell (Dark Days) John Malkovich { stage ),,,,Poison Plank ( 10th Hunger Games ) Gun,,Male
Covey,https://thehungergames.fandom.com/wiki/Covey,,,,,,,,,,,,,,,,,,,,,,,,,,,,,,,,,,,,,,,,,
Crassus Snow,https://thehungergames.fandom.com/wiki/Crassus_Snow,https://static.wikia.nocookie.net/thehungergames/images/6/6f/Crassus_Snow.jpg/revision/latest/scale-to-width-down/268?cb=20240214191910,The Capitol,,,,,,The Hunger Games: The Ballad of Songbirds & Snakes,,,,,,,,,,,,,,,Military General,,,,,,,Grandma'am (mother) Unnamed wife † Coriolanus Snow † (son) Unnamed daughter † Tigris (niece) Unnamed sibling (Tigris's parent) Unnamed great-granddaughter,,The Ballad of Songbirds and Snakes,Deceased,,Unknown,,,,,,Male
Cray,https://thehungergames.fandom.com/wiki/Cray,https://static.wikia.nocookie.net/thehungergames/images/9/94/Cray2.png/revision/latest/scale-to-width-down/268?cb=20140217003321,District 12,Elderly,,,,,,,,,,,,,,,,,,,,Head Peacekeeper (formerly),,,,,,,,,Mockingjay,Presumed deceased,Catching Fire,Wilbur Fitzgerald,,,,Gun,,Male
Cressida,https://thehungergames.fandom.com/wiki/Cressida,https://static.wikia.nocookie.net/thehungergames/images/1/1b/CressidaD13Portrait.jpg/revision/latest/scale-to-width-down/267?cb=20190306042857,The Capitol District 13 (briefly),20s,,,,,Mockingjay - Part 1 Mockingjay - Part 2,,,,,,,,,,,,,,,Film director Rebel,,,,,,,,,,Alive,Mockingjay,Natalie Dormer,,,,Gun,,Female
Crispus Demigloss,https://thehungergames.fandom.com/wiki/Crispus_Demigloss,,The Capitol,,,,,,,,,,,,,,,,,,,,,History professor,,,,,,,,,,,The Ballad of Songbirds and Snakes,,,,,,,Male
Cyrus,https://thehungergames.fandom.com/wiki/Cyrus,,The Capitol,,,,,,,,,,,,,,,,,,,,,Musician,,,,,,,Pluribus Bell (partner),,The Ballad of Songbirds and Snakes,Deceased (Killed by bombs during the Dark Days ),,,,,,,,Male
Dalton,https://thehungergames.fandom.com/wiki/Dalton,https://static.wikia.nocookie.net/thehungergames/images/6/63/C64569A6-1013-4A08-BEF0-753760BADB1C.jpeg/revision/latest/scale-to-width-down/268?cb=20181216105906,District 10 [ 1 ] District 13 [ 1 ],Unknown,,,,,,,,,,,,,,,,,,,,Maintain Genetic Diversity on Beef Ranch,,,,,,,,,,Alive,,,,,,Unknown,,Male
Darius,https://thehungergames.fandom.com/wiki/Darius,,District 12 (formerly) The Capitol (briefly),Early 20s [ 1 ],,,,,,,,,,,,,,,,,,,,Peacekeeper (formerly) Avox,,,,,,,,,Mockingjay,Deceased,Catching Fire,,,,,,,Male
Delly Cartwright,https://thehungergames.fandom.com/wiki/Delly_Cartwright,,District 12 District 13 (briefly),16–18 ( Mockingjay ),,,,,,,,,,,,,,,,,,,,Student Merchant,,,,,,,Unnamed parents Unnamed younger brother,Blond [ 2 ],The Hunger Games [ 1 ],Alive,Mockingjay,,,,,,,Female
Dennis Fling,https://thehungergames.fandom.com/wiki/Dennis_Fling,https://static.wikia.nocookie.net/thehungergames/images/9/9a/Dennis_Fling.jpg/revision/latest/scale-to-width-down/268?cb=20231223173324,The Capitol,,,,,,The Hunger Games: The Ballad of Songbirds & Snakes,,,,,,,,,,,,,,,Academy student Mentor ( 10th Hunger Games ),,,,,,,,,,,The Ballad of Songbirds and Snakes,Yalany Marschner,,,,,,Male
Diana Ring,https://thehungergames.fandom.com/wiki/Diana_Ring,https://static.wikia.nocookie.net/thehungergames/images/2/29/Diana_Ring.jpg/revision/latest/scale-to-width-down/268?cb=20231222171016,The Capitol,,,,,,The Hunger Games: The Ballad of Songbirds & Snakes,,,,,,,,,,,,,,,Academy student Mentor ( 10th Hunger Games ),,,,,,Didi,Apollo Ring (twin brother),,,Deceased (book) Unknown (film),The Ballad of Songbirds and Snakes,Emma Brüggler,,,,,,Female
Dill,https://thehungergames.fandom.com/wiki/Dill,https://static.wikia.nocookie.net/thehungergames/images/a/a5/Dill.jpg/revision/latest/scale-to-width-down/268?cb=20231102205902,District 11,18-Dec,,,,,The Hunger Games: The Ballad of Songbirds & Snakes,Dark-brown (film),,,,,,,,,,,,,,Tribute ( 10th Hunger Games ),,,,,,,,Strawberry-blonde (film),,Deceased,The Ballad of Songbirds and Snakes,Luna Steeples,,,,,,Female
Dio,https://thehungergames.fandom.com/wiki/Dio,,District 3,18-Dec,,,,,The Hunger Games: Sunrise on the Reaping (upcoming),Green (film),,,,,,,,,,,,,,Tribute ( 50th Hunger Games ),,,,5’10” (film),,,,Dark blonde (film),,Deceased,Sunrise on the Reaping,Annika Schnauffer,,,,,,Female
Domitia Whimsiwick,https://thehungergames.fandom.com/wiki/Domitia_Whimsiwick,https://static.wikia.nocookie.net/thehungergames/images/7/7b/Domitia_Whimsiwick.jpg/revision/latest/scale-to-width-down/268?cb=20231106221547,The Capitol,,,,,,The Hunger Games: The Ballad of Songbirds & Snakes,,,,,,,,,,,,,,,Academy student Mentor ( 10th Hunger Games ),,,,,,,,,,Alive,The Ballad of Songbirds and Snakes,Kaitlyn Akinpelumi,,,,,,Female
Dr. Aurelius,https://thehungergames.fandom.com/wiki/Dr._Aurelius,https://static.wikia.nocookie.net/thehungergames/images/6/64/Dr._Aurelius.png/revision/latest/scale-to-width-down/268?cb=20230623172951,The Capitol (book) District 13 (film),,,,,,The Hunger Games: Mockingjay - Part 2,,,,,,,,,,,,,,,Doctor,,,,,,,,,,Alive,Mockingjay,April Grace,,,,,,Male (book) Female (film)
Dr. Kay,https://thehungergames.fandom.com/wiki/Dr._Kay,,The Capitol,,,,,,,,,,,,,,,,,,,,,Biologist at the Citadel,,,,,,,,,,,The Ballad of Songbirds and Snakes,,,,,,,Female
Dr. Wane,https://thehungergames.fandom.com/wiki/Dr._Wane,,The Capitol,,,,,,,,,,,,,,,,,,,,,Doctor,,,,,,,,,,,The Ballad of Songbirds and Snakes,,,,,,,Male
Drusilla Sickle,https://thehungergames.fandom.com/wiki/Drusilla_Sickle,https://static.wikia.nocookie.net/thehungergames/images/2/29/DrusillaSOTR.jpeg/revision/latest/scale-to-width-down/268?cb=20251120143405,The Capitol,"Significantly older than 30, [ 2 ] perhaps around Hattie Meeney 's age [ 3 ]",,,,,The Hunger Games: Sunrise on the Reaping (upcoming),,,,,,,,,,,,,,,Escort,,,,,,Drusie [ 1 ],Magno Stift (husband) Unknown relations Agrippina Sickle Vipsania Sickle,,Catching Fire,,Sunrise on the Reaping,Glenn Close,,,,,,Female
Eddy,https://thehungergames.fandom.com/wiki/Eddy,https://static.wikia.nocookie.net/thehungergames/images/c/cd/Eddy.png/revision/latest/scale-to-width-down/268?cb=20140919011655,District 8,12,,,,,,,,,,,,,,,,,,,,,,,,,,,Unnamed sister †,,,Deceased,Mockingjay,Michael Garza,,,,,,Male
Eddy's sister,https://thehungergames.fandom.com/wiki/Eddy%27s_sister,,District 8,Young,,,,,,,,,,,,,,,,,,,,,,,,,,,Eddy (younger brother)  †,,,Deceased,Mockingjay,,,,,,,Female
Effie Trinket,https://thehungergames.fandom.com/wiki/Effie_Trinket,https://static.wikia.nocookie.net/thehungergames/images/7/7d/Effie_trinket_promo.jpg/revision/latest/scale-to-width-down/268?cb=20120405064654,The Capitol District 13 (film),20s ( Sunrise on the Reaping ) Mid-late 40s ( The Hunger Games ),,,,,The Hunger Games film The Hunger Games: Catching Fire Mockingjay - Part 1 Mockingjay - Part 2 The Hunger Games: Sunrise on the Reaping (upcoming),Blue (films),,,,,,,,,,,,,,Escort (formerly) Rebel Plutarch Heavensbee 's assistant (film),,,,,,,Proserpina Trinket (younger sister) Messalina Trinket (paternal great-aunt) Silius Trinket (paternal great-uncle),"Blonde (films, young) Various colored wigs (books and films) [ 1 ] [ 2 ] [ 3 ]",,Alive,The Hunger Games Catching Fire Mockingjay Sunrise on the Reaping,Elizabeth Banks (original trilogy) Elle Fanning (SOTR) [ 4 ] Tamsin Carroll ( stage ),,,,,,Female
Enobaria,https://thehungergames.fandom.com/wiki/Enobaria,https://static.wikia.nocookie.net/thehungergames/images/e/e7/Quarter_quell_enobaria.jpg/revision/latest/scale-to-width-down/267?cb=20140218191011,Victors' Village in District 2,14-18 ( 62nd Hunger Games ) [ 2 ] 27-31 ( 75th Hunger Games ) [ 1 ],,,,,Catching Fire (film) Mockingjay - Part 2,,,,,,,,,,,,,,,Victor ( 62nd Hunger Games ) Mentor Career Tribute ( 75th Hunger Games ) [ 1 ],,,,,,,,,,Alive,Catching Fire Mockingjay,Meta Golding,,,,Teeth [ 1 ] Sword Knife Martial arts,,Female
Escort,https://thehungergames.fandom.com/wiki/Escort,,,,,,,,,,,,,,,,,,,,,,,,,,,,,,,,,,,,,,,,,
Fabricia Whatnot,https://thehungergames.fandom.com/wiki/Fabricia_Whatnot,,The Capitol,,The Hunger Games: The Ballad of Songbirds & Snakes,,,,,,,,,,,,,,,,,,,Fashion designer,,,,,,,,,The Ballad of Songbirds and Snakes,,,,,,,,,Female
Facet,https://thehungergames.fandom.com/wiki/Facet,https://static.wikia.nocookie.net/thehungergames/images/4/43/Facet_%28TBOSAS%29.jpg/revision/latest/scale-to-width-down/268?cb=20250427051604,District 1,18-Dec,,,,,The Hunger Games: The Ballad of Songbirds & Snakes,Blue (film),,,,,,,,,,,,,,Tribute ( 10th Hunger Games ),,,,,,,,Dirty-blond (film),,Deceased (Shot by Peacekeepers ),The Ballad of Songbirds and Snakes,Tim Torok,,,,,,Male
Faustina Gripper,https://thehungergames.fandom.com/wiki/Faustina_Gripper,,The Capitol,,,,,,,,,,,,,,,,,,,,,Head Gamemaker,,,,,,,,,,,Sunrise on the Reaping,,,,,,,Female
Feast,https://thehungergames.fandom.com/wiki/Feast,,,,,,,,,,,,,,,,,,,,,,,,,,,,,,,,,,,,,,,,,
Felix Ravinstill,https://thehungergames.fandom.com/wiki/Felix_Ravinstill,https://static.wikia.nocookie.net/thehungergames/images/7/79/Felixr.jpg/revision/latest/scale-to-width-down/268?cb=20231222122632,The Capitol,,,,,,The Hunger Games: The Ballad of Songbirds & Snakes,,,,,,,,,,,,,,,Academy student Mentor ( 10th Hunger Games ),,,,,,,Maximinius Ravinstill (great-uncle),,,Alive (book) Deceased (film),The Ballad of Songbirds and Snakes,Aamer Husain,,,,,,Male
Festus Creed,https://thehungergames.fandom.com/wiki/Festus_Creed,https://static.wikia.nocookie.net/thehungergames/images/0/0e/Festus_Creed.jpg/revision/latest/scale-to-width-down/268?cb=20240803205552,The Capitol,,,,,,The Hunger Games: The Ballad of Songbirds & Snakes,,,,,,,,,,,,,,,Academy student Mentor ( 10th Hunger Games ),,,,,,,,,,,The Ballad of Songbirds and Snakes,Max Raphael,,,,,,Male
Finnick Odair,https://thehungergames.fandom.com/wiki/Finnick_Odair,https://static.wikia.nocookie.net/thehungergames/images/1/15/FinnickD13Portrait.jpg/revision/latest/scale-to-width-down/267?cb=20190306042857,Victors' Village in District 4 District 13 (briefly),14 ( 65th Hunger Games ) 24 ( Catching Fire ) 24-25 ( Mockingjay ),,,,,Catching Fire Mockingjay - Part 1 Mockingjay - Part 2,Sea-green (books) Green (films),,,,,,,,,,,,,,Career Tribute ( 65th & 75th Hunger Games ) Victor (65th HG) Mentor ( 74th Hunger Games ) Soldier,,,,,,,Mags Flanagan † (adoptive family) Annie Cresta (wife) Unnamed son,Bronze (books and films),,Deceased,Catching Fire Mockingjay,Sam Claflin,,,,Knife Net Spear Trident Gun,,Male
Finnick and Annie's wedding,https://thehungergames.fandom.com/wiki/Finnick_and_Annie%27s_Wedding,https://static.wikia.nocookie.net/thehungergames/images/7/78/Finnick_and_Annie%27s_wedding.png/revision/latest/scale-to-width-down/268?cb=20150609232512,,,,,,,,,,,,,,,,,,,,,,,,,,,"Autumn, 75 ADD",,,,,,,,Marriage of Finnick Odair and Annie Cresta Eventual birth of Annie and Finnick Odair's son,District 13,,,,
Fisser,https://thehungergames.fandom.com/wiki/Fisser,https://static.wikia.nocookie.net/thehungergames/images/6/6f/Fisser1.png/revision/latest/scale-to-width-down/268?cb=20260704215426,District 5,18-Dec,,,,,The Hunger Games: Sunrise on the Reaping (upcoming),Dark brown (film),,,,,,,,,,,,,,Tribute ( 50th Hunger Games ),,,,"5'7"" (film)",,,,Brown (film),,Deceased,Sunrise on the Reaping,Christian Camillo Engel,,,,,,Male
Flavius,https://thehungergames.fandom.com/wiki/Flavius,https://static.wikia.nocookie.net/thehungergames/images/4/4e/Flavius001.png/revision/latest/scale-to-width-down/268?cb=20130601204653,The Capitol District 13 (briefly),,,,,,,,,,,,,,,,,,,,,Prep team for Katniss Everdeen,,,,,,,,,,Alive,"The Hunger Games , Catching Fire , Mockingjay",Nelson Ascencio,,,,,,Male
Florus Friend,https://thehungergames.fandom.com/wiki/Florus_Friend,https://static.wikia.nocookie.net/thehungergames/images/0/0a/Florus_Friend.jpg/revision/latest/scale-to-width-down/268?cb=20231223173011,The Capitol,,,,,,The Hunger Games: The Ballad of Songbirds & Snakes,,,,,,,,,,,,,,,Academy student Mentor ( 10th Hunger Games ),,,,,,,,,,,The Ballad of Songbirds and Snakes,Levi Strasser,,,,,,Male
"""Foxface""",https://thehungergames.fandom.com/wiki/Foxface,https://static.wikia.nocookie.net/thehungergames/images/a/ad/Tribute_D5_Female_copy.jpg/revision/latest/scale-to-width-down/268?cb=20120214004426,District 5 [ 2 ],14 (film) [ 1 ] 15 ( The Hunger Games: Tribute Guide ),,,,,The Hunger Games (film),Amber (book) [ 3 ] Green (film),,,,,,,,,,,,,,Tribute [ 2 ],,,,"5'5"" [ 1 ]",,(Jump to Trivia),,Red (book [ 3 ] and film),Catching Fire,Deceased,The Hunger Games,Jacqueline Emerson,,,,"Stealth , Knife (film)",,Female
Fulvia Cardew,https://thehungergames.fandom.com/wiki/Fulvia_Cardew,,The Capitol District 13 (briefly),,,,,,,,,,,,,,,,,,,,,Assistant to Plutarch Heavensbee Rebel,,,,,,,,,,Alive,Mockingjay,,,,,Propaganda,,Female
Gaius Breen,https://thehungergames.fandom.com/wiki/Gaius_Breen,https://static.wikia.nocookie.net/thehungergames/images/c/c0/Gaius_Breen.jpg/revision/latest?cb=20231106215931,The Capitol,,,,,,The Hunger Games: The Ballad of Songbirds & Snakes,,,,,,,,,,,,,,,Academy student Mentor ( 10th Hunger Games ),,,,,,,,,,Deceased (book) Alive (film),The Ballad of Songbirds and Snakes,Joshua Kantara,,,,,,Male
Gale Hawthorne,https://thehungergames.fandom.com/wiki/Gale_Hawthorne,https://static.wikia.nocookie.net/thehungergames/images/d/d6/GaleD13Portrait.jpg/revision/latest/scale-to-width-down/267?cb=20190306042858,District 12 (formerly) District 13 (briefly) District 2,18 ( The Hunger Games ) 18-19 ( Catching Fire ) 19-20 ( Mockingjay ),,,,,The Hunger Games film The Hunger Games: Catching Fire Mockingjay - Part 1 Mockingjay - Part 2,Grey (books) [ 2 ] Light blue (films),,,,,,,,,,,,,,Hunter (formerly) Coal miner (formerly) Soldier (formerly) Government official,,,,Over 6 feet [ 1 ],,,Mr. Hawthorne (father) Hazelle Hawthorne (mother) Rory Hawthorne (younger brother) Vick Hawthorne (younger brother) Posy Hawthorne (younger sister),Black (books) [ 2 ] Brown (films),,Alive,The Hunger Games Catching Fire Mockingjay,Liam Hemsworth (films) Tristan Waterson ( stage ),,,,Snares Bombs Bow and arrow Gun Crossbow,,Male
Gamemaker,https://thehungergames.fandom.com/wiki/Gamemaker,,,,,,,,,,,,,,,,,,,,,,,,,,,,,,,,,,,,,,,,,
Ginnee,https://thehungergames.fandom.com/wiki/Ginnee,https://static.wikia.nocookie.net/thehungergames/images/d/d7/GinneBTS.png/revision/latest/scale-to-width-down/267?cb=20250416215403,District 6,12–18,,,,,The Hunger Games: The Ballad of Songbirds & Snakes,Blue (film),,,,,,,,,,,,,,Tribute ( 10th Hunger Games ),,,,,,,,Light-brown (film),,Deceased (Killed in bombing),The Ballad of Songbirds and Snakes,Kyra Reinert,,,,,,Female
Glimmer,https://thehungergames.fandom.com/wiki/Glimmer,https://static.wikia.nocookie.net/thehungergames/images/f/fc/Tribute_D1_female.jpg/revision/latest/scale-to-width-down/268?cb=20120214004219,District 1,17 (film) [ 1 ],,,,,The Hunger Games (film),Green (book [ 2 ] and film),,,,,,,,,,,,,,Career Tribute,,,,"5'7"" (film) [ 1 ]",,,,Blonde (book [ 2 ] and film),,Deceased,The Hunger Games,Leven Rambin (film) Mariana Lewis ( stage ),,,,Bow and arrows ( book and film) Knife (film) Sword (film),,Female
Gloss,https://thehungergames.fandom.com/wiki/Gloss,https://static.wikia.nocookie.net/thehungergames/images/5/5d/Quarter_quell_gloss.jpg/revision/latest/scale-to-width-down/267?cb=20140218190901,Victors' Village in District 1,15 ( 63rd Hunger Games ) 27 ( Catching Fire ) [ 1 ],,,,,The Hunger Games: Catching Fire,Green (film),,,,,,,,,,,,,,Victor ( 63rd Hunger Games ) Mentor Career Tribute ( 75th Hunger Games ) [ 2 ],,,,,,,Cashmere † (younger sister),Dark blond (film),,Deceased,Catching Fire,Alan Ritchson,,,,Dagger Throwing knives,,Male
Grandma'am,https://thehungergames.fandom.com/wiki/Grandma%27am,https://static.wikia.nocookie.net/thehungergames/images/8/8e/Grandma%27am_promo_still_9.28.png/revision/latest/scale-to-width-down/268?cb=20230928191107,The Capitol,Elderly,,,,,The Hunger Games: The Ballad of Songbirds & Snakes,,,,,,,,,,,,,,,,,,,,,,Crassus Snow † (son) Unnamed child (Tigris's parent) Tigris (granddaughter) Coriolanus Snow † (grandson) Unnamed granddaughter † Unnamed great-great-granddaughter Unnamed daughter-in-law †,,,Deceased,The Ballad of Songbirds and Snakes,Fionnula Flanagan,,,,,,Female
Greasy Sae,https://thehungergames.fandom.com/wiki/Greasy_Sae,https://static.wikia.nocookie.net/thehungergames/images/1/18/Sae.jpg/revision/latest?cb=20140217003056,District 12 District 13 (briefly),,,,,,The Hunger Games (film) The Hunger Games: Catching Fire,,,,,,,,,,,,,,,Vendor at the Hob Cook,,,,,,,Unnamed granddaughter,,,Alive,The Hunger Games Catching Fire Mockingjay,Sandra Ellis Lafferty,,,,,,Female
Hattie Meeney,https://thehungergames.fandom.com/wiki/Hattie_Meeney,,District 12,Over 60 [ 1 ],,,,,The Hunger Games: Sunrise on the Reaping (upcoming),,,,,,,,,,,,,,,Bootlegger,,,,,,,,,,,Sunrise on the Reaping,Melody Chikakane Brown,,,,,,Female
Haymitch Abernathy,https://thehungergames.fandom.com/wiki/Haymitch_Abernathy,https://static.wikia.nocookie.net/thehungergames/images/8/80/HaymitchMJ.png/revision/latest/scale-to-width-down/267?cb=20231107224727,Victors' Village in District 12 The Seam (formerly) District 13 (briefly),16 ( Sunrise on the Reaping ) [ 1 ] 40 ( The Hunger Games ) 41-42 ( Catching Fire & Mockingjay ),,,,,The Hunger Games film The Hunger Games: Catching Fire Mockingjay - Part 1 Mockingjay - Part 2 The Hunger Games: Sunrise on the Reaping (upcoming),Grey (books) [ 3 ] Blue (films),,,,,,,,,,,,,,Bootlegger [ 1 ] Victor ( 50th Hunger Games ) Mentor ( 51st to 75th Hunger Games ),,,,6’2” ( The Hunger Games: Sunrise on the Reaping ) (film),,Itchy Itchy Haymitchy (by Maysilee Donner ) [ 2 ] Hay (by Louella McCoy ) [ 2 ] Rascal (by Caesar Flickerman and Drusilla Sickle ) Darling (by Lenore Dove Baird ) [ 2 ],Unnamed father † Willamae Abernathy † (mother) Sid Abernathy † (younger brother) Two unnamed younger sisters † Mamaw † (paternal grandmother),Dark (books) [ 3 ] Graying blond (films),,Alive,The Hunger Games Catching Fire Mockingjay Sunrise on the Reaping,Woody Harrelson (original trilogy) Joseph Zada (SOTR) Joshua Lacey ( stage ),,,,Knife Intelligence Force field Spear Axe,,Male
Hazelle Hawthorne,https://thehungergames.fandom.com/wiki/Hazelle_Hawthorne,https://static.wikia.nocookie.net/thehungergames/images/8/84/Hazelle.png/revision/latest?cb=20250416170632,District 12 District 13 (briefly),,,,,,,,,,,,,,,,,,,,,Washerwoman Haymitch Abernathy 's housekeeper,,,,,,,Mr. Hawthorne (husband) Gale Hawthorne (son) Rory Hawthorne (son) Vick Hawthorne (son) Posy Hawthorne (daughter),,,Alive,The Hunger Games Catching Fire Mockingjay,,,,,,,Female
Heartwood,https://thehungergames.fandom.com/wiki/Heartwood,https://static.wikia.nocookie.net/thehungergames/images/5/56/Heartwood.png/revision/latest/scale-to-width-down/190?cb=20260418032807,District 7,18-Dec,,,,,The Hunger Games: Sunrise on the Reaping (upcoming),Dark brown (film),,,,,,,,,,,,,,Tribute ( 50th Hunger Games ),,,,5’8” (film),,,,Black (film),,Deceased,Sunrise on the Reaping,Thien Phouc Nguyen,,,,Knife (film),,Male
Hersilia,https://thehungergames.fandom.com/wiki/Hersilia,,The Capitol,,,,,,The Hunger Games: Sunrise on the Reaping,,,,,,,,,,,,,,,Tribute trainer,,,,,,,,,,Unknown,Sunrise on the Reaping,Sandra Förster,,,,Throwing knife,,Female
Hilarius Heavensbee,https://thehungergames.fandom.com/wiki/Hilarius_Heavensbee,https://static.wikia.nocookie.net/thehungergames/images/6/66/Hilariush.jpg/revision/latest/scale-to-width-down/268?cb=20231222121914,The Capitol,18 ( The Ballad of Songbirds and Snakes ),,,,,The Hunger Games: The Ballad of Songbirds & Snakes,,,,,,,,,,,,,,,Academy student Mentor ( 10th Hunger Games ),,,,,,,Plutarch Heavensbee (relative) Trajan Heavensbee (ancestor),,Sunrise on the Reaping,Presumed deceased,The Ballad of Songbirds and Snakes,Florian Burgkart,,,,,,Male
Homes,https://thehungergames.fandom.com/wiki/Homes,https://static.wikia.nocookie.net/thehungergames/images/e/ed/Homes_02.png/revision/latest/scale-to-width-down/268?cb=20151018070815,District 13,"An ""older guy"" [ 1 ]",,,,,Mockingjay - Part 2,,,,,,,,,,,,,,,Soldier,,,,,,,,,,Deceased,Mockingjay,Omid Abtahi,,,,Gun,,Male
Hull,https://thehungergames.fandom.com/wiki/Hull,https://static.wikia.nocookie.net/thehungergames/images/8/8c/Hull.png/revision/latest?cb=20260418035604,District 11,18-Dec,,,,,The Hunger Games: Sunrise on the Reaping (upcoming),Heterochromic (film),,,,,,,,,,,,,,Tribute ( 50th Hunger Games ),,,,6’0” (film),,,,Brown (film),,Deceased,Sunrise on the Reaping,Kaine Buffonge [ 2 ],,,,Pitchfork [ 1 ] (book) Sledgehammer (film),,Male
Hunger Games (event),https://thehungergames.fandom.com/wiki/Hunger_Games_(event),,,,,,,,,,,,,,,,,,,,,,,,,,,,,,,,,,,,,,,,,
Hy,https://thehungergames.fandom.com/wiki/Hy,https://static.wikia.nocookie.net/thehungergames/images/c/c5/HyBTS.png/revision/latest/scale-to-width-down/268?cb=20250416215652,District 5,18-Dec,,,,,The Hunger Games: The Ballad of Songbirds & Snakes,Dark-brown (film),,,,,,,,,,,,,,Tribute ( 10th Hunger Games ),,,,,,,,Black (film),,Deceased,The Ballad of Songbirds and Snakes,Kittipong Ace Cunjanagan,,,,Machete (film),,Male
Hychel,https://thehungergames.fandom.com/wiki/Hychel,https://static.wikia.nocookie.net/thehungergames/images/a/a8/Hychel.png/revision/latest?cb=20260418033346,District 5,18-Dec,,,,,The Hunger Games: Sunrise on the Reaping (upcoming),Dark brown (film),,,,,,,,,,,,,,Tribute ( 50th Hunger Games ),,,,5’10”,,,,Dark brown (film),,Deceased,Sunrise on the Reaping,Seedy Touray,,,,,,Male
Ima McCoy,https://thehungergames.fandom.com/wiki/Ima_McCoy,,The Seam in District 12,At least 14 [ 1 ],,,,,,,,,,,,,,,,,,,,,,,,,,,Mr. McCoy (father) Mrs. McCoy (mother) Cayson McCoy (brother) Louella McCoy † (younger sister) 4 Unnamed siblings,,Sunrise on the Reaping,,,,,,,,,Female
Incitatus Loomy,https://thehungergames.fandom.com/wiki/Incitatus_Loomy,,The Capitol,,,,,,,,,,,,,,,,,,,,,Parade master [ 1 ],,,,,,,,,Sunrise on the Reaping,Deceased,,,,,,,,Male
Io Jasper,https://thehungergames.fandom.com/wiki/Io_Jasper,https://static.wikia.nocookie.net/thehungergames/images/4/4b/Io_Jasper.jpg/revision/latest/scale-to-width-down/268?cb=20231106221325,The Capitol,,,,,,The Hunger Games: The Ballad of Songbirds & Snakes,,,,,,,,,,,,,,,Academy student Mentor ( 10th Hunger Games ),,,,,,,,,,,The Ballad of Songbirds and Snakes,Seyna Sylla,,,,,,Female
Iphigenia Moss,https://thehungergames.fandom.com/wiki/Iphigenia_Moss,https://static.wikia.nocookie.net/thehungergames/images/5/57/Iphigenia_Moss.jpg/revision/latest/scale-to-width-down/268?cb=20231222170719,The Capitol,,,,,,The Hunger Games: The Ballad of Songbirds & Snakes,,,,,,,,,,,,,,,Academy student Mentor ( 10th Hunger Games ),,,,,,,,,,,The Ballad of Songbirds and Snakes,Anni Baumann,,,,,,Female
Jabberjay,https://thehungergames.fandom.com/wiki/Jabberjay,,,,,,,,,,,,,,,,,,,,,,,,,,,,,,,,,,,,,,,,,
Jackson,https://thehungergames.fandom.com/wiki/Jackson,https://static.wikia.nocookie.net/thehungergames/images/d/d8/Jackson-rebel-base-camp-capitol.jpg/revision/latest/scale-to-width-down/268?cb=20151124025940,District 13,Middle-aged,,,,,Mockingjay - Part 2,,,,,,,,,,,,,,,Lieutenant,,,,,,,,,,Deceased,Mockingjay,Michelle Forbes,,,,Gun,,Female
Janus,https://thehungergames.fandom.com/wiki/Janus,,District 2,18-Dec,,,,,The Hunger Games: Sunrise on the Reaping,Brown (film),,,,,,,,,,,,,,Tribute ( 50th Hunger Games ),,,,6’1 (film),,,,Light brown (film),,Deceased,Sunrise on the Reaping,Michael Schweisser,,,,,,Male
Jessup Diggs,https://thehungergames.fandom.com/wiki/Jessup_Diggs,https://static.wikia.nocookie.net/thehungergames/images/0/00/Jessup_Diggs.jpg/revision/latest/scale-to-width-down/268?cb=20231208154514,District 12,18 [ 1 ],,,,,The Hunger Games: The Ballad of Songbirds & Snakes,Dark brown (film),,,,,,,,,,,,,,Tribute ( 10th Hunger Games ),,,,,,,,Black (film),,Deceased (Died of rabies and injuries from a fall),The Ballad of Songbirds and Snakes,Nick Benson,,,,,,Male
Jethro Callow,https://thehungergames.fandom.com/wiki/Jethro_Callow,,District 12,,,,,,,,,,,,,,,,,,,,,Coal miner Booker Boy,,,,,,,Mrs. Callow (wife) Wyatt Callow (son),,,Deceased,Sunrise on the Reaping,,,,,,,Male
Johanna Mason,https://thehungergames.fandom.com/wiki/Johanna_Mason,https://static.wikia.nocookie.net/thehungergames/images/b/b7/Johannamason_capitolprofile.jpg/revision/latest/scale-to-width-down/268?cb=20130819201220,Victors' Village in District 7 The Capitol & District 13 (briefly),17 ( 71st Hunger Games ) 21 ( Catching Fire ) [ 1 ] [ 2 ] 21-22 ( Mockingjay ),,,,,Catching Fire (film) Mockingjay - Part 1 Mockingjay - Part 2,Brown (books) Green (films),,,,,,,,,,,,,,Victor ( 71st Hunger Games ) Tribute ( 75th Hunger Games ) Sex worker (unwillingly) [ 3 ],,,,,,,Unnamed family,Brown (books and films) Brown with red dyed streaks ( The Hunger Games: Catching Fire ),The Hunger Games,Alive,Catching Fire Mockingjay,Jena Malone,,,,Axes Throwing Axes Wrestling Gun,,Female
Jubilee,https://thehungergames.fandom.com/wiki/Jubilee,,The Capitol,,,,,,,,,,,,,,,,,,,,,,,,,,,,,,,,The Ballad of Songbirds and Snakes,,,,,,,Male
Junius,https://thehungergames.fandom.com/wiki/Junius,https://static.wikia.nocookie.net/thehungergames/images/8/8c/Beanpole.jpg/revision/latest?cb=20231223173852,The Capitol District 12,,,,,,The Hunger Games: The Ballad of Songbirds & Snakes,,,,,,,,,,,,,,,Peacekeeper,,,,Tall,,Beanpole,,,,Alive,The Ballad of Songbirds and Snakes,Scott Folan,,,,Peacekeeper's rifle,,Male
Juno Phipps,https://thehungergames.fandom.com/wiki/Juno_Phipps,https://static.wikia.nocookie.net/thehungergames/images/a/af/Junop.jpg/revision/latest/scale-to-width-down/268?cb=20231222121807,The Capitol,17-18,,,,,The Hunger Games: The Ballad of Songbirds & Snakes,,,,,,,,,,,,,,,Academy student Mentor ( 10th Hunger Games ),,,,,,,,,,,The Ballad of Songbirds and Snakes,Serena Oexle,,,,,,Female
Juvenia,https://thehungergames.fandom.com/wiki/Juvenia,,The Capitol,,,,,,,,,,,,,,,,,,,,,Escort,,,,,,,,,,,Sunrise on the Reaping,,,,,,,Female
Katniss Everdeen,https://thehungergames.fandom.com/wiki/Katniss_Everdeen,https://static.wikia.nocookie.net/thehungergames/images/d/da/KatnissD13Portrait.jpg/revision/latest/scale-to-width-down/267?cb=20190306042858,Victors' Village in District 12 [ 8 ] District 13 (briefly) [ 5 ] The Seam (pre-74th HG) [ 2 ],16 ( The Hunger Games and Catching Fire ) 17 ( Catching Fire and Mockingjay [ 1 ] ) 18 (End of Mockingjay ) 37+ (epilogue),,,,,The Hunger Games (film) The Hunger Games: Catching Fire Mockingjay - Part 1 Mockingjay - Part 2 The Hunger Games: Sunrise on the Reaping (upcoming),Gray (books) [ 2 ] Light blue (films),,,,,,,,,,,,,,Hunter [ 2 ] Victor ( 74th HG ) [ 3 ] Tribute ( 75th HG ) [ 4 ] Soldier [ 5 ] [ 6 ] Mockingjay of the Second Rebellion [ 7 ],,,,"5'7"" (film) [ 9 ]",,Catnip (by Gale Hawthorne ) Girl on Fire (by Cinna ) The Mockingjay (by rebels ) Sweetheart (by Haymitch Abernathy ),Burdock Everdeen † (father) Asterid Everdeen (mother) Primrose Everdeen † (younger sister) Peeta Mellark (husband) Unnamed daughter and son Lenore Dove Baird † (distant cousin) The Covey (distant relations),Black (books) [ 2 ] Brown (films),,Alive,The Hunger Games Catching Fire Mockingjay Sunrise on the Reaping,Jennifer Lawrence (films) Mia Carragher ( stage ),,,,Bow and arrow Knife Throwing knives Snares Gun,,Female
Kerna,https://thehungergames.fandom.com/wiki/Kerna,https://static.wikia.nocookie.net/thehungergames/images/2/24/Kerna.png/revision/latest?cb=20260604031603,District 9,12 (film) [ 1 ] ( 50th Hunger Games ),,,,,The Hunger Games: Sunrise on the Reaping (upcoming),Blue (film),,,,,,,,,,,,,,Tribute ( 50th Hunger Games ),,,,4’9” (film),,,,Brown (film),,Deceased,Sunrise on the Reaping,Alina Reid [ 2 ],,,,,,Female
Lady,https://thehungergames.fandom.com/wiki/Lady,https://static.wikia.nocookie.net/thehungergames/images/2/27/Goat-lady.jpg/revision/latest/scale-to-width-down/268?cb=20160802140038,The Seam (formerly) Victors' Village in District 12,,,,,,,,,,,,,,,,,,,,,,,,,,,,,,The Hunger Games Catching Fire Mockingjay,Presumed deceased,,,,,,,,Female
Lamina,https://thehungergames.fandom.com/wiki/Lamina,https://static.wikia.nocookie.net/thehungergames/images/a/a3/Lamina.jpg/revision/latest/scale-to-width-down/267?cb=20231102210111,District 7,15 [ 1 ],,,,,The Hunger Games: The Ballad of Songbirds & Snakes,Brown (Film),,,,,,,,,,,,,,Tribute ( 10th Hunger Games ),,,,,,,,Blonde (Book) Auburn (Film),,Deceased,The Ballad of Songbirds and Snakes,Irene Boehm,,,,Axe Knife,,Female
Lannie,https://thehungergames.fandom.com/wiki/Lannie,https://static.wikia.nocookie.net/thehungergames/images/0/04/Lannie.png/revision/latest/scale-to-width-down/268?cb=20260704204335,District 10,18-Dec,,,,,The Hunger Games: Sunrise on the Reaping (upcoming),Dark brown (film),,,,,,,,,,,,,,Tribute ( 50th Hunger Games ),,,,5’3” (film),,,,Brown (film),,Deceased,Sunrise on the Reaping,Madouna Said,,,,,,Female
Lavinia,https://thehungergames.fandom.com/wiki/Lavinia,https://static.wikia.nocookie.net/thehungergames/images/1/17/UntitledAvox.png/revision/latest?cb=20151114192013,The Capitol,20s,,,,,The Hunger Games (film) The Hunger Games: Catching Fire,,,,,,,,,,,,,,,Avox,,,,,,Redheaded Avox girl (by Katniss Everdeen ),,,Mockingjay,Deceased,"The Hunger Games , Catching Fire",Amber Chaney,,,,None,,Female
Lect,https://thehungergames.fandom.com/wiki/Lect,,District 3,18-Dec,,,,,The Hunger Games: Sunrise on the Reaping (upcoming),Dark brown (film),,,,,,,,,,,,,,Tribute ( 50th Hunger Games ),,,,5’9” (film),,,,Black (film),,Deceased,Sunrise on the Reaping,Zahel Anwary,,,,,,Male
Leeg 1,https://thehungergames.fandom.com/wiki/Leeg_1,https://static.wikia.nocookie.net/thehungergames/images/7/78/Leeg_1.png/revision/latest/scale-to-width-down/132?cb=20151017134854,District 13,20s,,,,,Mockingjay - Part 2,,,,,,,,,,,,,,,Soldier,,,,,,,Unnamed father Leeg 2 (sister),,,Deceased,Mockingjay,Misty Ormiston,,,,Gun,,Female
Leeg 2,https://thehungergames.fandom.com/wiki/Leeg_2,https://static.wikia.nocookie.net/thehungergames/images/6/69/Leeg_2.png/revision/latest/scale-to-width-down/268?cb=20250727040832,District 13,20s,,,,,Mockingjay - Part 1 [citation needed] Mockingjay - Part 2,,,,,,,,,,,,,,,Soldier,,,,,,,Unnamed father Leeg 1 (sister),,,Deceased,Mockingjay,Kim Ormiston,,,,Gun,,Female
Leevy,https://thehungergames.fandom.com/wiki/Leevy,,The Seam in District 12 District 13 (briefly),,,,,,,,,,,,,,,,,,,,,,,,,,,,,,,Alive,Catching Fire Mockingjay,,,,,,,Female
Lenore Dove Baird,https://thehungergames.fandom.com/wiki/Lenore_Dove_Baird,https://static.wikia.nocookie.net/thehungergames/images/a/a3/LDBSOTR.jpeg/revision/latest/scale-to-width-down/268?cb=20251120160906,The Seam in District 12,16 [ 1 ],,,,,The Hunger Games: Sunrise on the Reaping,Dappled green [ 2 ] (book) Dark brown (film),,,,,,,,,,,,,,Rebel,,,,,,,Unnamed mother Unknown father Clerk Carmine Clade (adoptive uncle) Tam Amber (adoptive uncle) Burdock Everdeen † (distant cousin) Katniss Everdeen (distant cousin) Primrose Everdeen † (distant cousin) Unknown relations Lucy Gray Baird Barb Azure Baird Maude Ivory Baird †,Auburn (film),Mockingjay,Deceased,Sunrise on the Reaping,Whitney Peak,,,,,,Female
Lepidus Malmsey,https://thehungergames.fandom.com/wiki/Lepidus_Malmsey,,The Capitol,,,,,,,,,,,,,,,,,,,,,Reporter for Capitol News,,,,,,,,,,,The Ballad of Songbirds and Snakes,,,,,,,Male
Lil,https://thehungergames.fandom.com/wiki/Lil,https://static.wikia.nocookie.net/thehungergames/images/0/0e/Lil_%28TBOSAS%29.jpg/revision/latest/scale-to-width-down/268?cb=20231215162920,District 12,Young,,,,,The Hunger Games: The Ballad of Songbirds & Snakes,,,,,,,,,,,,,,,,,,,,,,,,,Deceased,The Ballad of Songbirds and Snakes,Mona Vojacek Koper,,,,,,Female
Livia Cardew,https://thehungergames.fandom.com/wiki/Livia_Cardew,https://static.wikia.nocookie.net/thehungergames/images/0/06/Liviac.jpg/revision/latest/scale-to-width-down/268?cb=20231222122107,The Capitol,,,,,,The Hunger Games: The Ballad of Songbirds & Snakes,,,,,,,,,,,,,,,Academy student Mentor ( 10th Hunger Games ),,,,,,,,,,,The Ballad of Songbirds and Snakes,Flora Li Thiemann,,,,,,Female
Lou Lou,https://thehungergames.fandom.com/wiki/Lou_Lou,https://static.wikia.nocookie.net/thehungergames/images/2/2c/LouLouSOTR.jpeg/revision/latest/scale-to-width-down/268?cb=20251120142701,District 11,13-Dec,,,,,The Hunger Games: Sunrise on the Reaping (upcoming),Gray [ 1 ] Blue (film),,,,,,,,,,,,,,Tribute ( 50th Hunger Games ) Body double for Louella McCoy,,,,4’11” (film),,,,Black [ 1 ] Dark brown (film),,Deceased,Sunrise on the Reaping,Iona Bell [ 2 ],,,,,,Female
Louella McCoy,https://thehungergames.fandom.com/wiki/Louella_McCoy,https://static.wikia.nocookie.net/thehungergames/images/6/6c/LouellaTrailer.jpeg/revision/latest/scale-to-width-down/268?cb=20260413133125,The Seam in District 12,13 [ 1 ],,,,,The Hunger Games: Sunrise on the Reaping (upcoming),Gray (book) Green (film),,,,,,,,,,,,,,Tribute ( 50th Hunger Games ),,,,4’11” (film),,Sweetheart (by Haymitch Abernathy ),Mr. McCoy (father) Mrs. McCoy (mother) Cayson McCoy (older brother) Ima McCoy (older sister) Unnamed siblings,Black (book) Dark brown (film),Catching Fire,Deceased,Sunrise on the Reaping,Molly McCann [ 2 ],,,,,,Female
Loupe,https://thehungergames.fandom.com/wiki/Loupe,https://static.wikia.nocookie.net/thehungergames/images/7/7f/Loupe.png/revision/latest/scale-to-width-down/268?cb=20260418035127,District 1,18-Dec,,,,,The Hunger Games: Sunrise on the Reaping (upcoming),Brown (film),,,,,,,,,,,,,,Tribute ( 50th Hunger Games ),,,,5’11 (film),,,,Brown (film),,Deceased,Sunrise on the Reaping,Jamal Salamone,,,,,,Male
Lucretius Flickerman,https://thehungergames.fandom.com/wiki/Lucretius_Flickerman,https://static.wikia.nocookie.net/thehungergames/images/b/be/LuckyFlickerman-Poster.jpeg/revision/latest/scale-to-width-down/268?cb=20230922111211,The Capitol,,,,,,The Hunger Games: The Ballad of Songbirds & Snakes,,,,,,,,,,,,,,,Weathercaster Interview host for the 10th Hunger Games Television commentator for the 10th Hunger Games,,,,,,Lucky,Caesar Flickerman (possible descendant),,,Presumed Deceased,The Ballad of Songbirds and Snakes Sunrise on the Reaping (on television),Jason Schwartzman,,,,,,Male
Lucy Gray Baird,https://thehungergames.fandom.com/wiki/Lucy_Gray_Baird,https://static.wikia.nocookie.net/thehungergames/images/0/0f/LucyGray-Poster.jpeg/revision/latest/scale-to-width-down/268?cb=20230922110923,The Seam in District 12 Panem,3–6 ( Dark Days ) 16 ( 10th Hunger Games ),,,,,The Hunger Games: The Ballad of Songbirds & Snakes,Dark brown (film),,,,,,,,,,,,,,Musician Victor ( 10th Hunger Games ),,,,,,,Unnamed father Unnamed mother 2 unnamed older siblings Barb Azure Baird (cousin) Maude Ivory Baird † (younger cousin) The Covey (adoptive family) Distant relatives Lenore Dove Baird † Burdock Everdeen † Katniss Everdeen Primrose Everdeen †,Dark (book) Brown (film),The Hunger Games (indirectly mentioned),"Unknown, presumed deceased [ 1 ]",The Ballad of Songbirds and Snakes Sunrise on the Reaping (on television),Rachel Zegler [ 2 ],,,,Poison Snakes,,Female
Lyle Whitcomb,https://thehungergames.fandom.com/wiki/Lyle_Whitcomb,,District 12,,,,,,,,,,,,,,,,,,,,,Coal miner,,,,,,,Sarshee Whitcomb † (daughter),,Sunrise on the Reaping,Deceased,,,,,,,,Male
Lyme,https://thehungergames.fandom.com/wiki/Lyme,https://static.wikia.nocookie.net/thehungergames/images/9/96/Lyme.jpeg/revision/latest/scale-to-width-down/268?cb=20200828092800,Victors' Village in District 2,Middle-aged,,,,,Mockingjay - Part 2,Blue,,,,,,,,,,,,,,Victor Career Tribute Commander of District 2,,,,"Over 6 feet [ 1 ] 6'3"" (film)",,,,,,Deceased,Mockingjay,Gwendoline Christie,,,,Shotgun Bombs,,Female
Lysistrata Vickers,https://thehungergames.fandom.com/wiki/Lysistrata_Vickers,https://static.wikia.nocookie.net/thehungergames/images/d/d8/Lysistrata_Vickers_announcing.jpg/revision/latest/scale-to-width-down/268?cb=20231025014722,The Capitol,,,,,,The Hunger Games: The Ballad of Songbirds & Snakes,,,,,,,,,,,,,,,Academy student Mentor ( 10th Hunger Games ),,,,,,Lyssie (by Coriolanus Snow ),,,,,The Ballad of Songbirds and Snakes,Zoe Renee,,,,Water,,Female
Madge Undersee,https://thehungergames.fandom.com/wiki/Madge_Undersee,,District 12,16 ( The Hunger Games ) 17 ( Catching Fire ),,,,,,,,,,,,,,,,,,,,Student,,,,,,,Mayor Undersee † (father) Merrilee Undersee † (mother) Mr. Donner (maternal grandfather) Mrs. Donner (maternal grandmother) Maysilee Donner † (maternal aunt) Unnamed maternal great-grandmother †,Blonde [ 1 ],Mockingjay,Deceased,"The Hunger Games , Catching Fire",,,,,,,Female
Magno Stift,https://thehungergames.fandom.com/wiki/Magno_Stift,,The Capitol,Older than 60 [ 1 ],,,,,The Hunger Games: Sunrise on the Reaping (upcoming),,,,,,,,,,,,,,,Stylist,,,,,,,Drusilla Sickle (wife),,,Presumed deceased,Sunrise on the Reaping,Billy Porter,,,,,,Male
Mags Flanagan,https://thehungergames.fandom.com/wiki/Mags,https://static.wikia.nocookie.net/thehungergames/images/0/0b/Quarter_quell_mags.jpg/revision/latest/scale-to-width-down/267?cb=20140218191426,Victors' Village in District 4,16 ( 11th Hunger Games ) 55 ( 50th Hunger Games ) 80 ( 75th Hunger Games ) [ 1 ],,,,,The Hunger Games: Catching Fire Capitol Couture promo for Mockingjay - Part 2 (young) The Hunger Games: Sunrise on the Reaping (upcoming),Brown (film),,,,,,,,,,,,,,Victor ( 11th Hunger Games ) Mentor Tribute ( 75th Hunger Games ) [ 1 ],,,,,,,Finnick Odair (adoptive family) (deceased),"Grey (elderly, book and film) Bronze (younger, film)",Mockingjay,Deceased,Catching Fire Sunrise on the Reaping,Lynn Cohen (CF) Lili Taylor (SOTR) Grace Kull (Capitol Couture),,,,Fishhook Awl,,Female
Marcus,https://thehungergames.fandom.com/wiki/Marcus,https://static.wikia.nocookie.net/thehungergames/images/d/dc/Marcus_%28TBOSAS%29.jpg/revision/latest/scale-to-width-down/268?cb=20260807050902,District 2,18 [ 1 ],,,,,The Hunger Games: The Ballad of Songbirds & Snakes,Dark-brown (film),,,,,,,,,,,,,,Tribute ( 10th Hunger Games ),,,,,,,,Dark-brown (film),,Deceased (mercy kill by Lamina ),The Ballad of Songbirds and Snakes,Jerome Lance,,,,,,Male
Maritte,https://thehungergames.fandom.com/wiki/Maritte,https://static.wikia.nocookie.net/thehungergames/images/d/d9/Maritte.png/revision/latest/scale-to-width-down/268?cb=20260418034934,District 4,15-18,,,,,The Hunger Games: Sunrise on the Reaping (upcoming),Green (film),,,,,,,,,,,,,,Tribute ( 50th Hunger Games ),,,,5’6” (film),,,,Brown (film),,Deceased,Sunrise on the Reaping,Sky Frances [ 1 ],,,,Trident,,Female
Martin,https://thehungergames.fandom.com/wiki/Martin,,District 11,Child,,,,,,,,,,,,,,,,,,,,Harvester,,,,,,,,,The Hunger Games,Deceased,,,,,,,,Male
Marvel,https://thehungergames.fandom.com/wiki/Marvel,https://static.wikia.nocookie.net/thehungergames/images/6/6d/MarvelNormal.png/revision/latest/scale-to-width-down/268?cb=20140318205457,District 1,17 (film) [ 1 ],,,,,The Hunger Games (film) Catching Fire (film),Green (film),,,,,,,,,,,,,,Career Tribute,,,,"6'3"" (film) [ 1 ]",,,,Brown (film),Catching Fire,Deceased,The Hunger Games,Jack Quaid Lewis Easter ( stage ),,,,Javelin (book and film) Kukri (film) Throwing Axe (film) Net,,Male
Maude Ivory Baird,https://thehungergames.fandom.com/wiki/Maude_Ivory,https://static.wikia.nocookie.net/thehungergames/images/6/60/Maudeivoryreap.jpg/revision/latest/scale-to-width-down/268?cb=20231222123712,The Seam in District 12,8–9 (TBOSAS) [ 1 ],,,,,The Hunger Games: The Ballad of Songbirds & Snakes,Green (film),,,,,,,,,,,,,,Musician,,,,,,,Unnamed parents Barb Azure Baird (cousin) Lucy Gray Baird (cousin) Two unnamed cousins (Lucy Gray's siblings) Unknown relations Lenore Dove Baird † Burdock Everdeen † Katniss Everdeen Primrose Everdeen †,Blonde (film),Sunrise on the Reaping,Deceased,The Ballad of Songbirds and Snakes,Vaughan Reilly Josie Hope Hall (singing),,,,,,Female
Mayfair Lipp,https://thehungergames.fandom.com/wiki/Mayfair_Lipp,https://static.wikia.nocookie.net/thehungergames/images/0/05/Mayfair_Lipp.png/revision/latest/scale-to-width-down/268?cb=20231028171402,District 12,,,,,,The Hunger Games: The Ballad of Songbirds & Snakes,,,,,,,,,,,,,,,,,,,,,,Mayor Lipp (father) Mrs. Lipp (mother),,,Deceased,The Ballad of Songbirds and Snakes,Isobel Jesper Jones,,,,,,Female
Mayor Allister,https://thehungergames.fandom.com/wiki/Mayor_Allister,,District 12,,,,,,,,,,,,,,,,,,,,,Mayor,,,,,,,,,,,Sunrise on the Reaping,,,,,,,Female
Mayor Lipp,https://thehungergames.fandom.com/wiki/Mayor_Lipp,https://static.wikia.nocookie.net/thehungergames/images/c/c3/Mayor_Lipp.png/revision/latest/scale-to-width-down/267?cb=20231028171123,District 12,,,,,,The Hunger Games: The Ballad of Songbirds & Snakes,,,,,,,,,,,,,,,Mayor of District 12,,,,,,,Mayfair Lipp (daughter) Mrs. Lipp (wife),,,,The Ballad of Songbirds and Snakes,Marc Aden Gray,,,,,,Male
Mayor Undersee,https://thehungergames.fandom.com/wiki/Mayor_Undersee,,District 12,Middle-aged,,,,,,,,,,,,,,,,,,,,Mayor,,,,,,,Merrilee Undersee † (wife) Madge Undersee † (daughter) Maysilee Donner † (sister-in-law),,Mockingjay,Deceased,"The Hunger Games , Catching Fire",,,,,,,Male
Maysilee Donner,https://thehungergames.fandom.com/wiki/Maysilee_Donner,https://static.wikia.nocookie.net/thehungergames/images/f/f1/Maysilee_Donner_SOTR.jpg/revision/latest/scale-to-width-down/268?cb=20260704200452,District 12,16 ( Sunrise on the Reaping ) [ 1 ],,,,,The Hunger Games: Sunrise on the Reaping,Blue [ 4 ],,,,,,,,,,,,,,Tribute ( 50th Hunger Games ) Merchant,,,,5'3” ( film ),,"Sis, Ladybug (by Haymitch Abernathy ) [ 3 ]",Mr. Donner (father) Mrs. Donner (mother) Merrilee Undersee (twin sister) Unnamed grandmother Madge Undersee (niece) Mayor Undersee (brother-in-law),Blonde [ 4 ],Catching Fire,Deceased,Sunrise on the Reaping,Mckenna Grace,,,,Blowgun with poisonous darts [ 2 ],,Female
Mentor,https://thehungergames.fandom.com/wiki/Mentor,,,,,,,,,,,,,,,,,,,,,,,,,,,,,,,,,,,,,,,,,
Merrilee Undersee,https://thehungergames.fandom.com/wiki/Merrilee_Undersee,https://static.wikia.nocookie.net/thehungergames/images/6/66/Merrilee.jpeg/revision/latest/scale-to-width-down/268?cb=20260413133229,District 12,16 ( Sunrise on the Reaping ) [ 1 ] 41 ( Catching Fire ),,,,,The Hunger Games: Sunrise on the Reaping (upcoming),,,,,,,,,,,,,,,Housewife,,,,,,Mrs. Undersee,Mr. Donner † (father) Mrs. Donner † (mother) Maysilee Donner † (twin sister) Mayor Undersee † (husband) Madge Undersee † (daughter) Unnamed grandmother †,Blonde [ 2 ],Catching Fire,Deceased,Sunrise on the Reaping,Mckenna Grace,,,,,,Female
Messalla,https://thehungergames.fandom.com/wiki/Messalla,https://static.wikia.nocookie.net/thehungergames/images/5/58/MessallaD13Portrait.jpg/revision/latest/scale-to-width-down/267?cb=20190306042858,The Capitol District 13 (briefly),Early-mid 20s,,,,,Mockingjay - Part 1 Mockingjay - Part 2,,,,,,,,,,,,,,,Film assistant,,,,,,,,,,Deceased: Killed by Pod in Capitol,Mockingjay,Evan Ross,,,,Gun,,Male
Midge,https://thehungergames.fandom.com/wiki/Midge,https://static.wikia.nocookie.net/thehungergames/images/6/63/Midge1.png/revision/latest/scale-to-width-down/268?cb=20260704205451,District 9,18-Dec,,,,,The Hunger Games: Sunrise on the Reaping,Brown (film),,,,,,,,,,,,,,Tribute ( 50th Hunger Games ),,,,"5'5"" (film)",,,,Dirty blonde (film),,Deceased,Sunrise on the Reaping,Luise Forberg,,,,,,Female
Miles,https://thehungergames.fandom.com/wiki/Miles,https://static.wikia.nocookie.net/thehungergames/images/5/51/Miles1.png/revision/latest/scale-to-width-down/268?cb=20260704215518,District 6,18-Dec,,,,,The Hunger Games: Sunrise on the Reaping (upcoming),Dark brown (film),,,,,,,,,,,,,,Tribute ( 50th Hunger Games ),,,,6’0” (film),,“Dove” (by Haymitch),,Brown (film),,Deceased,Sunrise on the Reaping,Tristan Frederichs,,,,,,Male
Mitchell,https://thehungergames.fandom.com/wiki/Mitchell,https://static.wikia.nocookie.net/thehungergames/images/3/3f/Mitchell2.png/revision/latest/scale-to-width-down/268?cb=20170402182607,District 13,"An ""older guy""",,,,,Mockingjay - Part 2,,,,,,,,,,,,,,,Soldier,,,,,,,,,,Deceased,Mockingjay,Joe Chrest,,,,Gun,,Male
Mizzen,https://thehungergames.fandom.com/wiki/Mizzen,https://static.wikia.nocookie.net/thehungergames/images/0/0e/Mizzen.jpg/revision/latest/scale-to-width-down/268?cb=20231110151114,District 4,13 [ 1 ],,,,,The Hunger Games: The Ballad of Songbirds & Snakes,Brown (film),,,,,,,,,,,,,,Tribute ( 10th Hunger Games ),,,,,,Merciless Mizzen (by Lucky Flickerman ),,Brown (film),,Deceased,The Ballad of Songbirds and Snakes,Cooper Dillon,,,,Trident Knife Net (film) Spear (film),,Male
Mockingjay,https://thehungergames.fandom.com/wiki/Mockingjay,https://static.wikia.nocookie.net/thehungergames/images/1/11/MockingjayCover.jpg/revision/latest/scale-to-width-down/268?cb=20100211200124,,,,Tim O'Brien,Science fiction Young adult Adventure,400 (hardcover) [ 1 ],,,ISBN 978-0-439-02351-1,The Ballad of Songbirds and Snakes,,,,,24-Aug-10,,Catching Fire,Scholastic Press,United States,,Suzanne Collins,,,,,,,,,,,,,,,,,,,
Morphling (drug),https://thehungergames.fandom.com/wiki/Morphling_(drug),,,,,,,,,,,,,,,,,,,,,,,,,,,,,,,,,,,,,,,,,
Morphlings,https://thehungergames.fandom.com/wiki/Morphlings,https://static.wikia.nocookie.net/thehungergames/images/0/08/Morphlings2.png/revision/latest/scale-to-width-down/268?cb=20140816194859,Victors' Village in District 6,,,,,,The Hunger Games: Catching Fire,,,,,,,,,,,,,,,Victors Tributes Painters,,,,,,,,,,Deceased,Catching Fire,Justin Hix & Megan Hayes,,,,Camouflage Stealth,,Male and female
Mrs. Mellark,https://thehungergames.fandom.com/wiki/Mrs._Mellark,https://static.wikia.nocookie.net/thehungergames/images/c/c6/Mrs._Mellark.JPG/revision/latest/scale-to-width-down/268?cb=20140303064003,Merchant section of District 12,,,,,,The Hunger Games film,,,,,,,,,,,,,,,Baker,,,,,,,Otho Mellark † (husband) Unnamed oldest son † Unnamed son † Peeta Mellark (youngest son) Katniss Everdeen (daughter-in-law) Unnamed grandaughter Unnamed grandson,,,Deceased,,Raiko Bowman,,,,,,Female
Mrs. Plinth,https://thehungergames.fandom.com/wiki/Mrs._Plinth,https://static.wikia.nocookie.net/thehungergames/images/1/18/Mrs._Plinth.jpg/revision/latest/scale-to-width-down/268?cb=20231117190618,The Capitol District 2 (formerly),,,,,,The Hunger Games: The Ballad of Songbirds & Snakes,,,,,,,,,,,,,,,,,,,,,Ma (by Sejanus Plinth and Coriolanus Snow ),Unnamed sister Strabo Plinth (husband) Sejanus Plinth (son),,,,The Ballad of Songbirds and Snakes,Daniela Grubert,,,,,,Female
Nero Price,https://thehungergames.fandom.com/wiki/Nero_Price,https://static.wikia.nocookie.net/thehungergames/images/f/fb/Nero_Price.png/revision/latest/scale-to-width-down/268?cb=20230924064522,The Corso in the Capitol,,,,,,The Hunger Games: The Ballad of Songbirds & Snakes,,,,,,,,,,,,,,,Railway tycoon,,,,,,,,,The Ballad of Songbirds and Snakes,,,Clemens Schick,,,,,,Male
Nona,https://thehungergames.fandom.com/wiki/Nona,https://static.wikia.nocookie.net/thehungergames/images/1/1f/Camilladistrict2.jpg/revision/latest?cb=20260508211608,District 2,18-Dec,,,,,The Hunger Games: Sunrise on the Reaping (upcoming),Brown (film),,,,,,,,,,,,,,Tribute ( 50th Hunger Games ),,,,5’3” (film),,,,Dark brown (film),,Deceased,Sunrise on the Reaping,Elisabeth Heinz,,,,,,Female
Notion,https://thehungergames.fandom.com/wiki/Notion,,District 8,18-Dec,,,,,The Hunger Games: Sunrise on the Reaping (upcoming),Blue (film),,,,,,,,,,,,,,Tribute ( 50th Hunger Games ),,,,5’8” (film),,,,Red (film),,Deceased,Sunrise on the Reaping,Anna Lena Treue,,,,,,Female
Octavia,https://thehungergames.fandom.com/wiki/Octavia,https://static.wikia.nocookie.net/thehungergames/images/3/3b/Octavia_durante_la_fiesta_de_Snow.png/revision/latest/scale-to-width-down/268?cb=20140306190006,The Capitol District 13 (briefly),Early 20s,,,,,The Hunger Games (film) The Hunger Games: Catching Fire,,,,,,,,,,,,,,,Prep team to Katniss Everdeen,,,,,,,,,,Alive,"The Hunger Games , Catching Fire , Mockingjay",Brooke Bundy,,,,,,Female
Otho Mellark,https://thehungergames.fandom.com/wiki/Otho_Mellark,https://static.wikia.nocookie.net/thehungergames/images/1/12/Mr.Mellark/revision/latest/scale-to-width-down/268?cb=20190819191833,Merchant section of District 12,40s (Main trilogy) 16-18 ( Sunrise on the Reaping ),,,,,The Hunger Games film,,,,,,,,,,,,,,,Baker,,,,,,,Mrs. Mellark (wife) † Unnamed oldest son † Unnamed second oldest son † Peeta Mellark (youngest son) Katniss Everdeen (daughter-in-law) Unnamed granddaughter Unnamed grandson,,Mockingjay,Deceased,The Hunger Games Sunrise on the Reaping,,,,,,,Male
Otto,https://thehungergames.fandom.com/wiki/Otto,https://static.wikia.nocookie.net/thehungergames/images/2/22/OttoBTS.png/revision/latest?cb=20250416215205,District 6,12–18,,,,,The Hunger Games: The Ballad of Songbirds & Snakes,Blue (film),,,,,,,,,,,,,,Tribute ( 10th Hunger Games ),,,,,,,,Brown (film),,Deceased,The Ballad of Songbirds and Snakes,Nova Just,,,,Crossbow (film),,Male
Palladium Barker,https://thehungergames.fandom.com/wiki/Palladium_Barker,,Victor's Village in District 1,15-18 ( 46th Hunger Games ),,,,,,,,,,,,,,,,,,,,Victor (46th HG) Career Tribute,,,,,,,Panache Barker,,Sunrise on the Reaping,Presumed deceased,,,,,,,,Unknown
Palmyra Monty,https://thehungergames.fandom.com/wiki/Palmyra_Monty,https://static.wikia.nocookie.net/thehungergames/images/b/b7/Palmyra_Monty.jpg/revision/latest/scale-to-width-down/268?cb=20230929140024,The Capitol,,,,,,The Hunger Games: The Ballad of Songbirds & Snakes,,,,,,,,,,,,,,,Academy student Mentor ( 10th Hunger Games ),,,,,,,,,,,The Ballad of Songbirds and Snakes,Aminata Toscano,,,,,,Female
Panache Barker,https://thehungergames.fandom.com/wiki/Panache_Barker,https://static.wikia.nocookie.net/thehungergames/images/b/be/PanacheSOTR.jpeg/revision/latest/scale-to-width-down/268?cb=20251120142720,District 1,15-18,,,,,The Hunger Games: Sunrise on the Reaping (upcoming),Dark brown (film),,,,,,,,,,,,,,Career Tribute ( 50th Hunger Games ),,,,6’0 (film),,,Palladium Barker,Brown (film),,Deceased,Sunrise on the Reaping,Jhaleil Swaby [ 1 ],,,,Sword,,Male
Panlo,https://thehungergames.fandom.com/wiki/Panlo,https://static.wikia.nocookie.net/thehungergames/images/a/a0/Panlofixedangle.png/revision/latest/scale-to-width-down/268?cb=20260421041708,District 9,18-Dec,,,,,The Hunger Games: The Ballad of Songbirds & Snakes,Blue (film),,,,,,,,,,,,,,Tribute ( 10th Hunger Games ),,,,,,,,Dark blond (film),,Deceased,The Ballad of Songbirds and Snakes,Lucas Wilson,,,,Sword (film),,Male
Silver parachute,https://thehungergames.fandom.com/wiki/Parachute,,,,,,,,,,,,,,,,,,,,,,,,,,,,,,,,,,,,,,,,,
Peeler,https://thehungergames.fandom.com/wiki/Peeler,https://static.wikia.nocookie.net/thehungergames/images/d/d7/Peeler.png/revision/latest?cb=20260704204727,District 10,18-Dec,,,,,The Hunger Games: Sunrise on the Reaping (upcoming),Dark brown (film),,,,,,,,,,,,,,Tribute ( 50th Hunger Games ),,,,5’1” (film),,,,Dark brown (film),,Deceased,Sunrise on the Reaping,Lisa Lekutat,,,,,,Female
Peeta Mellark,https://thehungergames.fandom.com/wiki/Peeta_Mellark,https://static.wikia.nocookie.net/thehungergames/images/1/1e/PeetaCC.jpg/revision/latest/scale-to-width-down/268?cb=20231107225452,Victors' Village in District 12 Bakery (formerly) The Capitol & District 13 (briefly),16 ( The Hunger Games and Catching Fire ) 17 ( Catching Fire and Mockingjay [ 1 ] ) 18 (End of Mockingjay ) 37+ (epilogue),,,,,The Hunger Games (film) The Hunger Games: Catching Fire Mockingjay - Part 1 Mockingjay - Part 2 The Hunger Games: Sunrise on the Reaping (upcoming),Blue (books) [ 3 ] Hazel (films),,,,,,,,,,,,,,Victor ( 74th Hunger Games ) Tribute ( 75th HG ) Baker,,,,"5'7"" (film) [ 2 ] 5'10"" ( Tribute Guide )",,Lover Boy (by the Careers ) Boy with the bread (by Katniss Everdeen ) The Baker's boy (by Caesar Flickerman ),Otho Mellark † (father) Unnamed mother † (mother) Oldest brother † Older brother † Katniss Everdeen (wife) Unnamed daughter and son By marriage Burdock Everdeen † (father-in-law) Asterid Everdeen (mother-in-law) Primrose Everdeen † (sister-in-law),Blond [ 3 ],,Alive,The Hunger Games Catching Fire Mockingjay Sunrise on the Reaping,Josh Hutcherson (films) Euan Garrett ( stage ),,,,Hand-to-hand combat Knives Camouflage Machete (film) Spear ( Tribute Guide ) Wrestling,,Male
Persephone Price,https://thehungergames.fandom.com/wiki/Persephone_Price,https://static.wikia.nocookie.net/thehungergames/images/4/44/Persephone_with_Vipsania.jpeg/revision/latest/scale-to-width-down/268?cb=20231230004708,The Corso in the Capitol,17-18,,,,,The Hunger Games: The Ballad of Songbirds & Snakes,,,,,,,,,,,,,,,Academy student Mentor ( 10th Hunger Games ),,,,,,,,,,,The Ballad of Songbirds and Snakes,Athena Strates,,,,,,Female
Pliny Harrington,https://thehungergames.fandom.com/wiki/Pliny_Harrington,https://static.wikia.nocookie.net/thehungergames/images/c/c3/Pliny.jpg/revision/latest/scale-to-width-down/268?cb=20231222120616,The Capitol,,,,,,The Hunger Games: The Ballad of Songbirds & Snakes,,,,,,,,,,,,,,,Academy student Mentor ( 10th Hunger Games ),,,,,,Pup,,,,,The Ballad of Songbirds and Snakes,Ayomide Adegun,,,,,,Male
Pluribus Bell,https://thehungergames.fandom.com/wiki/Pluribus_Bell,,The Capitol,,,,,,,,,,,,,,,,,,,,,Musician/club owner (formerly) Black marketeer,,,,,,,Cyrus (partner),,,,The Ballad of Songbirds and Snakes,,,,,,,Male
Plutarch Heavensbee,https://thehungergames.fandom.com/wiki/Plutarch_Heavensbee,https://static.wikia.nocookie.net/thehungergames/images/6/67/PlutarchD13Portrait.jpg/revision/latest/scale-to-width-down/267?cb=20190306042858,The Capitol (originally) District 13 (during rebellion),,,,,,The Hunger Games: Catching Fire Mockingjay - Part 1 Mockingjay - Part 2 Sunrise on the Reaping,Light blue (films),,,,,,,,,,,,,,Head Gamemaker [ 1 ] [ 2 ] Secretary of Communications [ 3 ] Cameraman [ 4 ],,,,,,,Unnamed cousin [ 5 ] Hilarius Heavensbee (relative) Trajan Heavensbee (ancestor),"Dark ( Catching Fire: Illustrated Edition ) Ginger (Adult, film) Pale blond (Middle aged, film)",,Alive,The Hunger Games Catching Fire Mockingjay Sunrise on the Reaping,Philip Seymour Hoffman (original trilogy) Jesse Plemons (SOTR),,,,Propaganda Intelligence,,Male
Pollux,https://thehungergames.fandom.com/wiki/Pollux,https://static.wikia.nocookie.net/thehungergames/images/8/8c/PolluxD13Portrait.jpg/revision/latest/scale-to-width-down/267?cb=20190306042858,The Capitol District 13 (briefly),,,,,,Mockingjay - Part 1 Mockingjay - Part 2,,,,,,,,,,,,,,,Cameraman Avox (formerly) Rebel,,,,,,,Castor (brother),,,Alive,Mockingjay,Elden Henson,,,,Gun,,Male
Portia,https://thehungergames.fandom.com/wiki/Portia,https://static.wikia.nocookie.net/thehungergames/images/7/7e/Portia.jpg/revision/latest?cb=20120426074110,The Capitol,,,,,,The Hunger Games,,,,,,,,,,,,,,,Stylist to Peeta Mellark,,,,,,,,,Mockingjay,Deceased (Executed by President Snow ),The Hunger Games Catching Fire,Latarsha Rose,,,,,,Female
Posy Hawthorne,https://thehungergames.fandom.com/wiki/Posy_Hawthorne,,The Seam in District 12 District 13 (briefly),4 ( Catching Fire ) [ 1 ] 5 ( Mockingjay ) [ 2 ],,,,,,,,,,,,,,,,,,,,,,,,,,,Mr. Hawthorne (father) Hazelle Hawthorne (mother) Gale Hawthorne (oldest brother) Rory Hawthorne (older brother) Vick Hawthorne (older brother),,,Alive,"Catching Fire , Mockingjay",,,,,,,Female
Potena,https://thehungergames.fandom.com/wiki/Potena,https://static.wikia.nocookie.net/thehungergames/images/c/cd/Potena.png/revision/latest/scale-to-width-down/268?cb=20260704204828,District 5,18-Dec,,,,,The Hunger Games: Sunrise on the Reaping (upcoming),Dark brown (film),,,,,,,,,,,,,,Tribute ( 50th Hunger Games ),,,,5’5” (film),,,,Brown (film),,Deceased,Sunrise on the Reaping,Jelle Flora Pouwels,,,,,,Female
Prep team,https://thehungergames.fandom.com/wiki/Prep_team,,,,,,,,,,,,,,,,,,,,,,,,,,,,,,,,,,,,,,,,,
Alma Coin,https://thehungergames.fandom.com/wiki/President_Alma_Coin,https://static.wikia.nocookie.net/thehungergames/images/4/49/PresidentCoinD13Portrait.jpg/revision/latest/scale-to-width-down/267?cb=20190306042858,District 13 The Capitol (briefly),Mid-late 50s ( Mockingjay ),,,,,Mockingjay - Part 1 Mockingjay - Part 2,Grey (books) [ 1 ] Hazel (films),,,,,,,,,,,,,,President of District 13 Rebel leader Interim President of Panem,,,,,,,Unnamed husband (film) Unnamed daughter (film),Grey (books [ 1 ] and films),,Deceased,Mockingjay,Julianne Moore,,,,Propaganda Bombs,,Female
Maximinius Ravinstill,https://thehungergames.fandom.com/wiki/President_Ravinstill,https://static.wikia.nocookie.net/thehungergames/images/7/7c/Ravinstill.jpeg/revision/latest/scale-to-width-down/268?cb=20231222114514,The Capitol,,,,,,,,,,,,,,,,,,,,,President of Panem Mayor of the Capitol [ 1 ],,,,,,,Felix Ravinstill (great-nephew),,,Presumed deceased (by the Original Trilogy),The Ballad of Songbirds and Snakes,,,,,,,Male
Primrose Everdeen,https://thehungergames.fandom.com/wiki/Primrose_Everdeen,https://static.wikia.nocookie.net/thehungergames/images/9/93/PrimroseD13Portrait.jpg/revision/latest/scale-to-width-down/267?cb=20190306042858,Victors' Village in District 12 District 13 (briefly) The Seam (pre-74th HG) [ 1 ],"12 ( The Hunger Games ) [ 1 ] 13 ( Catching Fire , Mockingjay )",,,,,The Hunger Games (film) The Hunger Games: Catching Fire Mockingjay - Part 1 Mockingjay - Part 2,Blue (books) [ 1 ] Light brown (films),,,,,,,,,,,,,,Student Healer,,,,,,Prim Little Duck (by Katniss Everdeen ),Burdock Everdeen † (father) Asterid Everdeen (mother) Katniss Everdeen (older sister) Peeta Mellark (brother-in-law) Unnamed niece Unnamed nephew Lenore Dove Baird † (distant cousin) The Covey (distant ancestors),Blonde (books [ 1 ] and films),,Deceased,The Hunger Games Catching Fire Mockingjay,Willow Shields (films) Sophia Ally ( stage ),,,,,,Female
Proserpina Trinket,https://thehungergames.fandom.com/wiki/Proserpina_Trinket,https://static.wikia.nocookie.net/thehungergames/images/7/7c/Proserpina.jpeg/revision/latest/scale-to-width-down/268?cb=20260413133258,The Capitol,18-20 [ 1 ],,,,,The Hunger Games: Sunrise on the Reaping (upcoming),Brown (film),,,,,,,,,,,,,,University student Prep team to Haymitch Abernathy,,,,,,Prosie (by Effie Trinket ) [ 2 ],Effie Trinket (older sister) Messalina Trinket (great-aunt) Silius Trinket (great-uncle),Blonde (film),,Unknown,Sunrise on the Reaping,Iris Apatow,,,,,,Female
Purnia,https://thehungergames.fandom.com/wiki/Purnia,,District 12,,,,,,,,,,,,,,,,,,,,,Peacekeeper,,,,,,,,,,,Catching Fire,,,,,,,Female
Quarter Quell,https://thehungergames.fandom.com/wiki/Quarter_Quell,,,,,,,,,,,,,,,,,,,,,,,,,,,,,,,,,,,,,,,,,
Reaper Ash,https://thehungergames.fandom.com/wiki/Reaper_Ash,https://static.wikia.nocookie.net/thehungergames/images/f/f0/Reaper.jpg/revision/latest/scale-to-width-down/267?cb=20231102210327,District 11,12–18,,,,,The Hunger Games: The Ballad of Songbirds & Snakes,Dark-brown (film),,,,,,,,,,,,,,Tribute,,,,,,,,Black (film),,Deceased,The Ballad of Songbirds and Snakes,Dimitri Abold,,,,Pitchfork Long knife,,Male
Remus Dolittle,https://thehungergames.fandom.com/wiki/Remus_Dolittle,,The Capitol,,,,,,,,,,,,,,,,,,,,,Gamemaker -in-Training,,,,,,,,,,,The Ballad of Songbirds and Snakes,,,,,,,Male
Ringina,https://thehungergames.fandom.com/wiki/Ringina,https://static.wikia.nocookie.net/thehungergames/images/f/f7/Ringina.webp/revision/latest/scale-to-width-down/268?cb=20260413174255,District 7,18-Dec,,,,,The Hunger Games: Sunrise on the Reaping (upcoming),Dark brown (film),,,,,,,,,,,,,,Tribute ( 50th Hunger Games ),,,,5’4” (film),,,,Black (book & film),,Deceased,Sunrise on the Reaping,Tatyana Muzondo [ 1 ],,,,Throwing knives,,Female
Ripper,https://thehungergames.fandom.com/wiki/Ripper,https://static.wikia.nocookie.net/thehungergames/images/e/eb/Ripper.JPG/revision/latest/scale-to-width-down/268?cb=20140303061652,District 12,,,,,,The Hunger Games: Catching Fire,,,,,,,,,,,,,,,Bootlegger Coal miner (formerly),,,,,,,,,The Hunger Games,Unknown (presumed deceased),Catching Fire,Taylor St. Clair,,,,,,Female
Romulus Thread,https://thehungergames.fandom.com/wiki/Romulus_Thread,https://static.wikia.nocookie.net/thehungergames/images/4/4a/Romulus_Thread.png/revision/latest/scale-to-width-down/267?cb=20140319182605,District 12,Middle aged,,,,,,,,,,,,,,,,,,,,Head Peacekeeper,,,,,,,,,,Unknown (presumed deceased),,Patrick St. Esprit,,,,Whip Gun,,Male
Rooba,https://thehungergames.fandom.com/wiki/Rooba,,District 12,Elderly,,,,,,,,,,,,,,,,,,,,Butcher,,,,,,,,,Catching Fire,Presumed deceased,The Hunger Games,,,,,,,Female
Rory Hawthorne,https://thehungergames.fandom.com/wiki/Rory_Hawthorne,,The Seam in District 12 District 13 (briefly),12 ( Catching Fire ) [ 1 ] 12-13 ( Mockingjay ),,,,,,,,,,,,,,,,,,,,Student,,,,,,,Hazelle Hawthorne (mother) Mr. Hawthorne (father) Gale Hawthorne (older brother) Vick Hawthorne (younger brother) Posy Hawthorne (younger sister),,The Hunger Games,Alive,Catching Fire,,,,,,,Male
Rue,https://thehungergames.fandom.com/wiki/Rue,https://static.wikia.nocookie.net/thehungergames/images/7/7e/Rue_tribute_portrait.jpg/revision/latest?cb=20120207225858,District 11 [ 1 ],12 [ 1 ],Catching Fire The Hunger Games: Mockingjay - Part 1 The Hunger Games: Mockingjay - Part 2,,,,The Hunger Games,Dark brown (book and films),,,,,,,,,,,,,,Harvester [ 2 ] [ 3 ] Tribute [ 1 ],,,,"4'8"" (film) [ 4 ]",,,Unnamed father Unnamed mother Unnamed younger sister 3 unnamed younger sisters Unnamed younger brother Unnamed aunt (film),Black (books and films),Catching Fire Mockingjay,Deceased,The Hunger Games,Amandla Stenberg (film) Aya Agustin ( stage ),,,,Slingshot Stealth Tracking,,Female
Sabyn,https://thehungergames.fandom.com/wiki/Sabyn,https://static.wikia.nocookie.net/thehungergames/images/2/2f/Sabynclose.png/revision/latest/scale-to-width-down/268?cb=20250427053514,District 2,18-Dec,,,,,The Hunger Games: The Ballad of Songbirds & Snakes,Dark-brown (film),,,,,,,,,,,,,,Tribute ( 10th Hunger Games ),,,,,,,,Black (film),,Deceased,The Ballad of Songbirds and Snakes,Yuli Lam,,,,,,Female
Sarshee Whitcomb,https://thehungergames.fandom.com/wiki/Sarshee_Whitcomb,,District 12,,,,,,,,,,,,,,,,,,,,,Tribute,,,,,,,Lyle Whitcomb † (father),,Sunrise on the Reaping,Deceased,,,,,,,,Female
Satyria Click,https://thehungergames.fandom.com/wiki/Satyria_Click,,The Capitol,,,,,,,,,,,,,,,,,,,,,Communications professor,,,,,,,,,,,The Ballad of Songbirds and Snakes,,,,,,,Female
Seeder,https://thehungergames.fandom.com/wiki/Seeder,https://static.wikia.nocookie.net/thehungergames/images/0/01/Seeder_flowers.jpeg/revision/latest/scale-to-width-down/268?cb=20200821105149,Victors' Village in District 11,"15-18 (at victory) Around 60, 57-62 ( 75th Hunger Games ) [ 1 ]",,,,,The Hunger Games: Catching Fire,,,,,,,,,,,,,,,Victor (31st-33rd) Tribute ( 75th Hunger Games ) [ 1 ],,,,,,,,,,Deceased,Catching Fire,Maria Howell,,,,,,Female
Sejanus Plinth,https://thehungergames.fandom.com/wiki/Sejanus_Plinth,https://static.wikia.nocookie.net/thehungergames/images/7/71/SejanusPlinth-Poster.jpeg/revision/latest/scale-to-width-down/268?cb=20230922110746,District 2 (originally) The Capitol District 12 (briefly),18 [ 2 ],,,,,The Hunger Games: The Ballad of Songbirds & Snakes,,,,,,,,,,,,,,,Academy student Mentor ( 10th Hunger Games ) Peacekeeper,,,,,,Bull's Eye (by District 12 Peacekeepers) [ 1 ],Strabo Plinth (father) Mrs. Plinth (mother) Unnamed maternal aunt,,,Deceased,The Ballad of Songbirds and Snakes,Josh Andrés Rivera,,,,Gun,,Male
Seneca Crane,https://thehungergames.fandom.com/wiki/Seneca_Crane,https://static.wikia.nocookie.net/thehungergames/images/d/d0/Seneca_Crane.jpg/revision/latest/scale-to-width-down/268?cb=20120208233058,The Capitol,,The Hunger Games: Catching Fire,,,,The Hunger Games,,,,,,,,,,,,,,,Head Gamemaker (72-74),,,,,,,Unknown relations Arachne Crane and her unnamed brother,Black (film),Catching Fire,Deceased,The Hunger Games,Wes Bentley,,,,Control Room,,Male
Shamus,https://thehungergames.fandom.com/wiki/Shamus,,District 12,,,,,,,,,,,,,,,,,,,,,,,,,,,,,,The Ballad of Songbirds and Snakes,Deceased (presumed),,,,,,,,Female
Sheaf,https://thehungergames.fandom.com/wiki/Sheaf,https://static.wikia.nocookie.net/thehungergames/images/1/16/Sheaffixedangle.png/revision/latest/scale-to-width-down/268?cb=20260421041752,District 9,12–18,,,,,The Hunger Games: The Ballad of Songbirds & Snakes,Hazel (film),,,,,,,,,,,,,,Tribute ( 10th Hunger Games ),,,,,,,,Dirty-blond (film),,Deceased,The Ballad of Songbirds and Snakes,Jona Marie Laux,,,,,,Female
Sid Abernathy,https://thehungergames.fandom.com/wiki/Sid_Abernathy,https://static.wikia.nocookie.net/thehungergames/images/d/d1/SidSOTR.jpeg/revision/latest/scale-to-width-down/268?cb=20251120142638,District 12,10 [ 1 ],,,,,The Hunger Games: Sunrise on the Reaping,Blue (film),,,,,,,,,,,,,,Student,,,,,,,Mr. Abernathy † (father) Willamae Abernathy † (mother) Haymitch Abernathy (older brother) Two unnamed older sisters †,Blond (film),Mockingjay,Deceased [ 2 ],Sunrise on the Reaping,Smylie Bradwell,,,,,,Male
Silka Sharp,https://thehungergames.fandom.com/wiki/Silka_Sharp,https://static.wikia.nocookie.net/thehungergames/images/9/9e/SilkaSOTR.jpeg/revision/latest/scale-to-width-down/268?cb=20260413154131,District 1,15-18 [citation needed],,,,,The Hunger Games: Sunrise on the Reaping (upcoming),Blue (film),,,,,,,,,,,,,,Career Tribute ( 50th Hunger Games ),,,,"Over 6'0""(book) [ 1 ] 5'7"" (film)",,,,Blonde (film),Catching Fire,Deceased,Sunrise on the Reaping,Laura Marcus [ 2 ],,,,Axe,,Female
Smiley,https://thehungergames.fandom.com/wiki/Smiley,https://static.wikia.nocookie.net/thehungergames/images/0/03/Smiley.jpg/revision/latest/scale-to-width-down/268?cb=20231223174356,District 8 (originally) District 12,,,,,,The Hunger Games: The Ballad of Songbirds & Snakes,,,,,,,,,,,,,,,Peacekeeper,,,,,,,,,,,,Carl Spencer,,,,,,Male
Sol,https://thehungergames.fandom.com/wiki/Sol,https://static.wikia.nocookie.net/thehungergames/images/3/3b/Sol_%28TBOSAS%29.jpg/revision/latest/scale-to-width-down/268?cb=20250310040625,District 5,12–18,,,,,The Hunger Games: The Ballad of Songbirds & Snakes,Brown (film),,,,,,,,,,,,,,Tribute ( 10th Hunger Games ),,,,,,,,Brown (film),,Deceased,The Ballad of Songbirds and Snakes,Samia Hofmann,,,,Knife (film),,Female
Sponsorship,https://thehungergames.fandom.com/wiki/Sponsor_gift,,,,,,,,,,,,,,,,,,,,,,,,,,,,,,,,,,,,,,,,,
Spruce,https://thehungergames.fandom.com/wiki/Spruce,https://static.wikia.nocookie.net/thehungergames/images/4/40/Spruce_being_dragged_by_Peacekeepers.png/revision/latest/scale-to-width-down/268?cb=20230509001627,District 12,,,,,,The Hunger Games: The Ballad of Songbirds & Snakes,,,,,,,,,,,,,,,,,,,,,,,,,Deceased,The Ballad of Songbirds and Snakes,George Somner,,,,Shotgun,,Male
Stamp,https://thehungergames.fandom.com/wiki/Stamp,,District 10,18-Dec,,,,,The Hunger Games: Sunrise on the Reaping (upcoming),Hazel (film),,,,,,,,,,,,,,Tribute ( 50th Hunger Games ),,,,5’0” (film),,,,Blonde (film),,Deceased,Sunrise on the Reaping,Jack Lee Thomas,,,,,,Male
Strabo Plinth,https://thehungergames.fandom.com/wiki/Strabo_Plinth,https://static.wikia.nocookie.net/thehungergames/images/d/d4/Strabo_Plinth.jpg/revision/latest/scale-to-width-down/267?cb=20231215134856,District 2 (formerly) The Capitol,,,,,,The Hunger Games: The Ballad of Songbirds & Snakes,,,,,,,,,,,,,,,Munitions manufacturer War profiteer,,,,,,,Mrs. Plinth (wife) Sejanus Plinth (son) Unnamed sister-in-law,,,Presumed Deceased,The Ballad of Songbirds and Snakes,Michael Greco,,,,,,Male
Sunrise on the Reaping,https://thehungergames.fandom.com/wiki/Sunrise_on_the_Reaping,https://static.wikia.nocookie.net/thehungergames/images/5/5a/Sunrise_on_the_Reaping_cover.jpg/revision/latest/scale-to-width-down/267?cb=20241016124136,,,,,Dystopian/Young adult,382,,,ISBN 1546171460,The Hunger Games,,,,,"March 18, 2025 [ 1 ]",,The Ballad of Songbirds and Snakes,Scholastic Press,United States,,Suzanne Collins,,,,,,,,,,,,,,,,,,,
Tam Amber,https://thehungergames.fandom.com/wiki/Tam_Amber,https://static.wikia.nocookie.net/thehungergames/images/5/52/Tam_Amber.jpg/revision/latest/scale-to-width-down/268?cb=20231215140842,The Seam in District 12,Around 16 ( Dark Days ) [ 1 ] Around 26 ( The Ballad of Songbirds and Snakes ) Around 66 ( Sunrise on the Reaping ),,,,,The Hunger Games: The Ballad of Songbirds & Snakes,,,,,,,,,,,,,,,Mandolin player Blacksmith [ 2 ],,,,,,,The Covey (adoptive family) Lenore Dove Baird † (adoptive niece) Burdock Everdeen † (distant relative),,Sunrise on the Reaping,Presumed deceased,The Ballad of Songbirds and Snakes,Eike Onyambu,,,,,,Male
Tanner,https://thehungergames.fandom.com/wiki/Tanner,https://static.wikia.nocookie.net/thehungergames/images/9/95/Tanner.jpg/revision/latest/scale-to-width-down/267?cb=20231122163212,District 10,12–18,,,,,The Hunger Games: The Ballad of Songbirds & Snakes,Blue (film),,,,,,,,,,,,,,Tribute ( 10th Hunger Games ),,,,,,,,Dark blond (film),,Deceased (killed by Coral and Mizzen ),The Ballad of Songbirds and Snakes,Kjell Brutscheidt,,,,Sickle Chain-sickle (film),,Male
Tax,https://thehungergames.fandom.com/wiki/Tax,,The Capitol,,,,,,,,,,,,,,,,,,,,,Trainer,,,,,,,,,,,Catching Fire,,,,,Bow and arrow,,Male
Teslee,https://thehungergames.fandom.com/wiki/Teslee,https://static.wikia.nocookie.net/thehungergames/images/9/9d/Tesleeclose.png/revision/latest/scale-to-width-down/268?cb=20250427061437,District 3,15–18,,,,,The Hunger Games: The Ballad of Songbirds & Snakes,Dark brown (film),,,,,,,,,,,,,,Tribute ( 10th Hunger Games ),,,,,,,,Dark (book) [ 1 ] Black (film),,Deceased,The Ballad of Songbirds and Snakes,Vanessa Blanck,,,,Drones,,Female
The Ballad of Songbirds and Snakes,https://thehungergames.fandom.com/wiki/The_Ballad_of_Songbirds_and_Snakes,https://static.wikia.nocookie.net/thehungergames/images/b/ba/Ballad_of_songbirds.jpeg/revision/latest/scale-to-width-down/268?cb=20200325222912,,,,Tim O'Brien,Science fiction Young adult Adventure,528 [ 1 ],,,ISBN 1338635174,Sunrise on the Reaping,,,,,19-May-20,,Mockingjay,Scholastic Press,United States,,Suzanne Collins,,,,,,,,,,,,,,,,,,,
Goat Man,https://thehungergames.fandom.com/wiki/The_Goat_Man,,The Seam in District 12,Elderly,,,,,,,,,,,,,,,,,,,,Goat herder Coal miner (formerly),,,,,,,,,The Hunger Games Catching Fire,Presumed deceased,,,,,,,,Male
The Hunger Games,https://thehungergames.fandom.com/wiki/The_Hunger_Games,https://static.wikia.nocookie.net/thehungergames/images/b/b8/Hungergames_poster.jpg/revision/latest/scale-to-width-down/268?cb=20120329195535,,,,Tim O'Brien,Science fiction Young adult Adventure,384 (paperback) [ 1 ],,,ISBN 0-439-02348-3,Catching Fire,,,,,14-Sep-08,,Sunrise on the Reaping,Scholastic Press,United States,,Suzanne Collins,,,,,,,,,,,,,,,,,,,
The Hunger Gamestrilogy,https://thehungergames.fandom.com/wiki/The_Hunger_Games_trilogy,,,,,,,,,,,,,,,,,,,,,,,,,,,,,,,,,,,,,,,,,
Thom,https://thehungergames.fandom.com/wiki/Thom,,District 12 District 13 (briefly),Late teens (presumed),,,,,,,,,,,,,,,,,,,,Coal miner,,,,,,,,,,Alive,Catching Fire Mockingjay,,,,,,,Male
Thresh,https://thehungergames.fandom.com/wiki/Thresh,https://static.wikia.nocookie.net/thehungergames/images/a/a2/ThreshNormal.png/revision/latest/scale-to-width-down/268?cb=20140406005746,District 11 [ 3 ],18 (film) [ 1 ],Catching Fire The Hunger Games: Mockingjay - Part 2,,,,The Hunger Games,Golden brown (book) Dark brown (film),,,,,,,,,,,,,,Tribute [ 3 ],,,,"5'11"" (film) [ 1 ] 6'0"" ( The Hunger Games: Tribute Guide ) [ 2 ]",,,Unnamed grandmother Unnamed sister,Black (film and The Hunger Games: Illustrated Edition ) Marcellus Hill ( stage ),Catching Fire Mockingjay,Deceased,The Hunger Games,Dayo Okeniyi,,,,Rock (novel) Crescent sword (film) Spear (film),,Male
Tibby,https://thehungergames.fandom.com/wiki/Tibby,,The Capitol,,,,,,The Hunger Games: Sunrise on the Reaping,,,,,,,,,,,,,,,Attendant [ 1 ],,,,,,,,,,,Sunrise on the Reaping,Jax Guerrero,,,,,,Male
Tigris,https://thehungergames.fandom.com/wiki/Tigris,https://static.wikia.nocookie.net/thehungergames/images/3/3b/TIGRIS.png/revision/latest/scale-to-width-down/268?cb=20151128175826,The Capitol,8-11 ( Dark Days ) 21 ( The Ballad of Songbirds and Snakes ) 87 ( Mockingjay ),,,,,The Hunger Games: Mockingjay - Part 2 The Hunger Games: The Ballad of Songbirds & Snakes,Blue (TBOSAS film) Yellow (Mockingjay Part 2),,,,,,,,,,,,,,Shopkeeper Stylist (formerly) Apprentice to Fabricia Whatnot (TBOSAS) Academy Student (formerly),,,,,,,Unnamed parents Crassus Snow (uncle) Unnamed aunt Coriolanus Snow (cousin) Unnamed cousin Grandma'am (grandmother) Coriolanus Snow's granddaughter (first cousin twice removed) Coriolanus Snow's child (first cousin once removed),Blonde (TBOSAS film),,Alive,Mockingjay The Ballad of Songbirds and Snakes,Eugenie Bondurant (Mockingjay - Part 2) Hunter Schafer (TBOSAS) Rosa Gotzler (Dark Days),,,,,,Female
Tile,https://thehungergames.fandom.com/wiki/Tile,https://static.wikia.nocookie.net/thehungergames/images/0/01/Tile.png/revision/latest?cb=20260604031942,District 11,18-Dec,,,,,“ The Hunger Games: Sunrise on the Reaping ”,Dark brown (film),,,,,,,,,,,,,,Tribute ( 50th Hunger Games ),,,,6’2” (film),,,,Dark brown (film),,Deceased,Sunrise on the Reaping,Shahriar Sadeghian,,,,,,Male
Titus,https://thehungergames.fandom.com/wiki/Titus,,District 6 [ 1 ],12–18,,,,,,,,,,,,,,,,,,,,Tribute [ 1 ],,,,,,,,,The Hunger Games,Deceased [ 1 ],,,,,,,,Male [ 1 ]
Tracker jacker,https://thehungergames.fandom.com/wiki/Tracker_jacker,,,,,,,,,,,,,,,,,,,,,,,,,,,,,,,,,,,,,,,,,
Tracker jacker,https://thehungergames.fandom.com/wiki/Tracker_jackers,,,,,,,,,,,,,,,,,,,,,,,,,,,,,,,,,,,,,,,,,
Trajan Heavensbee,https://thehungergames.fandom.com/wiki/Trajan_Heavensbee,https://static.wikia.nocookie.net/thehungergames/images/7/77/Trajan.jpeg/revision/latest?cb=20250403004225,The Capitol,,The Ballad of Songbirds & Snakes,,,,,,,,,,,,,,,,,,,,,,,,,,Hilarius and Plutarch Heavensbee (descendants),,Sunrise on the Reaping,Deceased,,Francis Lawrence,,,,,,Male
Treech,https://thehungergames.fandom.com/wiki/Treech,https://static.wikia.nocookie.net/thehungergames/images/4/4b/Treech_in_cattle_car.png/revision/latest/scale-to-width-down/268?cb=20230509001831,District 7,12–18,,,,,The Hunger Games: The Ballad of Songbirds & Snakes,Green (film),,,,,,,,,,,,,,Tribute ( 10th Hunger Games ),,,,,,Treacherous Treech (by Lucky Flickerman ) Lumberjack (by Coral ),,Dark-brown (film),,Deceased,The Ballad of Songbirds and Snakes,Hiroki Berrecloth,,,,Ax,,Male
Twill,https://thehungergames.fandom.com/wiki/Twill,,District 8,About 35 [ 1 ],,,,,,,,,,,,,,,,,,,,Teacher Factory worker,,,,,,,,,Mockingjay,Unknown (presumed deceased),Catching Fire,,,,,Gun,,Female
University,https://thehungergames.fandom.com/wiki/University,,,,,,,,,,,,,University students and staff,Sunrise on the Reaping,,,,,,,,,,,,The Ballad of Songbirds and Snakes,,,,,,,,,,,The Capitol,,,,
Urban Canville,https://thehungergames.fandom.com/wiki/Urban_Canville,https://static.wikia.nocookie.net/thehungergames/images/9/95/Urban_Canville.jpg/revision/latest?cb=20231106220558,The Capitol,,,,,,The Hunger Games: The Ballad of Songbirds & Snakes,,,,,,,,,,,,,,,Academy student Mentor ( 10th Hunger Games ),,,,,,,,,,Alive,The Ballad of Songbirds and Snakes,Mekyas Mulugeta,,,,,,Male
Urchin,https://thehungergames.fandom.com/wiki/Urchin,https://static.wikia.nocookie.net/thehungergames/images/7/74/Urchin.jpg/revision/latest/scale-to-width-down/268?cb=20260418031620,District 4,18-Dec,,,,,The Hunger Games: Sunrise on the Reaping,Brown (film),,,,,,,,,,,,,,Tribute ( 50th Hunger Games ),,,,5’4” (film),,,,Light brown (film),,Deceased,Sunrise on the Reaping,Emil Bloch,,,,,,Male
Velo,https://thehungergames.fandom.com/wiki/Velo,https://static.wikia.nocookie.net/thehungergames/images/e/e4/Coil.png/revision/latest?cb=20260418033809,District 6,18-Dec,,,,,The Hunger Games: Sunrise on the Reaping,Brown (film),,,,,,,,,,,,,,Tribute ( 50th Hunger Games ),,,,5’6” (film),,“Dove” (by Haymitch),,Dark-blonde (film),,Deceased,Sunrise on the Reaping,Elizabeth Churcher,,,,,,Female
Velvereen,https://thehungergames.fandom.com/wiki/Velvereen,https://static.wikia.nocookie.net/thehungergames/images/f/fe/Velvereen_%28TBOSAS%29.jpg/revision/latest/scale-to-width-down/268?cb=20250427051804,District 1,18-Dec,,,,,The Hunger Games: The Ballad of Songbirds & Snakes,Brown (film),,,,,,,,,,,,,,Tribute ( 10th Hunger Games ),,,,,,,,Black (film),,Deceased (Shot by Peacekeepers ),The Ballad of Songbirds and Snakes,Vara Kane,,,,,,Female
Venia,https://thehungergames.fandom.com/wiki/Venia,https://static.wikia.nocookie.net/thehungergames/images/b/bc/HungerGames_122Pyxurz.jpg/revision/latest/scale-to-width-down/268?cb=20130125225917,The Capitol District 13 (briefly),,,,,,The Hunger Games,,,,,,,,,,,,,,,Prep team for Katniss Everdeen,,,,,,,,,,Alive,"The Hunger Games , Catching Fire , Mockingjay",Kimiko Gelman,,,,,,Female
Venus,https://thehungergames.fandom.com/wiki/Venus,https://static.wikia.nocookie.net/thehungergames/images/2/29/Venus_%28TBOSAS%29.jpg/revision/latest/scale-to-width-down/268?cb=20231222172041,The Capitol,4,,,,,The Hunger Games: The Ballad of Songbirds & Snakes,,,,,,,,,,,,,,,,,,,,,,,,,,The Ballad of Songbirds and Snakes,Riley Chung,,,,,,Female
Vick Hawthorne,https://thehungergames.fandom.com/wiki/Vick_Hawthorne,,The Seam in District 12 District 13 (briefly),10 [ 1 ],,,,,,,,,,,,,,,,,,,,Student,,,,,,,Mr. Hawthorne (father) Hazelle Hawthorne (mother) Gale Hawthorne (older brother) Rory Hawthorne (older brother) Posy Hawthorne (younger sister),,The Hunger Games,Alive,Catching Fire,,,,,,,Male
Vipsania Sickle,https://thehungergames.fandom.com/wiki/Vipsania_Sickle,https://static.wikia.nocookie.net/thehungergames/images/9/9e/Vipsania.jpg/revision/latest/scale-to-width-down/268?cb=20231222121655,The Capitol,18 ( The Ballad of Songbirds and Snakes ),,,,,The Hunger Games: The Ballad of Songbirds & Snakes,,,,,,,,,,,,,,,Academy student Mentor ( 10th Hunger Games ),,,,,,,Agrippina Sickle (aunt) Drusilla Sickle (unknown relation),,,,The Ballad of Songbirds and Snakes,Amélie Hoeferle,,,,,,Female
Vitus,https://thehungergames.fandom.com/wiki/Vitus,https://static.wikia.nocookie.net/thehungergames/images/5/5d/Vitus.png/revision/latest/scale-to-width-down/268?cb=20260413201325,The Capitol,,,,,,The Hunger Games: Sunrise on the Reaping,Brown (film),,,,,,,,,,,,,,University student Prep team to Haymitch Abernathy,,,,,,,Unnamed mother Unnamed grandfather,Auburn (film) Green (book),,Alive,Sunrise on the Reaping,Edvin Ryding,,,,,,Male
Volumnia Gaul,https://thehungergames.fandom.com/wiki/Volumnia_Gaul,https://static.wikia.nocookie.net/thehungergames/images/8/84/VolumniaGaul-Poster.jpeg/revision/latest/scale-to-width-down/268?cb=20230922111042,The Capitol,,,,,,The Hunger Games: The Ballad of Songbirds & Snakes,,,,,,,,,,,,,,,Head Gamemaker Scientist University professor Obstetrician (formerly),,,,,,,,,Sunrise on the Reaping,Deceased by the Original Trilogy,The Ballad of Songbirds and Snakes,Viola Davis,,,,,,Female
Volunteer,https://thehungergames.fandom.com/wiki/Volunteer,,,,,,,,,,,,,,,,,,,,,,,,,,,,,,,,,,,,,,,,,
Wefton,https://thehungergames.fandom.com/wiki/Wefton,https://static.wikia.nocookie.net/thehungergames/images/7/7a/Wefton.png/revision/latest/scale-to-width-down/268?cb=20260418034654,District 8,18-Dec,,,,,The Hunger Games: Sunrise on the Reaping (upcoming),Green (film),,,,,,,,,,,,,,Tribute ( 50th Hunger Games ),,,,5’11” (film),,,,Light brown (film),,Deceased,Sunrise on the Reaping,Vincent Schwalm,,,,,,Male
Wellie,https://thehungergames.fandom.com/wiki/Wellie,,District 6,12 (film) ( 50th Hunger Games ),,,,,The Hunger Games: Sunrise on the Reaping (upcoming),Dark brown (film),,,,,,,,,,,,,,Tribute ( 50th Hunger Games ),,,,5’2” (film),,“Dove” (by Haymitch),,Dark brown (film),,Deceased,Sunrise on the Reaping,Rada Rae [ 1 ],,,,,,Female
Willamae Abernathy,https://thehungergames.fandom.com/wiki/Willamae_Abernathy,https://static.wikia.nocookie.net/thehungergames/images/b/b0/Willamae.jpeg/revision/latest/scale-to-width-down/268?cb=20260413133158,The Seam in District 12,35 [ 1 ],,,,,The Hunger Games: Sunrise on the Reaping (upcoming),Brown (film),,,,,,,,,,,,,,Laundry worker [ 1 ],,,,,,,Unnamed husband † Mamaw † (mother-in-law) Haymitch Abernathy (older son) Sid Abernathy † (younger son) Two unnamed daughters †,Blonde (film),Mockingjay,Deceased,Sunrise on the Reaping,Kara Tointon,,,,,,Female
Wiress,https://thehungergames.fandom.com/wiki/Wiress,https://static.wikia.nocookie.net/thehungergames/images/3/33/Hunger-games-catching-fire-meet-652404-17-wiress.jpeg/revision/latest/scale-to-width-down/267?cb=20140218191241,Victors' Village in District 3,15-18 ( 49th Hunger Games ) 16-19 ( 50th Hunger Games ) [ 1 ] 41-44 ( 75th Hunger Games ) [ 2 ],,,,,The Hunger Games: Catching Fire The Hunger Games: Sunrise on the Reaping (upcoming),Hazel (film),,,,,,,,,,,,,,Victor (49th Hunger Games) Mentor (50th Hunger Games) Tribute (75th Hunger Games),,,,,,Nuts (by Johanna Mason and Peeta Mellark ),,Black (books) Dark brown (film),,Deceased,Catching Fire Sunrise on the Reaping,Amanda Plummer (Catching Fire) Maya Hawke (SOTR) [ 3 ],,,,Intelligence,,Female
Wolf mutt,https://thehungergames.fandom.com/wiki/Wolf_mutt,,,,,,,,,,,,,,,,,,,,,,,,,,,,,,,,,,,,,,,,,
Woodbine Chance,https://thehungergames.fandom.com/wiki/Woodbine_Chance,,District 12,14-16 [ 1 ],,,,,The Hunger Games: Sunrise on the Reaping (upcoming),,,,,,,,,,,,,,,,,,,,,,Unnamed mother Unnamed brothers Binnie Chance Clay Chance Arlo Chance (possible ancestor) [ 2 ],,,Deceased,Sunrise on the Reaping,Serafin Mishiev,,,,,,Male
Woof,https://thehungergames.fandom.com/wiki/Woof,https://static.wikia.nocookie.net/thehungergames/images/e/ec/Woof.jpg/revision/latest?cb=20250309032142,Victors' Village in District 8,15-18 (at victory) Elderly [ 1 ],,,,,The Hunger Games: Catching Fire,,,,,,,,,,,,,,,Victor Tribute ( 75th Hunger Games ),,,,,,,,,,Deceased,Catching Fire,John Casino,,,,,,Male
Wovey,https://thehungergames.fandom.com/wiki/Wovey,https://static.wikia.nocookie.net/thehungergames/images/4/4e/Wovey.jpg/revision/latest/scale-to-width-down/268?cb=20240405132724,District 8,18-Dec,,,,,The Hunger Games: The Ballad of Songbirds & Snakes,Brown (film),,,,,,,,,,,,,,Tribute ( 10th Hunger Games ),,,,,,,,Dirty blonde (film),,Deceased,The Ballad of Songbirds and Snakes,Sofia Sanchez,,,,,,Female
Wyatt Callow,https://thehungergames.fandom.com/wiki/Wyatt_Callow,https://static.wikia.nocookie.net/thehungergames/images/1/16/WyattSOTR.jpeg/revision/latest/scale-to-width-down/268?cb=20251120141943,The Seam in District 12,18 [ 1 ],,,,,The Hunger Games: Sunrise on the Reaping,Dark brown (film),,,,,,,,,,,,,,Tribute ( 50th Hunger Games ) Coal miner,,,,"5'5"" (film)",,The Calculator (by Drusilla Sickle ),Jethro Callow † (father) Mrs. Callow (mother),Black (film),,Deceased,Sunrise on the Reaping,Ben Wang,,,,Intelligence,,Male
York,https://thehungergames.fandom.com/wiki/York,,District 13,Middle-aged,,,,,,,,,,,,,,,,,,,,Trainer Soldier,,,,,,,,,,Alive,,,,,,Unknown,,Female
