char_id,name,franchise,infobox_fields,death_sentences,text_excerpt
9e1afd282c4e,Mariano,Indiana Jones,gender: Male | birth: 1851 Colombia,,"Mariano was a seventy-eight old coffee farmer who lived near on a mountain near San Andrés de Pisimbala, Colombia. He lived with his wife and some dogs. Biography In September 1929, he received two visitors, Indiana Jones and Salandra. He and his wife gave them a meal, and directed them to Popayan. A few days later, he drove his horse-cart to Popayan, and found the two still on the road. Giving them a ride, he shared that he had once seen ghosts, one of was interpreted by Jones as a person dying from the lack of nalca.Indiana Jones and the Interior World Appearances Indiana Jones and the Interior World Notes and references Category:Characters alive when last seen Category:Characters appearing in novels Category:Colombians Category:Ranchers & Farmers"
0cc576e20826,Daario Naharis,Game of Thrones,"Birth: In Tyrosh | Appearances: 21 episodes | First: ""Second Sons"" | Last: ""The Winds of Winter"" | Actor: Ed Skrein Michiel Huisman","Daario rose to fame within the fighting pits earning his master so much money that at the time of his master's death Daario was rewarded with freedom. Daario has an unusual code for a sellsword; he won't sleep with prostitutes and only kills soldiers who are trying to kill him, not bystanders. Daario has over several different occasions proven his skills in combat: when he reveals to Daenerys that he single-handedly managed to kill both of the commanding officers of the Second Sons, when he along Ser Jorah and Grey Worm fight severely outnumbered against several guards in the streets of Yunkai, when he kills the Champion of Meereen in single combat with ease or when protecting Daenerys, Tyrion, and Missandei from hundreds of Sons of the Harpy along with Ser Jorah, coming out on top, unharm","Daario Naharis was originally a lieutenant in the Second Sons, a sellsword company, before taking over the company and killing his superiors, Mero and Prendahl na Ghezn. He then aligns with Daenerys Targaryen, serving as her advisor and enforcer, eventually becoming her lover. Following their victory in Slaver's Bay, he is forced to part ways with Daenerys when she sails for Westeros, remaining in Meereen to enforce the Queen's peace. Biography Background Daario is a Tyroshi sellsword, employed as a lieutenant in the Second Sons. He is apparently held in high enough regard by the company's co-captains, Mero and Prendahl na Ghezn, that they allow him to join them in contract negotiations and discussions of the company's future. According to Daario, his mother was a prostitute, and he comes from low beginnings. At the age of 12, Daario was sold by his mother to a slave master from Tolos due to her declining income, alcoholism and his aggressive, unruly behavior and tendency to get into"
c4dd7e896e0b,Quartermaster (Flying Dutchman),Pirates of the Caribbean,gender: Male | first: ''At World's End'' (video game),,"This man was a crew member serving aboard the Flying Dutchman under the command of Captain Davy Jones. Biography Although his nickname was ""Quartermaster"", he was rarely seen on deck, making it unlikely that he was actually the ship's quartermaster. Quartermaster had teal skin covered with barnacles. His stomach had a hole that revealed a part of his backbone. Like his fellow crewman William ""Bootstrap Bill"" Turner, Quartermaster had a large starfish on his head, although Quartermaster's covered the right side of his face.Pirates of the Caribbean: At World's End (video game) His final fate is unknown. Appearances Pirates of the Caribbean: At World's End (video game) (PS2, Wii, PC, PSP version) Sources Pirates of the Caribbean: At World's End (video game): Official Strategy Guide Notes and references de:Quartiermeister (Flying Dutchman) it:Quartiermastro dell'Olandese Volante ru:Квартирмейстер «Летучего Голландца» Category:Davy Jones' crew Category:Flying Dutchman crew Category:"
34db2f012009,Arn Mikals,Dune,,"He told Pal that he would return shortly, though he never did, presumably being imprisoned or killed for his defiance.Dune: Awakening

Awakening
The Prisoner entered the lab and discovered Pal, as well as Mikals' last recording before his departure.","Arn Mikals was the creator of the Paladin 9200 Combat Training Program. Biography Background Arn Mikals was assigned a lab in Testing Station No. 163 where he created the Paladin 9200 Combat Training Program. He grew found of the thinking machine, which he called ""Pal"", and regarded it as his best friend. Mikals was later informed that the project had been shut down and ordered to destroy the Paladin system. He refused to do it and dismissed his staff and was determined to convince the comittee to change their minds. He told Pal that he would return shortly, though he never did, presumably being imprisoned or killed for his defiance.Dune: Awakening Awakening The Prisoner entered the lab and discovered Pal, as well as Mikals' last recording before his departure. From the recording, they learned the passcode they could use to access the Paladin system. Once they did, Pal mistook them for Mikals and was overjoyed at their reunion. Appearances Dune: Awakening (voice only) References C"
36500d5d67f2,Edgar John Brandon,The Twilight Saga,species: Human | gender: Male,"In Alice's late teenage years, Edgar had his wife murdered to marry a blonde Yankee from Illinois, Anna-Marie. On the day of his wedding, Alice suspected Anna-Marie was already planning the wedding before Lillian was killed and asked her father. Mentioned in
New Moon
The Mary Alice Brandon File (flashback)

References

Category:Mentioned characters
Category:Deceased characters
Category:Humans","Edgar John Brandon is the husband of Lillian Brandon, and later Anna-Marie Brandon, and the father of Cynthia Brandon and Alice Cullen. He was a jeweler and a pearl trader. He is portrayed by John Emmet Tracy in The Mary Alice Brandon File. Biography The Mary Alice Brandon File thumb|left|200px|Edgar's wedding. Edgar was married to Lillian Brandon and they had two children: Mary Alice Brandon and Cynthia Brandon. They lived in Biloxi, Mississippi. Alice was born with the gift of subjective precognition, but Edgar was never fond of her gift, unlike his wife. In Alice's late teenage years, Edgar had his wife murdered to marry a blonde Yankee from Illinois, Anna-Marie. On the day of his wedding, Alice suspected Anna-Marie was already planning the wedding before Lillian was killed and asked her father. This instantly triggered a vision where she saw her father pay her mother's murderer to kill her, and she realized the truth. Knowing he could kill her, he had her committed to a mental "
023a602fad95,Halvard,Lord of the Rings,actor: Leo Woodall,,"Halvard is a Dúnedain Man set to be portrayed by Leo Woodall in , presumably as one of the Rangers of the North who accompanied Aragorn in protecting the lands of what had become the Lost Realm of Arnor. Etymology Most Dúnedain in Middle-earth have Sindarin names, but halvard does not seem to be fully Sindarin. Usually hal means ""to lift"" in Sindarin.Parf Edhellen - hal Quenya has vard meaning ""rule, govern"",Parf Edhellen - vard- but not Sindarin, and only in older sources. Also vard- tends to begin words, not end them. It is possible that vard is a shortened version of Varda the Valar which is a Quenya name, but Sindarin calls her Elbereth. References Category:Characters in The Hunt for Gollum Category:Non-canonical Dúnedain"
c231fed03eb3,Czic,Star Wars,species: Drach'nam | gender: Male,,"Czic was one of Chay Praysh's numerous Drach'nam bodyguards. He, along with Brok, was sprayed in the face with a flammable mix of chemicals by Mara Jade, during her mission to rescue Sansia Bardrin from slavery. Appearances Category:Bodyguards Category:Drach'nam Category:Enslavers Category:Males"
2dd7d798b275,Hugh Biggs,Harry Potter,born: Between 1697 and 1701 | species: Human | gender: Male,,Hugh Biggs (b. 1690s/1700s) was a Gryffindor student at Hogwarts School of Witchcraft and Wizardry in the 1710s. He was once Captain of the Gryffindor Quidditch team from 1712 to 1716. Appearances Notes and references fr:Hugh Biggs pl:Hugh Biggs Category:British or Irish individuals Category:Gryffindors Category:Hogwarts Quidditch Captains Category:Males Category:Sorted in the 18th century Category:Wizards
70166066e536,Musgrove,Indiana Jones,gender: Male | birth: c. early 1870s-early 1890s,"Unfortunately, Brooksbank was believed killed when Nazi agents sabotaged his car, despite Nichols' protection. Brooksbank, before his death, recorded a film instructing his friend Indiana Jones to find the new location of the Hall of Records.Indiana Jones and the Pyramid of the Sorcerer

Musgrove tracked Jones to Peru, but was unable to find his site. Though Jones distrusted him, Musgrove eventually convinced the archaeologist to help him by mentioning Brooksbank's recent death.","Colonel Musgrove was a United States Army officer and intelligence agent for the United States of America federal government. Biography Early life and career Musgrove was born between the early 1870s and the early 1890s. Musgrove's career within the United States Army began prior to World War I. He then went on to serve as a low-level adminstrative aide on the staff of General John J. Pershing during the conflict itself, analyzing aerial reconnaissance photographs of the Allied and German forces on Belgium and France's front lines. When the war was over, Musgrove headed the photo reconnaissance division of United States Army Intelligence. Working with Eaton Eventually, before his transfer to the European special operations division, Musgrove found himself partnered with Major Eaton to follow up Adolf Hitler's international activities, including the Führer's interest in artifacts with supposed supernatural properties. Both men weren't popular among their departments, being assi"
0eb64b892297,Lymond Hightower,Game of Thrones,"Birth: At the Hightower, in Oldtown","In the books
The World of Ice & Fire specifies that Lymond Hightower was known as the Sea Lion and fought and killed King Theon III Greyjoy after ceasing to pay tribute to the ironborn king.","Lymond Hightower was a king during the Age of Heroes. Biography When the kings of House Gardener conquered the Reach, Lymond decided to marry into their family rather than fight them. By marrying a daughter of House Gardener, Lymond was able to transform the Hightowers from wealthy but relatively minor kings into the greatest lords of the Reach. Since then, House Gardener, and later on House Tyrell, has always defended Oldtown, allowing the Hightowers to focus on learning and trade. In the books The World of Ice & Fire specifies that Lymond Hightower was known as the Sea Lion and fought and killed King Theon III Greyjoy after ceasing to pay tribute to the ironborn king. He brought back the First Men tradition of thralldom long enough to make the captured ironborn work on strengthening the walls of Oldtown. Appearances References External links Category:First Men Category:Individuals from Histories & Lore Category:Kings Lymond Hightower Lymond Hightower Category:Men of the Rea"
a32658afaed0,Clement Aurentius,Pirates of the Caribbean,gender: Male | first: ''Pirates of the Caribbean'' (game),,"Clement Aurentius was a scientist and researcher who lived in a lighthouse on Oxbay island in the South Archipelago in the Caribbean sea in the 1630s. He took part in a voyage for treasure in the island of Khael Roa with the captains Nathaniel Hawk and Danielle Greene. Biography Clement was an elderly researcher and chemist who lived near Greenford colony on Oxbay in a lighthouse. One time, he was accused of sorcery when an experiment he was conducting resulted in a huge cloud of smoke which hovered over Greenford town. The man was tied to a stake to be burned by locals. But before they could do so, a woman whose child he once rescued using one of his potions implored Captain Nathaniel Hawk, who at that time had been in the town, to help free Clement, which he did by bribing off the executioners. Thanking Nathaniel for saving his life, he invited the Captain to his lighthouse where he met with his partner Captain Danielle Greene and a man named Vincent Bethune. The three were in se"
cfb821962a8d,The Water Shipper,Dune,portrayed: Darin De Paul,"However, he drank water that had been poisoned by the Prisoner and attempted to tell them how to break the compulsion, but died before he could do so.","The Water Shipper was a ghola appointed by the Bene Tleilax to locate the Fremen. Biography Background The Water Shipper was subjected to hypno-ligation by the Bene Tleilax. He was sent to Arrakis and acquired a mansion by killing every member of the family who occupied it. He took control of the planet's water, intending to use it to find the Fremen, but they eluded him.Dune: Awakening Awakening The Water Shipper discovered that the Prisoner had invaded his mansion. He watched them on the transeye and did not recognise them, which disturbed him. He told them of his mission and his failure to find the Fremen. Believing that the Sisterhood had sent them to check on his progress, insisting that he just needed more time in which to complete the mission. However, he drank water that had been poisoned by the Prisoner and attempted to tell them how to break the compulsion, but died before he could do so. Gallery Appearances Dune: Awakening References Category:Dune Awakening Awakening A"
91426bab2d56,Rob Sawyer,The Twilight Saga,species: Human | gender: Male,,"Rob Sawyer is a student in Edward Cullen's 6th period Spanish class. His only known involvement in the whole series is thinking, ""Ugh. Creepy,"" about Edward. This was said when Rob saw Edward constantly staring at nothing in particular with a massive grin on his face, and then turn to him. In reality, he was eavesdropping Bella Swan by using telepathy to peek through her classmates' thoughts. It is unknown whether Rob was at graduation or not. Appearances Midnight Sun Category:Minor characters Category:Humans Category:Forks High School students Category:Midnight Sun"
a5ef9afa9a4d,Durin VII,Lord of the Rings,birth: after FO 171,,"Durin VII was the descendant of Thorin III and possibly the last of the House of Durin., Appendix A: ""Annals of the Kings and Rulers"", III: Durin's Folk Biography His birth was prophesied by the Dwarves at the conclusion of the Battle of Five Armies, that in the direct line of Dáin II there will be an heir, but the last of his line., Vol. XII: , XIII: ""Last Writings"" Durin VII traveled from the Lonely Mountain to re-establish Khazad-dûm and root out the Orcs who lived there.The History of Middle-earth, Vol. XII: The Peoples of Middle-earth, IX: ""The Making of Appendix A"" After that, he re-founded the great Dwarf kingdom and his people prospered once more. In adaptations thumb|left|Durin VII in In , Prince Durin is the son of King Thorin III. In the game's story-line other Dwarves have been given that name and yet proved not to be the Father of the Longbeards returned, so a major part of his motivation is to prove whether he truly is or will be Durin VII. At the onset of the War"
fd3cbcc14a41,Khoss of Knylenn,Star Wars,species: Human | gender: Male,,"Khoss of Knylenn was a male Kuati merchant. The Human was running through the lobby of the Kuat Passenger Port when he dropped his bag containing money and a ticket for the Kuat City Express. Bounty hunter Zam Wesell snatched the bag, and knocked Khoss out. Using his ticket, she boarded the ferry en route to Kuat City. When the stewardess aboard the ferry questioned where Khoss was, Wesell replied the he had sudden business to tend to. Once in Kuat City, Wesell used Khoss's money to purchase clothing to help blend into the Kuati culture. Appearances Star Wars Adventures 5: The Shape-Shifter Strikes Slave Ship Category:Humans Category:Kuati Category:Males Category:Merchants"
528863466a98,Cassius Bell,Harry Potter,born: Before 1927 | species: Human | gender: Male,"Bell watched the flames kill two Aurors, then turned calmly toward Grindelwald's ring of fire and, despite having just killed one of Grindelwald's followers himself, descended towards it.","Cassius BellActor Christopher Birks' Spotlight profile - ""Film, Cassius 'Young Auror' Bell, FANTASTIC BEASTS: THE CRIMES OF GRINDELWALD, Warner Bros., David Yates""CV - Actor Christopher Birks' official website was a wizard and Auror who lived in the early 20th century who eventually joined the Dark wizard, Gellert Grindelwald. Biography Early life Cassius Bell was presumably born at some point prior to 1910 and became an Auror at some point after his seventeenth birthday, though it is unclear which wizarding government he served. Global wizarding war In 1927, Cassius Bell was part of the group of Aurors, led by British Auror Theseus Scamander, who attempted to break up a rally held by the Dark wizard Gellert Grindelwald in the Lestrange Mausoleum in the Parisian cemetery Cimetière du Père-Lachaise. Before entering the mausoleum, Scamander ordered his men to go easy on the crowd, reminding them it was not illegal to simply listen to Grindelwald's speech. The group then marched inside,"
4cfdacb335c3,Stephen (saint),Indiana Jones,gender: Male,,Stephen was a saint whose finger bones were said to be contained within the Matide Cross. Sources Indiana Jones and the Last Crusade 1990 Adventure Calendar Notes and references External links Category:Historical figures Category:Saints
bd55f20086c9,Glendon Footly,Game of Thrones,Actor: Adam Brown,,"Lord Glendon Footly was the head of House Footly and Lord of Tumbleton during the Dance of the Dragons. Biography Glendon was one of the Blacks who supported Rhaenyra Targaryen during the civil war. In the books In Fire & Blood, his name is only given as ""Lord Footly,"" though his wife's name ""Sharis"" was given in the text. Because House Tyrell's lord was an infant boy his regent mother declared Highgarden's neutrality in the war, and different Reach vassals picked different sides. The southern half of the Reach had been under the political influence of the Hightowers in Oldtown for centuries, but the more distant vassals in the north resented the Hightowers acting as if they were the rulers of all the Reach when they were officially vassals co-equal to them under the Tyrells. Tumbleton is in the far northeast of the Reach, farther north along the Roseroad from Bitterbridge (ruled by House Caswell, who also declared for Rhaenyra). As the main Hightower army under Lord Ormund and "
445a511d8875,Captain of HMS Dauntless,Pirates of the Caribbean,gender: Male | first: ''The Curse of the Black Pearl'',,"This man was captain of the HMS Dauntless during the time of Governor Weatherby Swann's crossing from England to the Caribbean. The captain and his crew transported Swann and his daughter, Elizabeth, to Port Royal eight years prior to Lieutenant James Norrington's promotion to the rank of Commodore. When the HMS Dauntless happened upon the wreckage of a merchant vessel presumed to be the victim of a pirate attack, the captain had already retired to his quarters and had to be roused by a member of the crew, under orders from Lieutenant Norrington. Eight years later, Norrington had become captain of the Dauntless and the HMS Interceptor. The fate of his unknown predecessor is unknown. Behind the scenes This unidentified captain of the HMS Dauntless was only mentioned by Lieutenant Norrington in the 2003 film Pirates of the Caribbean: The Curse of the Black Pearl, and later in the 2006 German novelization.Fluch der Karibik, p. 16 In Ted Elliott and Terry Rossio's first screenplay draft, "
e60a56889124,Seron Varlin,Dune,portrayed: Piotr Michael,,"Seron Varlin was a swordmaster. Biography Background Seron Varlin trained as a swordmaster in the Ginaz School. He later lost his sight.Dune: Awakening Awakening Varlin was approached by the Prisoner in Harko Village. He warned them to keep their distance, though he was past his prime he could still thrash them. They assured them that they meant him no harm and informed them that he scribed the word ""regret"" into the flesh of several individuals who attempted to toss him into the Deep desert to be eaten by a Sandworm. They asked him to train them in the ways of the Ginaz Swordmasters. Appearances Dune: Awakening References Category:Dune Awakening Awakening Awakening Awakening"
fac05b18d3e8,Whitney,The Twilight Saga,species: Human | gender: Female,,"Whitney is a student at Forks High School who appears in Midnight Sun. She pauses near the Cullens' lunch table and runs her fingers through her short, sandy hair, causing Jasper, whose self-control is already weak, to feel a strong desire for her blood. Alice tells him to think of humans as people, to try and control his thirst, and says that Whitney has a baby sister who she adores and reminds Jasper that her mother invited Esme to her garden party. Physical appearance Whitney is described as a small girl with short, sandy hair. Appearances Midnight Sun ﻿ Category:Minor characters Category:Humans Category:Forks High School students Category:Midnight Sun"
ddd415c4ac25,Meneldor,Lord of the Rings,gender: Male,,"__NOTOC__ Meneldor was a Great Eagle who dwelt at one of the eyries in the northern half of the Misty Mountains. Biography He was a friend and follower of Gwaihir and probably dwelt with him at one of the eyries of the Misty Mountains. He along with Gwaihir and Landroval was one of the Eagles who rescued Frodo and Sam from the slopes of Mount Doom, after the destruction of the One Ring., , Book Six, Chapter IV: ""The Field of Cormallen"" Etymology The first element of Meneldor, menel, means ""heaven"".Parma Eldalamberon, Words, Phrases and Passages in Various Tongues in The Lord of the Rings by J.R.R. Tolkien In adaptations thumb|Meneldor as seen in In , Meneldor and his brother Landroval appear at several points throughout the game. The player first meet them in the Wailing Hills south of Lothlórien where they help the Eagles deal with an infestastion of spiders. After their participation in the Battle of the Morannon, the player meets the Eagles once again when they reach the Ca"
80b807375fef,Unidentified tentacled creature,Star Wars,,,This tentacled creature was a creature of an unknown species kept by Soopan in his shopping mall. It was described has having a bad attitude. The bounty hunter Cad Bane fought this tentacled creature during his raid on the Descent Shopping Mall. Appearances Notes and references Category:Cephalopods Category:Creatures of unspecified diet
b1c3803c70e9,Jenna Jovius,Harry Potter,species: Human | gender: Female,,"Jenna Jovius was a witch who lived at 34 Lippincot Road, in the borough of Chelsea, London in 1927. In that year the British Ministry of Magic wrote a letter addressed to Jovius which was validated by Ministry official D. Dussal. Appearances Notes and references Category:Females Category:Wizards"
97cfb1dd076d,Achilles,Indiana Jones,gender: Male,"Death 
When hostilities resumed, Achilles stood at forefront of the Greek assault. Thus was the premonition of Thetis brought to fruition, as Achilles died from the wound. Ajax, overcome with grief and sorrow at losing both his friend and the spear, killed himself.","Achilles was a legendary figure from Greek mythology, best known as the greatest warrior in Homer's Iliad, which chronicles his role in the Trojan War. Biography Early life Achilles was born as the son of Peleus and Thetis. While Achilles was still a babe, Thetis had a premonition that her son would become a great warrior. Taking him to the banks of the River Styx, she plunged him into its waters, rendering all parts of his body invulnerable, save for his heel, by which she held him. Satisfied with the fruits of her journey, she returned home with the child.Indiana Jones Artifacts A few years later, as Achilles grew, an oracle foretold that he would die beneath the walls of Troy from a wound in his heel, the only vulnerable part of his body. Vowing that her son would never meet such a fate, she entrusted Achilles to the centaur Chiron, who had been responsible for the education of all the great heroes. From Chiron, Achilles learned all that a warrior was expected to know. Once "
0502125e0060,Johnston (Officer),Marvel Cinematic Universe,species: Human | gender: Male | status: Alive,,"Johnston is a high-ranking officer in the United States Army. Biography Deathlok Pitch Meeting with Ian Quinn Johnston joined other high-ranking members of the United States Armed Forces, who were given a tour of the Cybertek Manufacturing Facility by Ian Quinn. Following an explanation of the Project Deathlok Installer and the potential of the Deathlok Soldiers, Williams and the other officers overheard gunfire breaking out. Johnston watched on as Jacobs had demanded an explanation from John Garrett, only to witness Garrett brutally murder Jacobs, resulting in Johnston and the other officers being held captive. However, S.H.I.E.L.D. was soon able to defeat Garrett and Hydra, resulting in Johnston and the other officers being released. Relationships Allies United States Army Williams United States Marine Corps Jacobs † United States Navy Jolnes Enemies Hydra Centipede Project Ian Quinn † John Garrett † Grant Ward † Mike Peterson/Deathlok Gallery References Category:Characters Ca"
7048b0c3c2c5,Li,Alien vs Predator,status: Unknown | species: Human,,"Li was a worker at the Romashka Outpost weapons development site on the Union of Progressive Peoples mining planet Shānmén. Biography Li was one of twenty-four roughnecks at the outpost that reported to Foreperson Ngo, working in the plant and assisting in weapons tests. Li lived in the outpost village. Events on Shānmén After the mutagenic pathogen attack on Shānmén by a Juggernaut-class spaceship, Peréz was one of the surviving outpost workers that were the target of rescue operations conducted by members of the Jackals.EVAC Appearances EVAC References Category:EVAC characters Category:Humans Category:UPP citizens Category:Unknown Fate"
879b1869d3ed,U.S. Air Force Colonel (JSC),James Bond 007,status: Active,,"The U.S. Air Force Colonel was an officer in the 1979 James Bond film Moonraker. The actor who played him remains unknown. Biography The Colonel works alongside Colonel Scott at Johnson Space Center in Houston, Texas. He only appears when Scott talks to General Gogol on the phone. Awards & Decorations Air Force Outstanding Unit Award: This medal indicates that the Colonel current or any former unit performed ""exceptionally meritorious service, accomplishes specific acts of outstanding achievement, excels in combat operations against an armed enemy of the United States, or conducts with distinct military operations involving conflict with, or exposure to, a hostile action by any opposing foreign force"". Air Force Good Conduct Medal: The Colonel achieved this medal while still being an enlisted man during a three-year period of active military service or for a one-year period of service during a time of war. It indicates that Kennedy had character and efficiency ratings of 'excellent"
93b999a14643,Echo (LEGO Jurassic World: Legend of Isla Nublar),Jurassic Park,appearances: LEGO Jurassic World: The Secret Exhibit LEGO Jurassic World: Legend of Isla Nublar | species: Velociraptor | gender: Female | status: Alive | born: 2012,,Category:Named animals Category:Velociraptor Pages Category:LEGO Jurassic World: The Secret Exhibit characters Category:LEGO Jurassic World: Legend of Isla Nublar characters Category:Individual animals
e9514426766e,Emilia Harcourt,DC Extended Universe,species: Human | gender: Female | status: Alive | actor: Jennifer Holland,"During the attack on Royland Goff, Harcourt killed a man, to the dismay of Leota Adebayo. After the death of Ik Nobe Llok as a result of the butterflies expansion, she became the leader of the team leading the Battle at Coverdale Ranch, being severely injured and later treated at the Mount Rouge Health Center, but with her teammates managing to stop the threat. When Task Force X's first strike team headed toward to the coasts of Corto Maltese, Harcourt began gambling with her teammates, where she supported Crawley's idea that Savant would die, adding Weasel, Captain Boomerang, and Mongal as possible killed members.","Emilia Harcourt is a government agent who worked with Amanda Waller and A.R.G.U.S. in order to monitor Task Force X, while also supporting them during the mission of Corto Maltese. With the release of Starro, Harcourt and her team disobeyed Waller to help the squad. In revenge, Harcourt along with Economos were sent to Clemson Murn's team on a mission to save the world from the Butterfly invasion. Harcourt was assigned as a battlefield member, eventually discovering that Murn was a butterfly, promising to keep the secret. By recruiting Peacemaker, Harcourt initially had a contempt for him, and not long after she would be forced to rescue him from the Wild Estates Apartment Complex, helping him escape from the police. During the attack on Royland Goff, Harcourt killed a man, to the dismay of Leota Adebayo. After a while, Harcourt and the team were assigned to complete a massacre in Glan Tai Bottling Company plant, which would end with Harcourt forging a friendship with the 11th Street "
58c2d3cd99d8,Ellis Shepherd,Grey's Anatomy,"born: January 2016; San Diego, California | status: Alive | seasons: *'''GA:''' 11, 12, 13, 14, 15, 16, 17, 18, 19, 20, 21, and 22 *'''S19:''' 6 | portrayed by: Ella Faris & Gracie Faris","History
Conception and Birth
Ellis was likely conceived the day before her father died, as her parents decided to have another baby on that day and then tried and did have one. (""The Sound of Silence"")

Thatcher's Death
When Thatcher died, he left presents for Ellis, Bailey, and Zola in his closet. (""My Happy Ending"")

Shortly after Andrew died, Zola, Bailey, and Ellis had a dance party in the backyard while the grieving adults supervised and tried to figure out how to tell the kids, who had loved Andrew.","Ellis Shepherd is the younger daughter, and youngest child, of Meredith Grey and Derek Shepherd. She has an older sister, Zola, and an older brother, Bailey. History Conception and Birth Ellis was likely conceived the day before her father died, as her parents decided to have another baby on that day and then tried and did have one. After her father's funeral, her mother took her siblings and left Seattle for the duration of her pregnancy, leaving only a note that said, ""The kids and I are safe."" for friends and family. Despite a placental abruption, which caused Meredith to bleed severely when her water broke, Ellis was delivered successfully in San Diego. (""She's Leaving Home"") Return to Seattle Shortly after her birth, her mother and siblings returned to Seattle. (""She's Leaving Home"") Meredith's Attack A few weeks after Meredith was attacked by a patient, Arizona and Alex brought Zola, Bailey, and Ellis in to see her. However, the three of them were too scared by her appearanc"
c6c959955e23,Steve (reporter),Breaking Bad / Better Call Saul,Gender: Male | Status: Alive,,"Steve is a traffic reporter for KCAV News. History Season 1 After the news report about a DEA drug bust of which Agent Hank Schrader was involved with (watched during Walter White's birthday party), the news was handed over to Steve by his colleague, where he proceeded to give a report on the Albuquerque afternoon traffic commute . Trivia Steve's surname was said aloud by the other reporter, but it was heavily obscured by Walt and Hank's conversation. Category:Living Characters Category:Season 1 Characters (Breaking Bad) Category:Unseen Characters"
ee246cecc7c9,Dr. Thomas Gardez,Lost,Status: Alive,,"Dr. Thomas Gardez was a co-worker of Jack's at St. Sebastian Hospital after his return from the Island, and a member of the St. Sebastian Neurosurgery Group. His name is visible on St. Sebastian Neurosurgery Group's list. ru:Доктор Томас Гердез Category:Characters Category:Unseen Characters Category:Medical Personnel Category:Flashforward Characters Category:Jack's flashforward characters Category:Episodic characters Category:Season 4 characters"
8e1bc67b182d,Armorhide TFP,Transformers,status: Unknown | gender: Male | first: Transformers: Exodus,,"{{Quote|An invasion? Of Altihex? And it started here, during this show? Not funny.|Armorhide muses on his last performance.}} All Armorhide''' ever wanted to do was make people laugh. His ability to do so eventually netted him a cushy job as the headlining comedian at the Altihex Casino. Always a crowd-pleaser, he's happy to have a job that allows him to get his fellow robots' minds off the cares of the world.He can't abide hecklers though. Few things scarier than an angry comedian with a rocket launcher. History Transformers: Exodus Armorhide was in the middle of his biggest night; Sentinel Prime himself was in the audience, but the jokes just weren't firing, and the crowd was apprehensive. After all, this was Sentinel Prime in the audience. But as Armorhide was joking about his last joke bombing, Sentinel laughed... and then all hell broke loose as a squad of ""Decepticons"" tore through the outer hull of the orbiting casino, right into the Great Hall where Armorhide was performing.Ar"
d2387f32744c,Tsireya,Avatar,born: 2157 | status: Alive | species: Na'vi | gender: Female | portrayed: Bailey Bass | first: ''Avatar: The Way of Water'' | last: ''Avatar: Fire and Ash'',"Due to Ronal’s death, Tsireya will presumably become the Tsahìk of the Metkayina at some point in the near future. Lo'ak explains that Payakan was driven to rally the young bulls of his pod against the RDA after they murdered his mother, and this is where the deaths associated with him come from. Skirmish at the Three Brothers 
thumb|250px|Tsireya saddened by Ro'a and her son’s death.","Tsireya te Tsika'u Ronal'ite,Avatar: Fire and Ash: The Visual Dictionary, page 43 nicknamed Reya, is the thirteen-year-old Tsakarem of the Metkayina Clan. She is the middle child and eldest daughter of the clan’s Tsahìk and Olo’eyktan, Ronal and Tonowari, as well as the younger sister of Aonung and older sister of Pril. When the Sully family came to the Metkayina in search of uturu, Tonowari assigned Tsireya the task of training the Sully children. She taught them the ways of the clan, including how to freedive. She formed friendships with Neteyam, Kiri, and Tuk, and a very close bond with Lo'ak, whom she additionally taught The Way of Water. When the Sully family were targeted by the Resources Development Administration, she assisted them however she could. She additionally supported Lo’ak in his petition to repeal Payakan’s outcast status. Due to Ronal’s death, Tsireya will presumably become the Tsahìk of the Metkayina at some point in the near future. Biography Early Life Tsireya"
4a81ab1d3183,Hugh DeAngelis,The Sopranos,gender: Male | portrayed by: Tom Aldredge | status: Alive,,"Hugo ""Hugh"" De Angelis, played by Tom Aldredge, is the father of Carmela Soprano and the father-in-law of Tony Soprano. Biography Carmela's father, who is in his mid 70s. Hugh has been married to Mary for over 40 years and is a resident of West Orange, New Jersey. He is a former sailor in the United States Navy and spent time in Nova Scotia during the war. Although now semi-retired, Hugh had worked as a contractor, and he built Tony and Carmela's house. Almost everyone in the Soprano family consider Hugh a classy, old-school gentleman for whom tradition and respect are very important values. He has an affable and kindly manner, but does not hesitate to speak his mind on points of disagreement with family, particularly his wife. Hugh enjoys hunting and playing with Hot Wheels die cast cars with his grandson Anthony Jr. He is a member of the Knights of Columbus as evidenced by the custom-designed cake presented to him at his birthday celebration. He was considered a ""wild man"" in his "
1e78f34c6f37,T.O. Cross,Sons of Anarchy,status: Alive | portrayed by: Michael Beach | appearances: 11 episodes (see below),"killed a Calaveras's Sergeant-at-Arms who murdered his friend Lander Jackson, the Vice-President of Grim Bastards. hides his cousin, Randall Hightower, after his release from prison, not knowing it was against SAMCRO, and for the death of Opie Winston. After all four are killed, they learn that the man filming and one of the men involved in the threesome were church pastors and that the attacker is still out there.","Taddarius Orwell ""T.O."" Cross is the former President of the Grim Bastards Motorcycle Club on the FX original series Sons of Anarchy. Played by American actor Michael Beach, T.O. makes his debut on the season three episode . Playing a recurring role through the same and subsequent seasons, T.O. was last seen in the show's finale episode, . Biography Background Little is known about T.O.'s life and history except that he is good friends with Clay Morrow and his MC has had a relationship with SAMCRO for 20 years. Season 3 ""Oiled"" The Sons of Anarchy Motorcycle Club, Redwood Original charter link up with the Grim Bastards Lodi charter, T.O. agrees to help the Sons look for a Calaveras Motorcycle Club shotcaller whom they can interrogate about a drive by shooting that happened in Charming at a SoA funeral wake. His club is chosen to provide security for Mayan drug shipments after SAMCRO makes a deal with the Mayans MC. T.O. killed a Calaveras's Sergeant-at-Arms who murdered his fr"
d8af82fa4a9e,Ada Monroe,Supernatural,species: Human | status: Alive | actor: Demetria McKinney,"The attempts were unsuccessful and the hunters killed him, but he managed to make Ada pregnant with their hybrid son, Tony Monroe. Soul Restoration - When Ada sacrificed her soul to use the magic crystal Rowena gave her to save Lata, Ada and Lata were able to track down a spell grown in a flower that, given time, would restore Ada's soul. He started killing people and was eventually killed by hunters, though he left Ada pregnant with their son, Tony Monroe.","Ada Monroe is a main character in The Winchesters portrayed by Demetria McKinney. Ada is ""a studious and sharp bookstore owner who also takes interest in the mysteries of the occult.""Deadline, ‘The Winchesters’: Demetria McKinney Joins The CW’s ‘Supernatural’ Prequel Pilot. History Early life When Ada Monroe first opened her shop, Henry Winchester visited in search of a book about Wraiths. In her youth, she had an affair with the djinn Ali, whom she tried to correct from his bloodthirsty nature. The attempts were unsuccessful and the hunters killed him, but he managed to make Ada pregnant with their hybrid son, Tony Monroe. At the age of 17, Tony found out about his supernatural descent because of his awakened abilities and seeing in his mother's mind how much he scares her, he ran away from home.Legend of a Mind In 1972, after learning about the danger of a possible Akrida invasion, Samuel Campbell begins searching for the Monster Box with Ada's help, as the box is the only thing t"
b12334baf222,Joe,Westworld,status: Unknown (presumably alive) | species: Human | gender: Male | actor: Michael Filipowich | seasons: Season Three,,"Joe was a butcher who worked at the same slaughterhouse where Bernard Lowe was hiding under the fake identity ""Armand Delgado"". Biography Parce Domine Joe, alongside Liang, became suspicious of their colleague Armand Delgado, and figured out that he was actually Bernard Lowe, the Head of Behavior Lab and Diagnostics at the Delos Parks. The two men tried to score capture Bernard and collect the reward that was promised of him, but the Host managed to fight them off, knocking both out. Appearances Season Three Parce Domine Category:Characters Category:Male characters Category:Human Category:Antagonists"
3dda92fc2fcb,Taylor Hurn,Ozark,status: Alive | gender: Male,,Taylor is a minor character in the series. About Hurn is a local harbor master at the Ozarks. Ruth wants Taylor to get into business with the Byrdes for money laundry purpose. Ruth ruins his harbor so that he has to get into business with the Byrdes or else his business will go to shit. However its never revealed weather or not Hurn really goes into business with the Byrdes. Ruth ain't happy about after all the hard work she put into it.
f0e54f948d62,Kamata,Fast & Furious,actor: Sonny Chiba | status: Alive | gender: Male,"Although Han was able to escape in the car chase that ensued, he was t-boned by another car while attempting to drive away and seemingly died when his car violently exploded not long after. After Han's supposed death, Sean Boswell came to Kamata with a duffel bag full of all the cash that Han had stolen and offered the mobster a deal: a race between himself and Takashi, in which the loser had to leave Tokyo for good.","Kamata (鎌田) is a Yakuza crime lord and the uncle of Takashi. Biography Career As a Yakuza boss, Kamata possessed a great deal of influence over Tokyo's criminal underworld. At some point in the past, he used his influence to claim Tokyo's street racing as his ""turf"" and put his nephew Takashi in charge of managing the place as part of the family business. The Fast and the Furious: Tokyo Drift Upon discovering that Han was stealing money from him, Kamata visited Takashi and reprimanded his nephew for not noticing, causing Takashi to go after Han in retaliation. Although Han was able to escape in the car chase that ensued, he was t-boned by another car while attempting to drive away and seemingly died when his car violently exploded not long after. After Han's supposed death, Sean Boswell came to Kamata with a duffel bag full of all the cash that Han had stolen and offered the mobster a deal: a race between himself and Takashi, in which the loser had to leave Tokyo for good. As "
8e0c1a70e8f9,Sweyn Forkbeard,Vikings,actor: *Søren Pilmark | status: *Alive | seasons: *1 *2 *3 | first: *''Choices'' | last: *''Greenland'',"With Earl Sigeferth's death, Forkbeard grants Godwin the Earldom of Wessex. In real life, Norway came under the rule of the Danish when Sweyn Forkbeard defeated and killed the Norwegian king Olaf Tryggvason, the great grandson of Harald Finehair.","King Sweyn Forkbeard (Old Norse: Sveinn Haraldsson tjúguskegg) is King Canute's father. Biography Early Life King Forkbeard overthrew his father, Harald Bluetooth, and Norway's King Olaf Triggvason, laying the foundation for the North Sea Empire his son King Canute dreams of creating. Season 1 Sweyn Forkbeard arrives in London to rule in his son's place while Canute returns to Denmark to fight off the Wends who have attacked. Forkbeard holds his first assembly with the nobles. Earl Sigeferth approaches Forkbeard in an attempt to get out of paying his taxes. He begins by saying that Wessex is the oldest of the Saxon bloodlines. He then shows Forkbeard a document that contains a binding promise from King Æthelred II to Earl Sigeferth's father. Already knowing the answer, Forkbeard asks what his father did to gain such a generous promise. Earl Sigeferth replies that his father saved the king in battle at York. Forkbeard asks against who did his father save the king. Realizing the c"
1982ec3dacb2,Hedylus,Spartacus,first: S4E01: Dominus | last: S4E010: Hail Caesar | status: Active | actor: Graham Vincent,,Hedylus is a Gladiator in the House of Ashur. References Category:Characters Category:Supporting Character Category:Male Category:House of Ashur Category:Gladiator Category:Slave
b8098bace8e2,Warden,Dexter,status: '''Alive''' | seasons: '''''Dexter: Resurrection''''' | actor: '''Ray Shuler''' | gender: '''Male''',,Warden is a character in the Showtime series Dexter: Resurrection. Summary References Category:Alive Category:Alive (Resurrection) Category:Characters Category:Characters (Resurrection) Category:Indexter
7414f8a1bb4b,Domitia Whimsiwick,The Hunger Games,gender: Female,"Volumnia Gaul started reading aloud the essays that the mentors wrote on what they most enjoyed of war, Domitia commented that she felt as if she was a part of something bigger, having to make sacrifices to save the country of Panem.The Ballad of Songbirds and Snakes, Chapter 12

Her tribute, Tanner, was killed by his own allies, Coral and Mizzen of District 4.","Domitia Whimsiwick was a female resident of the Capitol and a student of the Academy. She was one of 24 top-performing seniors at the Academy selected to be a mentor for the 10th Hunger Games. She was assigned the male tribute from District 10, Tanner. Biography Domitia was the 'dairy heiress' and thus had extensive knowledge on livestock. This turned out to be a useful asset as during the interviews, she got Tanner to talk about different ways of slaughtering cows, leading to the biggest applause from the crowd, with the exception of Lucy Gray Baird's interview.The Ballad of Songbirds and Snakes, Chapter 11 As Dr. Volumnia Gaul started reading aloud the essays that the mentors wrote on what they most enjoyed of war, Domitia commented that she felt as if she was a part of something bigger, having to make sacrifices to save the country of Panem.The Ballad of Songbirds and Snakes, Chapter 12 Her tribute, Tanner, was killed by his own allies, Coral and Mizzen of District 4. Afterwards,"
947d194a9eb7,Levitt,The 100,gender: Male | born: Unknown; Bardo | status: Alive | actor: Jason Diaz | seasons: Seven,"He is revealed to have helped Octavia escape to Sanctum and comforts her when Bellamy is apparently killed. Levitt tearfully states that Echo killed two people in front of him and he broke. Levitt begs them to release him so that he can get help to stop Echo, but she sadly gags him again in order to stop Echo without getting her killed.","Levitt is a recurring character in the seventh season. He is portrayed by Jason Diaz and debuts in ""Welcome to Bardo"". He occasionally works as a Memory Capture (M-Cap) operator and is also janitor and is a member of the Disciples. Despite being a janitor, he is still part of the code-breaking team as the team needs him too much and still assists with M-Cap as Levitt is considered to be the best at it. After meeting Octavia Blake and falling in love with her, Levitt's commitment to his cause wavers when he discovers the true nature of Bill Cadogan and the ""final code"", as he begins to assist Octavia and her friends in secret before defecting completely and joining in the effort to stop the Last War, something that Levitt had wanted for his whole life to happen. Following the Transcendence of the human race, Levitt chooses to return to human form and to live out the rest of his life on Earth with Octavia and her friends, so that Clarke will not be alone by herself. He is now part of"
614a52dcb73d,Jamie,Stranger Things,status: Alive | gender: Female | born: 1969,"Francine sacrificed herself and was killed, while Ricky and Marcy fled into the woods, never to be seen again.","Jamie, otherwise known as Nine, is a supporting character in Stranger Things: SIX and a main character in Stranger Things: Into the Fire. She has the ability to generate heat, and after losing her parents, she and her twin sister, Marcy, were implemented into the roster of children test subjects at Hawkins Lab. History Jamie and her twin sister Marcy were born in 1969 to their unnamed parents. Jamie's memories of life outside the lab is extremely vague. However, she and Marcy have happy memories of going to a fancy toy shop with their parents, recalling how one Easter how they got to pick out stuffed animals, with the girls picking out a stuffed rabbit and lamb. At some point in her life, Jamie discovered she had the ability to generate heat and fire, whereas Marcy was powerless. Martin Brenner, a scientist running a program for children with special abilities at Hawkins National Laboratory in Indiana, approached the twin's parents to help Jamie control her powers, but her parents r"
c804f150608f,Sofia Ivanescu,Mission: Impossible,species: Human | status: Alive,,Sofia Ivanescu is a software engineer. Appearances Mission: Impossible – Operation Surma Category:Mission: Impossible – Operation Surma characters
7ccc4728c09e,Reacher Dick,The Boys,species: Supe | gender: Male | status: Alive,"During the celebrations, The Doofer crash lands into a nearby pool and dies of a drug overdose. As Homelander investigates the metal hero's death, he's joined by Reacher Dick, who takes a closer look at Doofer by stretching his eyes out of his head, leading him to learn his teammate overdosed. Aside from the aforementioned pickpocketing of an old woman, he shows very little concern over Doofer's death, only berating him for not listening to him when he told him to slow down on the drugs, as he's more concerned about having fun than his own teammate's demise.","Reacher Dick is a minor character of the superhero-drama comic series The Boys. He is a superhero and a member of Fantastico. History In The Boys: Herogasm #3, Reacher Dick attended the annual Herogasm along with his fellow Fantastico teammates. During the celebrations, The Doofer crash lands into a nearby pool and dies of a drug overdose. As Homelander investigates the metal hero's death, he's joined by Reacher Dick, who takes a closer look at Doofer by stretching his eyes out of his head, leading him to learn his teammate overdosed. While his head is stretched from his hotel room to the crime scene, Reacher Dick admits he's engaging in relations with Invisi-Lass at the same time. After Homelander decides the Supes aren't in any danger, he calls off the investigation, as he and Reacher continue the orgy party as if nothing happened. Reacher Dick is mentioned by Oh-Father to have helped an old lady across the street only so he could pickpocket her wallet. In his last chronological"
9646ff80ca77,Jessica Strand,Prison Break,gender: Female | status: Alive | actor: Margo Martindale,,Jessica Strand is a prison warden. Category:Main characters (Hulu) Category:Prison Break Hulu characters Category:Living characters Category:Characters
0842ad512933,Jeff Smite,The Matrix,appearances: ''The Matrix Comic Series 1'' ''The Matrix Comics: 20th Anniversary Edition'' | status: Alive,,"Jeff Smite is a redpill character from the Matrix webcomic The Man Who Knew Too Much by W. Wilbur W.. Biography He used to look for answers about the Matrix with his old friend Harold Hobbs, and after being freed by a redpill he goes to talk to him, leading to Harold being contacted by an Agent about his whereabouts and for him to be watched and followed. Jeff contacts him through his computer (like Trinity did to Neo in The Matrix), saying not to tell the Agent anything and that he'll be in contact. From the file the Agent has on him he appears to know Trinity. He later calls a public telephone as Harold walks past telling him that he is no longer being watched (which actually appears not to be true) and to go home, where he once again contacts him through Harold's computer saying that the answers now look for him. The fact that he seems to know Trinity combined with the way he contacts Harold a number of times and the way they used to look for answers together about the Matrix m"
a2afeba16fef,Michonne Hawthorne (Comic Universe),The Walking Dead,actor: Samira Wiley | gender: Female | status: Alive,"Several years after Rick Grimes' death, Michonne became the high court judge of the Commonwealth, to always make people aware of the sacrifices her best friend made for them. She can allow Sam to kill Zachary, can later painfully torture Randall before killing him by bashing his head with a wrench, and leave Norma to have a cruel and painful death. Staying with them will have bad consequences, leading to Samantha's death.","Michonne Hawthorne (née unknown) (pronounced MI-SHOWN)Talking Dead - Letter Hacks is a survivor of the outbreak in Skybound Entertainment's Comic Universe. She is a main character in Image Comics' The Walking Dead, a supporting antagonist in Thomas Dunne Books' The Walking Dead, and the protagonist of Telltale's The Walking Dead: Michonne. She is also the protagonist of the Michonne Special. She is a lone survivor who originally traveled with two zombies before eventually joining the prison group. Armed with a katana and deadly skills to complement it, Michonne is an effective and crucial defender of the survivors. After being reunited with her daughter in the Commonwealth, Michonne gives up her sword-wielding ways and resumes her practice as a lawyer in the community. Several years after Rick Grimes' death, Michonne became the high court judge of the Commonwealth, to always make people aware of the sacrifices her best friend made for them. She also gifted her sword to Carl Grimes a"
b9d64a67b874,May Carleton,Peaky Blinders,born: c. 1895 (aged 58) | status: Alive,"Since her husband’s death in the War, she has lived alone in her late husband’s mansion. She reveals that she has lived alone since her husband’s death.","May Fitz Carleton is a wealthy widow who owns racehorses, and is enlisted by Thomas Shelby to train his horse for Epsom. She is the proprietor of Carleton stud. Character History Background May Carleton comes from a well-to-do family. She grew up riding horses. She is well connected with everyone from the war-office to the racing-board. Since her husband’s death in the War, she has lived alone in her late husband’s mansion. Though she's a rich widow and a successful racehorse trainer, she is lonely and bored with her strait-laced life. She likens herself to a lighthouse, saying she's kept everyone else away while hiding in her mansion. Series 2 · 1922 May Carleton is at the horse auctions with her father, when Thomas Shelby and his gang arrive. Her interest is piqued by Thomas, and she bids on the racehorse he's trying to buy to gain his attention. Afterwards, she offers to train Thomas's new horse. Thomas eventually does hire May to train his new horse, who he names Grace’s Secret"
0c74df19ab32,Joan Sobotka,The Wire,actor: Elisabeth Noone | seasons: 2 | status: Alive,,Joan Sobotka is the wife of Louis Sobotka and the mother of Nicholas Sobotka. Biography Season 2 Joan bemoans her family's drinking habits and tries to encourage Nick to get as much work as possible at the port. She refuses to make breakfast for him if he is not up in time for work. Nick often has his girlfriend Aimee to stay but hides her visits from his parents. Joan is aghast when the police serve warrants and search her home looking for Nick and find drugs and cash. Production Appearances *Uncredited appearance. Category:Characters Category:Minor Characters Category:Season 2 Characters
542bd50920ea,Claudia,Boardwalk Empire,Seasons: 1 | Status: Alive | Actor: Megan Ferguson,,"Claudia is the reluctant new girlfriend of travelling cutlery salesman George Baxter. Claudia is played by co-star Megan Ferguson in ""The Ivory Tower"". Biography Background Claudia meets Baxter in Baltimore and agrees to accompany him to Atlantic City for a weekend. They stay at the Ritz Carlton hotel. Season 1 Baxter stops Atlantic County Treasurer Nucky Thompson in the hotel lobby and introduces Claudia. Nucky is eager to leave but wishes them well and suggests they take in the attractions. Claudia tells Baxter she wants to go roller-skating. After Nucky leaves she is impressed with Baxter's connections. Claudia and Baxter encounter Nucky again while they are getting a push chair ride along the boardwalk. Claudia goes to buy salt water taffy. When she returns, Nucky tells Claudia that she is perfect for a beauty contest he is planning and that Baxter will be one of the judges. In their hotel room Baxter makes further sexual advances on Claudia and she again rejects him. She threa"
dd3ead67db8a,Jake (Delivery),Marvel Cinematic Universe,species: Human | gender: Male | actor: Gregg Prosser | status: Alive,,"Jake is a delivery man and a friend of Paxton Page. Biography As Pat Condo told Paxton Page about the reopening of the ski runs and potential customers, Paxton decided to order a $5,000 grill, so Jake delivered it to Penny's Place. While they were talking about the grill, they were approached by Karen Page, who was more skeptical about the grill and asked Jake to send it back, since they couldn't afford it. However, Paxton stepped up and told Jake that they would take the grill anyway and asked him to bring the papers to sign. Relationships Allies Paxton Page Karen Page References Category:Characters Category:Daredevil (TV series) Characters Category:Humans Category:Males Category:Brown Hair Category:Blue Eyes"
4c0331c58416,"Katherine ""Danny"" Daniels",Alien vs Predator,species: Human | gender: Female | actor: Katherine Waterston | status: Alive as of December 2104,"Through a series of ensuing incidents, Hallet and fellow guard Ben Ledward were killed by endoparasitic creatures that proceeded to attack the crew, and Lander One was destroyed in the chaos. Meanwhile, Oram was implanted with—and killed by—an alien creature developed by David through experiments derived from the bodies of Shaw and the beings who had built the city. Discovering that another alien had hatched from security leader Dan Lopé, who had been infected while on the planet, Daniels was unable to stop the creature before it killed crewmembers Ricks and Upworth.","Katherine Daniels, nicknamed ""Danny"", was the chief terraformist aboard the Weyland-Yutani Corporation colony ship and the wife of ship's captain Jacob Branson. Daniels was part of an expedition team that journeyed to a mysterious world after the Covenant was diverted there from its original destination of Origae-6, and was one of two crewmembers to survive the ensuing incident alongside the ship's pilot Tennessee Faris. However, they were captured by the rogue synthetic David when he hijacked the Covenant; Daniels was of particular interest to the synthetic, with David stating that he planned to use her to create a queen for an alien species he had designed. Biography Meeting Jacob Branson Prior to 2103,Alien: The Roleplaying Game Katherine DanielsAlien: Augmented Reality Survival Manual met Jacob Branson and began a relationship with him. During the course of their dalliance, Daniels and Branson attended a costume ball celebrating the fashions of the mid–twenty–first centuryAlien: "
4bd41bcab9b8,Martine Blanchaud (Sue Vanner),James Bond 007,status: Alive | portrayed: Sue Vanner,"Barsov acknowledges her message, leading to a chase sequence across the alps which results in Barsov's death.","The Log Cabin Girl is an unnamed KGB honeytrap who acts as bait in a Soviet attempt to assassinate James Bond. A minor character, she appears in the 1977 James Bond film The Spy Who Loved Me, portrayed by actress Sue Vanner, and was subsequently adapted for Christopher Wood's accompanying novelization, where she was given the name Martine Blanchaud. Biography The Spy Who Loved Me (film) This unnamed girl is seen making love to James Bond in a log cabin located on the top of the French Alps. As the two lie together on a fur rug, Bond receives a telex message via his Seiko 0674 Wristwatch ordering him to report back to MI6. 007 meets the girl's protests with a casual ""sorry darling, something came up"". As Bond pulls on his clothes a group of four armed men approach the cabin on skis. As soon as Bond leaves, she is revealed to be working with the KGB. Extracting a radio transmitter from a nearby handbag, she informs the leader of the group - KGB agent Sergei Barsov - that Bond has just l"
5fdf6d76b2c5,Gordon (Compsognathus),Jurassic Park,appearances: ''Jurassic World: Chaos Theory'' | species: ''Compsognathus'' | gender: Male | status: Alive (as of 2022) | born: Before 2022,,"Gordon is a Compsognathus who appears in the second season of Jurassic World: Chaos Theory. Physical Appearance Gordon looks like a normal Compsognathus, except his right foot is amputated and has a bandage. Plus he has an Elizabethan collar. History Jurassic World: Chaos Theory Season 2 C13v3rGr186 TBA Appearance Jurassic World: Chaos Theory Season 2 C13v3rGr186 (First Appearance) Gallery Navigation Category:Jurassic World: Chaos Theory characters Category:Compsognathus Pages Category:Named animals Category:Characters Category:Individual animals"
c10f55fc82b1,Nelson,DC Extended Universe,species: Human | gender: Male | status: Alive | actor: Bruce Lester-Johnson,,"Nelson is the security guard of Arkham Asylum. Biography Lex Luthor's escape While the inmates were leaving their cells with the security guards of Arkham Asylum, Nelson began calling Lex Luthor to leave his cell. He came out of his office, approached the cell and met an imposter, the real Lex Luthor having escaped from Arkham. Personality While Nelson called Luthor out of his cell, he warned him as he went to the cell and suspectedly found the wrong prisoner. When the guard found an imposter, he was shocked that Luthor had escaped from Arkham Asylum. Relationships Enemies Lex Luthor - prisoner References Category:Justice League (film) Characters Category:Zack Snyder's Justice League (film) Characters Category:Humans Category:Arkham Asylum Staff"
de03dbb79879,Corinne Bennett,Grey's Anatomy,status: Alive | seasons: '''PP:''' 5 | portrayed by: Anika Noni Rose,,"Corinne Bennett is Sam Bennett's estranged sister. History Arrest She had been missing for 20 years when Sam got a call to pick her up from the jail after she was arrested for taking the cash out of a convenience store register. (""The Time Has Come"") Seeing Sheldon Sam brought Corinne back to his place. He gave her medicine, which she took willingly. He then took her to the practice and consulted with Sheldon, who said her previous doctors had been lazy. They hadn't properly diagnosed her. They'd just over-drugged her, which left her glassy-eyed and unable to function. Sheldon said they could take her off the meds and find a true diagnosis. Once the fog lifted, Sheldon asked if she'd been officially diagnosed. She said she'd been diagnosed schizophrenic, manic-depressive, and had paranoid delusions. Every shrink had a different idea, but they all just drugged her. While she was in the bathroom, Sam talked about Corinne's history and her past behaviors. Sheldon decided to keep her o"
38213f2e8223,Rocco,Breaking Bad / Better Call Saul,Portrayed by: Tommy Nelson | Gender: Male | Status: Alive,,"Rocco is a thug who hangs out around Dog House. History Season 4 Jimmy approaches Rocco, Zane and Jed in his car and offers them burner phones, but they dismiss him as a ""narc"" and tell him to beat it. After Jimmy has sold his stock of phones, the three young men approach him and steal his money after beating him up. Later, Jimmy approaches Rocco and his two buddies, with the proposal of helping him sell burner phones, adding that he's no longer mad at them for robbing him. However Rocco and his companions reject his proposal and instead decide to rob him again. Jimmy flees and Jed manages to corner him into a yard, but this was part of Jimmy's plan, who captures the three thugs. Rocco, Jed and Zane are dragged in a room with many piñata dolls. Jimmy manages to scare the three thugs and make them swear that they'll never bother him ever again. Jimmy leaves the room, leaving Rocco and his two buddies hung upside down in the piñata room. Appearances Better Call Saul Category:Living"
d1d1edeb7274,Thomas,Lost,Status: Alive | Actor: Keir O'Donnell,,"For other uses of ""Thomas"" or ""Tom"", see Tom (disambiguation). Thomas is Claire's ex-boyfriend and the biological father of Aaron. He lives in Australia and is an artist. After the initial shock of Claire's pregnancy, Thomas became enthusiastic about having the child with her. However, he later left Claire several months into her pregnancy after an argument with her. He said that he had thought she was on the pill and insinuated that she got pregnant intentionally. Paintings Several paintings are visible in Thomas' apartment and studio in . Fans have noted that the styles of the paintings are very similar to that of the mural in the Swan station, also known as the ""Hatch painting"" (see left). One of the paintings in the apartment from is later visible in the office of Charles Widmore in which seems to be painted by Thomas is seen in Charles's apartment in . (see below for explanation) LA X can be read on the bottom of the rightmost painting (see the screencap above). Trivia "
ad560e03543a,Windblade (RID),Transformers,species: Cybertronian | status: Online | gender: Female | first: ''The Buzz on Windblade'',"After Zizza was captured and her human slaves were back to normal, Windblade reconciled with Strongarm by stating she was right about no other way of saving those humans from being killed and shook hands with Strongarm as a sign of new trust, respect, care, and friendship growing between them.","Windblade is an Autobot warrior who appears in Transformers Robots in Disguise. She has an instinct for finding Decepticons and advanced fighting abilities. She would often give nicknames to the other members of her team. Robots in Disguise History Season 1 Many years ago, Windblade was given a mission from Primus himself, receiving upgrades and being placed in stasis. After awakening on Earth, she began her task of hunting down the fugitive Decepticons who had been released due to the Alchemor. While fighting Fancyclaws, Windblade blasted the Decepticon unconscious and soon stumbled upon Sideswipe, who was covered in mud as a result of Windblade's alt mode flying low to the ground during her fight. Windblade assumed he was another Decepticon but was convinced by Sideswipe's Autobot symbol on his chest. Sideswipe introduced himself and invited Windblade back to the scrapyard. Windblade went with Sideswipe while he was carrying Fancyclaws' unconscious body which they soon placed in a "
7193e4eeecb3,Reid,Avatar,status: Unknown | species: *Human *Avatar | gender: Male | first: ''Avatar: Reckoning'' | last: ''Avatar: Reckoning'',,"Reid is an RDA soldier and avatar driver. Biography Reid accompanied Raven's father and mother on a research trip when their squad of three Samson aircrafts were attacked by a hoard of bansheess. Reid ordered Raven's father to shoot the banshees with the mounted hydra, but to no avail, as the banshees overwhelmed them and to top it off, a Great Leonopteryx attacked them too. Their Samson was hit with another Samson and was only one left, going down in the jungle. Reid's fate is unknown.Avatar: Reckoning beta gameplay References pl:Reid ru:Рейд Category:Avatar: Reckoning Characters Category:Humans Category:Avatars Category:RDA Staff Category:SecOps"
688371c4c9df,Beppy Scerbo,The Sopranos,status: Alive | portrayed by: Joe Pucillo | gender: Male,,"Giuseppe ""Beppy"" Scerbo (portrayed by Joe Pucillo) is a soldier in Junior's Crew, and a member of the DiMeo crime family. Biography Giuseppe is seen with DiMeo capos Junior Soprano and Tony Soprano outside the Vesuvio restaurant. He agrees with Junior on the need to kill Pussy Malanga who is a rival mobster of Junior Soprano. He is later seen with Junior during his RICO trial and can often be seen in the courtroom. Scerbo appears briefly in ""Whoever Did This"", seen walking out of the courthouse with Junior, who comments on how ""You get a full chicken and it's enough to bring home and get two meals"", when Junior complains how they missed the ""early bird special"". Later in the episode when Junior is hospitalized after falling down steps, he tells his lawyer, Harold Melvoin: ""tell Beppy to bring chicken home"", signaling the possibility of early onset dementia. Beppy also visits Junior while he is committed to a state assisted elderly facility. He is shown ""kicking up"" tribute to Ju"
94edca90a8fc,Meth Dealer,Sons of Anarchy,gender: Male | status: Alive | portrayed by: Chad Lindberg | appearances: 1 episode (see below),,"The Meth Dealer is member of the Nordics and a meth dealer on the FX original series Sons of Anarchy. Played by American actor Chad Lindberg, the Meth Dealer appears only in the episode in the series' second season. Biography The Meth Dealer was dealing crystal methamphetamine or ""crank"" to a worker at one of the lumber yards within Charming and was spotted by Sons of Anarchy Motorcycle Club member Opie Winston and prospect Half Sack Epps while they were repossessing a car for Teller-Morrow. Season 2 The Sons of Anarchy Motorcycle Club had a no dealing policy inside Charming, which the Nordics went along with. However Ethan Zobelle of the L.O.A.N. approached the Nordics and promised enough manpower to deal within Charming without reprisals from SAMCRO, in return for the gang's allegiance in taking over Charming. Ernest Darby agreed to Zobelle's offer and the Nordics began cooking and dealing methamphetamine inside Charming. When SAMCRO member Opie Winston and prospect Half Sack E"
c7d3de0e7d8d,Castiel,Supernatural,status: Alive | actor: Misha Collins Sydney Imbeau Jessa Danielson,"Once Castiel learned that the angels wished to free Lucifer anyway, he defied his angelic brethren and died trying to help Dean prevent Sam Winchester from breaking the last seal.Sympathy for the Devil

After he was killed by the Archangel Raphael, Castiel was resurrected by God and joined Sam, Dean, and Bobby Singer in a quest to prevent the brothers from becoming the vessels of Michael and Lucifer. Castiel would later be killed by Lucifer, but his actions allowed Sam to trap both Archangels away. So after collecting the heart of a nephilim and the bow of cupid, Metatron is eventually captured by Naomi but escapes and kills her, only for Cas to discover Metatron's betrayal and plan to cause all angels in Heaven, even the imprisoned ones, to fall to Earth.","Castiel, often shortened to Cass/Cas,Misha Collins' Twitter is a powerful angel of the Lord who was responsible for saving Dean Winchester from Hell,Lazarus Rising on the archangels' command. It was his job to help prevent Lilith from breaking the 66 Seals that, once broken, would release Lucifer from his cageAre You There, God? It's Me, Dean Winchester in Hell. Once Castiel learned that the angels wished to free Lucifer anyway, he defied his angelic brethren and died trying to help Dean prevent Sam Winchester from breaking the last seal.Sympathy for the Devil After he was killed by the Archangel Raphael, Castiel was resurrected by God and joined Sam, Dean, and Bobby Singer in a quest to prevent the brothers from becoming the vessels of Michael and Lucifer. Castiel would later be killed by Lucifer, but his actions allowed Sam to trap both Archangels away. With the Apocalypse averted, Castiel was again resurrected by God with new powers,Swan Song being promoted to Seraph. He then start"
b65e70fa4cf9,Mesa Bartender,Westworld,status: Unknown | species: Host | gender: Male | actor: Tyler Parks | seasons: Season One,,"The Mesa Bartender is a new Host that Elsie Hughes was programming to be a new bartender for Westworld. While programming she seems to call him either ""Bart"" or ""Art"". So far, he continuously misses the glass as he pours from the bottle of liquor.Contrapasso It seems Elsie got the bartender's coding correct, as we see the bartender in ""The Adversary"" working on the Mesa Hub's rooftop pool area. He is told to stop serving drinks to Lee Sizemore. Gallery References Category:Characters Category:Male characters Category:Hosts Category:Westworld Staff"
7de05d23726f,Susan Blake,Ozark,status: Alive | gender: Female,,Susan Blake is a supporting character in the series. About Susan is Tim Blake's wife. She goes into business with Wendy. Wendy helps Susan with the funeral and senting op the Tim Blake Foundation.
04525377af40,Luke Hobbs,Fast & Furious,gender: Male | actor: Dwayne Johnson | status: Alive,"Hobbs was once tasked to capture then fugitives Dominic Toretto and Brian O'Conner after they were framed for the death of three DEA agents in Rio de Janeiro but decided to join them in their heist after his team was murdered in an ambush by Hernan Reyes. He later enlisted the help of Dominic Toretto's Crew to apprehend Owen Shaw, and helped apprehend Owen's brother Deckard following the apparent death of Han Seoul-Oh. However, he returned to recruit his male children once they reached adolescence to recruit them into his crew, although he showed no familial love or respect for his sons when some of them were killed during his heists.","Lucas ""Luke"" Hobbs is a former agent of the . Hobbs was once tasked to capture then fugitives Dominic Toretto and Brian O'Conner after they were framed for the death of three DEA agents in Rio de Janeiro but decided to join them in their heist after his team was murdered in an ambush by Hernan Reyes. He later enlisted the help of Dominic Toretto's Crew to apprehend Owen Shaw, and helped apprehend Owen's brother Deckard following the apparent death of Han Seoul-Oh. He sought help from Dominic's crew once more for a clandestine operation and was eventually forced to work with Deckard in order to prevent a nuclear war triggered by a named Cipher when Dominic appears to join her syndicate. In the end, they made amends with each other and both of them are apart of Dom's team. Two years later, Hobbs was forced to work with Deckard once again to aid his sister Hattie, an MI6 agent who injected herself with a biological virus capable of eliminating half of the global population, while defe"
899639b866ba,Emma of Normandy,Vikings,actor: *Laura Berlin | status: *Alive | seasons: *1 *2 *3 | first: *''Viking'' | last: *''Destinies'',,"Emma of Normandy is one of the wealthiest women in Europe. She is from the Norman court and of Viking blood. She is the great-granddaughter of the Viking and first Duke of Normandy, Rollo. Biography Early Life Emma was born into Norman nobility. As a female, she had no rights or land, and was viewed as a piece of her father's property. Emma came to England at fifteen years old and unable to speak the language. She now views England as home more than Normandy. She is the much younger second wife of King Æthelred, making her Queen of England. Should she be sent back to Normandy, she would once again become property of her father. Season 1 Emma arrives at the royal palace in London where Æthelred is on his deathbed. She reassures him that she will help her stepson Edmund as much as she can. Emma worries though the Edmund is not ready to rule because of his inexperience and hot-bloodedness. Before departing to defend Denmark, Canute marries Emma in the middle of the night. When E"
951a935c5e30,Atticus,Spartacus,first: S0E02: Missio (mentioned) | last: S0E02: Missio (mentioned) | status: Unknown (presumed active) | actor: None,,"Atticus is a Roman nobleman hailing from the city of Rome. Character Outline He was mentioned as having hosted a ""sober airless affair' the last time that Varus and Gaia had seen each other. Atticus was described as a ""desiccated specimen."" Trivia The name Atticus is of Greek origin, which means ""man from Attica"", which is a region in eastern Greece where the city-state of Athens is located. There was a historical personl Titus Pomponius Atticus (112-32 BCE), a Roman of Equestrian status, who was a philosopher, moneylender and Editor of the games. The last name was a nickname, as Atticus was a known Hellenophile who had a residence in Athens as well as Rome. He was a personal friend of the Senator Marcus Tullius Cicero. However, he is much younger than Atticus who was mentioned in the series. Category:Male Category:Roman Category:Unseen Characters Category:Unknown Status Category:Rich people"
eb2f65a0135c,Lumen Pierce,Dexter,gender: '''Female''' | status: '''Alive''' | actor: '''Julia Stiles''' | seasons: '''Season Five''',"With the assistance of Dexter Morgan, she hunted down the group of men who raped and tortured her, directly killing two of them (Alex Tilden and Jordan Chase) while the others (Boyd Fowler, Dan Mendell and Cole Harmon) were killed by Dexter. After the death of Hannah McKay and murder of Angel Batista, Lumen and Harrison are the only living people in the main series to know Dexter's secret, and one of several living characters in the franchise overall to be aware (alongside Angela Bishop, Al Jolly and Charley). She and Angela are also the sole surviving main love interests of Dexter, the rest (Rita Morgan, Lila West and Hannah McKay) having either been murdered or died of natural causes.","Lumen Ann Pierce is the deuteragonist in Season Five of the Showtime series DEXTER. With the assistance of Dexter Morgan, she hunted down the group of men who raped and tortured her, directly killing two of them (Alex Tilden and Jordan Chase) while the others (Boyd Fowler, Dan Mendell and Cole Harmon) were killed by Dexter. In time, she grows close to Dexter, with them becoming partners-in-crime, and lovers. After the death of Hannah McKay and murder of Angel Batista, Lumen and Harrison are the only living people in the main series to know Dexter's secret, and one of several living characters in the franchise overall to be aware (alongside Angela Bishop, Al Jolly and Charley). She and Angela are also the sole surviving main love interests of Dexter, the rest (Rita Morgan, Lila West and Hannah McKay) having either been murdered or died of natural causes. Description Lumen is a 5'3"" pretty woman in her early 30s with long blonde hair, and a slender body. She has multiple scars on h"
cc4ebf594df2,Katniss and Peeta Mellark's son,The Hunger Games,gender: Male,,"Katniss and Peeta Mellark's son is the second child of Katniss Everdeen and Peeta Mellark. He has an elder sister, and was born a little more than fifteen years after the Second Rebellion.Mockingjay, Epilogue Biography Katniss' pregnancy with her son was easier than her pregnancy with her daughter. He is a toddler during the epilogue and is at least a few years younger than his sister. However, in the film, their birth order is reversed, making him a few years older than his infant sister.The Hunger Games: Mockingjay - Part 2 Katniss truly loves her children, appreciating their ignorance towards the Games. However, she is remorseful, knowing that someday she will need to tell her children about their parents' role in the Games and the rebellion. Physical description Katniss and Peeta's son has his father's blond hair and his mother's gray Seam eyes, as well as chubby legs. Trivia In The Hunger Games: Mockingjay - Part 2, he was portrayed by Jennifer Lawrence's nephew, Bear Lawrence"
6e80e861f730,Brenda Turner,The 100,gender: Female | status: Unknown | actor: Unknown | seasons: One,,"Brenda Turner is a minor character in the first season. She is one of the delinquents sent to Earth to see if it is survivable. She is first seen in Pilot on one of the screens in Earth Monitoring Station. Throughout the Series Season One= In Pilot, Brenda's name is seen on one of the screens in the Earth Monitoring Station. In Earth Skills, Brenda Turner watches Wells Jaha and John Murphy fight, she also subsequently hears the announcement that there are still Grounders on Earth. In His Sister's Keeper, Brenda listens to Bellamy's speech about finding Octavia. However, she does not join in the search party to find her. In Contents Under Pressure, Brenda shelters from the storm in the dropship. Later when Raven successfully contacts The Ark she can be seen celebrating. Category:Minor Characters Category:Delinquents Category:Sky People"
619c65069ff1,Troy Walsh,Stranger Things,"status: Unknown (presumably alive) | gender: Male | appearances: 1, 3, 4, 6, 7 | born: Between June and November","He did not appeared to be a very remorseful or caring person, as revealed by his countless remarks about Will's disappearance and apparent death. At the assembly was being held for Will, as everyone believed he was dead, Troy and James cruelly made fun of his death, which caught the attention of Mike and Eleven. Brute Strength: Troy and James confronted Mike, Dustin, and Lucas at a playground, where Troy laughed and said that his father said that Will was dead and that he was killed by another queer.","Anthony ""Troy"" Walsh,Hawkins Middle School Yearbook/Hawkins High School Yearbook portrayed by Peyton Wich, is a recurring antagonist in Stranger Things. He is the best friend of James Dante, and together they often bully the Party. When Troy was humiliated after a funeral assembly for Will Byers, Troy and James took it upon themselves to get revenge on Mike, whom Troy blamed for his humiliation. When cornering Mike and Dustin at Sattler Quarry, Troy was stopped from inflicting any harm on the boys by Eleven who proceeded to break Troy's arm in retaliation, leaving Troy scared and conscience-stricken. History Background Anthony Walsh was born in to Mr. and Mrs. Walsh, and presumably was raised in Hawkins, Indiana for most of his life. At some point, he became best friends with James Dante. Together, they bullied Mike Wheeler, Dustin Henderson, Lucas Sinclair, and Will Byers since at least the fall of 1980,Stranger Things and Dungeons & Dragons primarily about their appearance, cleido"
1832ac351f7b,Neely,Mission: Impossible,species: Human | gender: Female | status: Alive,,Neely is a military officer with the rank of Rear Admiral. She is the Commander of Carrier Strike Group 10. Biography Neely first appears when Ethan Hunt outlines his plan to her Appearances Mission: Impossible – The Final Reckoning References Category:Female Characters Category:Mission: Impossible – The Final Reckoning characters
a1d44aee9751,Gumchum,The Boys,species: Supe | gender: Male | status: Alive,,"Gumchum is a member of Team Titanic. Background A member of the minor-league super-hero group Team Titanic with a habit of offering people gum while chewing gum at inappropriate times and unknown powers. Gumchum was in a meeting with Vought-American executives James Stillwell and Jess Bradley when the team was attacked by The Frenchman and The Female. In the ensuing skirmish, Gumchum was largely ignored while his team clashed with the invaders, and he ended up as one of the team's few surviving members. Trivia It is possible that Gumchum has no powers. Category:Characters Category:Comic characters Category:Male Characters Category:Supes Category:Team Titanic Category:Unknown Powers"
00df900a3579,Maricruz Delgado,Prison Break,status: Alive | gender: Female | first: Pilot | last: Call Waiting | actor: *Nadine Velazquez *Camille Guaty *Melissa Marsala,,"Maricruz Delgado is Fernando Sucre's girlfriend and fiancee who aided him after his escape and was abducted by bounty hunter Brad Bellick. She eventually became the mother of Lila Maria Sucre. Biography Background thumb|A stunning Maricruz arrives at her birthday party Maricruz met Fernando Sucre three years prior to his conviction and they began dating a year later. Around six months after Sucre's incarceration at Fox River State Penitentiary, Maricruz moved to New York after accepting a job as a buyer for a major Manhattan fashion outlet. Sucre's cousin Hector Avila moved to New York one month after Maricruz did, claiming that his company transferred him there. Hector is often responsible for driving Maricruz to the prison so she can see Sucre when she goes visit him every Tuesday (she always calls before hand). (1x1) While this is seemingly innocent, Hector is in fact a rival for Maricruz's affections. She was first mentioned when Sucre was writing a love letter to her. The pla"
7deb389ce0b9,Sequoia,The Matrix,appearances: *''The Matrix Resurrections'' | status: Alive | species: Human | gender: Male,"It almost killed him, but luckily he ended up meeting his wife, Sequoia's mother, and found another reason to live.","Sequoia,New ‘Matrix Resurrections’ Images Confirm Jonathan Groff’s Character called Seq (""seek"") for short, is the Operator of the Mnemosyne. Sequoia and others aboard the Mnemosyne helped bring Neo and Trinity back to the Real World after their deaths and resurrections. Biography Character Overview Sequoia serves as the tech-savvy crew member aboard the Mnemosyne. Loyal, witty, and slightly anxious under pressure, Sequoia acts as the digital eyes and ears for Bugs and her team during their missions inside the Matrix. His role echoes that of classic Operators from earlier films, managing digital surveillance, guiding team members, and offering real-time support. Sequoia’s personality stands out through his sharp banter, quick thinking, and deep belief in the cause to free minds from the Matrix. His character adds a grounded, human element to the crew, emphasizing the continued need for collaboration between those inside and outside the simulation. Pre-Series Sequoia's father lov"
6684570a2f47,Daryl Dixon (TV Universe),The Walking Dead,actor: Norman Reedus | gender: Male | status: Alive,"In the years following Rick's assumed death, he started living in the woods after spending a long time searching for his best friend's body. However, after Sophia's death, he reverts to his original hostility and becomes emotionally detached from the group. Moreover, he helps defend the prison after Rick's psychological collapse due to Lori's death, takes care of Judith, and also demonstrates his leadership capabilities by keeping the team united.","Daryl Dixon is a survivor of the outbreak in AMC's Television Universe. He is a main character in The Walking Dead, the protagonist of The Walking Dead: Survival Instinct, one of two protagonists of The Walking Dead: Onslaught, and one of two protagonists in The Walking Dead: Daryl Dixon. He served as the sole protagonist of Daryl Dixon in Season 1 and serves as the co-protagonist, alongside Carol Peletier, starting in Season 2. He is the younger brother of Merle and the last surviving member of his family. Daryl is an expert at hunting, tracking, navigation, and observation. He is also a skilled combatant, knife-wielder, and crossbowman. Rick Grimes values him as his right-hand man, close friend, and later on as a brother figure. Daryl is at first a brazen, surly, impulsive redneck but develops himself as an integral part of the group due to his survival skills. His aggression is unprecedented, and it remains one of his most valuable assets, as well as one of his most noticeable. Fo"
eb93d6518339,Jessie Eden,Peaky Blinders,"born: February 24, 1902Winson Green, Birmingham, England | status: Alive",He subsequently committed suicide via a self-inflicted gunshot wound to the head and she still grieves his death.,"Jessie Eden is a union leader and communist agitator in Peaky Blinders who is based on the real-life person of the same name. She organizes a strike in Birmingham comprised of all-female factory workers. In this capacity, she serves as the secondary antagonist of Season 4. Character History Background Jessie was born Jessie Shrimpton on February 24, 1902 at 61 Talbot Street in Winson Green. After WWI, her boyfriend returned from Passchendaele with “shell-shock,” now known as post-traumatic stress disorder. He subsequently committed suicide via a self-inflicted gunshot wound to the head and she still grieves his death. Jessie is a union leader at one of Thomas Shelby's factories and is a member of the Stechford branch of the British Communist Party. In 1924, Jessie is a shop steward at the Lucas factory in Sparkhill. She brings all the female workers in the spot-welding and wire-cutting shops out on strike that day. They are protesting at poor conditions, lack of holidays, unsanit"
f8d4da02a2de,Jimmy McNulty,The Wire,"actor: Dominic West | seasons: 1, 2, 3, 4, 5 | birth: 1971 | status: Alive | Status: Alive",McNulty becomes convinced that Gant was murdered by the Barksdale Organization to retaliate and discourage future witness testimony. McNulty informed Judge Phelan that a state's witness from his presiding case was murdered. McNulty discovered a front-page article identifying William Gant as a murdered state's witness.,"James ""Jimmy"" McNulty is a retired Baltimore Police Department detective. Although dedicated and intelligent, McNulty is disliked by many of his peers and commanders because of his insubordinate attitude and sense of intellectual and moral superiority. His obsessive personality causes friction in both his personal and work life and leads to issues with alcoholism and infidelity. Despite his self-destructive nature, McNulty's intransigence led to the initiation and success of multiple police investigations. Personality McNulty is introduced as a roguish detective with a stubborn and obstinate approach to police work. He has a disdain for the corrupt Baltimore system that often hinders his investigations, as well as a dislike of police work that he views is a waste of his time, such as the Marine Unit. McNulty does not desire to merely solve cases, and wants to complete criminal investigations that catch big-time offenders and drug kingpins. He has proven, time and time again, to be w"
733589d938af,Gambit,Marvel Cinematic Universe,species: Mutant | gender: Male | actor: Channing Tatum | status: Alive,"|Gambit learns about Human Torch's fate
Gambit mentioned those who had been killed by Nova, and brought up that Human Torch had gone missing. Deadpool explained that Nova killed Human Torch, and then tried to motivate the Resistance to help him save his world.","Remy LeBeau is a mutant with the ability to manipulate kinetic energy, displaying a talent for card throwing and using a bō staff. Having eventually taken the name Gambit, he was banished to the Void by the Time Variance Authority, where he joined the Resistance to battle Cassandra Nova and her forces. He and his team forged an alliance with Deadpool and Wolverine to defeat Cassandra and escape the Void. Biography Banished to the Void Life in the Void Remy LeBeau resided in the Void as a kinetic energy manipulative mutant dubbed Gambit with no knowledge of his prior life. While in the Void, Gambit affiliated himself with the Resistance, a group of heroes that opposed the rule of oppressive omega-level mutant Cassandra Nova and her henchmen. Gambit took residence at the Resistance's hideout, where he amassed a collection of liquor. Gambit later fought alongside the Resistance members in battle against Nova and her forces, and witnessed the deaths of Quicksilver, Punisher, Daredevil "
3492829ada80,Stalker (Elite Clan),Alien vs Predator,status: Alive | gender: Male,,"Stalker was an Elite-ranked Yautja and a member of the Elite Clan, alongside fellow Elites Dark, Wolf, Hunter, the Serpent Hunter, an unnamed Elite Predator, and Clan Leader Spartan. Equipment Stalker carried some of the usual Yautja gear, including a Plasmacaster mounted on the left side of his back that went over his left shoulder and a Medicomp on the middle left of his back, and presumably a Cloak and a Self-Destruct Device in his Wrist Gauntlet; as with the rest of the Elite Clan, he carried Dual Wristblades on both gauntlets. His bio-helmet was unique in that it did not cover his full face and exposed most of his forehead area and cheeks. His helmet also had one visor for both of his eyes to look through. Bio-helmet Cloak Plasmacaster Wrist Gauntlet Self-Destruct Device Medicomp Dual Wristblades Trivia Stalker does not appear in the game's singleplayer campaign, appearing only as a multiplayer skin, unlocked when players reach Rank 7. Category:Predators featured in video game"
537523baa9ff,British Ambassador to Germany,James Bond 007,status: Alive | portrayed: Patrick Barr,,"The British Ambassador was a fictional unnamed diplomat who appeared briefly in the 1983 James Bond film Octopussy. He is played by British actor Patrick Barr. Biography During a formal gathering at the ambassador's residence in Berlin, a mortally wounded 009 enters the compound and falls through a patio door, dropping a Fabergé egg right in front of the ambassador. The shocked ambassador most probably contacted the secret service afterwards. Trivia The ambassador wears several orders and medals with his evening dress. The blue riband and the star on his coat show he is a Knight of the Order of the Garter, Britain's highest order of chivalry. The badge around his neck is of the Spanish Order of the Golden Fleece, an extremely unlikely award for a Briton to receive. The medals on his lapel are the 1939–1945 Star, the France and Germany Star, the Burma Star, the Defence Medal, the War Medal 1939–1945 and the Queen Elizabeth II Coronation Medal. He is not wearing any insignia of the "
25fb735b3212,Barney Fellows,Jurassic Park,species: Human | gender: Male | status: Unknown | appearances: (cameo),,"Barney Fellows was a friend of Dennis Nedry. He worked at a company named Symbolics, located in Cambridge, Massachusetts. History Jurassic Park When Nedry was puzzled by some of the work he had been contracted to do by InGen, he asked Fellows for some assistance. Nedry stated how much computer memory the database required, Barney said it must be a mistake; nothing takes up that amount of space. Due to the non-disclosure agreement Nedry had signed, he wasn't able to give enough info for Fellows to make anything but a rough, but ultimately correct, guess: that InGen was doing something involving DNA. Movies He was briefly mentioned in the movie, with Hammond telling Arnold to ""Phone Nedry's people... In Cambridge..."" only to discover that the phones were dead. Category:Minor Characters Category:Jurassic Park (novel) characters Category:Male characters Category:Novel-Only Characters Category:Unseen Characters"
ddb048077745,Mehen,DC Extended Universe,species: Egyptian God | gender: Male | status: Unknown,,"Mehen was a god worshipped in Ancient Egypt. Biography Around 2600 B.C., the Council of Wizards chose the individual Hurut as their champion, bestowing among other abilities, the Courage of Mehem. Soon after, Hurut discovered his father Teth-Adam dying from wounds inflicted by his enemies, leading him to bestow his powers to his father. Trivia References External Links Category:Egyptian Gods Category:Males Category:Gods Category:Mentioned Only Characters"
2dcb0d28d51c,Charlie Irwin,Grey's Anatomy,status: Alive | seasons: '''S19:''' 3 and 4 | portrayed by: Reginald Veljohnson,"Pruitt's Death
Charlie, Captain Lawrence, and Snuffy Souza came to Station 19 with Pruitt to tell stories to the current team and play cards.","Charlie Irwin is a retired firefighter who worked with Pruitt. History Early Life Charlie worked with Pruitt Herrera at SFD Station 19. He left the fire service in May 2012. Pruitt's Death Charlie, Captain Lawrence, and Snuffy Souza came to Station 19 with Pruitt to tell stories to the current team and play cards. When part of the team was called out to free people trapped in a storage unit, they grabbed the radio and listened to see how well trained the team was. They discussed every call any of them made, as the call progressed from trapped civilians to a fire. When they heard over the radio that several firefighters became trapped in the storage facility and were running out of air, Pruitt abruptly got up and left. They continued to listen to the radio and heard that Pruitt was going up to ventilate the roof, knowing that once he did, he would fall into the fire. Lawrence told Irwin to prepare to sound the 20 bells. Irwin pointed out that Pruitt was retired, but Lawrence countered"
7d9f28729d7b,Harold,Breaking Bad / Better Call Saul,Portrayed by: Jermaine Washington | Gender: Male | Status: Alive,,"Harold is a security guard for Sandpiper Crossing. History Season 1 When Jimmy comes back to Sandpiper, Paula tells him that he is banned from entering the premises. She says that they've enacted a new policy in order to protect their residents from unwanted ""legal solicitation."" As Jimmy argues with Paula, he hears the sound of shredding from the adjacent office. Jimmy manages to talk his way into being allowed to use the restroom, where he furiously scribbles a ""demand letter"" on toilet paper, informing Sandpiper Crossing of pending litigation against them. He thrusts the ""document"" at her before he is tossed out by Harold and Gary. Appearances Better Call Saul Category:Living Characters Category:Characters Category:Season 1 Characters (Better Call Saul)"
6e2fb2b1b95a,Kyker (The Lie),Lost,Status: Alive | Actor: Michelangelo Zee,,"Kyker was a police officer working under the LAPD, and was assigned to the case of Hurley who was suspected of a triple homicide. Kyker and his partner were called to Hurley's house when Hurley was hiding there, they spoke with Hurley's father who told them that he did not know of Hurley's whereabouts. However, Kyker and his partner began to wait outside Hurley's house, until Hurley ran outside shouting that he was a murderer and allowed himself to be arrested at night. As a result, they took him into custody. Trivia The role was a non-speaking part, therefore, the actor wasn't credited in the episode. Kyker's name wasn't mentioned in the episode, but the police business card he given to Hurley's father had his name on. Although the card wasn't shown clearly in the episode, it was later sold in the lost auction, and pictures of the item revealed the character's name as Kyker. Kyker was named after the property master of the series, Rob Kyker. Category:Characters Category:Season 5 "
81074d979af1,Topspin TFP,Transformers,species: Cybertronian | status: Unknown | gender: Male,"History 
TBA
Category:Autobots
Category:Wreckers
Category:Combiners
Category:Males
Category:Possibly Deceased Characters
Category:Characters
Category:Fall of Cybertron Autobots
Category:Flying Character",Topspin is a flight-capable Autobot Wrecker. He combines with four of his Wrecker comrades to form Ruination. He forms the left leg. History TBA Category:Autobots Category:Wreckers Category:Combiners Category:Males Category:Possibly Deceased Characters Category:Characters Category:Fall of Cybertron Autobots Category:Flying Character
aae2f4043ca3,Dorman,Avatar,status: Unknown | species: Human | gender: Male | portrayed: Kevin Dorman | first: ''Avatar: The Way of Water'' | last: ''Avatar: Fire and Ash'',"It is unknown if he succeeds to escape or he dies with Ardmore, leaving his fate unknown.","Dorman is a member of the Security Operations, who serves as General Frances Ardmore's adjutant on Bridgehead following the RDA's return to Pandora in 2168. Biography Dorman presumably arrived on Pandora alongside his superior General Ardmore with the initial ten ISV's and was was stationed on Bridgehead, the new city-sized base located on the shores of one of the oceans of Pandora. Avatar: The Way of Water thumb|left|250px|Dorman with General Frances Ardmore. When Recom Quaritch and the first recombinant squad arrived at Bridgehead, he introduced the colonel and Recom Wainfleet to General Ardmore in one of the armor bays. Dorman also followed the general and the two recombinants as they wandered through a construction site and a 3D printing facility manufacturing a S-76 SeaDragon, before arriving at the Ops Center, where they discussed the attacks Jake Sully and his resistance have committed. He later accompanied General Ardmore on her personal Dragon Assault Ship called the Dragon"
e42d0cef05a5,Mr. Miller,The Sopranos,portrayed by: David Morritt | status: Alive | gender: Male,,"Mr. Miller is a supporting character in The Sopranos portrayed by David Morritt. Biography Mr. Miller is A.J. Soprano's science teacher at school and has his car stolen. In an attempt to get his son better grades, DiMeo capo Tony Soprano and soldier Salvatore Bonpensiero find and return a car that is the same model, a red Saturn, with Mr. Miller's number plate on it. His real car was scrapped by the thieves before they were found and the number plate was taken from the wreck. He notices the change when opening the trunk, seeing the inside of the Saturn is another colour and the paint is still somewhat fresh. Appears in: ""46 Long"" Category:Characters Category:Males Category:Minor Characters Category:Civilians Category:One-Off Characters Category:First name unknown Category:Teachers Category:The Sopranos (Season 1) Characters"
1f155561205f,Fiona Larkin,Sons of Anarchy,status: Alive | portrayed by: Bellina Logan | appearances: 7 Episodes (see below),,"Fiona Larkin is Chibs Telford's estranged wife on the FX original series Sons of Anarchy. Played by American actress Bellina Logan, Fiona makes her debut on the episode ""Potlatch"" in season two. Playing a recurring role throughout the same and subsequent season, Fiona was last seen in the season three episode, . Biography As a True IRA member, Fiona is very dangerous. Gemma Teller-Morrow, a tough old lady herself, stated that Fiona is one of the only three women she fears, also describing her as an ""Irish bitch"". Fiona wants to protect her daughter more than anything in the world. Season 2 ""Potlatch"" In hospital, Filip ""Chibs"" Telford finally comes around, he is shocked to see Fiona, his estranged wife has come to visit. She kisses him, saying it is from Kerrianne, their daughter. Chibs says Fiona coming here was a bad idea, before drifting back to sleep. Fiona is currently with James ""Jimmy O"" O'Phelan and usually resides in Ireland as an active member of the IRA. Fiona sits w"
985eaaf4351f,Annie Jones,Supernatural,status: Alive | actor: Katherine Ramdeen,"Phelps' death as he'd believed in her and because of the way he died and tells Henry there are awful things out there. Richard drags Claire over to feed on her and Alex confirms Jody's story that the Winchesters are hunters who killed Alex's entire nest. During the fight, Alex kills one of the monsters with several shots to the chest.","Alex Jones, born Annie, was reported abducted in 2006 outside of Kenosha, Wisconsin. She was kidnapped by Celia and her family, and used as a blood slave and as a lure, bringing unsuspecting victims to the nest for her family to feed on. She ran away out of guilt for what she was doing. She has since been adopted by Jody Mills. History Season 9 Annie arrives in Sioux Falls, South Dakota where she is arrested by Deputy Frank and thrown in jail. After getting a breaking and entering call, Frank leaves her alone and her vampire ""brother"" Cody arrives, having hunted her down. Scared, Annie cowers until Sheriff Jody Mills arrives and decapitates Cody with a fire axe. Annie refuses to thank Jody as Cody was her ""brother."" Jody calls in Sam and Dean who try to get information out of Annie after determining she's not a vampire. Annie, demanding to be called ""Alex,"" recognizes them as hunters and refuses to tell them anything to help them hunt her ""family."" Using her bus ticket, Sam and Dean "
9105b42a9e09,Giggles,Westworld,status: Unknown | species: Human | gender: Male | actor: Marshawn Lynch | seasons: Season Three,"Related Casualties
This list shows the victims Giggles has killed:
1 unnamed Serac's operative

 Gallery 

References

Category:Characters
Category:Male characters
Category:Human
Category:Criminals","Giggles is a criminal from Los Angeles, who is known to work with Ash and Caleb Nichols. Plot Season Three ""Parce Domine"" Giggles, alongside Ash and Caleb Nichols, team up through the RICO app, stealing an ATM. He later teams up with Caleb and Estefan, are hired to ""babysit"" a wealthy young man who has taken a new experimental drug and suffers from psychological withdrawals. This man slaps Giggles in the face during his drug-induced state, to which the criminal replies with strong punch. ""Genre"" Giggles, alongside Ash, help Dolores and Caleb smuggle Liam across the city, as they are being pursued by the operatives of Serac. ""Crisis Theory"" As Caleb ventures closer to Incite headquarters during an uprising, he finds Ash and Giggles amid the chaos, partaking in demolitions and (disrupting) crowd control respectively. Giggles manages to breach a segment of a barrier wall, allowing rioters to overrun the barricade and Caleb and Ash to race toward a police quadcopter. He is shot "
f0817bf4d100,Ronald Swale,Ozark,status: Alive | gender: Male,"About 
Swale is an investigator who visits thwe Byrdes and Langmore after the death of Agent Roy Petty.",Ronald Swale is minor character in the series. About Swale is an investigator who visits thwe Byrdes and Langmore after the death of Agent Roy Petty.
0b86b493969f,Jakob Toretto,Fast & Furious,gender: Male | status: Unknown | actor: John Cena Finn Cole (young),"Jakob eventually shared the truth about their father's death and after being betrayed by Otto, decided to help Dom's crew deactivate Project Aries. Death of Father
In 1989, Jakob and Dom worked on their father's pit crew during the last stock race of the season. Dom and Jakob both watched as their father died in front of them.","Jakob Toretto is the middle child of Jack Toretto, the brother of Dominic and Mia, and a former agent of the Agency under Mr. Nobody. He was exiled from his family by his brother after it became known that he tampered with his father's car during the 1989 stock race season at Baldwin Speedway, causing him to crash and die in an explosion. Jakob grew up in Dom's shadow and always sought revenge for what happened, betraying Mr. Nobody and going rogue to steal a device called Project Aries after he was convinced by his colleague, Otto. Jakob eventually shared the truth about their father's death and after being betrayed by Otto, decided to help Dom's crew deactivate Project Aries. After the successful mission, Jakob was accepted back into his family. Two years after making amends with his brother, Jakob was called to protect Brian Marcos and bring him to Portugal as he was being targeted by Dante Reyes. During a chase with Dante and his henchmen, Jakob chose to sacrifice himself to all"
