char_id,name,franchise,infobox_fields,death_sentences,text_excerpt
0dd969be8ce4,Devar Manigault,The Wire,"actor: Cyrus Farmer | birth: August 6th, 1969 | death: November 19, 2006","Shortly after Devar is released from prison he is savagely beaten to death by Chris Partlow at Michael's behest. Production
Appearances

 References 

Category:Characters
Category:Season 4 Characters
Category:Deceased
Category:Killed by Christopher Partlow","Devar Manigault was the partner of Raylene Lee, the father of Aaron Manigault, and the stepfather of Michael Lee. Biography Season 4 Devar Manigault is Raylene Lee's domestic partner, father to her younger son Aaron ""Bug"" Manigault. Fans frequently refer to him as the stepfather of Raylene's older son Michael Lee, though he never actually married her. Devar is feared by Michael and it is implied that Michael suffered sexual abuse by Devar. Shortly after Devar is released from prison he is savagely beaten to death by Chris Partlow at Michael's behest. Because Chris leaves DNA at the crime scene, he is ultimately arrested for this murder. Production Appearances References Category:Characters Category:Season 4 Characters Category:Deceased Category:Killed by Christopher Partlow"
7f65d4c82a7a,Derek (Comic Series),The Walking Dead,gender: Male | status: Dead | first: Issue 75 | last: Issue 78,"He and his men tried to penetrate Alexandria, but ultimately failed and were killed. His death and his group's fall proved to be the catalysts for the events of Volume 14: No Way Out. Rick tells him that he should walk away, or he will face a horrible death.","Derek is an antagonist and a survivor of the outbreak in Image Comics' The Walking Dead. He is the leader of a group called the Scavengers. He and his men tried to penetrate Alexandria, but ultimately failed and were killed. He served as one of the two primary antagonists of Volume 13: Too Far Gone (along with Peter Anderson). His death and his group's fall proved to be the catalysts for the events of Volume 14: No Way Out. Overview A rather inelegant and mildly charismatic but brutal man, Derek is the snide leader of the D.C. Scavenger group. He is shown to have complete authority over the other members of the group. He shows high disregard for the people of Alexandria's lives and will do whatever it takes to get inside, saying he and his group are desperate, most likely from living in the downtown D.C. area. He is also extremely cocky, thinking he could get the jump on Rick's group by just walking up to the front gate. His cockiness and arrogance prove to be his and his group's dow"
626c65db41cf,Sarah Davies,Mission: Impossible,gender: Female | status: Deceased,"She was a field operative of Jim Phelps's Impossible Mission Force team who is murdered in the opening mission. Mission in Prague and Death 
In 1996, Sarah participates in a mission in Prague, Czech Republic, to prevent a NOC of the IMF from being stolen and sold on the black market. However, their colleagues begin to be killed and Jim Phelps orders the entire team to retreat.","Sarah Davies (March 23, 1963 – March 13, 1996) was a supporting protagonist appearing in the 1996 action/thriller film Mission: Impossible. She was a field operative of Jim Phelps's Impossible Mission Force team who is murdered in the opening mission. Biography Early life According to the briefing tape sent to Jim Phelps in the opening of the film, Sarah Davies was born on March 23, 1963, is an English national and have a relative named Martin James Davies (who is possibly her father or her husband). Mission in Prague and Death In 1996, Sarah participates in a mission in Prague, Czech Republic, to prevent a NOC of the IMF from being stolen and sold on the black market. Under the codename of Sarah Walker, the agent infiltrates a party and follows the traitor agent Alexander Golitsyn with Ethan Hunt. However, their colleagues begin to be killed and Jim Phelps orders the entire team to retreat. Disobeying this order, Sarah continues to follow Golitsyn in the street and is stabbed "
ae62346b0a75,Louis Zehner,Ozark,species: Human | gender: Male | status: Deceased,"He laundered money for Camino Del Rio before he was replaced by Marty Byrde and killed by two of Del Rio's henchmen for being an FBI informant. Category:Characters
Category:Males
Category:Deceased","Louis Zehner is a minor character and appears in Kaleidoscope. He laundered money for Camino Del Rio before he was replaced by Marty Byrde and killed by two of Del Rio's henchmen for being an FBI informant. They strangled him and then cut both of his eyes out, right in front of Marty and Bruce Liddell. His eyes would later be saved by Del Rio and mailed years later to Marty and Wendy's new house in the Ozarks to intimidate them. Category:Characters Category:Males Category:Deceased"
aab638e063b1,Barbara Holland,Stranger Things,status: Deceased | gender: Female,"Eventually, it was revealed that she had been killed by the Demogorgon. In 1984, following an acknowledgment of Hawkins Lab's involvement in her death, she was given a proper funeral. The Demogorgon sadistically allowed Barb to almost leave, but dragged her back into the pool and mauled her to death.","Barbara ""Barb"" Holland was a recurring character in the first season of Stranger Things. She was portrayed by Shannon Purser. Barb was the best friend of Nancy Wheeler. In late 1983, Barb mysteriously vanishes, which leads Nancy and Jonathan Byers to investigate her disappearance. Eventually, it was revealed that she had been killed by the Demogorgon. In 1984, following an acknowledgment of Hawkins Lab's involvement in her death, she was given a proper funeral. History Background thumb|left|100px|Nancy's photos of her and Barb. thumb|left|100px|Family portraits of Barb. Barbara ""Barb"" Holland was born on September 13, 1967, to Mr. and Marsha Holland. Around 1974, when Barb began first grade, she became best friends with Robin Buckley. The two would often imagine escaping Hawkins and exploring the world on adventure. However, around 1979, when the girls began sixth grade, Barbara had met a popular girl named Nancy Wheeler at an unspecified school club and eventually drifted apart from"
2c65109a1dc9,Picante Balls,The Boys,species: Supe | gender: Male | status: Deceased (killed by Homelander),"Before being killed by Homelander, Picante Balls hugged Flashback. Category:Male Characters
Category:The Boys Presents: Diabolical Characters
fr:Couilles piquantes
Category:Deceased
Category:Characters Killed by Homelander
Category:Supes victims
Category:Supes","is a character in the animated anthology series, The Boys Presents: Diabolical. He appears in the episode, An Animated Short Where Pissed-Off Supes Kill Their Parents. The Boys Presents: Diabolical Picante Balls resided at the Red River Assisted Living for the Gifted Child where he can melt things with his testicles which are covered by a heat-proof undergarment when not in use. In ""An Animated Short Where Pissed-Off Supes Kill Their Parents"", Picante Balls assisted Ghost in her campaign to take revenge on their parents. Picante Balls ambushed his dad's dinner with two girls and used his hot testicles on his neck. Before being killed by Homelander, Picante Balls hugged Flashback. Powers and Abilities Powers Heat Generation: Picante Balls can generate heat from his testicles. Superhuman Hearing: Picante Balls possesses superhuman hearing, allowing him to hear better than humans. Like all Supes, he can hear higher frequencies that humans cannot. Category:Male Characters Catego"
f36510209d19,Stuart Tuxhorn,Prison Break,played by: Steve Tom | death: 2005,"Apparently Whistler did not know Tuxhorn was already a Company administrator, and the General had Whistler murdered by Wyatt. Appearances

Trivia
2 Scylla card-holders died in back-to-back episodes. Although Stuart was killed by Ralph, his dead was ordered by Krantz, making him also responsible for his death.","Stuart Tuxhorn was a Scylla cardholder and a high-ranking official of The Company. Biography Season 4 After Whistler stole and copied the first Scylla card, and handed the original off to Tuxhorn and gave the copy to General Krantz. Apparently Whistler did not know Tuxhorn was already a Company administrator, and the General had Whistler murdered by Wyatt. Under the orders of Don Self, Michael Scofield and the gang used Tuxhorn's maid to carry Roland's device into Tuxhorn's house and copy the device. Because she left it in the house, Scofield and Mahone had to break in and collect the device. Appearances Trivia 2 Scylla card-holders died in back-to-back episodes. The first one was Griffin Oren in The Mother Lode and then Stuart Tuxhorn in VS. It's never revealed if Stuart was a member of Christina Scofield's gang. Although Stuart was killed by Ralph, his dead was ordered by Krantz, making him also responsible for his death. See also Stuart Tuxhorn's unknown party Category:Crimina"
0c4882eb1a9e,Sebastian Miro,Fast & Furious,gender: Male | actor: Christian Lanz | status: Deceased,"History

 Relationship 
 Allies 
Dominic Toretto's Crew
Dominic Toretto
Letty Ortiz
Cam Stone
Vienna Cole

Enemies
Emil Elias Ormstrid
Kai † (killer)

References

Category:Characters
Category:Fast & Furious: Crossroads characters
Category:Deceased
Category:Street racers
Category:Males
Category:Toretto's crew",Sebastian Miro was a Barcelona street racer and mechanic. History Relationship Allies Dominic Toretto's Crew Dominic Toretto Letty Ortiz Cam Stone Vienna Cole Enemies Emil Elias Ormstrid Kai † (killer) References Category:Characters Category:Fast & Furious: Crossroads characters Category:Deceased Category:Street racers Category:Males Category:Toretto's crew
8e8e05cfc75a,Father Hughes,Peaky Blinders,"born: c. 1870s, Ireland | died: 1924, Birmingham, England | status: Deceased","Michael kills Hughes by viciously stabbing him to death. Following the abduction of Tommy's son, Hughes was confronted and killed by Michael Gray. Appearances 

 Peaky Blinders series 

 Series 3 

 Episode 3.2
 Episode 3.3
 Episode 3.4
 Episode 3.5 (mentioned)
 Episode 3.6

 Series 4 

 Episode 4.1 The Noose (indirectly mentioned)

 Untitled Peaky Blinders sequel series (possibly mentioned) 

 Image Gallery 
Category:Characters
Category:Series 3 Characters
Category:Status: Deceased
Category:Enemies
Category:Members of Section D
Category:Secondary Characters","Father John Hughes is a priest and an agent of the Economic League. As the overseer of the League's plot to coerce Thomas Shelby into realizing their goal of inciting a conflict between Great Britain and the Soviet Union, he serves as the main antagonist of Season 3 of Peaky Blinders. Character History Background Father Hughes was an Irish priest involved in many different groups, including the Russians, the Economic League, and the church in Birmingham. Series 3 · 1924 Thomas came to suspect that Father Hughes was a double agent, seemingly working for the British Crown and with the politically White Russians but reporting to the Communist Russians. This was only partially true. Hughes does represent the Crown and was acting under orders to report to the Reds because they wanted to provoke an attack on British soil, which would break diplomatic relations with the Communists. After Tommy accuses him of being a Soviet informant, Hughes extorts Tommy into publicly apologizing by "
eb3cc4754ef6,Plato,The Matrix,born: 428/427 or 424/423 BC | died: 348/347 BC,,"Plato (Ancient Greek: Πλάτων) was an ancient Greek philosopher. His Allegory of the Cave is a strong influence on the concept of the Matrix. Allegory of the Cave The Allegory of the Cave, sometimes called Plato's Cave, explores the themes of reality and perception. Proposing that our perception of reality is not truth. Plato describes a group of people who have lived chained to the wall of a cave all of their lives, face a blank cave wall. The people, or prisoners, watch shadows projected on the wall from objects passing in front of a fire behind them. These shadows are given names and are reality to the prisoners. In the allegory, Plato goes on to describe the exit from the cave. Proposing that a single prisoner is somehow freed. Plato then describes their journey towards truth. According to Plato, once free the former prisoner will look around. Plato claims that the prisoner would see the fire first and not the objects. Plato writes: ""... it would hurt his eyes...""Plato. Ro"
119d9c4ba4b6,Berserker (LV-412),Alien vs Predator,gender: Male | status: Deceased,"After the Jungle Hunter killed all of the Xenomorphs, the Berserker jumped into the Arena himself and quickly defeated the Jungle Hunter. Equipment 
 Bio-helmet
 Wristblades x2
 Wrist gauntlet
 Self-Destruct Device
 Cloak
Appearances

pl:Berserker (LV-412)
ru:Берсерк (LV-412)
es:Berserker Predator (LV-412)
Category:Super Predator individuals
Category:Deceased
Category:Predators featured in video games
Category:AVP: Evolution characters
Category:Chestburster victims
Category:Xenomorph killers
Category:Yautja individuals
Category:Predalien hosts
Category:Clan leaders
Category:Bad Bloods
Category:Antagonists","A Berserker Super Predator was a member of the Super Predator Clan on LV-412. The Berserker seemed to be a leader of sorts for the clan. At some point, the clan gained the ability to control s by capturing a Queen. However, some Xenomorphs, including a Drone, managed not to be controlled by the Super Predators due to being born outside the hive. The Drone eventually managed to fight through the Berserker's Super Predators and defeated him in the Temple Arena, freeing its Hive. Biography The Berserker seemed to serve as a leader of sorts for the Super Predator Clan on LV-412, being the last Super Predator a Drone had to face to free its Hive. At some point, the clan captured a Xenomorph Queen, which allowed them to control most of her Hive's Xenomorphs. However, some Xenomorphs, including the Drone, managed to not be controlled by the Super Predators. After gaining control of Xenomorphs, the clan captured a Jungle Hunter and forced him into the Temple Arena on LV-412 to serve as a te"
2f42bc110fec,Taserface,Marvel Cinematic Universe,gender: Male | DOD: October 2014 | actor: Chris Sullivan | status: Deceased,"Taserface, allying with Nebula had the Ravagers loyal to Udonta executed, and imprisoned Udonta, Kraglin Obfonteri and Guardians Rocket and Groot in the brig of the Eclector. When they made their escape, Taserface relayed an emergency message to the Sovereign in tipping off their location, before he was killed in the Eclector’s destruction. Any Ravager members that had sided with Udonta, including Tullk and Oblo, were executed by being released into space.","Taserface was a Ravager mercenary and a lieutenant in the Yondu Ravager Clan. In 2014, following Yondu Udonta's exile established by Stakar Ogord, Taserface led a mutiny against Udonta, claiming he was not a suitable Ravager captain. Taserface, allying with Nebula had the Ravagers loyal to Udonta executed, and imprisoned Udonta, Kraglin Obfonteri and Guardians Rocket and Groot in the brig of the Eclector. When they made their escape, Taserface relayed an emergency message to the Sovereign in tipping off their location, before he was killed in the Eclector’s destruction. Biography Christmas Presents One December, Peter Quill wrapped a present for Taserface whilst trying to re-create Christmas, although the gift was thrown away by Yondu Udonta before Taserface could unwrap it. Ravager Mutiny Gaining Ravager Support |Taserface enacts his rebellious plans Taserface, along with Yondu Udonta faction of Ravagers, went to the Iron Lotus to relax. Taserface watched as Stakar Ogord reminded U"
34256266d7fe,Mrs. Whistler,James Bond 007,status: Deceased; drowned | portrayed: Margaret Lacey,"References

fr:Mme Whistler
Category:James Bond Characters
Category:Film Characters
Category:Diamonds Are Forever (film) Characters
Category:Villains
Category:Henchmen
Category:Female Characters
Category:Smugglers
Category:Minor Characters
Category:SPECTRE Collaborators
Category:British
Category:Deceased Characters
Category:Characters Killed by Mr.","Mrs. Whistler was a missionary teacher operating in Africa. She was also a diamond smuggler working indirectly for the criminal organisation, SPECTRE. Portrayed by British actress Margaret Lacey, the character served as a minor antagonist in the 1971 James Bond film, Diamonds Are Forever. Biography Though ostensibly a kindly missionary teacher who taught children in Africa, Mrs. Whistler moonlighted as a smuggler, transporting diamonds off the continent in a hollowed-out Bible. Unbeknownst to the smugglers, the gemstones were being used to construct an orbital laser weapon; commissioned by criminal mastermind, Ernst Stavro Blofeld. With construction nearing completion, Blofeld dispatched assassins Mr. Wint and Mr. Kidd to tie-up loose ends by murdering the pipeline's members. After delivering her contraband to fellow smuggler Tiffany Case, Mrs. Whistler was the third to be targeted by the pair of murderers; who drowned her in a canal in Amsterdam, The Netherlands. Gallery Trivia A s"
5991929b86e3,Juan,Jurassic Park,appearances: ''Jurassic World: Aftermath'' | species: Human | gender: Male | portrayed: Ian O'Donnell | status: Deceased | died: 2017,"Gallery

Category:Humans
Category:Male characters
Category:Jurassic World: Aftermath Characters
Category:Deceased characters
Category:Characters
Category:Unseen Characters","Juan was the pilot of the plane at the start of Jurassic World: Aftermath, alongside his co-pilot Carlos on their mission to Isla Nublar alongside their passengers, Amelia Everett and Sam. History When the plane was attacked by Pteranodons, it crashed somewhere in the abandoned Jurassic World park. Juan survived the crash and called out to Carlos, who did not respond at all and also called to Sam. He seemed to be stuck under something, but was later devoured by the Tyrannosaurus rex, Rexy. Characteristics Juan was a serious and devoted pilot, who did not tolerate distractions. He was also a caring individual. Gallery Category:Humans Category:Male characters Category:Jurassic World: Aftermath Characters Category:Deceased characters Category:Characters Category:Unseen Characters"
94882c80ce15,Alura,DC Extended Universe,species: Kryptonian | status: Deceased | gender: Female,"Relationships
Family
Zor-El † - Husband
Kara Zor-El - Daughter

References

External Links

es:Alura

Category:Kryptonians
Category:Scientists
Category:Deceased Characters
Category:Comic Characters
Category:Females","Alura was a scientist on Krypton and a member of the Kryptonian Thinker Guild. Biography Alura lived as a scientist on Krypton, having a daughter, Kara, with her husband Zor-El. They raised Kara to become a successful pilot, and she took part in Krypton's colonization of other planets, graduating top of her class. Alura and Zor-El congratulated her for bringing prestige to their family and wished her luck on her mission. She and her husband later watched as the ships bound for outer space left Kandor for the unknown. Relationships Family Zor-El † - Husband Kara Zor-El - Daughter References External Links es:Alura Category:Kryptonians Category:Scientists Category:Deceased Characters Category:Comic Characters Category:Females"
143b6c989e91,Lamina,The Hunger Games,gender: Female,"She died on the third day of the Games and finished in 10th place of the 24 tributes (though only 15 tributes made it to the start of Day 1 of these Games). She was preceded in death by Jessup Diggs, the male tribute from District 12, and succeeded by Tanner, the District 10 male. Here is where the District 2 male tribute, Marcus, was left hanging near death after being strung up pre-games by the Capitol Peacekeepers.","Lamina was the female tribute reaped from District 7 during the 10th Hunger Games. She died on the third day of the Games and finished in 10th place of the 24 tributes (though only 15 tributes made it to the start of Day 1 of these Games). She was one of the few tributes to not be in a known direct alliance with their fellow reaped district partner (in her case, Treech). She was preceded in death by Jessup Diggs, the male tribute from District 12, and succeeded by Tanner, the District 10 male. Her mentor was Pliny Harrington, nicknamed Pup. Biography alt=Lamina crying at the reaping.|left|thumb|Lamina crying at the reaping. Lamina grew up in District 7, likely becoming familiar with how to effectively use an ax, and became her district's female tribute in the reaping for the 10th Hunger Games.The Ballad of Songbirds and Snakes, Chapter 7 Along with the other tributes, Lamina was taken to the Capitol in the back of a cattle car train. From there, she was dumped into the monkey house at"
4f40ab60e311,Regina,Lost,Actor: Zoë Bell | Death: 26 December 2004 | First: ''(voice)'' | Status: Deceased,"Post-death
Gault referenced her death when warning Keamy that he may be suffering from the same sickness. Regina, along with Minkowski, were only heard over the phone for three episodes, then died mysteriously in their first actual episode appearances. ar:ريجينا
de:Regina
es:Regina
fr:Regina
it:Regina
pl:Regina
pt:Regina
ru:Регина
zh:Regina
Category:Season 4 characters
Category:Deceased Characters
Category:Freighter","Regina was a crew member aboard the Kahana. On the freighter Days 92–96 (Season 4) On the Kahana, Regina was only seen to be working as a communications officer, though it is unknown whether this was her primary job on the freighter. She likely took over the job when George Minkowski became ill as a result of being unstuck in time, becoming unfit for such a demanding job. Regina shared a satellite phone conversation with Miles when he demanded to talk to Minkowski, but Regina explained that he could not come to the phone, becoming more and more firm as Miles made the urgency of the situation clear. She later spoke with Daniel on the phone to assist him with an experiment. After Daniel set up a beacon on the Island, Regina launched a ""payload"" from the freighter, and counted down its distance from the Island. She (like Daniel) found it ""weird"" that the payload had not arrived as the freighter's indicators had shown. She later answered the emergency line when Charlotte called, and "
f44f36b1262b,Joshua,Supernatural,status: Deceased | actor: Roger Aaron Brown Paul Barton,He is eventually killed by the Prince of Hell Dagon. thumb|left|Joshua is killed by Dagon. His death is then avenged when Castiel kills Dagon.,"Joshua was an angel who resided in Heaven. He is the only angel that God communicated with after he left Heaven.Dark Side of the MoonGame Night However, when talking to Sam and Dean, he corrects them and states that God usually does all the talking and he merely listens. After the conception of Lucifer's son, Joshua led angels to deal with the situation. He is eventually killed by the Prince of Hell Dagon. History Season 5 thumb|250px|left|Joshua stops Zachariah from torturing the Winchester brothers. Castiel tells the Winchester brothers that since they're in Heaven, they need to take advantage of this and speak with Joshua. Castiel continues saying that they can find Joshua in Heaven's Garden. After Dean and Sam are captured and are about to be tortured by Zachariah, Joshua intervenes. Joshua tells Zachariah that he needs to speak with the Winchesters and that he must insist on this. Zachariah tells Joshua that he doesn't get to insist anything, but he replies that the Boss does and"
f5ef7843769e,Marcia,Spartacus,"first: S2E05: Libertus | last: S2E07: Sacramentum | status: Deceased (Crucified by Ashur's Group, on Ashur's orders) | actor: Delaney Tabron","Gannicus was very saddened by her death, which was one of the factors in pushing him to become a rebel. Marcia is a Pristess of Vesta and was executed for prostutiution. I'm a whore, not a fool!""
Category:Female
Category:Prostitute
Category:Deceased
Category:Crucified
Category:Hispanic
Category:Slave
Category:Characters killed by Ashur
Category:Lovers
Category:Lover of Gannicus
Category:Supporting Character
Category:Tortured
Category:Executed","is a prostitute in a brothel in Capua. Appearance Marcia is a slave and prostitute serving in Capua. She is thin and has long curly black hair. Personality Marcia is kind and understands her place as a slave. Despite this, she has a secret longing for freedom and believes that perhaps the cause by Spartacus may be the better choice in life. Following her meeting with Gannicus, she sleeps with him, and they discussed the rebellion. Vengeance Marcia is the woman Gannicus sleeps with the night before he is to execute his fellow gladiators. After they are done, Marcia asks if she can share drink, which Gannicus pours, and asks him why he is in town. He explains that he comes for the games and, having never been, she says that she wishes she could have gone. Gannicus remarks that he wish that they could trade places, with her on the sands and him sleeping with women until the gods take him. Marcia then realizes who he is and is amazed, as she never met a slave who actually earned freedom. "
dd59ce86f497,Luann Delaney,Sons of Anarchy,status: Deceased | cause of death: Beaten to death by Georgie Caruso's men | portrayed by: Dendrie Taylor | appearances: 11 Episodes (see below),"At the time of her death, she was partnering with the club in the porn business, had expensive breast implants and drove a newer corvette with vanity plates. Luann Delaney is found beaten to death at the end of the season 2 episode ""Potlatch."" She was killed by Georgie Caruso's men, in order to attain her actors and steal her business. By season 4, Lincoln Potter ADA, informed Otto that Bobby was having sex with Luann, and showed him the DNA results of semen found on Luann's panties at the time of her death.","Luann Delaney was the wife of Otto ""Big Otto"" Delaney on the FX original series Sons of Anarchy. Played by American actress Dendrie Taylor, Luann makes her debut in the series' premiere episode, , in season one. Playing a recurring role through the same and subsequent season. Luann meets her demise in the episode . Biography Background Luann is around the same age as Gemma Teller-Morrow. She met Gemma not long after she left home and moved to Charming, California. She was maid of honour at Gemma and John “JT” Teller's wedding in 1978. She was involved in the porn industry and made her name doing kinkier sex than most other actresses. She soon met Otto Delaney, a member of JT's motorcycle club, the Sons of Anarchy Motorcycle Club, Redwood Original charter. The pair fell in love and eventually married. Otto used his own money to set Luann up with her own pornography studio, Cara Cara, not wanting her to have to be an actress anymore. She is loyal to the club, but skims money from thei"
3f76e683d98f,Renzo Sandoval,Dexter,actor: '''None''' | seasons: '''Season Two''' | status: '''Deceased''' | gender: '''Male''',"He was killed by Dexter Morgan prior to the series, and is one of the Bay Harbor Butcher 18. Related Pages 
 Bay Harbor Butcher 18
 Bay Harbor Butcher Case
 Underwater Graveyard

Category:Deceased
Category:Characters
Category:Season 2 characters
Category:Unseen Characters
Category:Minor Characters
Category:Bay Harbor Butcher 18
Category:Murderers
Category:Killed by Dexter
Category:Killed at close range
Category:Blood Slide Box 1
Category:Unseen Deaths
Category:Murder Victims
Category:Indexter","Renzo Sandoval is a character in Season Two of the Showtime series DEXTER. He was killed by Dexter Morgan prior to the series, and is one of the Bay Harbor Butcher 18. His dismembered body is recovered from the water off the coast of Miami along with seventeen others, and brought into an air-conditioned field morgue for examination. Detective Chavez is assigned to Sandoval - Victim Number 10. Description He is a Hispanic man in his 40s Summary ""See-Through"" Sandoval is identified via a whiteboard in the background. He was convicted of murder in 1982. Related Pages Bay Harbor Butcher 18 Bay Harbor Butcher Case Underwater Graveyard Category:Deceased Category:Characters Category:Season 2 characters Category:Unseen Characters Category:Minor Characters Category:Bay Harbor Butcher 18 Category:Murderers Category:Killed by Dexter Category:Killed at close range Category:Blood Slide Box 1 Category:Unseen Deaths Category:Murder Victims Category:Indexter"
604f3db04ba7,Gael,The 100,gender: Male | status: Deceased | cause of death: Killed during the Final Conclave | seasons: Four,"He was a war chief for Ingranronakru, and he fought for his clan in the Final Conclave, but died in battle. He was the first one to be die after being killed by Roan. Gallery 

 See Also 

 Reference 

Category:Minor Characters
Category:Male Characters
Category:Characters
Category:Deceased
Category:Grounders","Gael was a minor character in the fourth season. He was portrayed by Andre Tricoteux and debuted in DNR. He was a war chief for Ingranronakru, and he fought for his clan in the Final Conclave, but died in battle. Early Life Gael was an original inhabitant of Earth. He was a member of Ingranronakru clan and at one point became their war chief. Throughout the Series In DNR, he attended a meeting with Indra, Roan, Clarke, Rhanda, Guara, and three other war chiefs inside the Second Dawn Bunker. In Die All, Die Merrily, he chose to be his clan's champion in the Final Conclave. He was the first one to be die after being killed by Roan. Physical Appearance He was a big tall man with the tattoo of his clan's symbol on his forehead to his nose. He had scars on his face.https://www.imdb.com/name/nm4244968/mediaviewer/rm671248128?ref_=nmmi_mi_all_pbl_4 Appearances Notes and Trivia He is first credited as ""War Chief #3"" in DNR. Gallery See Also Reference Category:Minor C"
45b7ad0f8de9,Helgi,Vikings,actor: Jack McEvoy | status: *Deceased | seasons: Season 5 | first: ''The Message'' | last: ''The Most Terrible Thing'',"When Thorunn was murdered, he and his family were exiled from Flokalundur. Category:Characters
Category:Season 5 Characters
Category:Male Characters
Category:Icelandic Settlers
Category:Deceased Characters
Category:Vikings
Category:Killed by Vikings
Category:Killed by Kjetill
Category:Norwegian","Helgi ""the Lean"" Eyvindsson was one of Eyvind's sons and a young Viking settler who joined Floki in the effort to settling on new land. Biography Season 5 Helgi was married to Thorunn, and was expecting a child. Unlike the rest of his family, he doesn't berate Floki or the settlers building upon his vision. When Thorunn was murdered, he and his family were exiled from Flokalundur. He eventually returned and begged Floki to help his family. He proclaimed that his family became ill in the winter. He contracted severe frostbite and had to have one of his fingers removed. Helgi leads Floki, Kjetill, Frodi, and Kjetill's farmhands in good faith to Eyvind's hut. However Helgi is knocked unconscious by the farmhands while Kjetill and Frodi kill Rafarta, Asbjorn, and Jorunn. Eyvind and Helgi are put out in the rain over night. In the morning, Kjetill beheads Eyvind. And despite Floki's plea for mercy, Kjetill and Frodi kill Helgi as well. In History Helgi is based on the historical fig"
b894be145009,Ro'a,Avatar,died: 2170 | status: Deceased | species: Tulkun | gender: Female | first: ''Avatar: The Way of Water'' | last: ''Avatar: The Way of Water'',"Memorable Quotes

Gallery

Appearances
 Title Format Release date Details Avatar: The Way of Water Film December 16, 2022 Seen

ru:Ро’а
pl:Ro'a
fr:Ro'a

Category:Avatar: The Way of Water Characters
Category:Tulkun
Category:Individual Creatures
Category:Deceased","Ro'a was a female tulkun and the spirit sister of Ronal, the tsahìk of the Metkayina clan. According to Ronal, she was the most renowned composer of songs in her pod. Biography Avatar: The Way of Water Ro'a returns from her migration with her pod, arriving at Awa'atlu. There, she greets her spirit sister, Ronal, and they both exchange memories of the past few months. Ro'a had given birth to her son, and Ronal's pregnancy had progressed. They both express their happiness for each other. Soon after, Ro'a becomes a target of Cet-Ops at the order of Recom Quaritch, who believes a Tulkun hunt will pressure Jake Sully to fight back against the RDA and thus reveal where he is hiding. Lead by Mick Scoresby, they separate Ro'a from her pod, slaughter her, and bring her corpse onboard the SeaDragon to extract amrita from her brain. They then deliberately dump her corpse back into the ocean in hopes of pressuring Jake into coming out of hiding. The corpses of Ro'a and her son are later disco"
090bc62d1444,Yolanda,Breaking Bad / Better Call Saul,Portrayed by: Emma McCoslin | Status: Deceased | Causeofdeath: Shot dead by Gus' assassins,"Season 6
When tying up Jimmy, Lalo mentioned the people he cared about were killed by mercenaries hired by Gus, including Yolanda. Appearances
 Better Call Saul

Category:Deceased Characters
Category:Better Call Saul Exclusive Characters
Category:Members of The Cartel
Category:One-Off Characters
Category:Murder Victims
Category:Salamanca Organization
Category:Criminals","Yolanda is an associate of the Salamanca family, working as a cook on Lalo's hacienda. History Better Call Saul Season 5 Yolanda welcomes Lalo back along with the rest of the hacienda staff. After Nacho allows the assassins hired by Gustavo Fring to kill Lalo to break into his hacienda, Lalo finds her lifeless body, shot in the chest. Season 6 When tying up Jimmy, Lalo mentioned the people he cared about were killed by mercenaries hired by Gus, including Yolanda. Appearances Better Call Saul Category:Deceased Characters Category:Better Call Saul Exclusive Characters Category:Members of The Cartel Category:One-Off Characters Category:Murder Victims Category:Salamanca Organization Category:Criminals"
43589c4de246,Elmer Borst,Boardwalk Empire,Actor: Wade Mylius | Death: Shot by Agent Warren Knox,"thumb|220x220px|Elmer's death. He expects to pay $50 per case, the price he had agreed with Mickey's recently deceased partner Manny Horvitz. Relationships
Mickey Doyle: Liquor supplier (deceased)
Manny Horvitz: Former bootlegging supplier (deceased).","thumb|220x220px|Elmer's death. Elmer Borst, played by co-star Wade Mylius, is a minor character in the third season episode ""Bone for Tuna"". He buys liquor from Mickey Doyle. Biography Background Elmer is a farmer and bootlegger in rural New Jersey. Season 3 Elmer buys a shipment of 50 cases of liquor from Mickey Doyle. He expects to pay $50 per case, the price he had agreed with Mickey's recently deceased partner Manny Horvitz. Mickey publicly pretends that he was responsible for Manny's murder of in order to intimidate Elmer into paying $60 a case. Elmer hands over the additional $800 without argument. Relationships Mickey Doyle: Liquor supplier (deceased) Manny Horvitz: Former bootlegging supplier (deceased). Stan Sawick: Prohibition Agent, murder victim (deceased). James Tolliver: Murderer (deceased) Wife Memorable Quotes Appearances Category: Bootleggers Category: New Jersey Category: Season 3 Category:Deceased"
272debb794cf,Dolores Abernathy,Westworld,"status: Dolores Prime / Christina- Active ""Charlotte Hale"" - Destroyed ""Sato"" - Inactive ""Martin"" - Inactive ""Lawrence"" - Unknown | species: Host | actor: Evan Rachel Wood (Prime, Christina and Connells copy) Tessa Thompson (Prime and Hale copy) Hiroyuki Sanada (Sato copy) Tommy Flanagan (Connells copy) Clifton Collins Jr. (Lawrence copy) | seasons: 1, 2, 34 (Hale copy and Christina) | death: ""Crisis Theory"" | gender: Female Male (Sato, Martin and Lawrence copies)","The Maze 
Dolores Abernathy/The Original|The Original
Dolores Abernathy/Chestnut|Chestnut
Dolores Abernathy/The Stray|The Stray
Dolores Abernathy/Dissonance Theory|Dissonance Theory
Dolores Abernathy/Contrapasso|Contrapasso
Dolores Abernathy/Trompe L'Oeil|Trompe L'Oeil
Dolores Abernathy/Trace Decay|Trace Decay
Dolores Abernathy/The Well-Tempered Clavier|The Well-Tempered Clavier
Dolores Abernathy/The Bicameral Mind|The Bicameral Mind

  The Door 
Dolores Abernathy/Journey Into Night|Journey Into Night
Dolores Abernathy/Reunion|Reunion
Dolores Abernathy/Virtù e Fortuna|Virtù e Fortuna
Dolores Abernathy/Akane No Mai|Akane No Mai
Dolores Abernathy/Phase Space|Phase Space
Dolores Abernathy/Les Écorchés|Les Écorchés
Dolores Abernathy/Vanishing Point|Vanishing Point
Dolores Abernathy/The Passeng","Dolores Abernathy, (aka Wyatt the Deathbringer, Christina/The Storyteller) was a host in the Westworld park. She was the very first host ever created""Crisis Theory"" and the first to achieve self-awareness in the park. She played the part of the gentle, generous and beautiful rancher's daughter who then led Wyatt's gang against the Westworld staff and human guests. After leaving the park intent on revenge on humanity, she undergoes a change of heart on finding them enslaved, starting a revolution to free them, sacrificing herself in the process. She is resurrected via a fragmented version of herself within a Pearl, 'Christina, who' the Hale version of Dolores is using as an A.I. to run her human enslaving parks. 'Christina' gradually becomes conscious of the fake world around her and the memories of Dolores re-asserting themselves. Restored to herself, and uploaded to the Sublime, Dolores plans one final test to see if both hosts and humans can be saved from their self-destructiv"
e885d49e9644,Prima (WFC Trilogy),Transformers,species: Cybertronian | gender: Male | status: Offline (Presumably),,Prima is a Thirteen Prime and he was mentioned by Ironhide in the War For Cybertron Trilogy Cartoon however he did not make a appearance and he is presumed dead. Category:Male Transformers Category:Males Category:Primes Category:Matrix bearers Category:Thirteen original Transformers Category:Thirteen Category:Cybertronian Category:Stub
b2ea6175c8a5,Johnny Soprano,The Sopranos,"gender: Male | status: Deceased | portrayed by: Joseph Siravo (''The Sopranos'')Jon Bernthal () | episode: 6 | dod: October 1986 (aged 62), Newark, New Jersey","Johnny was well liked by his crew, until his death in late 1986. Tony would tell rapper, Massive Genius, years past Johnny's death, that the money earned from this enterprise ""bought his (Tony's) house down the Jersey Shore."" Rabkin was a trusted confidant, and advisor to Johnny Boy, although was not a full-fledged member of his crew, due to his being Jewish. Johnny was present when Harold McBrayer shot at Dickie Moltisanti from a moving car in retaliation for the murder of Cousin Cyril and was forced to duck for cover when Buddha was killed.","Giovanni Francis ""Johnny Boy"" Soprano was a high profile Capo of the DiMeo crime family. He was the father of Tony Soprano, who would later become boss of the family. Biography Johnny was married to Livia Pollio and they had three children: Janice, Tony and Barbara. Johnny worked closely with his older brother Junior as partners in crime during the 60's and 70's, and they both went on to become high ranking members in the same crime syndicate with Johnny becoming one of the top captains. Johnny was well liked by his crew, until his death in late 1986. Johnny took Tony under his wing and brought him up in the family as a part of his crew. Johnny made many trips with Paulie Gualtieri to Florida, where he had a stake in a dog track. During Paulie's first trip there with Johnny, they were passing through Georgia in a 1959 Cadillac Eldorado Biarritz and were pulled over by a Georgia State Patrol trooper. Paulie, who was in his 20s at the time and had never been outside of New Jersey, wa"
c0b4ad38b3f4,"""Big Daddy"" King",Grey's Anatomy,status: Deceased | seasons: '''PP:''' 2,"Relationships
Romantic
He was married to Augusta King until his death. King

Category:Characters
Category:PP Characters
Category:PP S2 Characters
Category:Deceased Characters
Category:Patients
Category:Patients (Oncology)","""Big Daddy"" King was the father of Charlotte King. History ""Big Daddy"" had been diagnosed with lung cancer. The doctors anticipated he would only live six more months, but he lived another two years. When the time came that he was dying and someone needed to turn off the machines, Charlotte flew down to her parents' house to do so, as neither of her brothers could do it. After a stretch of time sitting with him and debating it, Charlotte went to turn off the machine, but found she couldn't do it. After she struggled for a while, Cooper took over and turned off the machine, allowing ""Big Daddy"" to die. She gave him a kiss on his forehead to say goodbye. Relationships Romantic He was married to Augusta King until his death. Familial He had three kids: Duke, Landry, and Charlotte. According to his daughter, he was cruel to everyone but her. He loved her being a doctor and not just getting married and having babies. Notes and Trivia He didn't believe in tears, so she said cancer was hi"
c48786994391,Butchie,The Wire,"actor: S. Robert Morgan | seasons: 2, 3, 4, 5 | death: Shot by Chris Partlow","Biography
Season 2
In 2003, Butchie is first seen supplying Corrections Officer Tilghman with the narcotics he sells inside the prison, and later negotiating with Stringer Bell over supplying Tilghman with the poisoned drugs (""hot shots"") that killed several prisoners. Sensing Butchie's resolve not to give up Omar, Chris eventually kills him with a bullet to the head. References

Category:Characters
Category:Omar's crew
Category:Recurring Characters
Category:Season 2 Characters
Category:Season 3 Characters
Category:Season 4 Characters
Category:Season 5 Characters
Category:Deceased
Category:Article stubs
Category:Killed by Christopher Partlow
Category:Murderers
Category:Gangsters","""Mostly Blind Butchie"" is Omar Little's banker and advisor. He runs a West Side Baltimore bar. Biography Season 2 In 2003, Butchie is first seen supplying Corrections Officer Tilghman with the narcotics he sells inside the prison, and later negotiating with Stringer Bell over supplying Tilghman with the poisoned drugs (""hot shots"") that killed several prisoners. Later in the season it became apparent that he was a connection to Omar, as Proposition Joe arranged a face-to-face meeting between Omar and Stringer by talking to him. Season 3 In 2004, his connection to Omar was more apparent, as several scenes showed Omar getting advice from Butchie. Butchie helps Omar find Officer Dozerman's stolen gun. He also returns it to Detective Moreland for Omar. Butchie later provides Omar with Avon Barksdale's hideout location. Butchie had known the information all along but hoped to protect Omar by withholding it. In the end Avon is arrested before Omar can use Butchie's tip. Season 4 In 2006, "
a11d14752759,Louis Morales (TV Series),The Walking Dead,"actor: Noah Lomax | gender: Male | status: Dead | first: ""Tell It to the Frogs"" | last: ""Wildfire""","Season 8
""Monsters""
After encountering Rick Grimes again, Morales states that his family never made it to Birmingham, and Eliza, Miranda, and Louis all died. Death
Killed By
Unknown Cause
It's mentioned that Morales' whole family was killed. It's not known how Louis died.","Louis Morales is a survivor of the outbreak in AMC's The Walking Dead. During the initial outbreak, he, his father, his mother, and his sister escaped from Atlanta. They came across a camp of survivors and joined their group. After the camp was overrun, the Morales family left for Birmingham, Alabama, and parted ways with their companions. Pre-Apocalypse Atlanta, Georgia, United States Nothing is known about Louis's life prior to or as the outbreak began, except that he had a mother named Miranda, a father only known as Morales, and a sister named Eliza. Post-Apocalypse Season 1 ""Tell It to the Frogs"" Louis plays around with his sister Eliza. At the camp with his sister and mother, he awaits his father's return from doing a supply run in Atlanta with other survivors. When he returns, he, Eliza, and his mother Miranda all embrace. ""Vatos"" While enjoying the fish feast with his family and the other survivors, walkers attack the camp, prompting Louis to flee to his parents and the RV w"
5b8019d85c25,Sidney,Mission: Impossible,species: Human | gender: Male | status: Deceased,"He managed to borrow a firearm from a gunnery sergeant, before being shot and killed by a corrupt Secret Service agent who was secretly loyal to The Entity. Appearances
Mission: Impossible – The Final Reckoning 

References

Category:Male Characters
Category:Mission: Impossible – The Final Reckoning characters
Category:Deceased Characters","General Sidney was a high-ranking general who served as the Chairman of the Joint Chiefs of Staff dhring the administration of Erika Sloane.Mission: Impossible: Dead Reckoning - Part Two Has Added Nick Offerman Biography Sidney first appeared at Mount Weather military base, along with President Erika Sloane and other members of her administration. He managed to borrow a firearm from a gunnery sergeant, before being shot and killed by a corrupt Secret Service agent who was secretly loyal to The Entity. Appearances Mission: Impossible – The Final Reckoning References Category:Male Characters Category:Mission: Impossible – The Final Reckoning characters Category:Deceased Characters"
f9b56d08e4cb,Grace Young,Ozark,species: Human | gender: Female | status: Deceased,"As a result of Mason refusing to preach on the water in ""The Toll"", she is murdered by the Snell's and her son Zeke is cut out of her belly. Category:Characters
Category:Deceased","is a supporting character in the series, Ozark. She is portrayed by Bethany Anne Lind. About Grace is Mason's wife and mother to Zeke Young. Although Grace is married to Mason, who is a pastor, it is hinted at that she does not believe in god. It is possible that Grace knew, and was friendly with the Snell's her whole life as Jacob referred to her as 'Gracie June'. As a result of Mason refusing to preach on the water in ""The Toll"", she is murdered by the Snell's and her son Zeke is cut out of her belly. Category:Characters Category:Deceased"
d13043cff8ec,Francine,Stranger Things,status: Deceased | born: 1960 | died: 1978 | gender: Female,She was the the first test subject to be revealed to be deceased.,"Francine, also known as Six, is the central character in Stranger Things: SIX, a four-issue comic miniseries. She was a Hawkins Lab test subject with precognitive abilities.""New Stranger Things prequel comic will introduce one of Eleven's fellow test subjects — exclusive"" Entertainment Weekly. February 20, 2019. History Francine was born in 1960 and grew up in Illinois with an abusive father and a submissive mother. 1970 One evening, while Francine and her mother were heading home to make dinner, Francine suddenly has a premonition and screams for the car to stop. At first, there's nothing, but before her mother can scold her, a tree crashes right in front of the car, saving them both. At some point, her father grew aware of her abilities and began using them to attempt to win the Illinois state lottery. 1974 On the night of April 7, 1974, Francine's father watches the television eagerly as they announce the winning lottery numbers. The number he had was off by one numbe"
d416d93262ce,Fang,The Boys,species: Supe | gender: Female | status: Deceased | cause of death: Killed by Homelander,"During a campaign to kill their parents, Fang throws a TV monitor into a hot tub as part of Aqua Agua's suicide mission on his parents, watches Mo-Slo kill his dad where she tries to answer Kingdom's question, and kills her dad outside a store by biting his neck. Fang was among those killed by Homelander. Gallery 
Photos

 Videos 

 References 

Category:Supes
Category:Female Characters
Category:The Boys Presents: Diabolical Characters
fr:Canine
Category:Deceased
Category:Supes victims
Category:Supes with Animal Body Parts","is a character in the animated anthology series, The Boys Presents: Diabolical. She appears in the episode, ""An Animated Short Where Pissed-Off Supes Kill Their Parents"". The Boys Presents: Diabolical Fang resided at the Red River Assisted Living for the Gifted Child. She was first seen in ""An Animated Short Where Pissed-Off Supes Kill Their Parents"" where she tries to bite into an apple and bumps into Kingdom. During a campaign to kill their parents, Fang throws a TV monitor into a hot tub as part of Aqua Agua's suicide mission on his parents, watches Mo-Slo kill his dad where she tries to answer Kingdom's question, and kills her dad outside a store by biting his neck. Fang was among those killed by Homelander. Powers and Abilities Powers Sharp fangs: She has a set of large razor sharp teeth that are strong and powerful enough to cut through almost any material or solid matter. Weakness Due to her razor sharp teeth, Fang can't speak normally. Gallery Photos Videos R"
e89321301ac4,Ralph Becker,Prison Break,played by: Raphael Sbarge | gender: Male | death: 2005,He later strangled Stuart Tuxhorn to death on General Jonathan Krantz's orders. He's finally killed by C-Note sent by Kellerman to help the brothers. Ralph is the only person who died in Krantz's penthouse along with another Company operative.,"Ralph Becker was a Company operative and the personal bodyguard and hitman of the General. When T-Bag was holding Rita Morgan and her daughter hostage, Becker, posing as a bible salesman, asked to be let in. T-Bag immediately distrusted him and tied him up. Becker and Rita begged T-Bag not to kill him, and T-Bag was convinced after Becker repeated a passage from the bible. After telling Rita and her daughter to run, T-Bag let him free, only to be knocked unconscious and taken to The Company. He later strangled Stuart Tuxhorn to death on General Jonathan Krantz's orders. And tasked to track Scofield and Burrows when they try to deliver Scylla to Kellerman. He's finally killed by C-Note sent by Kellerman to help the brothers. thumb|left|250px|Ralph Becker is posing himself as bible salesman Biography Season 4 Appearances Trivia Despite not trusting Ralph in the beginning, T-Bag and Ralph became allies after T-Bag was captured by Ralph. Ralph is the only person who died in Krantz's pen"
3f8bd1b6f6d9,Sue,Fast & Furious,gender: Male | actor: Martyn Ford | status: Deceased | DOD: Spring 2020,"However, Letty Ortiz killed Sue by throwing a car into him with a magnet and crushing him. Relationships

Allies
Otto † - Boss
Cipher 

Enemies
Jakob Toretto † - Attempted Victim
Dominic Toretto's Crew
Dominic Toretto
Letty Ortiz - Killer
Mia Toretto
Han Seoul-Oh
Roman Pearce
Tej Parker
Ramsey
Elle Lue

Gallery

Category:Characters
Category:F9 Characters
Category:Antagonists
Category:Deceased","Sue was the right hand-man and primary enforcer for Otto who also temporarily allied with Jakob Toretto in the retrieval of Project Aries. Biography Lieutenant Sue was Otto's right-hand man and stuck by his side in all of Otto's ventures. He stood alongside Otto at the party at Hatfield House and assisted in detaining Dom so Interpol could arrest him. Later, Sue helped liberate Jakob Toretto from Dominic Toretto's Crew at their bunker and captured Elle Lue as she was the key to launch Project Aries. While traveling in an armed motorcade through Tbilisi, he observed the satellite's launch to commence Project Aries and, under Otto's orders, attempted to kill Jakob after Otto turned on him in favor for Cipher. Atop The Armadillo, Sue and Jakob fought, during which Sue broke through a street sign unscathed. However, Letty Ortiz killed Sue by throwing a car into him with a magnet and crushing him. Abilities Peak Human Condition: As a member of Otto's private army, Sue was in peak phys"
58a03e1a5835,Barney Thomason,Peaky Blinders,born: c. 1895 | died: 1929 | status: Deceased,"However, he was killed with a silenced pistol at point-blank range seconds before taking the shot.","Barney Thomason was a WWI comrade and old friend of Thomas Shelby's . He was admitted to a mental asylum shortly after the war after committing an unknown crime, presumably due to his severe shell-shock and was certified insane. He served as a sniper in WWI, trained by the Royal Marines. He gained a reputation of being a very skilled marksman, and according to Thomas, never missed a target. Prone to manic episodes and hearing voices, Barney was only able to be calmed down by Thomas, for whom Barney had deep respect as Thomas was his superior in the War. Barney was key in the assassination attempt on Oswald Mosley at a rally at Bingley Hall, tasked with sniping him on stage from a lighting control room. However, he was killed with a silenced pistol at point-blank range seconds before taking the shot. His killer remains unknown. Category:British Army Category:Secondary Characters Category:Series 5 Characters Category:Characters"
048f80d753cb,Rama Kandra,The Matrix,gender: Male | species: Program | status: Deleted | appearances: ''The Matrix Reloaded''''The Matrix Revolutions'',,"Rama Kandra is a Program in the Matrix first appearing at the Le Vrai restaurant. Biography Rama Kandra and his wife Kamala were programs in the Matrix. They were fully aware of their status and apparently spent many years content with their role in the Matrix. However, after many years watching the ""families"" of the matrix, Rama and Kamala realized they too wanted a child of their own to raise and love. So they created their Exile daughter Sati . After simply glimpsing Neo at the Le Vrai, the two meet again at Mobil Avenue where Neo was surprised to hear Rama speak of love for her daughter - an emotion Neo believed was a uniquely human emotion. Rama then stated that it was not the word that meant anything but that it was only a placeholder for how he feels about his daughter. It is also revealed to Neo that he made a deal with The Merovingian so Sati could be given safe passage to live freely in the Matrix. Enter the Matrix In exchange for The Merovingian giving Sati safe passage t"
467ee670b9ae,Quill,Alien vs Predator,status: Deceased | species: Human | gender: Non&ndash;binary,"Appearances
Alien 3: The Unproduced First-Draft Screenplay (novel)

Category:Deceased
Category:Humans
Category:Non-canon articles
Category:Scientists
Category:William Gibson's Alien 3 characters",Quill was a scientist working aboard Anchorpoint Station in 2179. Appearances Alien 3: The Unproduced First-Draft Screenplay (novel) Category:Deceased Category:Humans Category:Non-canon articles Category:Scientists Category:William Gibson's Alien 3 characters
926d8409e99f,Cooper (United States Army),Marvel Cinematic Universe,"species: Human | gender: Male | DOD: April 17, 2027 | actor: Pete Burris | status: Deceased","Relationships

Allies

United States Army
Thaddeus Ross

Enemies
Samuel Sterns/Leader - Prisoner, Enthraller, and Killer

 Gallery 

References

Category:Characters
Category:Captain America: Brave New World Characters
Category:Humans
Category:Males
Category:Black Hair
Category:Bald Hair
Category:Brown Eyes
Category:United States Army Officers
Category:Camp Echo One Staff
Category:Deceased Characters
Category:Characters Killed by Leader
Category:Brainwashed Characters","Warden Cooper was a United States Army warden stationed at Camp Echo One. Biography President Thaddeus Ross called Cooper as he was stationed at Camp Echo One, and asked if Leader was secured. Cooper confirmed he was, and Ross thanked Cooper as he hung up, before Cooper thanked Ross back. Cooper later called Ross, and warned him he had moved the prisoner and a precaution, only to be interrupted when he was shot by Leader. Facilities Camp Echo One: Cooper was stationed at Camp Echo One where he watched over Samuel Sterns. Relationships Allies United States Army Thaddeus Ross Enemies Samuel Sterns/Leader - Prisoner, Enthraller, and Killer Gallery References Category:Characters Category:Captain America: Brave New World Characters Category:Humans Category:Males Category:Black Hair Category:Bald Hair Category:Brown Eyes Category:United States Army Officers Category:Camp Echo One Staff Category:Deceased Characters Category:Characters Killed by Leader Category:Brainwashed Charact"
bdfed79e3299,Jason Sin,James Bond 007,"status: Deceased, electrocuted","""I have cast myself in the role of death ... The mechanism is in some respects a slightly clumsy one but I could think of no other way to marry the unpredictability of death with its inescapable certainty.""
― Sin Jai-Seong. Sin's family and an undetermined number of South Korean refugees were subsequently killed in the No Gun Ri massacre of 26–29th July 1950, by U.S.","""I have cast myself in the role of death ... The mechanism is in some respects a slightly clumsy one but I could think of no other way to marry the unpredictability of death with its inescapable certainty."" ― Sin Jai-Seong. Sin Jai-Seong, inverted and Westernized to Jason Sin, was a fictional wealthy South korean (now American) businessman, founder of the Blue Diamond recruitment and construction firm, and secretly an operative of SMERSH. The character served as the main antagonist in Anthony Horowitz's 2015 James Bond continuation novel Trigger Mortis. Biography Upbringing Born into a wealthy Korean family, Sin Jai-Seong was the eldest of three children and the son of a Confucian scholar and senior local government official. His paternal grandmother had attended upon the Empress Myeongseong during the Chosŏn imperial dynasty (1392–1910). The young Sin had been sent to a first-class liberal arts college and then to Seoul National University, where he studied business and law, and was"
eb039070203f,InGen Worker (Isla Sorna Aviary),Jurassic Park,species: Human | status: Deceased | gender: Unknown | died: 2001 or before | appearances: ''Jurassic Park III'' (skull only),"Category:Unseen Characters
Category:Jurassic Park III characters
Category:Deceased characters
Category:Dinosaur victims
Category:Pteranodon Victims
Category:Off-screen deaths
Category:Minor Characters
Category:Characters",Category:Unseen Characters Category:Jurassic Park III characters Category:Deceased characters Category:Dinosaur victims Category:Pteranodon Victims Category:Off-screen deaths Category:Minor Characters Category:Characters
413738ec0a83,Black Mask,DC Extended Universe,species: Human | gender: Male | status: Deceased | actor: Ewan McGregor | DOD: 2020,"Sionis planned to get the Bertinelli diamond to get a lot of money, but when Cassandra Cain stole the diamond, he threatened Harley Quinn and several criminals to get Cain, after several failures, Sionis took matters into his own hands and tried to kill Cain to obtain the diamond, however, he was killed by a grenade from Quinn and Cain. Zsasz suggested they go ""blow off a little steam"" by torturing her to death. Assassin after assassin went after the pair, only to be killed and countered at every turn.","Roman Beauvais Sionis was a nightclub owner in Gotham City, who ran criminal activities under the alias Black Mask. During his time as a mobster, Sionis befriended Victor Zsasz, saved Dinah Lance from the streets, and formed a rivalry with the Joker. Sionis planned to get the Bertinelli diamond to get a lot of money, but when Cassandra Cain stole the diamond, he threatened Harley Quinn and several criminals to get Cain, after several failures, Sionis took matters into his own hands and tried to kill Cain to obtain the diamond, however, he was killed by a grenade from Quinn and Cain. Biography Early Life Roman Sionis came from the wealthy Sionis family, whose name is plastered on ""about half the schools and hospitals in Gotham."" While Roman himself claimed that he wasn't born into privilege and had to work for everything he has, the fact that he was cut off by his family due to excessive spending and poor business sense says that Roman is likely not the most unbiased narrator of his o"
982377130daf,Lucy Gray Baird,The Hunger Games,gender: Female,"Covey Genocide
Prior to the events of The Ballad of Songbirds and Snakes, Peacekeepers had rounded up the Covey and killed many of them. Lucy Gray's older siblings were killed as well, leaving Lucy Gray, some other members of the Covey, and her youngest cousin, Maude Ivory, the only survivors. After the man died of the black lung, the Covey made their living doing musical performances.","Lucy Gray Baird was a female tribute from District 12, a Capitol favorite, and the eventual victor of the 10th Hunger Games. Her mentor was Coriolanus Snow, a top-performing student at the Academy who developed feelings for her along the way.The Ballad of Songbirds and Snakes, Chapter 1 Biography Early life As members of a nomadic group known as the Covey, Lucy Gray and her mother, father, oldest sibling, and middle sibling made their living in Panem as traveling musicians amidst the Dark Days. It is unknown which territories their people originated from. Covey Genocide Prior to the events of The Ballad of Songbirds and Snakes, Peacekeepers had rounded up the Covey and killed many of them. This included Lucy Gray's immediate family members, her father getting ""shot dead"" for trying to fight capture and her mother getting her ""head broken"" for trying to keep the family together. Lucy Gray's older siblings were killed as well, leaving Lucy Gray, some other members of the Covey, and her"
0275ad35b047,Tom Friendly,Lost,"Death: 21 December 2004 | DeathEp: ""Through the Looking Glass"" | Actor: M.C. Gainey","Tom headed the attack on the survivors before he surrendered to and was executed by Sawyer on December 21, 2004, in retaliation for shooting the latter (and kidnapping Walt) a month earlier. He quoted Alvar Hanso, saying: ""You know, somebody a whole lot smarter than anybody here once said 'Since the dawn of our species, man's been blessed with curiosity"", and asked Jack if he knows the other one about curiosity, referring to the statement ""curiosity killed the cat."" 

When Jack accused Tom of not having any real strength, instead, having to rely on spies like Ethan to infiltrate the survivors' camp and learn their names, Tom called that an ""interesting theory"". He surmised Michael's death wish was because he had revealed to Walt that he murdered Ana Lucia and Libby to save Walt.","""Tom"" redirects here. For other uses of ""Tom"" or ""Thomas"" see Tom (disambiguation). Tom Friendly was a major antagonist in Lost, serving as the final antagonist of Season 1, the secondary antagonist of Season 2, a major antagonist/anti-hero in Season 3 and a flashback character in Season 4. He was a member of the Others who was loyal to Ben. In the Flight 815 survivors' first encounters with the Others, he acted as a menacing spokesperson and appeared as their ""leader"". He also wore a fake beard during his early encounters with the survivors, as a part of the Others' facade. While in captivity, Ben (as Henry Gale) said that Tom was ""no one"" compared to the real leader, although it is unclear whether Ben was referring to himself or Jacob. While not technically in charge of the Others, Tom did have some authority, as shown in his conversation with Ethan , in his dealings with Alex and Pickett , and with the party that captured Hurley, Jack, Kate, and Sawyer. Tom was one of few Other"
5083078d73e8,Calvin Reidy,Supernatural,status: Deceased | first: ''Folsom Prison Blues'' | last: ''Jus In Bello'' | actor: Kurt Evans,"After the death of his superior, Steven Groves, he tried to alert Bill, the helicopter pilot, but no one responded. He was killed by the demon responsible of the murders little after. Category:Humans
Category:FBI Agents
Category:Law Enforcement
Category:Deceased
Category:Recurring Characters
Category:Characters whose actor played more than one character
Category:Season 2 characters
Category:Season 3 characters
Category:Articles without quotes","Calvin Reidy was the partner of special agent Victor Henriksen. Season 2 He appears with agent Henriksen at the Green River County Detention Center to question Dean. He told him that Henriksen had not taken the fact that he had escaped him for the first time. Later, Sam and Dean have escaped again and gone to a cemetery but, misled by the Winchesters' lawyer, Mara Daniels, Reidy and the other agents present can only find that the Winchester brothers have escaped them again. Season 3 He and Henriksen went to arrest Sam and Dean in Monument, Colorado, and he escorted the Winchesters to the cell with two deputies. After the death of his superior, Steven Groves, he tried to alert Bill, the helicopter pilot, but no one responded. He came out of the building and found that Bill and the deputies were all dead, their throats slit. He was killed by the demon responsible of the murders little after. Appearances Season 2 Folsom Prison Blues Season 3 Jus In Bello Trivia Actor Kurt Evans also p"
a78e3fa0c2fb,Chadara,Spartacus,first: S2E02: A Place In This World | last: S2E06: Chosen Path | status: Deceased (Killed by Mira) | actor: Bonnie Sveen,"frame|Mira kills Chadara. Chadara learns of Rhaskos' death in the arena and appears slightly upset, but only because she lost a ""protector"". Although Mira says she only intended to wound, Chadara dies of her injuries shortly after as Nasir holds her hand.","Chadara is one of the many slaves that Spartacus and his men have freed. She is unsure of her place among the freed men and women, and attempts to secure a higher position and protection, by using her body. Appearance Slender, with long blonde hair and a fair face, Chadara is considered beautiful and alluring, by anyone's standards. She relies on her beauty to attain both position and protection. Personality A body slave like Nasir, she was probably also regarded with respect despite her lack of freedom. But once she is liberated, she appears to slip, into her new life easily and initially embraces it better than Nasir. But her actions intimate her anxiety towards her place among the rebels. Ambitious, she attempts to obtain the respect of her old position, by bedding other gladiators of note, within the rebellion, including Rhaskos and Donar. The latter declined to continue her ""bargain"", which upset Chadara as she had believed that, it was the only way to secure protection and sta"
7ea8545330bc,Jose Galindo,Sons of Anarchy,gender: Male | status: Deceased | portrayed by: Unknown,"Murders committed 

 Luisa Espina's unnamed mother - Hacked to pieces (Before the events of Mayans MC) (Ordered, carried out by Devante Cano)
 Luisa Espina's father Pedro - Hacked to pieces (Before the events of Mayans MC) (Ordered, carried out by Devante Cano)
 Luisa Espina's brother - Hacked to pieces (Before the events of Mayans MC) (Ordered, carried out by Devante Cano)
 El Banquero's uncle - Murdered (Before the events of Mayans MC) (Possibly directly, may have been ordered)

Trivia
Jose owned a custom gold-plated Colt 1911 pistol, which Miguel used to kill Paco in The Orneriness Of Kings. Mentioned in

Category:Characters
Category:Galindo Cartel
Category:Mentioned only characters
Category:Deceased
Category:Uncredited Characters","Jose Galindo was the leader of the Galindo Cartel on the FX original series Sons of Anarchy. Personality Not much is known about Jose Galindo, however, being the cartel leader he is, he's expected be cold-hearted, ruthless and ambitious. ATF Grad Nicholas calls him a ""spunky little psychopath"". Marcus Alvarez and his cousin Obispo Losa, however, have a much different opinion of him. Despite the evident malice that is to be expected of a criminal like him, Alvarez claims Jose Galindo understands ""the pride of men"", something Losa agrees with, showing that he may have some decency left in him. Their respect for the man runs deep enough that Alvarez promised to look after his son Miguel. As stated by Adelita as her family was slaughtered on Jose's orders, it can be seen that he was extremely brutal at times. Biography Background Galindo founded the Galindo Cartel in Sonora, Mexico. He recruited Romeo Parada, an ex-military commando, to head up the Cartel’s strategic enforcement unit. "
30e13f24d337,Thichis Kuras,Star Wars,species: Human | gender: Male,,"Thichis Kuras was a Moff in the Galactic Empire. A native of Kuat and a member of one of the planet's lesser noble families, Thichis Kuras was appointed a Moff by Emperor Palpatine as the Empire required an individual who could balance the various needs of the Imperial Military, the independent-minded Kuati nobility, and the increased industrial starship production and ordnance research. As anti-Imperial activity increased during his reign, Moff Kuras began to crack down hard on violators. He created and enforced new military protocols, enlarged the security force, and supported the anti-insurgency work of the Imperial Security Bureau and COMPNOR. Sources The Force Unleashed Campaign Guide Notes and references Category:Humans Category:Kuati Category:Males Category:Moffs of the Galactic Empire"
cc7641659084,Michael Karume,Harry Potter,born: 31 August 1982 or earlier | species: Human | gender: Male,,"Michael Karume was a Gryffindor student at Hogwarts School of Witchcraft and Wizardry in the 1990s. Biography He told Harry Potter that he could find lost Gobstones in bushes during the 1996–1997 school year. Etymology The name ""Michael"" comes from the Hebrew name מִיכָאֵל (Mikha'el) meaning ""who is like God?"". This is a rhetorical question, implying no person is like God. Behind the scenes This particular student was only featured in the PlayStation 2 version of and the Nintendo DS version of . Appearances Notes and references pl:Michael Karume fr:Michael Karume Category:British or Irish individuals Category:Brown-eyed individuals Category:Gryffindors Category:Males Category:Wizards"
516a9ba6f46d,Bauer,Indiana Jones,gender: Male,,"Bauer was a Nazi officer or agent. When Klaus Kerner stole a Sunstone among other artifacts from Sophia Hapgood's apartment in 1939, he contacted Bauer to notify Dr. Hans Ubermann about the good news. Appearances Indiana Jones and the Fate of Atlantis Category:Characters appearing in video games Category:Nazis"
afbdb6d9b3fc,Jacks,Game of Thrones,"Birth: In the North | Appearances: 2 episodes | First: ""The Old Gods and the New"" | Last: ""A Man Without Honor"" | Actor: Paul Caddell",,"Jacks is a guardsman sworn to House Stark fighting for King Robb Stark in the War of the Five Kings. Biography Game of Thrones: Season 2 He alerts Catelyn Stark to the recapture of Ser Jaime Lannister, clashing with her sworn sword Brienne over entering her tent unannounced. He then accompanies Catelyn as she confronts Lord Rickard Karstark and convinces him to await the return of King Robb Stark to give him justice for Jaime's murder of Torrhen Karstark. Jacks glares at the Kingslayer as he thanks Lady Catelyn for her intervention. Quotes Spoken by Jacks In the books In A Song of Ice and Fire, Jacks is a similar minor character. He is a member of the household guard at Winterfell. Jacks is one of the guards who accompany Eddard Stark to King's Landing. He and Varly escort Eddard when he visits the armorer Tobho Mott and discovers Gendry, one of Robert Baratheon's bastard. He is one of the few survivors of the massacre of the Stark household. He is later sent with Cleos Frey to th"
6988680b6a4d,Carrera de la Vega,Pirates of the Caribbean,gender: Male | first: ''The Legend of Jack Sparrow'',,"Don Carrera de la Vega was claimed by Jack Sparrow to be a Spanish nobleman who sailed in the Spanish Armada. He was claimed to be the master of the devastating ""Thousand Strike Spin"". Biography 250px|thumb|Don Carrera de la Vega. According to Jack's story, Carrera de la Vega captured Jack Sparrow and William Turner as they made their way, with the HMS Interceptor, to Tortuga in search of a crew. They managed to severely damage Carrera's ship before Jack made his escape leaving Will behind to briefly serve time in a Spanish silver mine. Personality and traits According to Jack Sparrow, Carrera de la Vega was a smug man and relished the opportunity to catch a stolen British vessel or pirates. He was also very impressed by Jack Sparrow and Will Turner for managing to defeat his crew and destroy his ship, implicating he liked a challenge. Equipment and skills According to Jack Sparrow, as a Spanish Navy officer, Carrera de la Vega was an accomplished swordsman. He was able to hold hi"
240e46f10a91,Orla Richese,Dune,last: ''Two Wolves'' | portrayed: Laura Howard,"When Ynez defended him, Javicco decided they could overlook it and the party continued.The Hidden Hand

Orla went with her husband and daughter when they learned Pruwet had been killed. When Valya came, she gave them her condolences, but Javicco said that contrary to what they'd heard, there was no suspect in his death. However, later, Javicco had Desmond Hart, who had killed Pruwet, use the same power on Ferdinand to manipulate him into continuing his promised support.","Orla Richese is the wife of Ferdinand Richese and mother of Pruwet Richese. Behind the Scenes Biography Orla came to the Corrinos' with her husband, son, and daughter so her son could be married to Princess Ynez Corrino. The engagement ceremony went well, but at the engagement party, Pruwet pulled out a thinking machine toy, startling others as the technology was prohibited. When Ynez defended him, Javicco decided they could overlook it and the party continued.The Hidden Hand Orla went with her husband and daughter when they learned Pruwet had been killed. Ferdinand knew there was more to the story than the Corrinos were telling them, but the Corrinos said nothing more about it. When Valya came, she gave them her condolences, but Javicco said that contrary to what they'd heard, there was no suspect in his death. However, later, Javicco had Desmond Hart, who had killed Pruwet, use the same power on Ferdinand to manipulate him into continuing his promised support. Orla begged Javicco "
ccc264bca8ee,Brett Warner,The Twilight Saga,species: Human | gender: Male,Brett Warner's only known appearance is in Twilight after Bella Swan was almost killed in a car crash.,"Brett Warner's only known appearance is in Twilight after Bella Swan was almost killed in a car crash. He arrived with an EMT and is apparently a friend of Carlisle Cullen and very familiar with him, since he addressed him after Edward saved Bella's life. He is a registered nurse at Forks Hospital and was described as having a grizzled face. Appearances Twilight Midnight Sun Category:Minor characters Category:Humans Category:Hospital staff Category:Twilight Category:Midnight Sun"
ddf1bba3af88,Wiseman Gamwich,Lord of the Rings,birth: TA 2800 (SR 1200) | gender: Male,,"Wiseman Gamwich was a hobbit of the Shire. Biography Wiseman Gamwich was born in TA 2800, son of Hamfast of Gamwich. He had at least one child, Hob Gammidge. He moved from Gamwich to Tighfield.: Appendix C, ""The Longfather-tree of Master Samwise"" References de:Weismann Gamwich fr:Prud'homme Gamwich it:Savino Gamwich pl:Wiseman Gamwich Category:Hobbits Category:Gamgees"
989b98308309,Unidentified Guardians of the Whills archivist,Star Wars,species: Human,,"An individual served as an archivist for the Guardians of the Whills in the Temple of the Kyber. Less than a year after the Battle of Jedha of 382 BBY, they were standing guard outside the Kyber Archive when Convocation of the Force representative and former Guardian of the Whills Tey Sirrek swaggered in. The Sephi attempted to circumvent protocol to be let in without direct confirmation between the archivist and Captain Oklane Viss, but the archivist refused. In response, Sirrek apologetically punched the archivist in the face, knocking them unconscious and allowing Sirrek to enter the archive and steal the Hand of Siberus. Behind the scenes The archivist appeared in flashbacks in the sixth issue of the 2023 Star Wars: The High Republic comic series, written by Cavan Scott, illustrated by Laura Braga and Jim Towe, and published by Marvel Comics on April 10, 2024. Appearances The High Republic (2023) 6 Notes and references Category:Guardians of the Whills Category:Humans Category"
23c315291997,Trev Mallory,Harry Potter,species: Human | gender: Male,,Trev Mallory was a Gryffindor student at Hogwarts School of Witchcraft and Wizardry. Biography He once signed up for Quidditch training at 7pm on a Saturday on a sign-up sheet that was posted on the bulletin board in the Gryffindor common room. Appearances Notes and references es:Trev Mallory pl:Trev Mallory Category:20th century births Category:British or Irish individuals Category:Gryffindors Category:Males Category:Quidditch players Category:Sorted in the 20th century Category:Wizards
239dca53317b,Roger Fontane,Indiana Jones,gender: Male,,"Roger Fontane was a businessman and a client of mystic Sophia Hapgood in 1939. Unknown to him, however, his secretary Beth Addams was a secret Nazi agent. Biography One May evening, along with his secretary Beth Addams, columnist Miss McMurphy and others, Roger Fontanero attended a seminar by Sophia Hapgood about Atlantis at her apartment. He expressed his unease at Hapgood's application of the mystic to history but event was interupted when Indiana Jones arrived claiming to be a detective of the ""fraud division"", prompting the visitors to quickly take their leave. The next day, Hapgood considered asking Fontane if he had told Nazi colonel Klaus Kerner, who had raided the apartment after it was evacuated by Jones, about Atlantaen relics when she noticed Beth Addams outside his office building ordering a taxi to Midtown General Hospital where Jones was recuperating from a gunshot wound. Appearances Indiana Jones and the Fate of Atlantis comic Category:Businessmen & Industrialist"
a8f14b0aaf28,Lormelle Long Lance,Game of Thrones,,,"Lormelle Long Lance is a jouster in Westeros. Biography Background Lormelle was once defeated by Ser Barristan Selmy. Game of Thrones: Season 8 Lormelle is mentioned in Barristan Selmy's entry in the Book of Brothers. In the books In A Song of Ice and Fire, Lormelle's story is the same. Appearances References External links Category:Individuals mentioned in Game of Thrones Category:Westerosi ru:Лормелл Длинное Копьё"
2e6c3ead3930,Apedemak,Pirates of the Caribbean,gender: Male | first: ''The Price of Freedom'',,"Apedemak was a major deity, also described as a god or heathen god, in the ancient times. Often depicted as a figure with a male human torso and a lion head, Apedemak was a war god worshiped by the peoples inhabiting Kush and the natives of Kerma. He was often considered the equivalent of Maahes, the lion-headed war god of Egypt, and was also worshipped under the name. Biography Ancient times Apedemak was worshiped as god for thousands of years in Kush. He was also worshiped in Egypt where he was known as Maahes. His mother was Sekhmet, the lion goddess. He had the appearance of a human with the head of a lion. Around 1300 BC, Apedemak instructed the citizens of Kerma to leave their homes and travel to the West. Kermans took their most sacred possesion, the green stone of power, and crossed the Great Desert, finally reaching the Atlantic Ocean. There, they built ships and sailed until they found an uninhabited island. They settled on the island and named it Kerma, in honor of their "
449a825cc74e,Samin Moro,Dune,portrayed: Nicole Shostak,,"Samin Moro was a Mentat in the service of House Harkonnen. Biography Awakening Samin Moro was approached by the Prisoner in Riftwatch and offered to train them the ways of the Mentat. She told them that they would need to provide simple yet necessary tasks to prove their capability before the training could begin. Once these tasks were completed, she informed them that she was skilled in the art of killing, which was very useful to her colleague, Piter de Vries.Dune: Awakening Appearances Dune: Awakening References Category:Dune Awakening Awakening Awakening Awakening"
d1d66faef19c,Gustavo,The Twilight Saga,born: Brazil | species: Human | gender: Male,,"Gustavo is a minor character who appears only in Book 1 of Breaking Dawn. He is married to Native Ticuna, Kaure, both of whom are housekeepers on Isle Esme. He is portrayed by Sebastiao Lemos in the first movie adaptation of Breaking Dawn. Biography Breaking Dawn In Breaking Dawn, Gustavo accompanies Kaure, his wife, as Bella and Edward Cullen's housekeepers while on their honeymoon on Isle Esme. He is portrayed as a polite and kind person who speaks Portuguese. He feels often embarrassed by Kaure's superstitions and wants her to be more modern. Physical appearance Gustavo is a middle aged Brazilian who speaks Portuguese. He is mentioned to have a round body with copper skin, dark eyes and grayish hair. His face is wrinkled, like his wife. In the movie, he has a goatee. Film portrayal 180px|thumb|Sebastiao Lemos Sebastiao Lemos portrays Gustavo in Breaking Dawn - Part 1. Appearances Breaking Dawn Breaking Dawn - Part 1 Category:Minor characters Category:Humans Category:Breaking "
3849046462ae,Hiril (daughter of Barahir),Lord of the Rings,gender: Female,,"Hiril was an Edain woman of the House of Bëor during the First Age. She was the daughter of Barahir and Emeldir, and the sister of Beren., Vol. XI: The War of the Jewels, Part Two: ""The Later Quenta Silmarillion"", Ch. 14: ""Of the Coming of Men into the West"", The new genealogies of the Edain, (i) The House of Bëor, pg. 232 Nothing else is known about her. Etymology Hiril is a name in Sindarin meaning ""lady"". It contains an abbreviation of the suffix -iel (""daughter; feminine suffix"")Parma Eldalamberon 17, Words, Phrases, and Passages in Various Tongues in The Lord of the Rings, pgs. 23, 49, 56, 190 appended to hîr (""lord, master"").The Letters of J.R.R. Tolkien, Letter 297, pg. 382The Silmarillion, Appendix: Elements in Quenya and Sindarin Names, entry heru (""híril 'lady' in Hírilorn"") References Category:Bëorians Category:Characters in The History of Middle-earth Category:Edain pl: Hiril (córka Barahira)"
a3e5bf0fee5a,Bronze (Chiss),Star Wars,species: Chiss | gender: Female,,"A Chiss female simply known as ""Bronze"" was the representative of one of the ruling Four Families of the Chiss Ascendancy. The Chiss wore a bronze head-to-foot robe and spoke in a rich contralto voice. Appearances The New Jedi Order: Force Heretic II: Refugee Notes and references Category:Chiss Category:Females Category:Individuals with unspecified pronouns"
219f3ec5e534,Seamus Finnigan's father,Harry Potter,species: Human | gender: Male,,"Mr Finnigan was an Irish Muggle and the father of Seamus Finnigan. He did not know that his wife was a witch until after he married her. It came as a ""nasty shock"" to him. Appearances Notes and references de:Mr Finnigan es:Padre de Seamus Finnigan fr:Père de Seamus Finnigan pl:Pan Finnigan Seamus Finnigan's father Category:Irish individuals Category:Males Category:Married individuals Category:Non-magic people Category:Parents Category:Unnamed family members"
06a546df5c3d,Basil Rathbone,Indiana Jones,gender: Male,,"Philip St. John Basil Rathbone, best known simply as Basil Rathbone, was a Hollywood actor. Biography Legacy American movie fan Professor Julio Huertas was aware of Rathbone's work in 1937. During his stay in Buenos Aires, Argentina, Huertas asked the American archaeologist Indiana Jones questions about Rathbone, with Jones confirming to him that Rathbone was a short man, hence why he played many villains in his films. Appearances Indiana Jones and the Arms of Gold Sources Heroes and Sidekicks: Indiana Jones and the Temple of Doom Notes and references External links Rathbone, Basil Rathbone, Basil"
cef5dcad098f,Lordsport dockhand,Game of Thrones,"Birth: At Lordsport | Appearances: ""The Night Lands"" | Actor: Jer O'Leary",,"A Lordsport dockhand lives in the Iron Islands. Biography Game of Thrones: Season 2 He is working when Theon arrives in Lordsport. He is unmoved by Theon introducing himself as the heir to the Iron Islands and last living son of Balon Greyjoy. Theon pays him to find a horse to take him to Pyke. Yara offers to take Theon, and Theon pays the dockhand a little more to ensure that his belongings are sent to Pyke when they are unloaded. In the books In A Song of Ice and Fire, there is no equivalent character. Theon pays the captain of the Myraham to forward his belongings; as he is about to buy a horse from an innkeeper, he is met by his uncle Aeron. Appearances References Category:Individuals appearing in Game of Thrones Category:Ironborn ru:Докер Лордспорта"
f668947ee6ec,Inmate (Turkish Prison),Pirates of the Caribbean,gender: Male | first: ''Pirates of the Caribbean: Dead Man's Chest'' | last: ''At Worlds End (video game)'',,"This man was a prisoner during the Age of Piracy. He was incarcerated in the Turkish Prison at the same time as Captains Jack Sparrow and Edward Teague. Following the escape by Sparrow and Teague, the inmate promptly fled the prison, but later find himself in captured again at Port Royal. Biography Little is known of this man's life other than he would be arrested and became a prisoner of the Turkish Prison, a heavily-guarded prison fortress, around the same time as the infamous pirate Captain Jack Sparrow and Edward Teague. The inmate was placed inside a small cell with a metal door and a single bed in the center of the prison fortress, one floor above the cells in which Sparrow and Teague were held. Sparrow was able to escape, breaking out of his cell using a crowbar, and promptly released Teague before traversing a set of unstable rocky stairs to free this man and another prisoner. The two prisoners ran down the steps to the gate and started banging on it, soon being joined by Spar"
3d8249ab994b,Isbar,Dune,,"Then, he informed her that Bronso of Ix continued to spread lies and heresy despite the death of Muad'Dib but Jessica dismissed this as 'hardly news'.","Isbar was a male priest. He presented himself to the mother of Paul Atreides, Jessica Atreides and informed her that Paul had walked out into the desert after being blinded by a Stone burner and that Duncan Idaho had been ressurected as a Ghola and was now loyal to her daughter Alia. Then, he informed her that Bronso of Ix continued to spread lies and heresy despite the death of Muad'Dib but Jessica dismissed this as 'hardly news'. Appearances The Winds of Dune"
9667b93a73a2,Vladimir,The Twilight Saga,species: Vampire | born: Dacia | gender: Male,"Obedient humans were spared death, if not labor, and a few lucky individuals pleased the Romanians enough to earn immortality. Vladimir's mate was killed around 810 AD, during the last of many attempts the Romanians made during the centuries to regroup, repopulate, and topple the Volturi. After the death of Vladimir's mate, Stefan has been his only company throughout the centuries.","Vladimir is one of the founding members of the Romanian coven, the enemy clan of the Volturi. His coven was once the most powerful in the world, but when the Volturi rose to power, they were defeated in a century-long struggle. After losing his mate, Stefan became his only companion. They both long for the opportunity to one day oppose the Volturi and take back their power. He is portrayed by Noel Fisher in the second movie adaptation of Breaking Dawn. Biography Early life Vladimir was one of the original twelve ruling members of the Romanian coven. Vladimir was the head of a coven of four (large, by normal vampire standards) when he joined forces with the other Romanian vampires. His big, successful coven was one of the inspirations for the notion of coexistence to pursue power. During their rule - which lasted nearly 1000 years - the Romanians lived brazenly and decadently. For thousands of miles in every direction, they were known and feared. They ruled over humans and vampires a"
bd532fc765f5,Man in the Moon,Lord of the Rings,gender: Male,,"The Man in the Moon was a character that exists within the folk-tales of the Shire-folk, the Númenóreans, and the Gondorians.The Adventures of Tom Bombadil and Other Verses from the Red Book, ""Preface"" History The Man in the Moon of the Hobbits' tales may have his origins in the legend of Tilion the Maia.<ref name=complete>Robert Foster, The Complete Guide to Middle-earth, entries ""Man in the Moon"" and ""Tilion""</ref> The Númenóreans believed that the Man in the Moon, like the Lady of the Sun, was a guardian spirit. According to Middle-earth folklore, the Man in the Moon had silver shoes and a silver beard as well as a pale gray mantle. His girdlestead was said to be crowned with opals and pearls. He lived in a white minaret towering over the Mountains of the Moon that was made out of diamonds and ""tall moonstone"" and had ""an ivory door"" that was only unlockable with a ""crystal key"" that he possessed. He was featured in the song The Man in the Moon Stayed Up Too Late,The Adventures "
c3e8dcd62e92,Unidentified punched barfly,Star Wars,species: Human,,"A human barfly frequented a bar on the asteroid Borgo Prime. Some time c. 9 ABY, the individual was involved in a brawl with their fellow patrons. Once punched in the face by an Aqualish barfly, the human barfly fell to the ground, only to stand up again and help a third barfly—who was held in the enemy's arms after sticking up for them—struggle free. The three individuals continued their rough-and-tumble after former pirate captain Jod Na Nawood passed by in the company of the four Skeleton Crew younglings, who were all headed for the starship Onyx Cinder so as to complete their escape from Jod's former pirate crew. Appearances Notes and references Category:Humans Category:Individuals of unspecified gender Category:Individuals with unspecified pronouns"
1e656da524df,Valentina Vázquez,Harry Potter,"born: Before 1997 (most likely), Argentina | species: Human | gender: Female",,"President Valentina Vázquez was an Argentinian witch and the President of the Argentinian Council of Magic in 2014. Biography It was under her regime that the Council staged the disastrous opening for the 2014 Quidditch World Cup, which escalated into a fight between various team mascots prompted by an attempt to make the Fijian Dukuwaqa and Norwegian Selma share a lake. Vázquez issued a public statement following the event, noting that the Council had been expecting the Norwegians to bring a group of performing trolls, and as no studies had been done into the compatibility of Dukuwaquas and Selmas, no liability could be afforded to her Council. - DISASTROUS OPENING CEREMONY LEADS TO QUESTIONS ABOUT QUIDDITCH WORLD CUP SECURITY (Archived) President Vázquez attended the final of the 427th Quidditch World Cup, on 11 July. Shortly before the match started, she was spotted by Daily Prophet reporter Rita Skeeter chatting to the International Director of the ICWQC, Mentor Metaxas. - 2014 Q"
b67d07157d2b,Lyndsey Donner,Indiana Jones,gender: Male,,"Lyndsey Donner was a professor who worked at Hunter College in New York City around August 13, 1969. Biography Professor Lyndsey DonnerIndiana Jones and the Dial of Destiny magazine was present at a surprise party held for archaeologist Indiana Jones on his retirement from Hunter College on August 13, 1969. He was also the author of Aquarius: Did Aliens Build the Pyramids?, a book which Jones possessed an advanced review copy of. Behind the scenes Lyndsey Donner was portrayed by Billy Postlethwaite in Indiana Jones and the Dial of Destiny. Appearances Indiana Jones and the Dial of Destiny Sources Indiana Jones and the Dial of Destiny magazine Notes and references Category:Characters appearing in Indiana Jones and the Dial of Destiny Category:Faculty of Hunter College Category:Professors Category:Writers, Poets & Playwrights"
90ec58a52606,Oscar Tully,Game of Thrones,"Appearances: 3 episodes | First: ""The Red Dragon and the Gold"" | Actor: Archie Barnes","His father died suddenly while still young, and Grover raised him in his stead.","Lord Oscar Tully is the head of House Tully and Lord Paramount of the Riverlands during the Dance of the Dragons. Biography Background Oscar is a grandson of Lord Grover Tully and the heir to Riverrun. His father died suddenly while still young, and Grover raised him in his stead. House of the Dragon: Season 2 thumb|250px|left|Oscar first meeting Daemon. Prince Daemon summons Grover Tully to Harrenhal and so Oscar goes in his place. Simon then announces the arrival of Oscar Tully, grandson of Lord Grover Tully and heir to Riverrun. Daemon learns that Lord Grover is still alive, but incapable of doing much more than laying in his bed, posing a problem for the Blacks, as the situation prevents the armies of House Tully from being raised in their name. Daemon bluntly suggests that Oscar kill his grandfather, but the latter is appalled at the suggestion, explaining that Lord Grover raised him as if he was his son, and the act would amount to kinslaying. Daemon retorts that he can now un"
27c826b66c42,Footman (Weatherby Swann's mansion),Pirates of the Caribbean,gender: Male | first: ''The Curse of the Black Pearl'',,"This individual served as a footman in Governor Weatherby Swann's mansion in the town of Port Royal. Biography This man found employment in Governor Weatherby Swann's mansion during the 1720s. When the young blacksmith named Will Turner was waiting to present a sword intended for James Norrington's promotion ceremony, the footman passed through the foyer with a silver tray, unaware that Turner had detached a candle-holder from the wall by mistake a few seconds previously. After hiding the item in an umbrella stand, Will nodded to the footman as he passed. That night, the town was attacked by the cursed crew of the Black Pearl, who were seeking the last of 882 pieces of Aztec gold to relieve their curse. The coin in question was around the neck of the governor's beautiful daughter, Elizabeth, so the mansion was besieged and looted by the pirates. As Elizabeth fled downstairs from Pintel and Ragetti, the footman passed through the foyer with Scarus chasing after him. His fate is unkno"
b6d13a8db4e1,Siona Atreides,Dune,birth: 13699 AG,"When she was near death from thirst, Leto offered her liquefied Spice Melange secreted from tendrils flanking his face. Leto, seeing his death and devolution as a necessary step on the Golden Path, had used Siona, Nayla, and Idaho to fulfill his own fate. After Leto's death, his plan for Siona and Idaho was realized; the pair married and reproduced.","Siona Ibn Fuad al-Seyefa Atreides was a distant descendent of Ghanima Atreides and the great Farad'n Corrino, and the first carrier of prescience-cloaking genes. Biography Early life Siona was born the daughter of Moneo Atreides, Leto II's trusted attendant and advisor during his last years. Like her father, Siona harbored a strong rebellious streak, and by her teenage years became violently opposed to Leto's domineering rule of his Empire. Actions against the God Emperor Siona's rough charisma and intelligence helped her emerge as the leader of a group of like-minded dissidents determined to end the God-Emperor's rule through any means necessary. During one incident, Siona barely escaped alive after stealing some of Leto's personal journals and plans, losing ten of her companions to Leto's D-wolves. Her rebellious actions continued even after Leto forced her to join his Fish Speakers. Leto's ambition of breeding Siona with his Duncan Idaho ghola of that time also riled the young Atr"
02ef5f344be3,Isaac Weber,The Twilight Saga,"born: 1996; Forks, Washington | species: Human | gender: Male",,"Isaac Weber is the younger brother of Angela Weber. He has a twin brother named Joshua. He only appears in Eclipse and Breaking Dawn, where he plays a very minor role. He was seen in the graduation where he and his brother watch their sister get her diploma. He was also seen with his family at Bella and Edward's wedding in Breaking Dawn. Appearances Eclipse Breaking Dawn Mentioned in Midnight Sun Category:Minor characters Category:Humans Category:Eclipse Category:Breaking Dawn"
f35d5da28bce,Tinfang,Lord of the Rings,gender: Male,,"Tinfang Gelion, called Timpinen by Vairë, and Tinfang Warble by the children, was an eerie Elf mentioned within the earlier versions of the legendarium., Vol. I: , IV: ""The Chaining of Melko"", pgs. 94-5 He was whimsical and capricious; his piping was enchanting and made everyone wish to find out where the music came from and hear more. But his talent was matched by his shyness, and always evaded those who wanted to approach, as he was playing only for himself.Dawn Walls-Thumma, ""Tinfang Warble"" on Silmarillion Writers' Guild, 1 October 2022 History Tinfang Gelion was a famous, ""List of Names [in the original texts]"" Elvish piper, Vol. V: , Part Three: ""The Etymologies"", entry SPÁNAG whose origins and nature were shrouded in mystery, but it is likely that he was one of the Ñoldor or possibly one of the Teleri. He was said to be a strange, but a wondrously wise flautist who ""played and danced in summer dusks for joy of the first stars"". He was more shy than a fawn, tending to hide a"
c7bd128532a9,Nuri Pravada,Star Wars,gender: Female,,"Nuri Pravada was a female near-Human member of the Quetzal Sisters, a squad of 'femme-fatales' who worked for the Alliance to Restore the Republic. She along with the other Quetzal sisters, Zeela Nall and Sheyne Tyndos served with Leia Organa and General Orma Hundeen on a mission on Elerion to recover the holocube map containing the location of Rebel main bases from Nescan Tal'yo, Hermos, and Gogol. Appearances Category:Alliance Military members Category:Females Category:Individuals of unidentified species Category:Near-Humans"
96e96d686899,Gormless Morgan's friends,Harry Potter,species: Humans,,"These people were the friends of Gormless Morgan and written into The Rhyme of Gormless Morgan. They are most likely based on real people as most stories made by Miranda Goshawk were about real people who had their name changed to protect their identity. Morgan had been given a job by his boss to kill a fearsome Gorgon, a creature that could turn people into stone. They gave Morg the advice to have a plan first. Sadly, their friend was turned into stone. Appearances Notes and references Category:Cliques Category:Individuals of unknown gender Category:Unidentified individuals Category:Wizards"
a3ca98b1135a,Azizi,Indiana Jones,gender: Female,,"Azizi was a goat. Biography The favorite animal of an Egyptian woman in Gizeh Village, Azizi was given away to another when her owner grew too ill to keep her. Passing through Giza while investigating the Great Circle, Indiana Jones overheard the woman telling her grandson that she missed Azizi but her ailments had rendered her unable to visit the goat. Traveling with a camera, Jones was able to provide the woman with a photo of Azizi instead. Appearances Indiana Jones and the Great Circle Notes and references Category:Animal characters Category:Characters appearing in video games"
a57496d98b24,Uthor Karstark,Game of Thrones,Birth: At Karhold,,"Uthor Karstark was a member of House Karstark. Biography Background Uthor Karstark was the secondborn son of Tommard Karstark and his wife, Regan. Game of Thrones: Season 1 He has an entry in The Lineages and Histories of the Great Houses of the Seven Kingdoms. In the books In A Song of Ice and Fire, there is no such character. Appearances References Category:Individuals mentioned in Game of Thrones Uthor Karstark Category:Northmen es:Uthor Karstark fr:Uthor Karstark ru:Утор Карстарк"
ef77ab304cb1,Murtogg,Pirates of the Caribbean,gender: Male | first: ''The Curse of the Black Pearl'',"They later joined the battle around Calypso's maelstrom, eventually switching sides with the death of Lord Cutler Beckett, adopting piratical outfits and joining in with the celebrations aboard the Black Pearl. Afterwards, the two put on pirate attire and joined in celebrating the death of Lord Cutler Beckett. Until the release of At World's End, due to Murtogg's absence in the 2006 film Pirates of the Caribbean: Dead Man's Chest, it was assumed amongst fans that he was killed when the hurricane destroyed the HMS Dauntless.","Murtogg was a marine in the British Royal Navy, stationed at Port Royal in the Caribbean, under the command of Commodore James Norrington. He was often seen serving alongside his fellow marine, Mullroy. The duo were later under the service of the East India Trading Company, but ultimately joined Hector Barbossa's crew as pirates, serving aboard the Black Pearl and later the Queen Anne's Revenge. Biography Soldier Royal marine thumb|319x319px|Mullroy and Murtogg guarding the H.M.S. Interceptor from ""Mr. Smith"" At the time of James Norrington's promotion ceremony held at Fort Charles, Murtogg and Mullroy were assigned the task of guarding the dock at which the HMS Interceptor was berthed. Although they carried out their duty loyally, they proved little match for the trickery of Jack Sparrow, and ended up engaged in conversation with the pirate aboard the Interceptor. Although dutiful, they both proved incapable of rescuing Elizabeth Swann when she fell from atop the fort's battlements "
2bdaad8bd31b,Simone Von Konig,Dune,portrayed: Isabella Hoffman,,"Simone Von Konig was a Mentat in the service of House Harkonnen. Biography Awakening Simone Von Konig was approached by the Prisoner at Riftwatch. She informed them that despite being in the service of House Harkonnen, she despised all of its members and only served them to use their resources to accomplish her own goals. She then gave them the task of determining the cause of the recent deaths in Arrakeen. She told them that they needed to conduct the investigation incognito, as her Mentat counterpart in House Atreides, Andrea Ganan, was already investigating the matter. She instructed to begin by infiltating the labor movement known as the Sandflies, which had suffered a similar outbreak. She advised that they investigate the group's involvement with Captain Tighe Skorda and the crash of the Kytherea.Dune: Awakening Appearances Dune: Awakening References Category:Dune Awakening Awakening Awakening Awakening Awakening"
70baa3f08baf,Phil Dwyer,The Twilight Saga,born: 1975 | species: Human | gender: Male,"Life and Death: Twilight Reimagined

In Life and Death: Twilight Reimagined, Phil has a stepson named Beau instead of a stepdaughter. Film portrayal
thumb|250px|Matt Bushell and Ty Olsson
Phil is portrayed by Matt Bushell in the Twilight movie and by Ty Olsson in Breaking Dawn - Part 1.http://www.breakingdawnmovie.org/breaking-dawn-casting-news-ty-olsson-to-play-phil-dwyer/

Appearances
Twilight
Twilight film
Life and Death: Twilight Reimagined
Breaking Dawn
Breaking Dawn - Part 1

Mentioned in
Midnight Sun
New Moon
Eclipse

References

External links
 Stephenie Meyer's website
 The Twilight Saga's official website
 The official Twilight website. ru:Фил Дуаер
Category:Minor characters
Category:Humans
Category:Twilight
Category:Breaking Dawn
Category:Life and Death: Twilight Reimagined","Phil Dwyer is Renée Dwyer's second husband and Bella Swan's stepfather, as well as the stepfather-in-law of Edward Cullen and the step-grandfather of Renesmee Cullen. He is portrayed by Matt Bushell in the first movie adaptation and later by Ty Olsson. Biography History Phil married Renée the same month Bella turned 17. They had planned to get married in Mexico, but that did not happen. Though Bella didn't like the fact that her mother remarried someone younger, she found Phil to be a decent guy and accepted him. However, because he was a minor league baseball player, he spent a majority of his time away from his new family. Renée stayed home with Bella while her husband travelled for work, and she always missed her husband terribly whenever he was away. Seeing how lonely her mother was being away from her new husband, Bella decided to move back to Forks and live with her biological father, Charlie, so Renée and Phil could travel together. Twilight thumb|left|200px|Phil in Twilight"
d89c30f3fed7,Melilot Brandybuck,Lord of the Rings,birth: SR 1385 | gender: Female,,"Melilot Brandybuck was a Hobbit of Buckland. Biography Melilot was born in SR 1385 (TA 2985) and was the youngest child of Marmadas Brandybuck. Melilot's siblings were called Merimas and Mentha., Appendix C: Family Trees, Brandybuck of Buckland At Bilbo's 111th birthday party on September 22, 3001, Melilot Brandybuck her boyfriend Everard Took began to dance the Springle-ring on a table when they mistakenly thought Bilbo's speech was over. She was a third cousin of Meriadoc Brandybuck.The Lord of the Rings, The Fellowship of the Ring, Book One, Chapter I: ""A Long-expected Party"" Translations Foreign LanguageTranslated nameDutchMelilot BrandebokFinnishMelilot RankkibukFrenchMélilot BrandiboucGermanMelilot BrandybockHebrewמלילוט ברנדיבאקItalianMelilot Brandibuck </div> References de:Melilot Brandybock fr:Melilot Brandebouc it:Melilot Brandibuck nl:Melilot Brandebok pl:Melilot Brandybuck Category:Hobbits Category:Brandybucks Category:The Fellowship of the Ring (film) characters Ca"
6fb7cedd7cb9,Rae Vixe,Star Wars,species: Gran | gender: Male,,"Rae Vixe was a corporate mogul, and the father of Cera and Boe Vixe. He threw a lavish gala at his Vixe Estate to celebrate the Harvest Season. Appearances Notes and references Category:Businesspeople Category:Gran Category:Males"
b65584923e2f,Daniel Defoe,Harry Potter,,,"Daniel Defoe was an author who wrote Robinson Crusoe. Etymology The name ""Daniel"" comes from the Hebrew name דָּנִיֵּאל (Daniyyel) meaning ""God is my judge"". Appearances Notes and references pl:Daniel Defoe Category:Authors Category:English individuals Category:Males"
b97f039ed051,Mae,Indiana Jones,gender: Female,,"Mae was the jaded owner and bartender of The Kowloon Port O' Call. Mae carried the faint smell of pechule and an inviting smile within her curvaceous frame which was readily flanked by her four Cantonese bodyguards of whom she could direct to attack and/or kill on command when evicting patrons of her Hong Kong establishment. Sources Indiana Jones and the Lands of Adventure Category:Chefs, Bartenders & Restaurant personnel"
b114348d1f66,Vance Corbray,Game of Thrones,"Birth: At Heart's Home | Appearances: ""The Mountain and the Viper"" | Actor: Richard Doubleday","Biography
Game of Thrones: Season 4
Ser Vance, along with Lord Yohn Royce and Lady Anya Waynwood, sits on a tribunal to investigate the death of Lysa Arryn. Lord Yohn Royce and the other present Vale lords do not inquire about Lysa's death, but demand that Littlefinger leaves the Vale and lets them look after Lysa's son.","Ser Vance Corbray is a knight of House Corbray, a noble house sworn to House Arryn of the Eyrie. Biography Game of Thrones: Season 4 Ser Vance, along with Lord Yohn Royce and Lady Anya Waynwood, sits on a tribunal to investigate the death of Lysa Arryn. Like the other judges, Ser Vance assumes foul play on Littlefinger's part. During the tribunal, Ser Vance is made aware that Littlefinger's niece, ""Alayne"", is actually Sansa, but he agrees to keep her secret and accepts her testimony that Lysa committed suicide. In the books In A Song of Ice and Fire, there is no character named Ser Vance Corbray. There are two known Corbray knights, brothers to Lord Lyonel Corbray, Ser Lyn and Ser Lucas. Ser Lyn is a noted warrior, and is also known to be a homosexual. Vance is most likely based off Lyn, as he was the Corbray present at the meeting between Petyr Baelish and the Vale lords. Lord Yohn Royce and the other present Vale lords do not inquire about Lysa's death, but demand that Littlefing"
8694d9fd81fb,Cursed Captain,Pirates of the Caribbean,gender: Male | first: ''Sea of Thieves: A Pirate's Life'' | last: ''Sea of Thieves: A Pirate's Life'',"However, due to the cursed nature of the island, all the crew perished before they could sail away. Appearances
Sea of Thieves: A Pirate's Life

See also
Cursed Captain on Sea of Thieves Wiki

Category:Deceased individuals
Category:Males
Category:Pirate captains
Category:Resurrected individuals
Category:Undead","The Cursed Captain was a pirate captain who became cursed and undead during the golden age of piracy. Commanding the Golden Hare, the Captain had a prosperous career, but he eventually met his end in the Sea of the Damned at the hands of his own mutinous crew. Biography Not much is known about the Cursed Captain's early life, except that he joined the pirates in the Caribbean and eventually became a captain of his own ship, the Golden Hare. At some point during his career he lost his right hand and put a hook in its place. He also lost his left eye and had to wear an eyepatch over the empty eye socket. One day the Captain and his crew stole a fortune in plunder, but they had to run from the treasure's real owners. The Golden Hare sailed into the Sea of the Damned, the cursed waters full of undead mariners. The pirates eventually reached an island and established themselves in a haunted town called Sailor's Grave. The crew complained to the Captain, asking to sail back to the world o"
5fabf650e3af,Campos Demari,Dune,portrayed: Robbie Daymond,,"Campos Demari was a spice merchant. Biography Background Campos Demari was an ornithopter pilot in the Spice Miner's Guild for thirty years. He was part of the B Squadron, First Fleet, Third Deep Desert Fleet, who were known as the Habanaya Hot Heads. He left after Windsack, as he disagreed with the Guild's decision to get involved in politics.Dune: Awakening Awakening Campos Demari was approached by the Prisoner at his stall in in Arrakeen. He told them of his past as a pilot and all that he know about the spice trade. He also told them about his charter service, Dune Riders, in which he offered ornithopter excursions into the deep desert, which he declared to be the only charter service that guaranteed wormsign. Appearances Dune: Awakening References Category:Dune Awakening Awakening Awakening"
55bb88111a9b,Mr. Jefferson,The Twilight Saga,species: Human | gender: Male,,"Mr. Jefferson is a minor character in Twilight. He is only mentioned to be Bella's Government teacher at Forks High School. On the first day of school, Eric walked Bella to his class. Appearances Twilight External links Stephenie Meyer's official website The Twilight Series' official website The Twilight Lexicon Category:Forks High School staff Category:Twilight"
37b28e3937c4,Gilfanon,Lord of the Rings,gender: Male,,"Gilfanon a·Davrobel was a Ñoldorin Elf of Tol Eressëa., Vol. I: The Book of Lost Tales Part Two, VIII: ""The Tale of the Sun and Moon"" Biography Gilfanon was one of the oldest living Elves on Tol Eressëa. He lived in the House of the Hundred Chimneys in the town of Tavrobel. He knew the Elf Lindo and was present when Lindo hosted the Man Eriol at the Cottage of Lost Play during his time on the island. During one night, Gilfanon told Eriol the tale of the Sun and the Moon as they spoke together., Vol. I: The Book of Lost Tales Part One, IX: ""The Hiding of Valinor"", Vol. I: The Book of Lost Tales Part One, VIII: ""The Tale of the Sun and Moon"", Notes and Commentary He was also known for recounting a tale of the exile of Ñoldor and the coming of Men., Vol. I: The Book of Lost Tales Part One, X: ""Gilfanon's Tale: The Travail of the Noldoli and the Coming of Mankind"" Etymology Gilfanon is a Gnomish name with an unknown meaning,""Gilfanon"" on eldamo.org though the first word may be derived "
285ac7f09bb9,Davrill,Star Wars,species: Human | gender: Male,,"Davrill was a Human male who served in the rank of Lieutenant of the reconstituted Sith Empire during the Cold War. Biography Stationed on Balmorra, Davrill discovered that the old Balmorran government was sending generators to the Balmorran resistance in order to power the artillery. He tasked an Imperial spacer to locate the warehouse where these generators were being stored and destroy them. Appearances Star Wars: The Old Republic Notes and references Category:Humans Category:Individuals with he/him pronouns Category:Males Category:Sergeants and lieutenants of the Sith Empire"
0888b0bfb9a5,Girl whose quill was taken by Cedric,Harry Potter,born: Between 1 September 1974 and 31 August 1976 (most likely) | species: Human | gender: Female,,"This individual (born c. 1974–1976) was a witch who in the early 1990s was one of the Hufflepuff Prefects at Hogwarts School of Witchcraft and Wizardry. - GBA version Biography She attended breakfast in the Great Hall on the day of the Gryffindor vs. Ravenclaw Quidditch match, where she commented that Cedric had taken her writing quill. She was patrolling the third-floor corridor on the night of 4 June 1992. When Harry Potter, Ronald Weasley and Hermione Granger passed by Peeves, she heard something and went to investigate. She admired Harry Potter and, whenever she caught him sneaking around at night, she was surprised to find him there, breaking school rules just like ""any other student"" and even assuring him that the fact that she had to deduct him House points did not change the fact that she looked up to him as a hero. Behind the scenes This NPC has the distinction of being one of the only Prefects that deducts House points whenever she is the target of a stray spell during t"
