char_id,name,franchise,infobox_fields,death_sentences,text_excerpt
087e7bc2fc86,Tiom Rordan,Star Wars,birth: circa 17 ABY | death: circa 40 ABY | species: Human | gender: Male,"His fiancée was devastated following his death, which also cost her the rest of her squadron.Legacy of the Force: Fury

Behind the scenes
Tiom Rordan has appeared in two Star Wars works thus far in the form of two Star Wars: Legacy of the Force novels, Legacy of the Force: Exile and Legacy of the Force: Fury, both written by Aaron Allston.","Tiom Rordan was a Human male who served as a starfighter pilot in the Galactic Alliance during the Second Galactic Civil War. Stationed aboard the frigate Mawrunner, he began dating Syal Antilles, to the tacit disapproval of her father, Wedge Antilles. After less than a year of dating, they decided to be married after the end of the war. However, when the Galactic Alliance Second Fleet, including Mawrunner, was ordered to accompany the Galactic Alliance Chief of State to negotiations with the Confederation, the Confederation activated the Centerpoint Station superweapon, obliterating the Second Fleet and killing Rordan. His fiancée was devastated following his death, which also cost her the rest of her squadron.Legacy of the Force: Fury Behind the scenes Tiom Rordan has appeared in two Star Wars works thus far in the form of two Star Wars: Legacy of the Force novels, Legacy of the Force: Exile and Legacy of the Force: Fury, both written by Aaron Allston. His name was not revealed unti"
dec2daea5e6b,Westenberg,Harry Potter,"died: Summer, 1997 | species: Human | gender: Male","He and his wife were found murdered in their cellar in the summer of 1997.""Divulgado roteiro COMPLETO de Relíquias da Morte: Parte 1 - FULL Deathly Hallows: Part 1 script released″ on Oclumencia.com.br.","Mr WestenbergClosed captions for the deleted scene ""The Burrows Shed"" on the Blu-ray of . (d. 1997) was an English wizard who lived in the north of England. Biography He and his wife were supporters of the Order of the Phoenix and had, on occasion, provided shelter for its members. He and his wife were found murdered in their cellar in the summer of 1997.""Divulgado roteiro COMPLETO de Relíquias da Morte: Parte 1 - FULL Deathly Hallows: Part 1 script released″ on Oclumencia.com.br. Appearances Notes and references fr:Mr Westenberg pl:Pan Westenberg Category:1997 deaths Category:English individuals Category:Males Category:Married individuals Category:Murder victims Category:Order of the Phoenix allies Category:Second Wizarding War casualties Category:Westenberg family Category:Wizards"
1e300f97b14d,Violet Austman,Indiana Jones,"gender: Female | birth: March 4, 1900 | death: February 8, 1929 New York City, New York, USA","In this moment of utter despair, Violet committed suicide by stepping out of the window of their apartment on the 15th floor.Anthony Fokker - The Flying Dutchman 

 Sources 
 Anthony Fokker - The Flying Dutchman 

 Notes and references 

Category:Canadians
Category:Historical figures
Category:Deceased","Violet Austman was the second wife of Anthony Fokker. Biography In July 1927, Violet Austman married Anthony Fokker. The two settled in an apartment on Manhattan's upscale Riverside Drive. But almost as soon as they wed, their marriage began to fall apart. He was always playing the act of being the eccentric multimillionaire Tony Fokker, while Violet began to suffer from depression. In December 1928 she checked into New York's Presbyterian Hospital, where she remained for six weeks and Fokker rarely visited her. On the day she left the hospital, he sent his driver to pick her up. When Fokker finally got home that evening, he was preoccupied, and went right to sleep. In this moment of utter despair, Violet committed suicide by stepping out of the window of their apartment on the 15th floor.Anthony Fokker - The Flying Dutchman Sources Anthony Fokker - The Flying Dutchman Notes and references Category:Canadians Category:Historical figures Category:Deceased"
21bf03e984c8,Willem Frey,Game of Thrones,"Birth: The Twins, the Riverlands | Death: 303 ACThe Twins, the Riverlands","Game of Thrones: Season 7
He is supposedly murdered, along with his other male family members, by Arya, in retaliation for the Red Wedding.","Ser Willem Frey was a member of House Frey and a knight whose wedding was celebrated with a tournament. Biography Game of Thrones: Season 2 Alton Lannister recalls squiring for Jaime at a tournament, the same day Willem's wedding was held. Game of Thrones: Season 3 A Riverlands traveller tells Locke that he saw Jaime fight in a tournament at Willem Frey's wedding. Game of Thrones: Season 7 He is supposedly murdered, along with his other male family members, by Arya, in retaliation for the Red Wedding. Family In the books In A Song of Ice and Fire, there is a character named Willem Frey, but he is a young grandson of Lord Walder Frey, the second son of Cleos Frey (the analogous character of Alton Lannister) and Jeyne Darry. This ""Willem Frey"" is only ten years old, thus was never married. He serves as a page at Ashemark. He has not made an appearance in the books so far, only mentioned in the appendices. Appearances References Notes External links Category:Individuals ment"
8244c1468b6c,Frór,Lord of the Rings,birth: TA 2552 | death: TA 2589 | actor: Brett Beattie,"He was slain with his father when a Cold-drake invaded the doors of the mountain palace. However, the greater part of Durin's Folk followed the youngest brother Grór to the Iron Hills., Appendix A, ""Durin's Folk""

In adaptations
In , it is revealed that Frór, along with a number of other deceased dwarves, were brought back to life as dwarf-wights in Thikil-gundu, ""The Steel Keep"" (the in-game version of Dáin's halls), and now stalk the halls of the Steel Keep.","Frór (TA 2552 – TA 2589) was a Dwarf of the Ered Mithrin (the Grey Mountains) and was of the line of Durin. Biography He had an older brother, Thrór, and a younger brother, Grór. He was the second son of Dáin I. Frór spent his short life in the Grey Mountains. He was slain with his father when a Cold-drake invaded the doors of the mountain palace. Shortly after they were laid to rest in the tombs of the mountain halls, and the kingship was passed on to Frór's older brother Thrór. Durin's Folk then resolved to abandon the Grey Mountains. It was Thrór who founded the kingdom of the Lonely Mountain and led a portion of his people there. However, the greater part of Durin's Folk followed the youngest brother Grór to the Iron Hills., Appendix A, ""Durin's Folk"" In adaptations In , it is revealed that Frór, along with a number of other deceased dwarves, were brought back to life as dwarf-wights in Thikil-gundu, ""The Steel Keep"" (the in-game version of Dáin's halls), and now stalk the hal"
b9bf197bb360,Stone-Eyed Sam,Pirates of the Caribbean,"gender: Male | died: Before the early 1700s, Isla Esquelética | first: ''The Coming Storm''","The inhabitants of the whole city, including Sam, died exactly where they were.Jack Sparrow: The Coming Storm, pp. Appearances
Jack Sparrow: The Coming Storm  
Jack Sparrow: The Siren Song 
Jack Sparrow: The Sword of Cortés 
Jack Sparrow: The Timekeeper
Jack Sparrow: Dance of the Hours

Notes and references

de:Stone-Eyed Sam
es:Sam Ojo de piedra
it:Stone-Eyed Sam
ru:Каменный глаз Сэм

Category:Deceased individuals
Category:Males
Category:Pirate captains
Category:Resurrected individuals
Category:Swordsmen","Stone-Eyed Sam was a pirate captain in the Caribbean during the Age of Piracy. As the owner of the Sword of Cortés, a legendary and all powerful weapon, Sam became the scourge of Panama and ruled as a pirate king over a majestic city on Isla Esquelética. He hid a cache of treasure in his pirate kingdom on Isla Esquelética, later uncovered by young Captain Jack Sparrow and the crew of the Barnacle. Biography Pirate career Not much is known about Sam's early life except that he engaged in piracy in the Caribbean, and eventually rose up to the position of a leader among the pirates as captain and king. Through uncertain means, Sam lived his pirate life without a left eye, and so when he put a finely polished onyx orb in the empty eye socket, he became known as Stone-Eyed Sam.Jack Sparrow: The Coming Storm, pp. 101-103 During his pirate career, Stone-Eyed Sam performed at least one successful attack against the Spanish colony of Panama, an act that earned him the nickname the scourge of "
dda20d5768a8,Korba,Dune,death: 10210 AG | last: ''Dune Messiah''(1969),Korba was killed by Stilgar after his complicity in the conspiracy was discovered.,"For the adaptation equivalents, see Korba/1984 film and Korba/2000 miniseries [d. 10210 AG] was a Fremen follower of Paul ""Muad'Dib"" Atreides, the supposed Mahdi. Beginning his rise to power as one of the original Fedaykin who Paul trained in the Weirding Way during the Desert War, he served as a commander in the Battle of Arrakeen in 10193 AG which allowed Paul to usurp Shaddam Corrino IV and become the Padishah Emperor and led to the Fremen waging a twelve-year galactic jihad in his name. After the Battle of Arrakeen, Korba was given the title of Panegyrist, becoming an important member of Paul's Qizarate and rose to the additional title of Priest by the year 10208 AG. It was at this point that Korba turned against his Mahdi, becoming embroiled in a conspiracy to martyr the Emperor, a conspiracy whose leading instigators also included Princess Irulan Corrino, Paul's wife in name only, Reverend Mother Gaius Helen Mohiam, Spacing Guild Steersman Edric, and Scytale, a Face Dancer. K"
a8333a1f73c3,Rowena King,The Twilight Saga,died: 1933 (killed by Royal Hale) | species: Human | gender: Female,"Rowena watched in amusement as they beat him near death. Personality
From Stephenie Meyer's description, Rowena was an even crueler person than her male counterpart, Royce; while the man was cruel, he at least harbored desire for Rosalie Hale, whereas Rowena was ice cold toward Royal.http://thenovl.com/post/132954122509/is-rosalies-vampire-origin-story-still-going-to The NOVL Stephenie's Answer

Mentioned in
Life and Death: Twilight Reimagined

References

Category:Mentioned characters
Category:Deceased characters
Category:Humans","Rowena King was a human who lived during the Great Depression. She was the daughter of a criminal lord, and had a secret boyfriend in the enemy syndicate. When she was engaged to Royal Hale, she had her boyfriend kill him. Royal, after becoming a vampire, returned for revenge. Her Twilight Saga counterpart is Royce King II. Biography Rowena's father was a powerful criminal lord. Unbeknownst to her father, Rowena had a secret relationship with the son of the enemy syndicate. When her father announced Royal Hale as Rowena's fiancé, she pretended to show affection. She told her boyfriend about her engagement. One night, the boyfriend had his mafia colleagues corner Royal then proceeded to beat him. Rowena watched in amusement as they beat him near death. As Royal lay battered and dying in the street, Carine Cullen found him and bit him to save his life, turning him into a vampire. After discovering his immense superhuman power, Royal reaped revenge on his attackers. He was carrying the "
67a97464d57e,Unidentified clone trooper captain (Hoth),Star Wars,"death: c. 21 BBY, Hoth | species: Human | gender: Male",The captain was killed in the ensuing skirmish.,"A clone trooper captain accompanied Representative Jar Jar Binks and Jedi Master Obi-Wan Kenobi on a diplomatic mission during the Clone Wars. Biography Following the diplomatic negotiations, the clone trooper captain accompanied Kenobi and Binks back to Coruscant. En route, their ship was attacked by a Confederate squadron, and they crash-landed on the ice planet of Hoth. The captain was killed in the ensuing skirmish. Appearances Notes and references Category:Clone trooper captains"
a407dc810e22,Quong Po,Harry Potter,born: 1443 | died: 1539 (aged 95–96) | species: Human | gender: Male,,"Quong Po (1443–1539) was a Chinese wizard and dragonologist, who studied the Chinese Fireball breed and discovered the magical uses of their powdered eggs. Behind the scenes In the Norwegian version of , he is identified as Chong Po. Appearances Notes and references de:Quong Po es:Quong Po fi:Quong Po fr:Quong Po it:Quong Po pl:Quong Po ru:Квонг По Category:1443 births Category:1539 deaths Category:Bronze Chocolate Frog Cards Category:Chinese individuals Category:Dragonologists Category:Males Category:Wizards"
287f1b708f47,Louis XIV,Indiana Jones,gender: Male | birth: 1638 | death: 1715,,"Louis XIV was a king of France. Biography One story held that King Louis XIV was the twin of a man that was imprisoned for over forty years at Château d'If off the coast of France to prevent his taking the throne. In 1914, Indiana Jones and his companions discovered that a descendent of Louis's brother had risen to the top of the Marseilles underworld intent on reestablishing and reclaiming the French monarchy for his family's line. Appearances Masters of the Louvre Young Indiana Jones and the Gypsy Revenge Notes and references External links Category:French Category:Historical figures Category:Political leaders"
f497d98b16f1,Stark soldier (Valar Morghulis),Game of Thrones,"Death: 299 ACThe Riverlands | Appearances: ""Valar Morghulis"" | DeathEp: ""Valar Morghulis"" | Actor: Michael Shaeffer","She kills him and his companions, giving two of them quick deaths. They presume the women were killed by Northmen, as the sign reveals, though it is uncertain by whose order; Jaime and Cleos guess it could have been Jonos Bracken, Marq Piper, Beric Dondarrion or Roose Bolton.","A Stark soldier is a soldier sworn to House Stark. Biography Background He is fighting for House Stark in the Riverlands during the War of the Five Kings. Game of Thrones: Season 2 Brienne is escorting Jaime from Riverrun to King's Landing to exchange him for the daughters of Catelyn. She stops when she sees the bodies of three women hanging in a tree. One of them has a sign around her neck saying they lay with lions. Jaime mentions that they were probably tavern girls who had relations with Lannister soldiers. Jaime confronts Brienne with the charge that this atrocity was committed by her side. She reminds him that she doesn't fight for the Starks, she has given fealty to Lady Catelyn. When they hear the three Northern soldiers coming, Jaime says to free his hands, but Brienne ignores him. The Stark soldier is accompanying Tom and another man. Brienne tells the men that she is transporting a criminal to Riverrun for justice. Jaime adopts a lower class accent and says he stole a pig"
e1eebfb512ac,Ornil,Lord of the Rings,birth: Sometime before FA 495 | death: Sometime after FA 495 | gender: Unknown,"86

 History 
After Gwindor's death during the Battle of Tumhalad, Túrin started to rush back to Nargothrond, gathering any survivors of the battle in the process, including Ornil.","Ornil was an Nargothronder who met with Túrin after the Battle of Tumhalad., Vol. XI: The War of the Jewels, Part One: ""The Grey Annals"", §277, pg. 86 History After Gwindor's death during the Battle of Tumhalad, Túrin started to rush back to Nargothrond, gathering any survivors of the battle in the process, including Ornil. As leaves were falling from trees in a great wind, Ornil compared the changing of the seasons to the Fall of Nargothrond, causing Túrin to hasten his pace. Nothing else is known about Ornil. Etymology Ornil is a Sindarin name that might contain the word orn (""a tall tree"")Parma Eldalamberon, issue XVII: Words, Phrases and Passages in various tongues in The Lord of the Rings, pgs. 25, 50, 84""Ornil"" on eldamo.org and either a variant of -dil (""friend, lover"")Parma Eldalamberon, issue XVII: Words, Phrases and Passages in various tongues in The Lord of the Rings, pgs. 27, 152, 168""-dil"" on eldamo.org or -il (""feminine suffix""), Vol. V: The Lost Road and Other Writ"
484044d63749,Jane Beckett,Pirates of the Caribbean,gender: Female | died: 1710s | first: ''The Price of Freedom'' | last: ''The Price of Freedom'',"Cutler wanted her to move to his new home in Calabar once he was stationed there, but unfortunately, she died from a fever beforehand. Appearances
The Price of Freedom  

Notes and references

it:Jane Beckett

Category:Beckett family
Category:Deceased individuals
Category:English
Category:Females","Jane Beckett was the sister of Cutler Beckett, Bartholomew Beckett and Jonathan Beckett Jr., and the daughter of Jonathan Beckett Sr.. Biography When Cutler Beckett ran away to London because of his huge argument with his father, Jane gave him a small amount of money. She and Cutler wrote to each other several times, and he planned on inviting her to leave their family and live with him once he found a permanent position in the East India Trading Company. However, after a few years of service, Cutler was stationed in Nippon, on the other side of the world, and he could not ask Jane to make such a long and exhausting journey. Cutler wanted her to move to his new home in Calabar once he was stationed there, but unfortunately, she died from a fever beforehand. Behind the scenes Jane Beckett appears in the 2011 novel The Price of Freedom by A. C. Crispin. Appearances The Price of Freedom Notes and references it:Jane Beckett Category:Beckett family Category:Deceased individuals Cate"
14927b142269,Granuk Harkonnen,Dune,death: 10102 AG,He had killed every son but Gunseng to better his chances of dying quietly in bed. Granuk's death occurred within days.,"Not to be confused with the Emperor: Battle for Dune character Rakan Harkonnen Granuk Harkonnen (d. 10102 AG) was the father of Gunseng Harkonnen, and Vladimir Harkonnen's grandfather of whom was said that in his youth he had been ""the picture of his grandfather Granuk"". He had killed every son but Gunseng to better his chances of dying quietly in bed. Granuk succumbed to a nervous disease that reduced him to a skeleton, and barricaded himself in chambers behind protection only a tyrant would find inadequate. The mysterious poetic wanderer Reeve Benin called Granuk an an ""old swine"" who ""(...) had vices in number to match his jowls"" and mentioned that he ""(...) never smelled so foul a moral stench as that of his castle"". He gave his observations of several Great Houses and his first visit to Giedi Prime in his volume, ""Pearls Before Swine"". Gunseng, then twenty-three, seemed incapable of controlling the rowdy house. While his father lay on his deathbed, Gunseng knew his survival wa"
f647ad9c9026,George Black,The Twilight Saga,died: 1999-2000 (in a car accident) | species: Human | gender: Male,"He died in a car accident when his children were still young. George died in a car accident sometime between 1999 and 2000. Adam and Aaron took their father's death so badly that they were unable to stay in La Push, as the reservation contained too many painful memories.","George Black is the late father of Adam, Aaron, and Julie Black and husband of Bonnie Black. He died in a car accident when his children were still young. His Twilight Saga counterpart is Sarah Black. Biography Little is known about George, as he was rarely mentioned in the story. George died in a car accident sometime between 1999 and 2000. Adam and Aaron took their father's death so badly that they were unable to stay in La Push, as the reservation contained too many painful memories. Julie, however, recovered faster because her brothers took care of her. She was younger, so she didn't remember her father much. Mentioned in Life and Death: Twilight Reimagined Category:Mentioned characters Category:Deceased characters Category:Quileute"
d25a8f0afb3a,Punter,Star Wars,death: Sometime during the Imperial Era | species: Chadra-Fan | gender: Male,,"Punter was a male Chadra-Fan who worked on Gunda Mabin's Blazing Claw flagship Bloody Bones. He woke the captain to tell her that the ship was leaking Coaxium due to a leak in the reactor. She forced him to weld a deck plate to fix the leak, causing him to die from radiation exposure. Sources Star Wars: Smuggler's Guide Notes and references Category:Chadra-Fan Category:Males Category:Pirates"
1f889dc96bf2,Albert Einstein,Harry Potter,born: 14 March 1879 | died: 18 April 1955 | species: Human | gender: Male,,"Albert Einstein (14 March 1879 – 18 April 1955) was a German-born Muggle theoretical physicist known for his development of the . The back cover blurb on the book A Brief History of Time called its author Stephen Hawking ""the most brilliant theoretical physicist since Einstein."" - Chapter 4 (The Leaky Cauldron) Appearances Notes and references es:Albert Einstein pt-br:Albert Einstein Category:1879 births Category:1955 deaths Category:American individuals Category:Emigrants Category:German individuals Category:Males Category:Non-magic people Category:Physicists"
2de60cc1507a,Chiang Kai-Shek,Indiana Jones,"gender: Male | birth: 31 October 1887Fenghua, China | death: 5 April 1975Taipei, Taiwan","Later in their adventures, U Paw commandeered a train containing some of Chiang's army, and killed Captain Lao-Tsing. Appearances
Indiana Jones and the Temple of Doom novel 
 
Indiana Jones: Thunder in the Orient 
Indiana Jones and the Infernal Machine  

Sources
The World of Indiana Jones

External links

Category:Chinese
Category:Chinese military personnel
Category:Historical figures
Category:Political leaders
Category:Deceased
Category:Generals","Chiang Kai-Shek was the Chinese military and political leader who led the national government of China from 1928 to 1947, and the government of the Republic of China (Taiwan) to 1975. In the 1930's, he was the military leader of the Kuomintang, the Chinese nationalist party, and served as President of the Republic of China at various times. He led the Chinese against the Japanese in the Second Sino-Japanese War, starting in 1937, but also sent forces to remove the warlords controlling various provinces of China. Biography Singer Willie Scott claimed to have been a personal dinner guest of Chiang Kai-Shek. In 1938, Chiang Kai-Shek's forces had already taken control of the warlord U Paw's province, earning her emnity. When she returned from looting Chanri-Ha, she discussed her hatred of Generalissimo Chiang, whom Indiana Jones had believed was a hero unifying China. Later in their adventures, U Paw commandeered a train containing some of Chiang's army, and killed Captain Lao-Tsing. Aft"
0d61280556eb,Waif,Game of Thrones,"Death: 303 ACBraavos | Appearances: 11 episodes | First: ""High Sparrow"" | Last: ""No One"" | DeathEp: ""No One"" | Actor: Faye Marsay'''Disguises'''Margaret Jackman Adam Turns","Later, Jaqen leads Arya into the basement of the building where the bodies of those who come to seek the mercy of a quick death are taken. Instead of assassinating the Thin man, Arya murders Ser Meryn Trant to avenge the death of Syrio Forel. The Waif comes the next day, disguised as a young man, and kills Lady Crane, who had been sheltering Arya.","The Waif was an acolyte of the Faceless Men serving in the House of Black and White in Braavos. Biography Background When playing the game of faces with Arya, the Waif claimed that prior to joining the Faceless Men she was the daughter of a widowed lord from Westeros who remarried another woman and produced a second daughter. Her jealous stepmother then tried to poison her. The woman who became the Waif discovered this plot and sought the help of the Faceless Men. She subsequently found her way to the House of Black and White. Since the point of the game of faces is to mix lies with the truth convincingly, it can be presumed that parts of her story were false and other parts were true. Game of Thrones: Season 5 thumb|Arya is accosted by the Waif. The Waif has a sour demeanor and low opinion of Arya Stark when she arrives at the House of Black and White. When Arya presumes to claim that she is ""no one""—a skill that the Faceless Men only achieve through dedicated training—the Waif beco"
2a1132dcd32c,Hardang,Lord of the Rings,birth: FA 470 | death: FA 501 | gender: Male,"After the death of the Halbar of Brethil, Handir, Hardang tried to supersede his cousin, Brandir, in acquiring the leadership of the Men of Brethil. He tried to flee from the burning structure, but was hit in the back by a spear while running away, and perished.","Hardang was a man, and Halbar of the Men of Brethil during the First Age. Biography Hardang was a descendant of Halmir of the House of Haleth. His father was Hundad, and his grandfather was Hundar. After the death of the Halbar of Brethil, Handir, Hardang tried to supersede his cousin, Brandir, in acquiring the leadership of the Men of Brethil. Many Haladin believed Brandir to be unfit to rule them, and therefore supported Hardang. Many people wanted Brandir's cousin Manthor to assume the role of Halbar instead. Unfortunately for him and his supporters, he was related to Brandir by a daughter, which meant that his kinship with Brandir was worth less in the eyes of the people. Hardang then won the vote, and became the Halbar of the Men of Brethil in FA 499. Upon becoming Halbar, Hardang chose Manthor to be the Captain of the Guards at the Crossings of Taeglin. Within two years of ruling Brethil, whispers of the return of Húrin began echoing throughout Brethil. Hardang harbored res"
3b6e9ad4626c,Eric Brand,Pirates of the Caribbean,gender: Male | died: c. 1740 | first: ''Dead Men Tell No Tales''(2013 screenplay) | last: ''Dead Men Tell No Tales''(2013 screenplay),"When John Brand realized he had caused Eric's death, he swore revenge on Jack Sparrow. As he watched the pirate ship sinking, John saw his brother's dead body onboard, and he realized he had killed the only family he had left. Legacy

Eric's death left John as the only surviving member of their family.","Eric Brand was an English adventurer during the golden age of piracy. Originally a soldier in the British Royal Navy, Eric served aboard the Silent Mary under the command of his own brother, Captain John Brand. He was lost at sea when a cannon fire from a Spanish ship blew him overboard, but he was saved from drowning by the pirate crew of the Black Pearl. Eric eventually became a pirate himself, serving under Captain Jack Sparrow, until he gained command of his own ship. However, Eric's ship was attacked and destroyed by the Silent Mary. When John Brand realized he had caused Eric's death, he swore revenge on Jack Sparrow. Biography British Royal Navy Not much is known about Eric Brand's early life, except that he had a brother named John. Both brothers eventually joined the British Royal Navy, with John rising in ranks until he became the captain of a powerful warship, the Silent Mary. Eric, on the other hand, became a simple soldier, but served aboard the Mary as well, always clos"
a84ab140cd49,Pruwet Richese,Dune,birth: 19 AG | death: 28 AG | last: ''The Hidden Hand'' | portrayed: Charlie Hodson-Prior,,"Lord Pruwet Richese was the child of Ferdinand and Orla Richese. He was was betrothed to Ynez Corrino. Biography Pruwet was just nine years old when he was betrothed to Ynez Corrino in a deal their fathers arranged. Pruwet and his family traveled to the Corrinos for the ceremony. At the engagement ceremony, Ynez tried to get to know Pruwet, but he said they didn't need to talk as the ceremony was just a formality. At the engagement party, Pruwet revealed to Ynez that he had a thinking machine toy in his pocket. When it got free, Natalya Arat Corrino screamed, as the technology was prohibited. After seeing Ynez defend Pruwet, Javicco decided they could overlook it, though Ynez told Pruwet she'd stab him if he pulled anything like that after they were married and demanded he get rid of the toy. Despite this, Pruwet hid himself away and played with his toy. Desmond Hart found him and told him he had a great power, which he was using to win a war. That required sacrifice and he promised"
4fe1d2725add,Francesco Solimena,The Twilight Saga,"born: October 4, 1657; Canale di Serino, Italy | died: April 3, 1747 | species: Human | gender: Male","Life and Death: Twilight Reimagined
In the alternate story of Life and Death: Twilight Reimagined, Solimena painted a portrait of Sulpicia, Athenodora, Marcus, Mele, and Carine instead. Mentioned in
Twilight
Midnight Sun
Life and Death: Twilight Reimagined

External links
Francesco Solimena on Wikipedia

Category:Mentioned characters
Category:Deceased characters
Category:Humans","Francesco Solimena was a famous Italian painter who lived in the 17th century, during the Baroque era. Biography Twilight thumb|left|200px|Solimena's portrait of the Volturi. Francesco was an Italian painter who favored the Baroque style, and painted a portrait of Aro, Caius, Marcus, and Carlisle (who was living with the Volturi at the time). He especially enjoyed painting the Volturi leaders as gods due to their transcendent beauty. Carlisle kept one of his paintings when he traveled to the New World, which Edward showed Bella for the first time in Twilight (New Moon being the first time in the movies). Life and Death: Twilight Reimagined In the alternate story of Life and Death: Twilight Reimagined, Solimena painted a portrait of Sulpicia, Athenodora, Marcus, Mele, and Carine instead. Mentioned in Twilight Midnight Sun Life and Death: Twilight Reimagined External links Francesco Solimena on Wikipedia Category:Mentioned characters Category:Deceased characters Category:Humans"
6e04534fb236,Cope Shykrill's brother,Star Wars,"death: before 25,008 BBY | species: Human | gender: Male",He died three years before the birth of Cope.,This Human male was the brother of the fallen Jedi Cope Shykrill. He died three years before the birth of Cope. Sources Jedi vs. Sith: The Essential Guide to the Force Category:Humans Category:Males
0252f7acd462,Ignatia Wildsmith,Harry Potter,born: 1227 | died: 1320 (aged 92–93) | species: Human | gender: Female,"Death and post-mortem
200px|thumb|right|Ignatia Wildsmith immortalised on a Chocolate Frog Card
Wildsmith died in 1320, aged around 93.","Ignatia Wildsmith (1227–1320) was a witch and wizarding inventor, who was famously the creator of Floo powder. During her childhood, she attended Hogwarts School of Witchcraft and Wizardry, and was sorted into Ravenclaw. Biography Early life Ignatia Wildsmith was born in 1227, somewhere in the British Isles. In her youth, she attended Hogwarts School of Witchcraft and Wizardry from 1238 or 1239 to 1245 or 1246, where she was Sorted into Ravenclaw. One night, she was faced with a particularly challenging riddle from the eagle door knocker and had to spend two days sleeping in the corridor outside the Ravenclaw common room. Much later in the 1980s, Tulip Karasu and her friend guessed that this was when she first had the idea to create a method of travel that allowed people to get around doors. Adulthood After her graduation from Hogwarts, Wildsmith presumably studied further into Herbology and discovered the magical properties of the Floo plant. From it, she devised a magical powder,"
6aff08125699,Walter Donovan,Indiana Jones,"gender: Male | birth: c. late 1870s-early 1880s | death: 1938Temple of the Sun, Canyon of the Crescent Moon, Republic of Hatay","Learning of Donovan's nature, Indy privately speculated that Donovan may have been the same anonymous collector who had offered to buy the Cross of Coronado from Panama Hat, in a bad state financially following the Great Depression, in exchange for the archaeologist's death earlier that year off the Portuguese coast before plans possibly changed due to his survival and the Grail diary's disappearance. Shortly afterwards, after a brief stop at an oasis, a surprise attack from the Brotherhood of the Cruciform Sword was launched, and though some of Donovan's men were killed, the Brotherhood was mostly wiped out, including Kazim. After the death of another soldier, Donovan demanded more 'volunteers' but with the subsequent arrival and capture of Jones and his allies, Donovan directed Indy to g","Walter Donovan was a wealthy American industrialist and collector of antiquities who allied himself with the Nazis in order to obtain the Holy Grail, which he sought for its fabled gift of immortality. Around 1938, Donovan hired Professor Henry Walton Jones, Senior in order to track down the missing part of his Grail tablet, a marker to the Grail's resting place, but when Jones learned that his Austrian assistant Elsa Schneider was in fact an enemy agent, the Nazis took him prisoner. Donovan subsequently hired Jones' son, Indiana, to continue his father's work. However, Jones eventually managed to free his father from Castle Brunwald and escape from Donovan's clutches. After the Joneses and their friends reached the Temple of the Sun in the Republic of Hatay behind Donovan and the Nazis, the industrialist shot the elder Jones to force his son into braving the traps protecting the relic. Donovan and Schneider followed him to the Holy Grail but found that there was a lethal final test:"
e31da4d4317f,Mazor Alexi,Game of Thrones,"Death: Century of BloodField of Crows, Kingdom of Sarnor","The chariots broke through the Dothraki cavalry, and the khalasar of Khal Haro fled the battle after Haro was killed.","Mazor Alexi was the last High King of the Kingdom of Sarnor. Biography When the Dothraki led by Khal Moro destroyed the city of Sathar, the Sarnori assembled under Alexi as their High King. Having gathered a large army to break the power of the Dothraki once and for all, the Sarnori met them in battle in what became known as the Field of Crows. The four Dothraki khals commanded nearly 80,000 horsemen, while the Sarnori had 100,000 foot soldiers, 10,000 armored riders, 10,000 light horsemen and 6,000 scythed chariots. The chariots broke through the Dothraki cavalry, and the khalasar of Khal Haro fled the battle after Haro was killed. When the chariots pursued the fleeing cavalry, Alexi and his armored riders followed, the foot soldiers behind them, and the Sarnori appeared victorious. However, the Dothraki had merely set a trap, and the fleeing horsemen turned and fire a volley of arrows at the Sarnori. Two khalasars attacked their flanks while another attacked from the rear, cutting "
859d47e68637,Longo Baggins,Lord of the Rings,birth: TA 2860 (SR 1260) | death: TA 2950 (SR 1350) | gender: Male,,"Longo Baggins was the third child of Mungo and Laura Baggins and the uncle of Bilbo Baggins. Biography Longo married Camellia Sackville and as a result sired the Sackville-Baggins family with the birth of their son, Otho., Appendix C: Family Trees, Baggins of Hobbiton Translations Foreign LanguageTranslated nameArabicلونغو باجنزArmenianԼոնգո ԲագգինսAsturianLongo BolsonaBasqueLongo ZorrozabalBretonLongo Sac'hegCatalanLongo BolsónChinese隆戈·巴金斯ColognianLongo BüggelsCzechLongo PytlíkDanishLongo SækkerDutchLongo BalingsEstonianLongo PaunasteFinnishLongo ReppuliFrenchLongo SacquetGalicianLongo BulseiroGeorgianლონგო ბაგგინსGermanLongo BeutlinGreekΛόνγκο ΜπάγκινςHebrewלונגו באגינסHungarianZsákos LongoIcelandicLongo BaggiIrish GaelicLongo BaigínsJapaneseロンゴ・バギンズKorean롱고 배긴스KurdishLongo Torbikan (Kurmanji)LatvianLongo BaginssMacedonian CyrillicЛонго БаггинсNorwegianLongo Lommelun / Longo SkreppingPersianلونگو بگینزPortugueseLongo Bolseiro (Brazil)RussianЛонго ТорбинсSlovakLongo LazníkSloveni"
c5c40b655531,Spanish Castaway,Pirates of the Caribbean,"gender: Male | born: Late 1400s, early 1500s | died: 1750, in a royal palace in Cádiz, Spain | first: ''On Stranger Tides'' | last: ''On Stranger Tides''","By the time Ferdinand realized that the Fountain of Youth was real, the sailor eased into a death that long awaited him. In the non-canonical LEGO Pirates of the Caribbean: The Video Game, the Ancient Sailor was resisting when King Ferdinand tried to take the logbook and died by breaking apart.LEGO Pirates of the Caribbean: The Video Game

Appearances
Pirates of the Caribbean: On Stranger Tides 
Pirates of the Caribbean: On Stranger Tides (junior novelization)
LEGO Pirates of the Caribbean: The Video Game 

Sources
Pirates of the Caribbean: On Stranger Tides
Pirates of the Caribbean: On Stranger Tides: The Visual Guide
Pirates of the Caribbean: On Stranger Tides (junior novelization)

Notes & references

de:Spanischer Schiffbrüchiger
it:Naufrago spagnolo
pl:Pradawny Żeglarz
it:Naufrago spa","This man was a Spanish sailor who sailed on the Santiago under the famous Conquistador Juan Ponce de León in the 1500s. Biography Ponce de León In the 16th century, the Santiago was sent to discover marvels of the New World. The sailor followed his captain, Juan Ponce de León, in the voyage. During a storm, the Santiago was stranded in uncharted island, hanging on the edge of the cliff. But Ponce de León and his men were able to explore through the wonders of the island, and eventually discovered the Fountain of Youth. Once at the Fountain, the sailor used the Chalices of Cartagena, along with the knowledge of the Profane Ritual, to absorb lives of several men, thus prolonging his life for more than 200 years. Through unknown circumstances, the Chalices were brought back on the wreck of the Santiago, with the corpse of Ponce de León. The sailor escaped from the island, taking the ship's log of the Santiago with him, and tried to return to civilization. However, he had no luck. Jour"
21cd5ed6b644,Dominic Vernius,Dune,birth: c. 10110 AG | death: 10174 AG | last: ''Dune:House Harkonnen''(2001),"Lady Shando was hunted down and executed by Sardaukar forces on Bela Tegeuse, while Dominic hid on Arrakis with some loyal men. Death
After many years, he decided to use the House Vernius' atomics to bomb Kaitain, repeating the fate of Salusa Secundus.","Dominic Vernius was the penultimate true Earl of House Vernius and of Ix. He married Lady Shando Balut, with whom he had his children: an illegitimate son named Tyros Reffa, and his legitimate children Rhombur and Kailea. History Service in Battle While still a young man, he lent Ixian forces to the Padishah Emperor Elrood IX to assist against the Ecazi Revolt and restore the Archduke Ferdinand Ecaz to the Mahogany Throne. It is during this time that he met and befriended Duke Paulus Atreides of Caladan. As a reward for his loyal service, the Emperor had expanded House Vernius' fief by including several more planets of the Alkaurops system, and became a popular and welcome guest to the Imperial court, balls and other events. Romance thumb|220px|Shando and Dominic - Dune: House Atreides No. 1 thumb|200px|right|Dominic Vernius - The Dune Board Game At one such celebration in Caladan, he met the Emperor's concubine, Shando Balut. They fell in love and produced an illegitimate (bastard"
02fbe14267af,Riley Biers,The Twilight Saga,"born: *October 8, 1986; Santa Fe, New Mexico (book) *April 10, 1990; Forks, Washington (movie) | died: *June 15, 2006 (killed by Seth Clearwater) (book) *June, 2010 (killed by Seth Clearwater) (movie) | species: Vampire | gender: Male","During the invasion, he stayed with Victoria and was killed by Seth Clearwater during the battle between the Cullens and the army. Riley remained a tool of Victoria's until his death in the battle. Being put in between the two of them, Riley chose Victoria and personally watched Diego being tortured to death.","Riley Biers was the first vampire created by Victoria when she formed an army to attack the Cullen family and Bella. He obtained Bella's scent for the newborns, and was the one that led the Seattle newborn army. Riley was told by Victoria that she loved him, but this was just a lie to get him to be on her side. During the invasion, he stayed with Victoria and was killed by Seth Clearwater during the battle between the Cullens and the army. He acted as the secondary antagonist in Eclipse and was always in the presence of his ""mate"", Victoria, the main antagonist of both New Moon and Eclipse. He is portrayed by Xavier Samuel in the movie adaptation of Eclipse. Biography Early life thumb|left|180px|Riley's excruciating transformation. Riley Biers was born in Santa Fe, New Mexico (Forks, Washington in the movie), and had lived in the Southwest along the Pacific coast. He reached the end of his freshman year at Oregon University when Victoria saw him. She was afraid that the Cullens woul"
037b6f349c6d,Benits Stinex,Star Wars,"birth: 75-100 BBY | death: 0 BBY, ''Death Star I'' | species: Human | gender: Male","He later became the chief architect and head of interior design and construction board the Death Star. Appearances
Coruscant Nights II: Street of Shadows 
Death Star 

Sources
The Complete Star Wars Encyclopedia

Category:Architects
Category:Death Star residents
Category:Humans
Category:Males
Category:Personnel of the Galactic Empire","Benits Stinex, also known as ""the Old Man"", was a well known architect who designed a series of apartments in the Manarai Hills district of the planet Coruscant. He later became the chief architect and head of interior design and construction board the Death Star. He was featured regularly in Beings Holozine. Despite his proficiency, while in the design process, Teela Kaarz altered some of his layouts for better accessibility and efficiency. Appearances Coruscant Nights II: Street of Shadows Death Star Sources The Complete Star Wars Encyclopedia Category:Architects Category:Death Star residents Category:Humans Category:Males Category:Personnel of the Galactic Empire"
b033a2cfd472,Daisy Dodderidge,Harry Potter,born: 1467 | died: 1555 (aged 87-88) | species: Human | gender: Female,"She was featured on a Chocolate Frog Card after her death in 1555.Chocolate Frog Cards 

Etymology
The name ""Daisy"" is simply from the English word for the white flower, ultimately derived from Old English dægeseage meaning ""day eye"".","Daisy Dodderidge (1467–1555) was the witch who built the Leaky Cauldron in a successful attempt to create a gateway between the Muggle and wizarding worlds.Chocolate Frog Cards She was the original landlady of the pub, and the Leaky Cauldron soon became the primary entrance into Diagon Alley. She was featured on a Chocolate Frog Card after her death in 1555.Chocolate Frog Cards Etymology The name ""Daisy"" is simply from the English word for the white flower, ultimately derived from Old English dægeseage meaning ""day eye"". It was first used as a given name in the 19th century, at the same time many other plant and flower names were coined. Behind the scenes Daisy Dodderidge's Wizard of the Month entry and Chocolate Frog Card from the video games give her dates as 1467-1555. However, the version of her Chocolate Frog Card published by Wizards of the Coast list them as 1457-1555. In , her name on her Chocolate Frog Card is incorrectly labelled ""Damara Dodderidge"". Appearances Wi"
8c9cff131327,Qin Shi Huang,Indiana Jones,gender: Male | birth: 259 BC | death: 210 BC,"Imperial astrologers traveled to the impact site and discovered an inscription on the meteorite which foretold of the Emperor's death. While campaigning away from the capital, the emperor died in 210 BC, ending his reign. Legacy
After his death, Qin Shi Huang was buried in the completed tomb along with 20-30,000 people and thousands of his own fanatically loyal soldiers who would form the spirit army backbone of the Terracotta Army.Indiana Jones and the Emperor's Tomb Despite being widely known and revered by locals for centuries, the actual crypt for mausoleum of the Emperor himself went undiscovered and a full-scale excavation went uncommissioned and musing that he was forever lost unless any record exists about where he could be buried.","Qin Shi Huang (alternatively Ch'in Shih-huang-ti, Ch'in Shih Huang-ti or simply Shih Huang Ti) was the first Emperor of the Qin Dynasty and unified China. Biography Reign His first name meaning ""first"" and his last name being that of the three previous emperors,Indiana Jones and the Emperor's Tomb: 1935 Journal Qin Shi Huang was born in 259 BC. In 221 BC, he annihilated all opposition and declared himself First Emperor of unified China, which he did by centralizing ruling power into an autocracy to govern the feudal communities in 246 BC, beginning the Qin Dynasty and ending the ""The Period of Warring States"". His name meant ""First Supreme Emperor of Ch'in"".The Wall Although he was technically the ninth emperor to rule, Qin Shi Huang was the first to unify the country's seven states through military and agricultural reform, thus being considered the first since his self-proclamation. Shortly after his inauguration, he surrounded himself with an army of alchemists and astrologers whom "
51571faf0238,Axell Florent,Game of Thrones,"Birth: At Brightwater Keep | Death: 301 ACDragonstone, Blackwater Bay, the Crownlands | Appearances: ""The Lion and the Rose"" | DeathEp: ""The Lion and the Rose"" | Actor: James McHale","Following the Renly's death, however, the Florents do not follow their Tyrell overlords and instead go over to Stannis, as Selyse Florent is the wife of Stannis.Season 2 Bluray: War of the Five Kings feature

Game of Thrones: Season 4
Ser Axell is burned at the stake by Melisandre on the beach of Dragonstone for refusing to renounce the Seven. Davos disapproves of Axell's death, saying Axell was Stannis's brother by law and that he chose to follow the gods of his fathers, which were the gods of Stannis's fathers too. He tells Davos bluntly that if it was up to him - Davos would have been executed alongside Alester.","Lord Axell Florent was the head of House Florent and brother of Queen Selyse, the wife of King Stannis Baratheon. Biography Background Ser Axell Florent is a member of House Florent of Brightwater Keep, a noble house sworn to House Tyrell of the Reach. House Florent follows their liege lords, House Tyrell, in pledging support to Renly Baratheon's claim to the Iron Throne at the onset of the War of the Five Kings. Following the Renly's death, however, the Florents do not follow their Tyrell overlords and instead go over to Stannis, as Selyse Florent is the wife of Stannis.Season 2 Bluray: War of the Five Kings feature Game of Thrones: Season 4 Ser Axell is burned at the stake by Melisandre on the beach of Dragonstone for refusing to renounce the Seven. He pleads to his sister and brother-in-law for mercy, to no avail. Davos disapproves of Axell's death, saying Axell was Stannis's brother by law and that he chose to follow the gods of his fathers, which were the gods of Stannis's fath"
ad6be6c89dd7,Imin,Lord of the Rings,birth: YT 1050 | death: Unknown | gender: Male,,"Imin was an Elf of Cuiviénen. He was best known as the first Elf to awake and the first Elf-father. Biography Imin was awoken in Cuiviénen by the divine will of Eru Ilúvatar in the Years of the Trees. Along with Tata and Enel, he awoke twelve other Elves which took him as their lord. From there he founded the Minyar which later was called the Vanyar, and at some point became the husband of Iminyë. Imin and Iminyë had several descendants when Oromë arrived at Cuiviénen and invited the Elves to undertake the Great Journey. His descendant in the direct male line, from eldest son to eldest son, was Ingwë, who was invited to come to Aman as an ambassador of their people. Upon his return, a debate erupted between the ambassadors and the Elf-fathers, with Imin claiming sole authority, and wishing to refuse the Great Journey. Ingwë assumed leadership of the Minyar (who would thus become the Vanyar) as their king and led them on the journey to Valinor. Etymology He was called Imin, the "
c8567a98ed4d,Ho-Kwan,Pirates of the Caribbean,"gender: Male | died: c. 1729, Isla de Pelegostos | first: ''Dead Man's Chest'' | last: ''Dead Man's Chest''","Ho-Kwan met his death while the crew of the Black Pearl made their escape from the Pelegostos. During the escape, the cage was destroyed when it plummeted down into a gorge and grotto, where all six men survived the fall, but Ho-Kwan met his own death afterwards. Although few people noticed the small continuity problem within the film, in which Ho-Kwan's death did not make the cut, it was more clearly seen in the deleted scene ""Six Became Five"" featured in Blu-ray releases beginning in 2011.","Ho-Kwan was a pirate during the Age of Piracy. By the time of the search of the Dead Man's Chest, Ho-Kwan was a crew member aboard the Black Pearl under Captain Jack Sparrow. He was among the crew who confronted Sparrow after his escape from the Turkish prison, and later captured by the Pelegostos, the native cannibal tribe of Isla de Pelegostos, who put the crew in cages made of bone. Ho-Kwan met his death while the crew of the Black Pearl made their escape from the Pelegostos. Biography Nothing is known about Ho-Kwan's life prior to becoming a pirate. At some point prior to the search for the Dead Man's Chest, Ho-Kwan joined Captain Jack Sparrow and the crew of the Black Pearl. Little is known of Ho-Kwan's early voyages with Captain Sparrow, but he was at least aware of Isla de Muerta, a hurricane, though was present as the British Royal Navy chased the Pearl all around the Atlantic Ocean. Following Jack Sparrow's escape from the Turkish Prison with a rolled piece of cloth, the pir"
5ecd3e6ab3ed,Paulus Atreides,Dune,birth: 10089 AG | death: 10154 AG | portrayed: Attila Grád Dune (2021 film) (likeness),"Although he hadn't perform for a year, he fought for an hour and killed the bull, to the admiration of the crowd. However, he was killed by a Salusan Bull in the bullring of the Plaza de Toros. Legacy
thumb|200x200px|Leto in front of the painting of his father
The bull was subsequently killed, and its head was mounted on the wall in the Dining Hall of Castle Caladan, (and later the Keep at Arrakeen), replete with the Old Duke's blood stains.","125px|link=Portal:ExpandedThis article or section refers to elements from Expanded DuneThere are separate pages for this subject as it appears in the other canons, the reasons for this are explained hereThe Old Duke as he appears in Original Dune Minotauros Atreides as he appears in the Dune Encyclopedia {{Quote|The populace must think their ruler is a greater man than they, else why should they follow him? Above all a leader must be a showman, giving his people the bread and circuses they require.<ref name = ""House Atreides CH7"">Dune: House Atreides - Chapter 7</ref>|Duke Paulus Atreides}} Paulus Atreides (10089 AG - 10154 AG), aka the Old Duke, was the son of Kean Atreides, grandson of Miklos Atreides, and the 25th Duke Atreides. Paulus married Helena Richese, and fathered a single son, Leto Atreides I. Paulus posthumously became the grandfather to Paul Atreides (who was named in his honor), and great-grandfather to Leto Atreides II (the God-Emperor) and Ghanima Atreides. Duke Paulu"
244827d49658,Toshiro,The Twilight Saga,"gender: Male | species: Vampire | born: Japan | died: December, 2012 (killed by Felix and Demetri)","While being interviewed at the Breaking Dawn - Part 1 movie premiere theater, he said that his character was a secret and will appear in the second movie.http://www.youtube.com/watch?v=xi6l9tnfARg Masami's interview

Appearances
Breaking Dawn - Part 2

References

ru:Тоширо
Category:Nomads
Category:Cullen witnesses
Category:Film-only characters
Category:Minor characters
Category:Deceased characters","Toshiro was a Japanese nomadic vampire who appeared in Breaking Dawn - Part 2 and a character created exclusively for the movie.http://www.breakingdawnmovie.org/meet-the-covens-interviews-from-comic-con/ He is portrayed by Masami Kosaka in the second movie adaptation. Biography Breaking Dawn thumb|left|200px|Toshiro caught in Alec's mist. Carlisle Cullen asked for Toshiro's aid when the Volturi threatened to destroy his family. The Volturi tracked him down in London, where he attempted to escape Alec's paralyzing vapor. Demetri and Felix subdued him long enough for the vapor to catch up, momentarily immobilizing him. When Aro interrogated him about Carlisle's plea for help, Toshiro told them he turned him down because he would never go against them. Aro read his thoughts to gather information. After claiming his knowledge and finding out that Carlisle was still expecting him, Aro walked away with Caius and Marcus while Felix and Demetri disposed of Toshiro. Physical appearance Tos"
9a51ece6d8e3,Deron Cadoruso,Star Wars,death: 3637 BBY Yavin 4 | species: Human | gender: Male,"During the Battle of Yavin 4, he and his men were killed during the fighting.","Deron Cadoruso was a male Human Mandalorian who lived during the Galactic War. He and his Mandalorians joined with the Order of Revan when Revan returned during the Galactic War. In honor of the friendship and loyalty between Mandalore the Preserver and Revan, Deron and his warriors wore red Mandalorian armor that was in the image of the Mand'alor. During the Battle of Yavin 4, he and his men were killed during the fighting. Behind the scenes Deron Cadoruso appeared as one of the bosses in ""Temple of Sacrifice"" in the video game Star Wars: The Old Republic, in the 2014 Digital Expansion Shadow of Revan. Deron's name is an anagram for Canderous Ordo. Appearances Star Wars: The Old Republic: Galactic Strongholds Star Wars: The Old Republic: Shadow of Revan Notes and references Category:Humans Category:Males Category:Mandalorians Category:Revanites"
208a67fad014,Derwent Shimpling,Harry Potter,born: 1912 | died: Before 1993 | species: Human | gender: Male,"Appearances

thumb|Derwent Shimpling as depicted on a silver Chocolate Frog Card
  
 
 
Wizard of the Month

Notes and references

de:Derwent Shimpling
fr:Derwent Shimpling
fi:Derwent Shimpling
it:Derwent Shimpling
pl:Derwent Shimpling
ru:Дервент Шимплинг
es:Derwent Shimpling
Category:1912 births
Category:Comedians
Category:Deceased individuals
Category:Green-eyed individuals
Category:Males
Category:Portraits
Category:Silver Chocolate Frog Cards
Category:Wizard of the Month
Category:Wizards","Derwent Shimpling (b. 1912) was a wizarding comedian. He once ate an entire Venomous Tentacula on a bet, and, though he survived, his skin was left purple. Biography Early life Shimpling was born in the year 1912. As a comedian Shimpling became a famed comedian, very popular for his daring sense of humour. Shimpling was also famous for making bets lightly. Once, he ate an entire Venomous Tentacula on a bet, and, though he survived, his skin was left permanently purple. Recognition He was also featured on a silver Chocolate Frog Card as part of the Famous Witches and Wizards Cards series, for his famous achievement. During the 1993–1994 school year at Hogwarts School of Witchcraft and Wizardry, a portrait of him guarded a secret room, the password to enter was ""Tummy-button"". Etymology Derwent means ""valley thick with oaks"". It was a village in Derbyshire that was drowned by the creation of the Ladybower Reservoir. Oaks usually symbolise strength and endurance, like how Derwent had "
0af28a111809,Feathers,Indiana Jones,gender: Male | death: 1937,"Appearances
Indiana Jones and the Arms of Gold

Sources
Indiana Jones: The Ultimate Guide

Notes and references

Category:Characters appearing in comics
Category:Deceased","""Feathers"" was the nickname given to an agent of Transatlantic Global Mining that masqueraded as one of the Soldiers of the Sun in 1937. Indiana Jones gave him the nickname because of the headdress he wore as part of the disguise. Out of his disguise and wielding a shotgun, Feathers later accompanied Major Claude Reed-Whitby alongside other company agents to retrieve the Chimu Taya Arms of Cuzco from Jones when the group was attacked by Incan warriors, and Feathers fell victim to one of their spears. Appearances Indiana Jones and the Arms of Gold Sources Indiana Jones: The Ultimate Guide Notes and references Category:Characters appearing in comics Category:Deceased"
740f9ed4c0ae,Jack,Game of Thrones,"Birth: In the North | Death: 299 AC near Winterfell | Appearances: ""A Man Without Honor"" | DeathEp: ""A Man Without Honor"" | Actor: Unidentified","Though Sansa offers to vouch for him, Theon cites his murder of Jack and Billy as one of the many reasons why he fears Jon will still most likely have him executed. Both boys are killed with their mother.","Jack was a Northern boy orphaned during the War of the Five Kings, and fostered by a shepherd near Winterfell. Biography Game of Thrones: Season 2 A shepherd reports Bran that he cannot tend to his flock with his three sons fighting in the south; Bran assigns him two orphan boys from the Winterstown named Billy and Jack. Winterfell is later seized by Theon, but Bran and Rickon escape along with Osha, Hodor, Summer, and Shaggydog. They pass close by to the shepherd's farm. Theon tracks them there and brutally questions the shepherd who denies having seen them, but Dagmer finds some walnut shells, which confirms their suspicions that they were there. Theon later returns to Winterfell with the charred corpses of two boys, claiming them to be the Stark boys. A few days later, however, Luwin spots Osha sneaking into the catacombs. Having accompanied Theon and his fellow Ironborn occupiers up to the point when they reached the shepherd's farm, Luwin quickly deduces that the corpses, which "
4a22fea1093b,Náin I,Lord of the Rings,birth: TA 1832 | death: TA 1981,"Biography

When his father was slain by the Balrog, Náin attempted to destroy it, but was himself killed the following year. Portrayals in adaptations

thumb||200px|left|Náin I in 
In , Prince Náin appears during a session play depicting the fall of Moria to Durin's Bane, in which he becomes the King after his father Durin VI is slain.","Náin I was the son of Durin VI and succeeded his father as King of Khazad-dûm. Biography When his father was slain by the Balrog, Náin attempted to destroy it, but was himself killed the following year. The remainder of Durin's Folk fled Khazad-dûm, and it became known as Moria, the 'black pit'. He was succeeded on the throne of Durin's Folk by his son Thráin I who fled to the Lonely Mountain., Appendix A: Annals of the Kings and Rulers, III: Durin's Folk He was the last true King of Khazad-dûm until Durin VII successfully reestablished the realm in the early Fourth Age, over 1200 years later and many years after the War of the Ring. Portrayals in adaptations thumb||200px|left|Náin I in In , Prince Náin appears during a session play depicting the fall of Moria to Durin's Bane, in which he becomes the King after his father Durin VI is slain. Inside Khazad-dûm, remnants of the Palace of Náin, built during his short one-year reign, can be found. Translations Foreign LanguageTransl"
1d55701ec8ec,Silverback,Pirates of the Caribbean,"gender: Male | died: 1700s, New Orleans | first: ''Silver'' | last: ''City of Gold''","Appearances
Jack Sparrow: Silver 
Jack Sparrow: City of Gold
Legends of the Brethren Court: Day of the Shadow 

Notes and references

de:Silverback
es:Silverback
it:Silverback
ru:Сильвербэк

Category:Deceased individuals
Category:Fleur de la Mort crew
Category:Males
Category:Mutineers
Category:Pirates
Category:Swordsmen","Silverback was a pirate during the early 18th century. He had a peg leg and a tooth that were made of crystal which he used to do magic. Unlike many pirates, Silverback both dressed and spoke like a gentleman. Using magic, Silverback was able to move people and objects, as well as read minds. Biography Not much was known about Silverback's early life. When Tim Hawk was still young, Silverback stole the Silver bullet from Tim's family and burned their house, killing Tim's parents. Later on, he joined Captain Laura Smith's crew aboard the Fleur de la Mort. He was later joined by Left-Foot Louis. Together, they became the ring leaders of a mutiny, but acted as if they hated each other to keep their plan a secret. Their mutiny was thwarted by Smith, Jack Sparrow, and the crew of the Barnacle. Silverback retreated to New Orleans with Louis and the two formed an alliance with Madame Minuit. He later combined with Louis and Minuit to form a giant three-headed serpent which was defeated by "
0f09975f751e,Shaddam Corrino IV,Dune,birth: 10119 AG | death: Between 10210 AG & 10219 AG,"For adaption and Canon equivalents, see Shaddam Corrino IV (disambiguation)

Shaddam Corrino IV (10119 AGDune ""My father, the Padishah Emperor, was 72 [...] the year he encompassed the death of Duke Leto"" 10191 - 72 = 10119) was the 81st and final Padishah Emperor of the Corrino Empire. His wife Anirul died in 10176 AG. However, shortly after Leto took control of Arrakis, he and most of his army were soon slain as a result of a combined invasion by Sardaukar and Harkonnen forces.","For adaption and Canon equivalents, see Shaddam Corrino IV (disambiguation) Shaddam Corrino IV (10119 AGDune ""My father, the Padishah Emperor, was 72 [...] the year he encompassed the death of Duke Leto"" 10191 - 72 = 10119) was the 81st and final Padishah Emperor of the Corrino Empire. After pressuring Duke Leto Atreides and his Great House to relocate to Arrakis and take over its profitable spice production, Shaddam enlisted the House Harkonnen military and disguised legions of his own Sardaukar army to ambush his popular rival, crushing both him and his powerful military with the help of a treacherous insider. Years later, the Emperor was drawn to Arrakis to intervene in its ongoing Desert War in light of Siridar-Governor Rabban's failure to quell Fremen sabotage of spice production. In poetic irony, this led to his ambush when Duke Paul-Muad'Dib Atreides - now commander and messiah of a unified Fremen army - nuked the surrounding Shield Wall and overwhelmed his Sardaukar forces w"
a05bfa603e10,Omar Jenks,The Twilight Saga,born: 1939 | died: 2006 (killed by the newborn army) | species: Human | gender: Male,"His death was noted in the newspapers, which mentioned him being a retired postman. Mentioned in
Eclipse

Category:Mentioned characters
Category:Deceased characters
Category:Humans","Omar Jenks was a victim of the Seattle newborn army during the murder rampage that terrorized the city of Seattle. His death was noted in the newspapers, which mentioned him being a retired postman. Mentioned in Eclipse Category:Mentioned characters Category:Deceased characters Category:Humans"
28556849524c,Unidentified Bothan ambassador,Star Wars,death: c. 40 ABY | species: Bothan | gender: Male,"When a large number of True Victory Party members began to be assassinated by the Galactic Alliance Guard on Coruscant, he withdrew his delegation from the Senate in protest, which allowed the Law Enforcement Tools Provision to be passed. Shortly later he himself was assassinated, which caused Bothawui to recall its entire representation from Coruscant and prepare three cruiser fleets for Corellian service.","The Bothan ambassador was the head of Bothawui's delegation to the Galactic Alliance Senate. When a large number of True Victory Party members began to be assassinated by the Galactic Alliance Guard on Coruscant, he withdrew his delegation from the Senate in protest, which allowed the Law Enforcement Tools Provision to be passed. Shortly later he himself was assassinated, which caused Bothawui to recall its entire representation from Coruscant and prepare three cruiser fleets for Corellian service. Appearances Legacy of the Force: Tempest Category:Bothans Category:Galactic Alliance Senators Category:Males"
273b87949e8d,Clara Thompson,Harry Potter,died: Before 2008 | species: Human | gender: Female,"Appearances

  

Notes and references

Category:Brown-eyed individuals
Category:Deceased individuals
Category:Females
Category:Portraits
Category:Wizards
ru:Клара Томпсон","Clara Thompson was a witch whose portrait was hung on the ground-floor landing of Grand Staircase. Biography Clara attended Hogwarts School of Witchcraft and Wizardry ""dozens of years"" before the 2008–2009 school year when she spoke to an unidentified student. She often liked to reminisce about her days at Hogwarts or offer help to the students walking by her painting. Behind the scenes This portrait seems to have been based on that of Seraphina Bones that appears in the background of the , itself based on a 1890 portrait of Elsie Palmer (1873–1955), by , currently at . Appearances Notes and references Category:Brown-eyed individuals Category:Deceased individuals Category:Females Category:Portraits Category:Wizards ru:Клара Томпсон"
5210416650fe,Burke J. Carter,Indiana Jones,gender: Male | death: Africa,"Carter was a wealthy Connecticut industrialist who died in a mysterious hunting accident in Africa. Burke, a Weyland-Yutani corporate lawyer from James Cameron's 1986 film Aliens.Aliens

Sources
Raiders of the Lost Ark Sourcebook

Notes and references

Category:Businessmen & Industrialists
Category:Marshall College
Category:Deceased","Burke J. Carter was a wealthy Connecticut industrialist who died in a mysterious hunting accident in Africa. He left most of his estate to Marshall College, where a building he funded was dedicated to his name. Behind the scenes Burke J. Carter was created as part of background information on Marshall College in the Raiders of the Lost Ark Sourcebook. His name is a reference to Carter J. Burke, a Weyland-Yutani corporate lawyer from James Cameron's 1986 film Aliens.Aliens Sources Raiders of the Lost Ark Sourcebook Notes and references Category:Businessmen & Industrialists Category:Marshall College Category:Deceased"
6385554d80c1,Smitty,Game of Thrones,"Death: 301 ACCastle Black, the Wall | Appearances: ""The Watchers on the Wall"" | DeathEp: ""The Watchers on the Wall"" | Actor: Unidentified","Biography
Game of Thrones: Season 4
thumb|right|Smitty falling to his death. At Jon's signal, Smitty shoots his arrow and pierces a wildling in the shoulder, causing him to fall down to his death. As the brother drops the rope, Smitty falls off the top of the wall to his death.","Smitty was a member of the Night's Watch. Biography Game of Thrones: Season 4 thumb|right|Smitty falling to his death. During the battle for the Wall, Smitty takes part in defending the Wall against Mance Rayder's forces. As the wildlings approach the wall and start to climb, Smitty and another brother repel down with their bows. At Jon's signal, Smitty shoots his arrow and pierces a wildling in the shoulder, causing him to fall down to his death. As the members of the Night's Watch send oil barrels down on the wildlings at the gate, one barrel gets trapped on the ramp, as it explodes it sends flaming rubble across the Wall, and a piece impales the brother holding Smitty's repel rope in the chest. As the brother drops the rope, Smitty falls off the top of the wall to his death. In the books In A Song of Ice and Fire, there is no character by this name. Appearances References Notes Category:Individuals appearing in Game of Thrones Category:Men of the Night's Watch Category:Smallfo"
df795856121a,Indor,Lord of the Rings,"birth: Unknown, likely mid-First Age | death: FA 495 (presumed dead) | gender: Male",,"Indor was an Edain man of Dor-lómin, possibly of some importance. He and his daughter Aerin were closely related to Húrin Thalion. His fate is unknown, but he was presumed dead by FA 495 when Túrin, the son of Húrin, returned to Dor-lómin.The Children of Húrin, Narn i Chîn Húrin, The Tale of the Children of Húrin, XII: ""The Return of Túrin to Dor-lómin"" In other versions In earlier accounts, Indor was the son of Fengel, father of Peleg and grandfather of Tuor. However, J.R.R. Tolkien later gave this role to Galdor., Vol. IV: The Shaping of Middle-earth, chapter I: ""Prose Fragments Following the Lost Tales"" Translations Foreign LanguageTranslated nameAmharicኢንዶርArabicىندورArmenian ԻնդորAssameseইন্দোৰBelarusian Cyrillic ІндорBengaliইন্দোরBulgarian Cyrillic ИндорDariیندور GeorgianინდორიGreekΙνδωρGujaratiઈન્દોરHebrewאינדורHindiइनडोरKannadaಇಂದೋರ್KazakhИндор (Cyrillic) Ïndor (Latin)Kyrgyz CyrillicИндор Macedonian CyrillicИндорMalayalamഇൻഡോർMarathiइंदूरMongolian CyrillicИндорNepaleseइन्"
3829aff9f078,Liang Dao,Pirates of the Caribbean,"gender: Male | died: Late 1710s, Hong Kong | first: ''Rising in the East'' | last: ''Rising in the East''","Death

When Jack Sparrow unwittingly set the opium den on fire during the battle between his side and the EITC agents, Liang Dao stampeded towards the exit along with Huntington and the rest of his men. Appearances
Legends of the Brethren Court: Rising in the East

Notes and references

de:Liang Dao
it:Liang Dao
ru:Лян Дао

Category:Chinese
Category:Deceased individuals
Category:Inhabitants of Singapore
Category:Pirate captains
Category:Pirate Lords","Liang Dao was the Pirate Lord of Singapore and the South China Sea before being overthrown by his brother, Sao Feng, with the help of Jack Sparrow and the crew of the Black Pearl. Biography Early Life At some point in his life, Liang Dao received his father's title as Pirate Lord and cord necklace Piece of Eight. During his time as Pirate Lord, his younger brother, Sao Feng, served under him as captain of the Empress, one of the ships in Liang Dao's fleet. Deceit of Mistress Ching As the threat of Benedict Huntington grew stronger in Asian waters, Liang Dao set up a meeting with Mistress Ching under the pretenses that they would discuss forging an alliance to take down their common enemy. Dao's true intent, however, had been to betray his fellow Pirate Lord at their rendezvous so he could take over her fleet. Sao Feng knew of Liang Dao's plan and would later use it to his advantage to settle his debt with Jack Sparrow. Deep Sea Opal During the time of the Shadow Lord's threat, Li"
a142a0ecf8df,Dama,Dune,death: 15240 AG,"Dama held Lucilla captive on Lampadas and ultimately killed her when she angered Dama. During the Battle of Junction, Dama was assassinated by Logno by means of Chaumurky in the presence of Darwi Odrade. Sabanda told her that she was a teacher of the young and Dama told her that all of the children on their planet had been killed by the Honored Matres.","[d. 15240 AG] was the Great Honored Matre during the War of the Sisterhoods. She was known as the ""Spider Queen"" among Bene Gesserit sisters and was a skilled strategist. Dama held Lucilla captive on Lampadas and ultimately killed her when she angered Dama. During the Battle of Junction, Dama was assassinated by Logno by means of Chaumurky in the presence of Darwi Odrade. Logno assumed her title of Great Honored Matre. Biography History Later in life, Dama wore an odious perfume, which served as a reminder of her flamebush from her homeland.Chapterhouse: Dune - Chapter 41: Floral identity marker for her own flamebush. Imagine that! But she is both sad and angry when she thinks of this. And she wonders why I bring it to attention. “Otherwise, the bush would not have accepted me,” Dama said. At some point prior to the Return of the Honored Matres, Dama lived on Dur, a planet without Futars.Chapterhouse: Dune - Chapter 26: She could almost imagine she had never left Dur, that there had b"
b763e698125f,Denise,The Twilight Saga,species: Human | gender: Female | died: Spring 2009 (killed by Victoria),"She screamed, completely horrified, and was killed seconds later. Appearances
New Moon film (deleted scene)

Category:Minor characters
Category:Film-only characters
Category:Deceased characters
Category:Humans
Category:New Moon","Denise was a woman who appeared in a deleted scene of the New Moon movie. Biography thumb|left|250px|Denise and Victoria. Denise and her husband, Michael, were attacked on their way through Forks. Their car was infiltrated by Victoria, and Denise got knocked out. When she came to, she tried to reach out to her husband, who was completely catatonic. Then he fell aside, showing a large bite mark on his neck. She screamed, completely horrified, and was killed seconds later. Physical appearance Denise had blond hair, blue eyes, and round facial features. Film portrayal thumb|150px|Erin Boyes Denise was portrayed by Erin Boyes in the New Moon movie. She later portrayed Anna-Marie Brandon in the segment The Mary Alice Brandon File. Appearances New Moon film (deleted scene) Category:Minor characters Category:Film-only characters Category:Deceased characters Category:Humans Category:New Moon"
4f503942c67f,Del Meeko,Star Wars,"birth: Ten years before Iden Versio | death: 34 ABY, Pillio | species: Human | gender: Male","Following the Rebel Alliance's theft of the plans to the Death Star in the year 1 BBY, Meeko became an agent of Inferno Squad, a special forces unit led by Captain Iden Versio. The Emperor's death in 4 ABY resulted in the activation of Operation: Cinder; as part of the overall Contingency, its purpose was to ensure the annihilation of both the Empire and its enemies. With no further use for Meeko, Ren turned the veteran soldier over to Commander Gideon Hask—a First Order officer who once served with Meeko as an agent of Inferno Squad—who personally executed his former comrade.","Del Meeko was a human male native of Coruscant, the capital world of the Galactic Empire during the Imperial Era. During the reign of Emperor Sheev Palpatine, Meeko served in the Imperial Military as a stormtrooper, a shoretrooper with the military rank of sergeant, an Imperial Starfighter Pilot, and subsequently as the chief engineer of a Star Destroyer when holding the rank of Lieutenant Commander. Following the Rebel Alliance's theft of the plans to the Death Star in the year 1 BBY, Meeko became an agent of Inferno Squad, a special forces unit led by Captain Iden Versio. The Emperor's death in 4 ABY resulted in the activation of Operation: Cinder; as part of the overall Contingency, its purpose was to ensure the annihilation of both the Empire and its enemies. Inferno Squad was dispatched to Fondor with orders to retrieve satellites that were critical to the execution of Operation: Cinder. After completing their mission, Meeko was ordered to destroy the Emperor's Observatory on Pil"
a316b79e3306,Unidentified insulting wizard,Harry Potter,died: Before 1995 | species: Human | gender: Male,"Behind the scenes
If he had a portrait at Hogwarts he may have died prior to 1995 as many portraits hung at Hogwarts, depicting deceased individuals at that time.","This individual was a wizard who possibly lived at Hogwarts School of Witchcraft and Wizardry. In 1995 he insulted the Fat Lady, calling her fat and ugly. Behind the scenes If he had a portrait at Hogwarts he may have died prior to 1995 as many portraits hung at Hogwarts, depicting deceased individuals at that time. Appearances Notes and references Category:British individuals Category:Males Category:Unidentified individuals Category:Wizards"
929c37f70003,Abu Bakr,Indiana Jones,"gender: Male | birth: October 573 Mecca, Arabia | death: August 23, 634 Medina, Rashidun Caliphate","Following Muhammad's death in 632, Abu Bakr became the first caliph.Indiana Jones Artifacts

Sources
Indiana Jones Artifacts

 Notes and references 

External links

Category:Historical figures
Category:Political leaders
Category:Religious personnel","Abu Bakr was the father-in-law of the Islam prophet Muhammad through his daughter Aisha. Following Muhammad's death in 632, Abu Bakr became the first caliph.Indiana Jones Artifacts Sources Indiana Jones Artifacts Notes and references External links Category:Historical figures Category:Political leaders Category:Religious personnel"
fa7df56cbd1c,Cooper,Game of Thrones,"Death: 301 ACCastle Black, the Wall | Appearances: ""The Watchers on the Wall"" | DeathEp: ""The Watchers on the Wall"" | Actor: Joe Claflin","They successfully kill the giant, but all of the black brothers are slain in the process.","Cooper​ was a member of the Night's Watch. Biography ​Game of Thrones: Season 4 During the battle for the Wall, Cooper takes part in defending the Wall against Mance Rayder's forces. When Castle Black's inner gate is threatened by the giant Mag Mar Tun Doh Weg, he accompanies Grenn, Donnel Hill, and other three black brothers to defend it. They successfully kill the giant, but all of the black brothers are slain in the process. Their bodies are discovered by Jon Snow and Samwell Tarly after the battle. After the arrival of Stannis Baratheon and his forces, though not seen, Cooper is among the numerous bodies of fallen black brothers burned in Castle Black's courtyard. ​In the books In A Song of Ice and Fire, there is no character by this name. Of the four men that accompany Donal Noye to face Mag the Mighty, only one is mentioned by his name - Spotted Pate of Maidenpool. The names of the other three are not mentioned. Appearances References Notes Category:Individuals appearing i"
21bb53d74efd,Bingo Baggins,Lord of the Rings,birth: TA 2864 (SR 1264) | death: TA 2960 (SR 1360) | gender: Male,"He died in TA 2960 (SR 1360)., Appendix C, ""Baggins of Hobbiton""

 Behind the scenes 

Originally, Frodo was going to be called Bingo, but after a time, Tolkien decided that that name was too silly for , which was becoming ever more serious.","Bingo Baggins was a hobbit of the Shire. Biography Bingo was born in TA 2864 (SR 1264) and was the brother of Bungo. He married Chica Chubb and they had one son, Falco Chubb-Baggins. Falco was most notable as Bilbo's cousin. He died in TA 2960 (SR 1360)., Appendix C, ""Baggins of Hobbiton"" Behind the scenes Originally, Frodo was going to be called Bingo, but after a time, Tolkien decided that that name was too silly for , which was becoming ever more serious. This name may be a callback to Frodo's earlier name. References Category:Hobbits Category:Baggins de:Bingo Beutlin es:Bingo Bolsón it:Bingo Baggins pl:Bingo Baggins uk:Бінґо Торбин"
8796e17fbd20,Samuel Bellamy,Pirates of the Caribbean,gender: Male | born: 1689 | died: 1717,"Though his career as a pirate captain lasted less than a year, Bellamy and his crew captured more than 50 ships before his death. Appearances
Pirates of the Caribbean Online 

External links

Notes and references

Category:Deceased individuals
Category:English
Category:Inhabitants of Nassau
Category:Pirate captains
Category:Real-world individuals","Samuel Bellamy (also known as Black Sam) was a pirate operating in the Caribbean Sea. Though his career as a pirate captain lasted less than a year, Bellamy and his crew captured more than 50 ships before his death. Biography Samuel Bellamy was born in Devonshire in England. The early days of his pirate career are unclear, but he was probably involved in attacks on the camps of salvors working on the wrecks of the Spanish 1715 treasure fleet, off Florida's east coast. These raids were led by the pirate Henry Jennings, so Bellamy may have served with him. By 1716, Bellamy had reached the pirate port of Nassau, where he sailed with the pirate Benjamin Hornigold, whose crew included Edward ""Blackbeard"" Teach. Hornigold had a degree of conscience, and his small pirate fleet fell apart in August 1716 when he refused to attack British merchant ships. Bellamy and Blackbeard decided to go their own ways and Bellamy was elected captain of Hornigold's former sloop, the Mary Anne. For the rest"
14ef5de53a04,Piter de Vries,Dune,death: 10191 AG,"The Baron, enraged, threatened to have Piter killed, but de Vries was not concerned, knowing that as a Mentat, he was still far too useful to the Baron to be disposed of. Informed by the Baron that he and Wanna would now be ""reunited,"" Yueh was summarily executed by Piter to end any future chance for retribution. Death
Piter lying on the floor, dead from Leto's poison tooth |thumb
Knowing the Twisted Mentat was about to torture him for information on Paul and Jessica's whereabouts after Yueh orchestrated their escape.","For adaption and Canon equivalents, see Piter de Vries (disambiguation) Piter de Vries (d. 10191 AG) was a Twisted Mentat developed by the Bene Tleilax. Serving House Harkonnen under the Baron Vladimir, Piter was an ambitious and impatient sadist whose bloodlust disturbed even his master. Exceedingly prideful of his Mentat talents, one of his few miscalculations involved predicting Lady Jessica - the object of his obsessive desire - would bear Duke Leto Atreides a daughter instead of a son, citing typical Bene Gesserit breeding and the Emperor's own lack of male heirs. Biography Breaking the Atreides thumb|left|The Baron and Piter The former steward of Arrakis before being replaced by his ancestral enemy, House Atreides, Baron Vladimir Harkonnen was determined to take back his profitable spice planet and end his hated adversary at any cost. A key figure in his efforts was his brilliant strategist, assassin and torturer, Piter de Vries. Unsympathetic to the Baron's ego or ideals"
3198fabba080,Waylon Forge,The Twilight Saga,"died: March, 2008 (killed by James's coven) | species: Human | gender: Male","He was fixing a small boat singing ""The Cat's Meow"" when James, Laurent and Victoria caught him by surprise (he calls out for a man named Joe), and, after stopping his attempt to escape, pressed him down and fed on him until he died. James, liking Waylon's jacket, also stole it after they killed him and was seen wearing it for the rest of the movie. Appearances
Twilight film

Category:Minor characters
Category:Film-only characters
Category:Deceased characters
Category:Forks police
Category:Twilight","Waylon Forge is a character created specifically for the Twilight film, and is not present in the novel. He is friends with Charlie Swan, and one of James's coven's victims. He is portrayed by Ned Bellamy in the movie. Biography Waylon was introduced as one of Charlie's friends from the police station. In the movie, he and Charlie had known each other for 30 years; he played Santa Claus every Christmas and handed out tiny bottles as Christmas presents to children. Twilight Waylon made his first appearance at the diner and asks Charlie's daughter, Bella, if she remembers him as Santa. Charlie then remarked that she hadn't spent Christmas in Forks since she was four. Cora referred to Waylon as ""Butt Crack Santa"". He was fixing a small boat singing ""The Cat's Meow"" when James, Laurent and Victoria caught him by surprise (he calls out for a man named Joe), and, after stopping his attempt to escape, pressed him down and fed on him until he died. After the killing, Victoria stole his sh"
43776bf2f723,Kason,Star Wars,"death: 4 ABY, during the rebellion on Akiva",,"Kason was a Corporal in the New Republic's Special Forces. In 4 ABY, he was among six SpecForce members selected for a mission to the planet Akiva which aimed to investigate the Imperial presence there and rescue pilot Wedge Antilles. The squad, led by Sergeant major Jom Barell, reached Akiva in a transport which they jumped from in a suborbital drop. Kason was first out of the vehicle, which was then hit by Imperial turbolaser fire from Akiva's surface and destroyed. Kason himself was then hit by the laser and vaporised. During his final mission the Corporal wore carbon-lace armor, an orbital drop mask and parawings. Behind the scenes Kason first appeared in the novel Aftermath, which was written by Chuck Wendig and released in 2015. Appearances Aftermath Sources Star Wars Encyclopedia: The Comprehensive Guide to the Star Wars Galaxy Notes and references Category:Individuals of unspecified gender Category:Individuals of unspecified species Category:Individuals with he/him pron"
9c0496cd98aa,Selina Sapworthy,Harry Potter,born: Before 1969 | died: Before 1993 | species: Human | gender: Female,"Appearances
  
 
 

 

Notes and references

es:Selina Sapworthy
fr:Selina Sapworthy
it:Selina Sapworthy
pl:Selina Sapworthy
ru:Селина Сэпворфи
Category:Authors
Category:Award recipients
Category:British or Irish individuals
Category:Deceased individuals
Category:Females
Category:Gryffindors
Category:Herbologists
Category:Portraits
Category:Wizards","Selina Sapworthy was a witch, a Gryffindor alumna at Hogwarts School of Witchcraft and Wizardry and, later in her life, an award-winning author in the fields of Herbology and plant-related divination. She was also a loyal servant to the International Quidditch Team, sometime after her graduation. Biography Early life In her youth, she attended Hogwarts, where she was Sorted into Gryffindor House. Later life Once she graduated from Hogwarts, Sapworthy became a loyal servant to the International Quidditch Team. She went on to write a Herbology book, Winogrand's Wondrous Water Plants, focusing specifically on the water plants among Sir Winogrand's collection in the African Lakes. It was part of the required reading at Hogwarts School of Witchcraft and Wizardry for at least a quarter of a century. She also published Xylomancy, a book exploring the eponymous (and often overlooked) art of divination by twigs. A portrait of her was hung at Hogwarts Castle by the 1990s, near the sixth-fl"
e3acafef12a8,Virgil,Indiana Jones,gender: Male | birth: 70 BC | death: 19 BC,,"Virgil (also Vergil) was a poet of the Roman Empire best known for writing the Aeneid, an epic poem in the style of Homer, that served as a national foundation myth for Rome, as descended from Aeneas, a survivor of the Trojan War. He is also credited with the phrase: ""Fortune favors the bold"" In 1930, when setting out to find the Temple of Old Uppsala in a blizzard by himself, Indiana Jones told Marcus Brody that Virgil didn't say ""Fortune favors the reasonable"". Appearances Indiana Jones Adventures: Volume 1 External links Category:Historical figures Category:Writers, Poets & Playwrights"
5051fe42385e,Dongo,Game of Thrones,"Birth: Beyond the Wall | Death: 301 ACCastle Black, the Wall | Appearances: 3 episodes | First: ""Valar Dohaeris"" | Last: ""The Children"" | DeathEp: ""The Watchers on the Wall"" | Actor: Ian Whyte","The ballista bolt impales him from behind and he is killed, which enrages Mag and spurs him to lift the gate and confront the men within all by himself. The Blu-ray commentary revealed that the way Dongo falls down after being shot in the back is an homage to the famous scene in the 1971 film The French Connection, when Gene Hackman's character shoots the hitman Nicoli.http://www.denofgeek.us/tv/game-of-thrones/243771/67-things-you-didnt-know-about-game-of-thrones-season-4
Although Dongo died, actor Ian Whyte returned in Season 5 to play a new giant, Wun Weg Wun Dar Wun (""Wun Wun""), who unlike Dongo, is a character from the novels.","Dongo, also known as Dongo the Doomed, was a giant in the wildling army of Mance Rayder. Biography Background Dongo is one of the non-human race of giants who joined the Free Folk army assembled by Mance Rayder, the King-Beyond-the-Wall. Game of Thrones: Season 3 thumb|left|Dongo's presence dominates Mance's camp. While approaching the camp of the Free Folk in Skirling Pass, Jon Snow witnesses this giant building a tent from the bones and tusks of a mammoth. As Jon stares at the giant in disbelief, Ygritte warns him that giants are shy, but quick to anger and tells him how she once witnessed a giant smash a man into the ground like a hammer to a nail. This giant catches Jon gawking at him and grunts in annoyance. Game of Thrones: Season 4 thumb|Dongo takes aim. During the battle for the Wall, Dongo emerges from the Haunted Forest holding a bow with the other members of Mance Rayder's army. He escorts Mag Mar Tun Doh Weg and his mammoth to the outer gate of the Wall. While a wildling"
a2a596e50ee5,Minto Burrows,Lord of the Rings,birth: TA 2996 (SR 1396) | death: Unknown | gender: Male,,"Minto Burrows was a Hobbit of the Shire. Biography Minto was born in TA 2996 (SR 1396) and was a descendant of the Masters of Buckland who could trace his ancestry back to Gorbadoc Brandybuck. He was the youngest of the four children of Milo Burrows and Peony Baggins. Little is known of his life other than that while his parents and his siblings Mosco, Moro and Myrtle all attended Bilbo's famous Birthday Party, Minto did not (possibly because he was only five years old at the time)., Appendix C: Family Trees, Baggins of Hobbiton In adaptations Video games In (2002), Minto appears in Hobbiton, voiced by an uncredited James Arnold Taylor. If a conversation is started with him, he related how Lobelia Sackville-Baggins had tried to chase him and Sancho Proudfoot off with her umbrella, and Minto had thrown an apple at her (but missed) in retaliation. Translations Foreign LanguageTranslated nameArabicمينتو بروسChinese明托·布洛斯FinnishMinto OnkaloinenGermanMinto LochnerItalianMinto Ri"
0f8b2be73dea,Elizabeth Swann's mother,Pirates of the Caribbean,gender: Female | died: Before 1720,"Biography
Life and death
Little is known of this woman's life, other than she was a woman of English descent who at some point met Weatherby Swann, with whom she married, and gave birth to a daughter, Elizabeth Swann. However, through unknown circumstances, the woman who was Weatherby's wife and Elizabeth's mother died at some point before 1720, leaving her husband alone to raise their daughter. Since the death of his wife, Weatherby had raised his daughter Elizabeth on his own as the Swann family sailed aboard the HMS Dauntless, where Elizabeth met Will Turner, traveling from England to the Caribbean, where Weatherby was appointed Governor of Port Royal.","This female individual was the wife of Weatherby Swann, with whom she had a daughter, Elizabeth Swann. Biography Life and death Little is known of this woman's life, other than she was a woman of English descent who at some point met Weatherby Swann, with whom she married, and gave birth to a daughter, Elizabeth Swann. As part of the Swann family, living in England, they loved each other. However, through unknown circumstances, the woman who was Weatherby's wife and Elizabeth's mother died at some point before 1720, leaving her husband alone to raise their daughter. On that day, Weatherby Swann took Elizabeth to the garden to show her the migratory birds in the sky, while strangers in top hats carried the body out of the bedroom.Fluch der Karibik, p. 15 Legacy 250px|thumb|right|Governor Weatherby Swann and Elizabeth, his late wife's daughter. Since the death of his wife, Weatherby had raised his daughter Elizabeth on his own as the Swann family sailed aboard the HMS Dauntless, where "
f9da8b7604ab,Leto Atreides I,Dune,birth: 10140 AG | death: 10191 AG,"Death
During the Siege of Arrakeen, Leto was betrayed by his private Suk doctor, Wellington Yueh, and turned over to the Harkonnens. Consequently, Leto died during the assassination attempt, but the Baron survived, although his twisted Mentat Piter de Vries was killed by the poison. The late Duke's legacy was felt in Paul's reign as Emperor, and also in the conception of a daughter, Alia Atreides, carried by Jessica but only discovered after Leto's death.","For adaption and Canon equivalents, see Leto Atreides I (disambiguation) Leto Atreides I (10140 A.G. - MarchAccording to Appendix IV, eight months before Alia, who was born in November. 10191 A.G.) was the 20th and penultimate Duke of House Atreides and the father of Emperor Paul Atreides. Well known for his even-handed and compassionate leadership style, Leto ruled over Caladan and later Arrakis while at war with the Baron Vladimir of House Harkonnen. Biography Life on Caladan A direct descendant of Ancient Greek monarch King Agamemnon, Leto I was famously known as the Red Duke and affectionately called Leto the Just. Celebrated for his fair and compassionate leadership, he managed the reins of Caladan and kept his military well-trained and battle-hardened, despite the softness of their verdant home and utopian lifestyle, as they could not afford weakness with the brutal Harkonnens as enemies. A model of strong but fair governance over his organized but spiritually content society,"
7577dab78ca3,Kristie,The Twilight Saga,"died: June 15, 2006 (killed by the Cullens and the Uley pack) | species: Vampire | gender: Female","Kristie was a newborn vampire and one of the group leaders in the Seattle newborn army, an army of newborn vampires which was created by Victoria in order to avenge the death of her mate, James. Kristie was killed in the battle with the Cullens and the shape-shifters. Kristie and her gang also were very reluctant to go into the sun, which they had previously believed would burn them to death, when Riley told everyone they could for the supposedly special four days a year in which vampires can roam in daylight.","Kristie was a newborn vampire and one of the group leaders in the Seattle newborn army, an army of newborn vampires which was created by Victoria in order to avenge the death of her mate, James. Kristie was killed in the battle with the Cullens and the shape-shifters. Biography The Short Second Life of Bree Tanner Kristie had her own ""small coven"" inside the army, similar to Raoul's. The two however were openly hostile towards each other and were overall enemies. Bree once said, ""If you're with Raoul then Kristie is the enemy and if you're with Kristie then Raoul is the enemy"". This was, however, put to an end when Riley forced all of the newborns to work together to fight the Cullens. Kristie's closest colleague was Jen. After Victoria learned that she had only five days to make her move on the Cullens, she had Riley tell the army about their enemies, the ""yellow-eyes"", and how they would defeat them together. But first he said they needed two leaders to lead the army. He called Kr"
4ded6e19a6bb,Chulco Gi,Star Wars,death: During the battle for Jedha | species: Lorrdian | gender: Male,"Gi and Ubin Des encountered Luke Skywalker, Leia Organa and Han Solo in their battle for Jedha after the destruction of the Death Star. Gi died after being corrupted by the dark side of the Force at the Central Isopter shrine, where he was subsequently impaled by Skywalker.","Chulco Gi was a Lorrdian male who was a member of the Brotherhood of the Beatific Countenance and aspired to join the Disciples of the Whills. Gi and Ubin Des encountered Luke Skywalker, Leia Organa and Han Solo in their battle for Jedha after the destruction of the Death Star. Gi died after being corrupted by the dark side of the Force at the Central Isopter shrine, where he was subsequently impaled by Skywalker. Appearances Star Wars (2015) 38 Star Wars (2015) 39 Star Wars (2015) 40 Star Wars (2015) 41 Star Wars (2015) 42 Star Wars (2015) 62 Sources Notes and references Category:Lorrdians Category:Males Category:Partisan members"
6ab13937c75b,Antonia Creaseworthy,Harry Potter,born: Before 1607 | died: Between 1783 and 1986 | species: *Human *Ghost | gender: Female,"(SOS Task Force Training - Calamity Essentials I: Portrait, Portrait on the Wall)

She had died by 1986, as a portrait of her appeared in the Headmaster's office at Hogwarts. Two portraits of Creaseworthy were hung within Hogwarts Castle sometime after her death.","Professor Dame Antonia Creaseworthy (fl. 1609Antonia Creaseworthy's Headmistress portrait was commissioned in 1624, meaning that she must have been at least seventeen years old and a recognised adult at that point (17), though she was likely older. - 1783) was a witch who lived in the 17th - The Paintings of Hogwarts: Masterpieces from the School of Witchcraft and Wizardry Sets and 18th centuries. There were at least two portraits of her at Hogwarts School of Witchcraft and Wizardry. She served as Headmistress of Hogwarts at an unknown point in time.Her full-body portrait is included in the Headmasters section of The Paintings of Hogwarts: Masterpieces from the School of Witchcraft and Wizardry SetsHer portrait has hung in the Headmaster's Two portraits of her hung at Hogwarts; one painted in 1624 depicted a middle aged woman. Biography Creaseworthy lived during the 17th and 18th centuries. During her life, she earned the title ""Dame"", the female equivalent of the honour of knighth"
040217a5f9b4,Robert Oppenheimer,Indiana Jones,"gender: Male | birth: April 22, 1904 | death: February 18, 1967","Now I become Death, the destroyer of worlds.""

In 1957, Irina Spalko mentioned Oppenheimer as part of America's superpower status through harnessing the atom for warfare, and then claimed that with the powers of the crystal skulls, she could do the same with psychic warfare for the Soviet Union.","J. Robert Oppenheimer was a renowned physicist. He was mostly known as the director of the Manhattan Project, the objective of which was to create an atomic weapon to end the second World War. In the early 1950s, he was accused of being a communist. Upon detonation of the first atomic bomb, Oppenheimer recalled a quote from the Indian sacred text, the Bhagavad Gita: ""If the radiance of a thousand suns were to burst at once into the sky, that would be like the splendor of the mighty one. Now I become Death, the destroyer of worlds."" In 1957, Irina Spalko mentioned Oppenheimer as part of America's superpower status through harnessing the atom for warfare, and then claimed that with the powers of the crystal skulls, she could do the same with psychic warfare for the Soviet Union. Appearances Indiana Jones and the Kingdom of the Crystal Skull Indiana Jones and the Kingdom of the Crystal Skull junior novel Category:Americans Category:Historical figures Category:Scientists & Engineers"
eb430f53b7c2,Boake,Game of Thrones,"Death: 303 ACThe Great Sept of Baelor, King's Landing | Appearances: 5 episodes | First: ""Sons of the Harpy"" | Last: ""The Winds of Winter"" | DeathEp: ""The Winds of Winter""",,"Boake was a member of the Faith Militant. Biography Background Boake is a member of the Faith Militant, the recently reinstated military arm of the Faith of the Seven. Game of Thrones: Season 5 Boake is one of the Faith Militant who ransacks Littlefinger's brothel. Boake escorts Queen Mother Cersei Lannister when she visits Queen Margaery Tyrell in her cell in the Great Sept of Baelor. He then escorts her to the High Sparrow, who thanks him and dismisses him. He escorts Septa Unella when she comes to Cersei's cell to tempt her to confess her sins with the promise of water. He opens the door to Cersei's cell for Qyburn also. Game of Thrones: Season 6 Boake is inside the Great Sept for the trials of Loras and Cersei, standing directly behind Loras who is beside Margaery seconds before it explodes with wildfire, killing everyone inside. Behind the scenes The character may be named after Robert Boake, one of the filming location managers for the TV series. In the books In A Song of "
12f35d00b1a8,Tata,Lord of the Rings,birth: YT 1050 | death: Unknown | gender: Male,,"Tata was an Elf of Cuiviénen, where he was the second Elf to be awakened, during the Years of the Trees. Biography Tata was awakened by Imin, who woke him after he himself was awoken by Ilúvatar. He awoke a group of Elves who took him as their lord. Tata's fate is unknown, but it is presumed that he lived immortally. His folk later became the Ñoldor. His wife was Tatië. See also Awakening of the Elves Category:Ñoldor Category:Elf-fathers Category:Quenya names & words Category:Elves de:Tata it:Tata nl:Tata pl:Tata ru:Тата sk:Tata uk:Тата __NOTOC__"
81eec167017e,Spanish Soldier (faceless),Pirates of the Caribbean,"gender: Male | died: *1700s, Devil's Triangle, Caribbean Sea Poseidon's Tomb | first: ''Dead Men Tell No Tales'' | last: ''Dead Men Tell No Tales''","Several decades later, the Silent Mary was suddenly freed when Jack traded and therefore betrayed his compass causing his worst fear - death - to come true, and the ghost ship immediately set out to avenge their past defeat. This soldier, along with the rest of the Spanish crew, followed his Capitán on hundreds of pirate-hunting expeditions on which they tracked down and relentlessly murdered thousands of men in cold blood. A young pirate, Jack Sparrow, who had assumed command of the ship from its deceased captain, climbed atop the crow's nest, from which he taunted Salazar and his crew.","This man was a loyal soldier in the Spanish Royal Navy during the Age of Piracy, serving aboard the Silent Mary under the command of Capitán Armando Salazar. He followed his Capitán loyally on hundreds of pirate-hunting expeditions in their quest to eliminate piracy forever across the sea, until eventually they were defeated by a young pirate, crashing into the Devil's Triangle and being transformed into ghosts. Cursed and forced to roam the seas in everlasting torment, he along with his Captain would stop at nothing to take their revenge on the very man who took their lives from them, Captain Jack Sparrow. Several decades later, the Silent Mary was suddenly freed when Jack traded and therefore betrayed his compass causing his worst fear - death - to come true, and the ghost ship immediately set out to avenge their past defeat. They enlisted the help of Sparrow's old enemy, Captain Hector Barbossa, to find the pirate, but soon the latter double-crossed the Spaniards and teamed up with "
5bd98f070785,Iblis Ginjo,Dune,birth: C. 234 BG | death: 164 BG | last: ''Dune:The Machine Crusade''(2003),"Iblis Ginjo (234 BG - 164 BG) was a political and religious leader of the League of Nobles during the Butlerian Jihad who essentially led the League in his role as the first Grand Patriarch of the Holy Jihad from  195 BG until his death in 164 BG. After being killed by Xavier Harkonnen in response to revelations about his role in Tlulaxa organ harvesting, Ginjo was made the third of the Three Martyrs. Following the fateful Honru Massacre, in which thousands of humans perished, Ginjo began to suspect that that traitorous human spies purposely transmitted the disinformation about the machine strengths on Honru.","Iblis Ginjo (234 BG - 164 BG) was a political and religious leader of the League of Nobles during the Butlerian Jihad who essentially led the League in his role as the first Grand Patriarch of the Holy Jihad from 195 BG until his death in 164 BG. Originally a thinking machine trustee on Earth, Ginjo led a rebellion on the planet which was one of the key factors in the Jihad's beginning, before fleeing to the League and in the following decades consolidating his power. In this period, he founded both the Jihad Police (Jipol) and the ruling Jihad Council. After being killed by Xavier Harkonnen in response to revelations about his role in Tlulaxa organ harvesting, Ginjo was made the third of the Three Martyrs. Biography Early life Background Ginjo was a member of a long lineage that in ancient times ultimately originated from Rossak. Although little else is known of his family and youth, Ginjo eventually became a slave of the machines, rising to become a human trustee of the Omnius "
1ac34eaf271a,Marie Higginbotham,The Twilight Saga,died: 1999 | species: Human | gender: Female,"Marie Higginbotham was Renée Dwyer's mother, and had been deceased six years prior to the beginning of New Moon, when Bella was either eleven or twelve. Appearances
New Moon (Bella's dream)
New Moon film (Bella's dream)

Category:Mentioned characters
Category:Deceased characters
Category:Humans","Marie Higginbotham was Renée Dwyer's mother, and had been deceased six years prior to the beginning of New Moon, when Bella was either eleven or twelve. She has a minor but important role in New Moon, because Marie's appearance plays a part in Bella's choice to become a vampire. She is portrayed by Christina Jastrzembska in the movie adaptation of New Moon. Biography Early life Marie Higginbotham was a difficult, bitter woman but hardworking and loyal. She got divorced from her husband when Renée was still a child. She never got along with her daughter due to their different personalities. When Renée got married to Charlie Swan, she was sent a photograph of the wedding, but Marie never responded. Renée later wrote to Marie to tell her that she was pregnant. Marie sent Renée her own mother's handmade quilt, at which Renée was touched. Renée was going through a depressive period when she left Charlie, and moved back in with her mother. Marie was still difficult but doted on her grandd"
72c489af91d0,Haze Delik,Star Wars,"birth: c. 244 BBY, Helikoprion | death: 228 BBY, ''Innovator'' | species: Heliko | gender: Female","While working at a kitchen, Delik's mother and father were both killed in a shootout, which left Delik as an orphan.","Haze Delik was a Heliko female who was born on the planet Helikoprion. After the planet was engulfed in a civil war, Delik's family moved to Actlyon and lived in Actlyon City. While working at a kitchen, Delik's mother and father were both killed in a shootout, which left Delik as an orphan. The day after her parents deaths, she joined the Nihil and worked in its ranks. Eventually, a Nameless egg was stolen from the Nihil scientist Niv Drendow Apruk, and Delik was on a hunt to find the egg. Her searches led her to Palagosal where she encountered numerous Jedi and the Hutt responsible for the theft. After taking one of the Jedi hostage and threatening them, Delik was eventually stunned by Ensign Welga and taken as prisoner on the Innovator. Delik managed to escape from containment and released captive Nameless onto the ship, however the Nameless calcified her after she tried to escape with one; a newly-hatched Nameless. Appearances The High Republic: Beware the Nameless Notes and re"
fc0f84467d7e,T. R.,Harry Potter,died: Before 1991 | species: Human | gender: Male,"was created in the likeness of Tony Ravo, an artist who illustrated some Famous Witches and Wizards Cards for the first two games.https://www.mobygames.com/person/51990/tony-ravo/credits/

Appearances
  

Notes and references

Category:Deceased individuals
Category:Males
Category:Portraits
Category:Wizards
ru:Т.","T. R. was a wizard who had a portrait of himself hung in the Entrance Hall and on the first floor of Hogwarts Castle by the 1991–1992 school year. Behind the scenes This portrait appears in the PC version of . In the game's files, it was called TR104.bmp. T. R. was created in the likeness of Tony Ravo, an artist who illustrated some Famous Witches and Wizards Cards for the first two games.https://www.mobygames.com/person/51990/tony-ravo/credits/ Appearances Notes and references Category:Deceased individuals Category:Males Category:Portraits Category:Wizards ru:Т. Р."
5df6198aa904,Marie Dressler,Indiana Jones,"gender: Female | birth: November 9, 1868 | death: July 28, 1934",,"Marie Dressler was an actress. Remy Baudouin was not a fan of Dressler. During a party in October 1916, his objection to the pianist playing ""Heaven Will Protect the Working Girl"", a piece performed by Marie Dressler, led to a situation which left Baudouin with a black eye. Appearances The Mata Hari Affair External links Category:Canadians Category:Entertainers Category:Historical figures"
6d44c11c9bb4,Euron Greyjoy,Game of Thrones,"Birth: Pyke, the Iron Islands | Death: 305 ACRed Keep, King's Landing | Appearances: 9 episodes | First: ""Home"" | Last: ""The Bells"" | DeathEp: ""The Bells"" | Actor: Pilou Asbæk","Euron himself was subsequently killed in a duel by Cersei's brother and lover, Ser Jaime Lannister. Realizing that Euron has come to kill him, Balon attacks him with a knife, slashing his left cheek, but Euron easily overpowers his elder brother, and throws him off the bridge to his death. Euron reveals that he returned only a few days ago, leading Yara to realize that he murdered Balon.","King Euron Greyjoy was the brother of Balon Greyjoy, the Lord Reaper of Pyke and later King of the Iron Islands, and Aeron Greyjoy, a Drowned Man. He was also uncle to Balon's children, Rodrik, Maron, Yara, and Theon Greyjoy. After murdering Balon, Euron takes control of the Salt Throne with the support of many Ironborn, seeking to hunt down Yara and Theon, who oppose Euron and ally with Daenerys Targaryen. Euron is named commander of the Lannister fleet - although he primarily uses the Iron Fleet as his main ships - after he defeats the Ironborn and Dornish allies of Daenerys in Blackwater Bay, delivering Ellaria and Tyene Sand as a gift to Cersei Lannister, whom he intended to marry following the end of the Last War. Euron continues to remain an ally of Cersei, ferrying the Golden Company to Westeros, killing Rhaegal, and fighting at the Battle of King's Landing, where his fleet is burnt by Drogon. Euron himself was subsequently killed in a duel by Cersei's brother and lover, Ser J"
5c05ee4c1396,Othrod,Lord of the Rings,death: FA 510 | gender: Male,"Othrod was a ""lord of the Orcs"" of Angband that was slain by Tuor in Gondolin during the First Age., Vol. Othrod was ultimately slain by Tuor, who clove his helm with his axe, Dramborleg, in the process.","Othrod was a ""lord of the Orcs"" of Angband that was slain by Tuor in Gondolin during the First Age., Vol. II: The Book of Lost Tales Part Two, ""Index"", entry ""Othrod"" Biography During the Fall of Gondolin, Othrod was among those Orcs which assailed the Gondothlim alongside the Balrogs at the coming of the Drakes. Othrod was ultimately slain by Tuor, who clove his helm with his axe, Dramborleg, in the process. The slaying of Othrod was part of the famous onslaught which is said to have been the greatest killing of Orcs ever conducted by the Eldar., Vol. II: The Book of Lost Tales Part Two, ""The Fall of Gondolin"", p. 181 Etymology Othrod is clearly Gnomish, but it is not glossed. The Qenya cognate was Osorot.Parma Eldalamberon 13, ""The Alphabet of Rúmil & Early Noldorin Fragments"", p. 105 See also Balcmeg Lûg Orcobal References de:Othrod it:Othrod pl:Othrod Category:Gnomish names & words Category:Orcs Category:Characters in The Fall of Gondolin"
69f48fd81da8,Nathan Bolton,Pirates of the Caribbean,"gender: Male | died: Early 1710s, ''Wicked Wench'', the Bahamas | first: ''The Price of Freedom'' | last: ''The Price of Freedom''","Bolton was killed in the Bahamas during an attack on Wicked Wench. Appearances
The Price of Freedom

Notes and references

Category:Deceased individuals
Category:Males
Category:Merchant sailors
Category:Wicked Wench crew","Nathan Bolton was a sailor serving under the employment of the East India Trading Company. He most notably sailed alongside Captain Jack Sparrow as a crew member aboard a merchant ship, the Wicked Wench. Bolton was killed in the Bahamas during an attack on Wicked Wench. Behind the scenes Nathan Bolton appeared in A. C. Crispin's 2011 novel The Price of Freedom. Appearances The Price of Freedom Notes and references Category:Deceased individuals Category:Males Category:Merchant sailors Category:Wicked Wench crew"
1a1acf9d7e90,Paul Atreides,Dune,birth: 10176 AG | death: 10219 AG (age 43) | last: ''Children of Dune''(1976),"They let the Harkonnens think they had died from a coriolis storm. During this scuffle, Paul disarmed a proud Fremen, Jamis, who took offence at this ""presumptuous"" youth, and challenged Paul to a fight to the death. When they returned to the troop's sietch, they discovered that the Fremen Reverend Mother was near death, and with the fortuitous arrival of Jessica, a Bene Gesserit, they made Jessica their Sayyadina.","For Adaptation and Canon equivalents, see Paul Atreides (disambiguation) Paul Atreides (10176 A.G. - 10219 A.G.), predominantly known as Muad'Dib (also called Usul by the Fremen and The Atreides Bastard by the Bene Gesserit) was the last Duke of the noble House Atreides. The only son of Duke Leto Atreides and Bene Gesserit Sister Lady Jessica, he rose to power among the native Fremen on Arrakis in their efforts against the brutal occupation of House Harkonnen. His natural clairvoyant abilities were greatly enhanced by the spice melange, and he used his mother's knowledge of Bene Gesserit propaganda to embody the role of Fremen prophet Lisan al-Gaib. Their allied victory in the Desert War ousted Emperor Shaddam IV from the Golden Lion Throne, which became the seat of a new Atreides Empire. Paul ruled through twelve years of interstellar bloodshed and oppression before abdicating his throne and exiling himself into the deep desert after losing his eyes and his Fremen lover to the growi"
c30b2c08b34f,Kumboh,The Twilight Saga,species: Vampire | gender: Male | died: 1920 (killed by James and Victoria),"When he found out Alice was being targeted, he immediately changed her into a vampire, and battled James and Victoria to distract them until he was finally killed. ru:Кумбох
Category:Characters with special abilities
Category:Nomads
Category:The Storytellers
Category:Minor characters
Category:Deceased characters","Kumboh (pronounced Koom-'boʊ) was a vampire who appeared in the short film The Groundskeeper. He befriended a girl named Alice when he was working as a groundskeeper in the 1920s, and had a subtle gift of hypnotic vision. When he found out Alice was being targeted, he immediately changed her into a vampire, and battled James and Victoria to distract them until he was finally killed. Kumboh was portrayed by Kevin Craig West in the short segment, The Groundskeeper. He was also briefly portrayed by Will Williams in The Mary Alice Brandon File. Biography Kumboh was the throne prince of a tribe before becoming a vampire. He had since then wandered the Earth for thousands of years. The Groundskeeper thumb|left|200px|""A sprick of lavender, in your right pocket."" In the 1920s, he worked as a groundskeeper in a mental asylum at night, where he took advantage to feed on humans who could die without much notice being taken. During that time, he befriended amnesiac Mary Alice Brandon and came"
4049c9f9706f,Calleen (convor),Star Wars,death: c. 58 BBY Coruscant | species: Convor | gender: Female,"When Cenevax captured Dooku and his Padawan Qui-Gon Jinn, Calleen attacked the crime lord, but Cenevax killed the convor.","CalleenDooku: Jedi Lost script was a convor owned by the Jedi Master Lene Kostana, replacing her previous convor, Ferana. Kostana named the convor after Calleen, the Altiri goddess of wisdom. Jedi Master Dooku later used Calleen to follow the corrupt Coruscant Security Force inspector Sartori to the lair of the crime lord Cenevax. When Cenevax captured Dooku and his Padawan Qui-Gon Jinn, Calleen attacked the crime lord, but Cenevax killed the convor. Behind the scenes Calleen appeared in the audiobook Dooku: Jedi Lost, written by Cavan Scott and published in 2019. Appearances Dooku: Jedi Lost Dooku: Jedi Lost script Notes and references Category:Convorees Category:Females Category:Individuals with she/her pronouns Category:Named pets"
63bd522ae2cd,Leta Lestrange,Harry Potter,"born: Between 1 September 1896 and late April 1897Lestrange Manor | died: Early September 1927 (aged 30/31)Lestrange Mausoleum, Père Lachaise Cemetery, Paris, France | species: Human | gender: Female","From an early age, she was distraught over her unstable family lineage and the trauma of her unintentionally bringing about the death of her half-brother, Corvus Lestrange. In that same year, she sacrificed herself for them during a rally held in Paris by Gellert Grindelwald by distracting him by destroying his skull-hookah with a powerful spell. Clarisse also died soon after the birth.","Leta Lestrange (c. 1897 – September 1927) was a British-French pure-blood witch born into the Lestrange family. From an early age, she was distraught over her unstable family lineage and the trauma of her unintentionally bringing about the death of her half-brother, Corvus Lestrange. She attended Hogwarts School of Witchcraft and Wizardry between 1908 to 1915, where she was sorted into Slytherin and was often the target of bullying. While at school, she developed a close relationship with Newton Scamander, but the two parted ways when she caused trouble using a Jarvey and Newt took the blame, leading to his expulsion. In her adult life, Leta became determined to turn over a fresh leaf and live as a productive and appreciated member of the Department of Magical Law Enforcement. Leta had become the fiancée of Newt's older brother Theseus by 1927. In that same year, she sacrificed herself for them during a rally held in Paris by Gellert Grindelwald by distracting him by destroying his s"
6dfa2ba02410,Johnson,Indiana Jones,gender: Male | death: Before September 1909 Africa,"Despite Johnson's efforts to hide himself in a tree house, the injured lion returned and killed him. He was first pictured in the comic adaptation, were he was depicted as a bearded Caucasian.British East Africa, September 1909 comic

Appearances 
  Passion for Life 
British East Africa, September 1909 comic  

Notes and references

Category:Characters appearing in Young Indiana Jones
Category:Big game hunters
Category:Deceased","Johnson was a big game hunter. Biography Prior to September 1909, he had shot a lion in Africa, but had only wounded it. Despite Johnson's efforts to hide himself in a tree house, the injured lion returned and killed him. Passion for Life Legacy In September 1909, Teddy Roosevelt recounted Johnson's tragic end to those gathered at dinner at the Kirinyaga safari camp, on the evening that the Jones family had arrived. Frederick Selous thought the story was initially just a story, but Roosevelt claimed to be a witness. After hearing the story, Indiana Jones had trouble sleeping that night for fear of a wounded lion lurking and making sounds nearby. Behind the scenes Johnson was first mentioned in the The Young Indiana Jones Chronicles episode ""British East Africa, September 1909"". He was first pictured in the comic adaptation, were he was depicted as a bearded Caucasian.British East Africa, September 1909 comic Appearances Passion for Life British East Africa, September 1909 com"
4f112733729e,Archie,Game of Thrones,"Death: 304 ACThe Goldroad, the Reach","He was killed in the Battle of the Goldroad. He took part in the sack of Highgarden and later fought in the Battle of the Goldroad, where he was killed by Drogon.","Archie was a soldier in the who fought for House Lannister. He was killed in the Battle of the Goldroad. Biography Background Archie was known to frequent the brothels of King's Landing and was a favorite of Craya. He took part in the sack of Highgarden and later fought in the Battle of the Goldroad, where he was killed by Drogon. Game of Thrones: Season 8 Archie was one of the soldiers mentioned by Marei, Craya, and Dirah when they discuss the casualties of the Battle of the Goldroad. Appearances References Notes Category:Individuals mentioned in Game of Thrones Category:Servants and retainers of House Lannister Category:Westermen ru:Арчи"
f5910265e970,Isembold Took,Lord of the Rings,birth: TA 2842 (SR 1242) | death: TA 2946 (SR 1346) | gender: Male,,"Isembold Took was a Hobbit of the Shire. Biography Isembold was the fifth child of Gerontius Took and Adamanta Chubb. He came from a large family which included eleven other brothers and sisters: Isengrim, Hildigard, Isumbras, Hildigrim, Hildifons, Isembard, Hildibrand, Belladonna, Donnamira, Mirabella, and Isengar. The names of his wife and children are not known, though he was said to have many descendants., Appendix C: Family Trees, Took of Great Smials Translations Foreign LanguageTranslated nameArabicإزمبولد أخذتArmenian Իսեմբոլդ ՏուկBasque Isembold TukkBelarusian CyrillicІсемболд ТукBengaliইসেম্বলড টুকBulgarian CyrillicИсъмбълд ТукCatalan Isembold TucCzechIsembold BralDanishIsembold TokerDutchIsembold ToekFinnishIsembold TukFrenchIsembold TouqueGalician Isembold TucGeorgian ისემბოლდ ტუკიGermanIsembold TukGujaratiઇસિમ્બોલ્ડ ટૂકHebrewאיזמבולד לקחHindiईसेम्बोल्द टुक HungarianIsembold Tuk ItalianIsemboldo TucKannadaಇಸಂಬೊಲ್ಡ್ ಟುಕ್Kazakh CyrillicЫсемболд Ток ?Laotianີຊເມບໂລດຖໂກ ? "
a1dd2697cbd2,Morgan (Pirate Captain),Pirates of the Caribbean,"gender: Male | died: 1700s, ''Wicked Wench'', Caribbean Sea | first: ''Dead Men Tell No Tales'' | last: ''Dead Men Tell No Tales''","The pirate captain had been killed in the battle near the Devil's Triangle, and had left young Jack the Sparrow with a compass and a crew in need of leadership, warning Sparrow to never betray the compass. Biography
Pirate's life and death

Little is known of Morgan's life before engaging in piracy, eventually becoming captain of a ship named Wicked Wench, with young Jack Sparrow among his crew. 250px|left|thumb|Captain Morgan had been killed in the battle and left young Jack Sparrow with a compass and a crew in need of leadership against Salazar's ship, the Silent Mary.","Morgan was a pirate captain during the Age of Piracy. Most notably in command of the Wicked Wench, Captain Morgan participated in a sea battle between a fleet of pirate ships against the Silent Mary, a Spanish Navy ship under the command of Capitán Armando Salazar, known as the Butcher of the Sea or El Matador Del Mar. The pirate captain had been killed in the battle near the Devil's Triangle, and had left young Jack the Sparrow with a compass and a crew in need of leadership, warning Sparrow to never betray the compass. Biography Pirate's life and death Little is known of Morgan's life before engaging in piracy, eventually becoming captain of a ship named Wicked Wench, with young Jack Sparrow among his crew. Captain Morgan joined the fleet of pirate ships that tried to end the reign of terror by Capitán Armando Salazar of the Spanish Navy when he attempted to clean the seas from piracy. In a fierce battle near the mysterious Devil's Triangle, Captain Morgan's crew of the Wicked Wenc"
260d67391584,Ori Zhoma,Dune,death: 4 BG,"Because of this, she took to inject him with dozens of lethal chemicals in his office, then used her position to cover up her crime and rule the death a suicide. As Zhoma was the most accomplished and important member of the School after Bando's death, she was appointed leader. While Zhoma achieved these ends, she was killed by Roderick Corrino under the guise of Toure Bomoko, and the Crown Prince pretented that the DNA showed that it was the real Bomoko, both ending the riots over the Orange Catholic Bible and killings and getting rid of Zhoma.","Doctor Ori Zhoma [d. 4 BG] was a Suk Doctor who ran the flagship Suk school on [[Salusa Secundus/XD|Salusa Secindus]. Biography Zhoma trained in the Sisterhood of Rossak for two years, and great talent was seen in her by Mother Superior Raquella Berto-Anirul. Zhoma was interested in the potential of various Rossak drugs to increase strength, speed, endurance, mental acuity. But - a fact that was not discovered until much later - she also saw the profit potential, and she had started supplying black-market merchants with rare extracts and intensely potent drugs, selling them at exorbitant prices, until she was caught. When facing Raquella, Zhoma tried to rationalize the extracurricular activities by asserting that her actions benefited the Sisterhood, but the voices in the Reverend Mother's head had been skeptical. Zhoma claimed that she had added all the profits to the school’s coffers, which she had, but that did not excuse her primary transgression and the Mother Superior had no ch"
622b4c434bf5,Sasha,The Twilight Saga,"species: Vampire | gender: Female | died: 1000 AD (executed by Marcus, Felix and Demetri) | born: Pre-1000 AD","Centuries before Eleazar, Carmen and Garrett joined the coven, Sasha was executed by the Volturi, following their discovery of her illegal transformation of an immortal child named Vasilii. She kept his existence secret from her ""daughters"" to protect them from the fate of being executed by the Volturi, which indicated that she suspected it would happen. Eventually, her prediction came true when her child's indiscretion caught the Volturi's attention, and she and Vasilii were executed.","Sasha was a female vampire and the founder of what would become the Denali coven, in a time when they were living in Slovakia (then known as the Kingdom of Hungary). She was the one who transformed Tanya, Kate and Irina into vampires. Centuries before Eleazar, Carmen and Garrett joined the coven, Sasha was executed by the Volturi, following their discovery of her illegal transformation of an immortal child named Vasilii. She was only mentioned in Breaking Dawn by Carlisle Cullen when he was educating Bella Swan the history of vampires. She is portrayed by Andrea Powell in the second movie adaptation of Breaking Dawn. Biography Sasha was the creator of Tanya, Kate, and Irina: Tanya was initially a distant relative of Sasha. She was so intrigued by the idea of having another female vampire for company that she decided to turn Tanya; Within a century of Tanya's transformation, they came across Kate while attacking a carriage, and Sasha decided to create a sister to Tanya due to their p"
6fd9bb782910,Murk Lundi,Star Wars,"death: 29 BBY, Ploo system | species: Quermian | gender: Male","Even though they gained the object and Norval was killed, betrayed by an ally of his, Lundi died. Finding the holocron again

In 29 BBY, Lundi was freed by Kenobi, now a Jedi Knight following the death of Qui-Gon Jinn three years earlier, and his Padawan, Anakin Skywalker. However, Skywalker, fed up with Lundi, snapped at the Quermian, threatening him by saying that if the Sith did return, the Jedi would not be the only ones to be killed.","Murk Lundi was a male Quermian from the planet of Ploo II, and an expert on the history of the Sith. Working as a teacher on Coruscant, he gave lectures on the mysterious darksiders and was considered one of Coruscant's most knowledgeable beings on the Sith. In 39 BBY, Lundi, having researched the dark side for years, set out to recover a holocron on Kodai. He was tailed by the Jedi Qui-Gon Jinn and Obi-Wan Kenobi, yet despite this, he almost got the holocron. Only the interference of his power-hungry student Norval prevented him from gaining the artifact. However, Lundi was driven insane by the holocron's power and was arrested by the Jedi and placed in Republic custody. In 29 BBY, Kenobi and Anakin Skywalker freed him so that he might help them locate the holocron. Although the professor continually antagonized the two Jedi, he did help them look for it. However, the holocron was no longer on Kodai. Norval had already recovered it, so they went after him. Even though they gained the"
05bfd64e57b8,Tobias Stump,Harry Potter,died: Before 1991 | species: Human | gender: Male,"Appearances
  
 
 
 
 
 
 
 

Notes and references

de2:Tobias Stump
fr:Tobias Stump
pl:Tobias Stump
nl:Tobias Stump
ru:Тобиас Стамп
uk:Тобіас Стамп
Category:British or Irish individuals
Category:Deceased individuals
Category:Gryffindors
Category:Heads of House
Category:Males
Category:Portraits
Tobias
Category:Wizards","Professor Tobias Stump was a wizard that was depicted in a large painting that hung in Gryffindor Tower, at Hogwarts Castle. In his lifetime, he was Head of Gryffindor House. In the painting, Stump was depicted as watching over a game of Wizard's Chess between Podric Piles and Uric Oapley, with Muldoon Cragg standing behind him, absorbed in reading. Stump was depicted wearing a curly white powdered wig with a very high green pointy hat and a matching coat. Appearances Notes and references de2:Tobias Stump fr:Tobias Stump pl:Tobias Stump nl:Tobias Stump ru:Тобиас Стамп uk:Тобіас Стамп Category:British or Irish individuals Category:Deceased individuals Category:Gryffindors Category:Heads of House Category:Males Category:Portraits Tobias Category:Wizards"
8932e4da9cd1,Victor Bernard,Indiana Jones,"gender: Male | death: 1926 Ceiba, Mato Grosso, Brazil","Victor Bernard was an archaeologist who briefly held the position of chairman of London University's archaeology department following the death of predecessor Joanna Campbell. Bernard was nearly killed by lethal traps inside a temple Jones had excavated when he wrongly assumed the Mayan builders had used only curses, and not physical defense mechanisms, to protect the temple against intruders.Indiana Jones and the Seven Veils

His attitude cost the life of one of the local diggers, and everyone else in the pyramid barely escaped the same fate. Bernard was murdered in the jungles near Ceiba by the natives.","Victor Bernard was an archaeologist who briefly held the position of chairman of London University's archaeology department following the death of predecessor Joanna Campbell. Biography In 1926 Bernard supervised a dig in Tikal, Guatemala, with Indiana Jones serving as a foreman. Bernard was nearly killed by lethal traps inside a temple Jones had excavated when he wrongly assumed the Mayan builders had used only curses, and not physical defense mechanisms, to protect the temple against intruders.Indiana Jones and the Seven Veils His attitude cost the life of one of the local diggers, and everyone else in the pyramid barely escaped the same fate. Bernard later blamed Jones for the disaster. Later that year, while Jones was searching for missing explorer Percy Fawcett, Bernard and his goons tried to overpower Jones, his wife Deirdre and the plane's pilot. Bernard was murdered in the jungles near Ceiba by the natives. After his death, Jones encountered the shrunken heads of Bernard "
57b2d86aeda7,Samwell Blackwood,Game of Thrones,"Death: 132 ACBurning Mill, the Riverlands","After his death, Samwell is succeeded by his son Benjicot, with his brother, Willem, acting as regent. Amos Bracken taunts Willem about Samwell's death during his parley with Daemon.","Lord Samwell Blackwood was the Lord of Raventree Hall and head of House Blackwood during the reigns of Viserys I and Aegon II. Biography House of the Dragon: Season 1 The Small Council discuss a complaint made by Lord Blackwood to the crown that House Bracken is illegally annexing Blackwood lands. They eventually dismiss this as a problem that would be better handled by Lord Grover Tully, the liege lord to the Blackwoods and Brackens. Lyman Beesbury belatedly adds his opinion that the Blackwoods have the upper hand. House of the Dragon: Season 2 Aemond states that Samwell Blackwood was among the many casualties suffered in the Battle at the Burning Mill. After his death, Samwell is succeeded by his son Benjicot, with his brother, Willem, acting as regent. Amos Bracken taunts Willem about Samwell's death during his parley with Daemon. In the books In Fire & Blood, Samwell Blackwood lost a duel with Amos Bracken over Rhaenyra Targaryen's hand (in the show, this duel transpired betwe"
