char_id,name,franchise,infobox_fields,death_sentences,text_excerpt
a3033c63161d,Ingwion,Lord of the Rings,birth: Before the Great Journey | death: Immortal | gender: Male,,"Ingwion was a Vanyarin Elf, the son of Ilwen and Ingwë, High King of the Elves. Biography Ingwion was born in Cuiviénen to Ingwë and Ilwen during the Years of the Trees. He had one younger sibling and was a cousin of Indis. After the Great Journey, when he and his kindred came to Aman, they first dwelt in Tirion, but soon came to love the full light of the Two Trees, and relocated to Valinor at the base of Taniquetil. Ingwion likely dwelt there for many years with his family. In the year 545 of the late First Age, Ingwion was the leader of the Vanyar who came with the Host of the Valar to Middle-earth to fight in the climatic War of Wrath., Vol. V: The Lost Road and Other Writings, ""Part Two: Valinor and Middle-earth before The Lord of the Rings, VI. Quenta Silmarillion"", pg. 326 During the war, Ingwion was the leader of a force of Vanyar Elves tasked with retaking Eglarest. They were successful in driving the Orcs away from the shores during the battle., Vol. V: The Lost Road and O"
2a9cc7586728,Raoul Rheims,Pirates of the Caribbean,"gender: Male | died: 1630s, Douwesen | first: ''Pirates of the Caribbean'' (game) | last: ''Pirates of the Caribbean'' (game)","He died shortly afterwards. Rheims was subsequently ambushed in his house by Vincent, who Danielle killed in retaliation.","Raoul Rheims was a captain and agent of Redmond governor Sir Robert Christopher Silehard in the South Caribbean archipelago in the 1630s. He was assigned on a covert mission to search for lost Incan treasures in Khael Roa. Biography Rheims was under orders by Sir Robert Silehard to investigate legendary treasure in the isle of Khael Roa. Though he was partially successful in the quest, a storm ravaged his ship and he was unable to uncover the complete legend. Brendan Applin, one of his crewmen stricken with swamp fever, fled to Redmond with the help of captain Danielle Greene to tell the governor of the discovery and that Rheims had stopped by Quebradas Costillas to resupply. He died shortly afterwards. Silehard decided that the discovery should be kept secret, so he ordered Rheims' assassination. Rheims narrowly escaped an attempt on his life and fled to the Conceicao smugglers' colony for refuge. The English captain Nathaniel Hawk was tasked to find and arrest Rheims, but arrived t"
31b438130d44,Raquella Berto-Anirul,Dune,birth: 135 BG | death: 3 BG | last: ''Mentats of Dune''(2014),"Biography
In her late teens, Raquella married a jihadi soldier who died in the war soon after. It was Raquella that, while thinking about recently deceased Dr. Reverend Mother Superior
After Ticia Cenva's death, Raquella took control of the Sorceresses and began reforming them and their breeding program into what would become the Bene Gesserit order.","For the adaption equivalent, see Raquella Berto-Anirul/2021 film Raquella Berto-Anirul (135 BG - 3 BG) was the first Reverend Mother, and the founder and first Mother Superior of the Bene Gesserit Order, as the Sisterhood of Rossak. Raquella was the daughter of Helmina Berto-Anirul, illegitimate daughter of Vorian Atreides and Karida Julan. In her youth, Raquella had a blond complexion, with blue eyes, and an upright nose. Biography In her late teens, Raquella married a jihadi soldier who died in the war soon after. Raquella became a doctor and dedicated herself to helping the war-injured and those suffering from the deadly diseases that still afflicted humanity. She was living on Parmentier with Dr. Mohandas Suk. During the Omnius Scourge she worked in the Hospital for Incurable Diseases with Suk. It was then when Vorian Atreides visited the planet and met with her. It was Raquella that, while thinking about recently deceased Dr. Hundri Arbar, noticed the effects of spice on the di"
67e622f1c280,John,The Twilight Saga,"species: Human | born: Atlanta, Georgia | died: Late April, 1933 (killed by Rosalie Hale) | gender: Male","Though she killed them all, she made sure not to spill any of their blood - the idea of having any part of them inside her repulsed her. Mentioned in
Eclipse
Eclipse film (flashback)

Category:Mentioned characters
Category:Deceased characters
Category:Humans","This article is about Royce King II's friend. For the mechanic, see John Dowling. John was one of Rosalie Hale's murderers in 1933. He and Rosalie's fiancé, Royce King, brutally abused her, which drove her on a streak of vengeance when she became a vampire. He is portrayed by Ben Geldreich in the movie adaptation of Eclipse. Biography thumb|left|200px|John and his friends watch as Royce assaults Rosalie. John was a friend of Royce King's from Atlanta, Georgia, and shared his malicious traits. In April, 1933, John, along with Royce and the rest of their friends, got severely drunk when they came across Royce's fiancée, Rosalie Hale, and brutally assaulted her. All of them laughed as they left Rosalie on the street to die, only for her to be discovered and 'saved' by Carlisle Cullen, a vampire. After Rosalie became a vampire, she hunted down her murderers one by one, John being 3rd, saving Royce for last. Though she killed them all, she made sure not to spill any of their blood - the "
1c289d39bdd4,Sanga's companion,Star Wars,"death: 34 ABY, Naboo | species: Human","While visiting the Varykino Villa on the planet alongside Sanga, they and Sanga were killed not long after encountering Kylo Ren who Force-choked them to death.","The companion of the human individual Sanga resided on the planet Naboo in 34 ABY. While visiting the Varykino Villa on the planet alongside Sanga, they and Sanga were killed not long after encountering Kylo Ren who Force-choked them to death. Behind the scenes The individual first appeared in the fourth issue of the canon comic book series Star Wars: Legacy of Vader, which was written by Charles Soule, illustrated by Stefano Raffaele, and published by Marvel Comics on May 21, 2025. Appearances Legacy of Vader 4 Notes and references Category:Humans Category:Individuals of unspecified gender Category:Individuals with unspecified pronouns"
f2c3b325a297,Octavius Pepper,Harry Potter,"died: Spring, 1997 (possibly) | species: Human | gender: Male",His disappearance was believed to be connected to the Death Eaters.,"Octavius Pepper was a wizard who was reported to have disappeared in the early spring of 1997 by the Daily Prophet. His disappearance was believed to be connected to the Death Eaters. Etymology The name ""Octavius"" is a Roman family name meaning ""eighth"" from Latin octavus. This was the original family name of the emperor Augustus (born Gaius Octavius). Appearances Notes and references de:Octavius Pepper es:Octavius Pepper fr:Octavius Pepper pl:Oktawiusz Pepper ru:Октавий Перчик Category:British individuals Category:Males Category:Missing individuals Category:Wizards"
a4deede79d1b,Staff Car Officer,Indiana Jones,gender: Male | death: 1944French Alps,"As a result of this, despite his best attempts to control the vehicle from the rear seats, it collided and flipped due to the jagged mountain side intruding on the road, rupturing its fuel tank and causing an explosion which in turn killed the two remaining occupants, both officers. Appearances 
Indiana Jones and the Dial of Destiny

 Notes and references 

Category:Characters appearing in Indiana Jones and the Dial of Destiny
Category:Deceased
Category:Generals
Category:Nazi military personnel
Category:Nazis
Category:Schutzstaffel","A German Officer was one of the two high-ranking Schutzstaffel (SS) members of an escort which took place in 1944, Western France. Biography After the looting of the Nazi Stronghold, a convoy was prepared for the German Gestapo Officer and his contemporary. Unaware that the Staff Car had been hijacked of its original driver and had been replaced by American spy and archaeologist Indiana Jones, the convoy proceeded. A mile or so from the burning castle the first sign of an issue arouse as the Staff Car veered away from the two escorting Motorbike & Sidecars down the N83, a completely different road as to which the convoys route was planned on. Immediately the Officer began shouting at the presumed Staff Car Driver, now revealed to be Jones, an intruder who escaped a lynching attempt from his soldiers. left|thumb|220px|The Officer attempts to control the vehicle. The two escorting Motorbike & Sidecars soon caught up but one was equally dispatched in the same amount of time by the A"
a339bd040c27,Barristan Selmy,Game of Thrones,"Birth: Harvest Hall, the Stormlands | Death: 302 ACMeereen | Appearances: 25 episodes | First: ""Lord Snow"" | Last: ""Kill the Boy"" | DeathEp: ""Sons of the Harpy"" | Actor: Ian McElhinney","These events set up a rebellion led by Robert Baratheon, in which Barristan never wavered in his loyalty to House Targaryen, in accordance with the vows he swore when he joined the Kingsguard; he fought alongside Rhaegar's army at the Battle of the Trident, where Rhaegar was killed and Selmy was wounded. Upon assuming the throne, in spite of Roose Bolton's advice to execute Selmy, Robert pardoned him and made him Lord Commander of the Kingsguard.HBO viewers guide, season 2 guide to houses, House Baratheon of King's Landing - Barristan Selmy entry

Game of Thrones: Season 1
thumb|Jaime and Barristan discuss their first kills. Barristan killed him with a lance to the heart.","Ser Barristan Selmy was a knight who served in the Kingsguard with distinction for over forty years. Nicknamed Barristan the Bold, he was considered by many to be one of the best swordsmen and most honorable men in all the Seven Kingdoms. He served in the Kingsguard of King Aerys II Targaryen, and later served as Lord Commander of the Kingsguard during the reigns of King Robert I Baratheon, and, for a short time, King Joffrey I Baratheon. After his public dismissal by Joffrey (an affront, as the Kingsguard is an irrevocable lifetime appointment), Ser Barristan, free of any vows, chose to sail to Essos and serve Daenerys Targaryen. Biography Background Barristan Selmy was the Lord Commander of the Kingsguard, the elite bodyguard of the King of the Andals and the First Men. Barristan is a member of House Selmy, a minor house of the Stormlands, that serves House Baratheon of Storm's End. He is the firstborn son of Ser Lyonel Selmy of Harvest Hall. He is noted as an extremely capable war"
5394043e3a68,Arminas,Lord of the Rings,birth: Unknown | death: Unknown | gender: Male,,"Arminas was a Ñoldorin Elf of the First Age. He was of Angrod's kin from the House of Finarfin. Biography For many years after the Nírnaeth Arnoediad, Arminas wandered with his companion Gelmir and sought Turgon and the kingdom of Gondolin unsuccessfully. Afterward, they lived with Círdan at the Havens of Sirion and were sent by him on an errand to Nargothrond bearing a warning from Ulmo of the impending doom of the hidden realm. Before arriving there, they encountered Tuor at the Gate of the Noldor as he was about to leave Hithlum. When they arrived in Nargothrond, Arminas and Gelmir counseled Orodreth to shut the doors of his realm and remain a hidden folk. Arminas was mistrusted by Túrin, and the two argued over opposing views. Despite their warnings, Orodreth, under the influence of Túrin, did not listen to their advice. Arminas and Gelmir eventually departed south and reported what they were told to Círdan.Unfinished Tales, Part One: The First Age, I: ""Of Tuor and his Comi"
b12ce82f0c51,Cutler Beckett,Pirates of the Caribbean,"gender: Male | born: c. 1680s, Somersetshire, England | died: August 1729, HMS ''Endeavour'', Caribbean Sea | first: ''Dead Man's Chest'' | last: ''At World's End''","Following a titanic battle between the Black Pearl and the Flying Dutchman, which saw the death of Davy Jones and Will Turner becoming the new captain of the Dutchman, both ships attacked the Endeavour, resulting in Beckett's death and the downfall of the East India Trading Company in the Caribbean. When he came to Calabar, Beckett immediately hired Ian Mercer, a professional spy and a killer for hire, to replace Gates who was killed on a mission in Nippon. Immediately after he arrived at his new post, Beckett received a letter from his cousin Susan in which she informed him that his sister had died from a fever.","Cutler Beckett was a loyal subject of the British Empire as well as a senior officer of the East India Trading Company. Ambitious, cold-blooded and utterly ruthless in his pursuit of power, Beckett was a man with a mission and would do whatever he thought was necessary to achieve his goal. As an executive and supreme head of the East India Company, the power-mad English aristocrat made it his duty to fill in the blank areas on the map of the world. To further his achievements, Beckett aimed to eliminate pirates from the Seven Seas. Born and raised in a prosperous merchant family in England, Cutler Beckett joined the East India Company after a fight with his father. For many years he faithfully served the Company, amassing political power, eventually becoming the Director of West African Imports and Exports for the Company. From his post in Calabar, the Director of West African Affairs organized a search for the mythical island of Kerma, hoping to find its legendary treasure. However, "
6a5cbfb77157,Marie Fenring,Dune,birth: 10192 AG | death: 10198 AG | last: Paul of Dune,"Six months later, at a banquet with her visiting parents, the Fenrings executed their well-planned assassination attempt on Paul. Instead of executing the Fenrings, he banished them to permanent exile on Salusa Secundus, to contemplate raising their only daughter as an instrument of death.","Marie Fenring was the daughter of the late na-Baron Feyd-Rautha Harkonnen and Lady Margot Fenring. Marie had Margot's blond hair and features, as well as Feyd's pale blue eyes. History Training, and Time on Tleilax During the Ascension of House Atreides, as Margot was married to the sterile Count Hasimir Fenring, Marie was raised by him and her mother. The Fenrings trained their young child as both an assassin and a Bene Gesserit. The Sisterhood was aware of Marie from her birth, but the Count and the Lady chose to raise her free from their tutelage; although they did accept a sister, Tonia Obregah-Xo, to be Marie's nanny. As her parents had their own plans for Marie to eventually seize the Imperial throne from Paul Atreides, the Fenrings decided that Marie should be exposed to a variety of cultures. One of the first groups Marie was taken to live among were the Bene Tleilax, in one of their main cities of Thalidei. As the crisis of Muad'Dib's Jihad reached fever pitch throughout the "
393c2f2f857b,The Third Wife,The Twilight Saga,died: Around 1412 (sacrifice) | species: Human | gender: Female,"Biography
History
After her son Yaha Uta killed the Cold Man, his mate, the Cold Woman, attacked the village in revenge. Yaha Uta attempted to stop her but was killed, leaving Taha Aki as the only spirit warrior left to defend the tribe. A number of her sons, who were enraged by her death, phased for the first time into wolves.","The Third Wife was an ancient Quileute woman, who was the last wife of Taha Aki, and one of the most legendary people in her tribe known for her sacrifice for the tribe. She is portrayed by Mariel Belanger in the movie adaptation of Eclipse. Biography History After her son Yaha Uta killed the Cold Man, his mate, the Cold Woman, attacked the village in revenge. Yaha Uta attempted to stop her but was killed, leaving Taha Aki as the only spirit warrior left to defend the tribe. The Third Wife could see that he was losing the fight, and couldn't bear to see her husband die. She took one of her younger sons' knives and stabbed herself through the heart. The scent of her blood distracted the Cold Woman long enough for Taha Aki to destroy her. A number of her sons, who were enraged by her death, phased for the first time into wolves. Once the battle was won, Taha Aki lay in his wolf form by the Third Wife's body for three days, then vanished into the forest and was never seen or heard from "
5cd2dced360c,Telaat,Star Wars,"death: 25,805 BBY | gender: Male",,"Telaat was a male Je'daii Temple Master serving the Je'daii Order on Tython at the height of the Infinite Empire's reign. Biography A Force-sensitive male, Telaat was trained in the ways of the Force by the Je'daii Order on the planet Tython, one of nine planets in the Tython system which made up the Settled Worlds. Appointed as a Je'daii Temple Master, the highest ranking members of the Order, Telaat governed the Great Temple of Balance, Akar Kesh throughout the Despot War. During the conflict, Telaat was struck down in 25,805 BBY and Ketu took up his position as steward of the Temple of Balance. Appearances Dawn of the Jedi: The Prisoner of Bogan 1 Notes and references Category:Individuals of unspecified species Category:Je'daii Temple Masters Category:Males Category:Tythans"
27c2f9cb1ff9,Gaidic Lestrange,Harry Potter,born: 1754 | died: 1799 (aged 45) | species: Human | gender: Female,"Gaidic died in 1799 and was laid to rest in the Lestrange family Mausoleum in Père Lachaise Cemetery, Paris, France.","Gaidic Lestrange was a French witch born into the pure-blood Lestrange family in 1754. Gaidic died in 1799 and was laid to rest in the Lestrange family Mausoleum in Père Lachaise Cemetery, Paris, France. Appearances Notes and references es:Gaidic Lestrange fr:Gaïdic Lestrange pl:Gaidic Lestrange Category:1754 births Category:1799 deaths Category:Buried at Père Lachaise Cemetery Category:Females Category:French individuals Gaidic Category:Wizards"
2e9fd7ce9bc0,Franklin Delano Roosevelt,Indiana Jones,"gender: Male | birth: January 30, 1882Hyde Park, New York, USA | death: April 12, 1945Warm Springs, Georgia, USA","Appearances 
 Indiana Jones and the Philosopher's Stone 
 Indiana Jones and the Great Circle 

Sources
The Adventures of Indiana Jones
The World of Indiana Jones
 Indiana Jones and the Emperor's Tomb: 1935 Journal 
The Lost Journal of Indiana Jones
 Grail Diary (prop replica)

Notes and references

External links

Category:Americans
Category:Deceased
Category:Historical figures
Category:Political leaders
Category:Presidents of the United States","Franklin Delano Roosevelt, also known by his initials FDR, was a United States president. During his presidency, Roosevelt served his country by repealing the Prohibition and introducing the New Deal. He then played a vital role in World War II alongside the United Kingdom's Prime Minister Winston Churchill and the Soviet Union's leader Joseph Stalin. Biography Franklin Delano Roosevelt succeeded Herbert Hoover as President of the United States of America in 1933. During his visit in the United States of America Italo Balto met Roosevelt.Indiana Jones and the Philosopher's Stone A Nazi assassin made an attempt on Roosevelt's life for his actions. However, they were only successful in killing a body double.The World of Indiana Jones In February 7, 1945, during the Yalta Conference, Roosevelt met with Winston Churchill and Joseph Stalin to discuss post-war objectives. Roosevelt served in office until he succumbed to illness in 1945 (after which Harry Truman became his successor). Du"
74ed1640900d,Ygritte,Game of Thrones,"Birth: Beyond the Wall | Death: 301 ACCastle Black, the Wall | Appearances: 17 episodes | First: ""The Old Gods and the New"" | Last: ""The Children"" | DeathEp: ""The Watchers on the Wall"" | Actor: Rose Leslie","Ygritte brings Jon to the Lord of Bones, who orders him executed. He also restrains Ygritte to stop her from ""getting [herself] killed"" for her lover's sake. She kills a villager named Guymon.","Ygritte was a woman of the Free Folk who lived north of the Wall. She was a member of Mance Rayder's army and Jon Snow's lover. Biography Background Ygritte was a quick-witted and courageous young spear wife. She had red hair and displayed great skill as an archer. Living north of the Wall, she was well skilled in survival and was staunchly loyal to the cause of Mance Rayder. She valued her status as a free woman, and disparaged those living south of the Wall as 'kneelers', who blindly followed hereditary leaders instead of choosing a king. Ygritte believed that because wildlings and Northerners both claim descent from the First Men, there is no need for them to be fighting, and that only the geographical divide of the Wall separates them. As with other wildlings, Ygritte understood that the real threat lies with the impending invasion of the White Walkers. Game of Thrones: Season 2 thumb|Ygritte is captured by Jon and Qhorin. Ygritte was captured by Jon Snow and Qhorin as the sol"
bb61099cb572,Laura (Grubb) Baggins,Lord of the Rings,birth: TA 2814 (SR 1214) | death: TA 2916 (SR 1316) | gender: Female,"Upon the death of her husband, she became Head of the Family. She died in TA 2916 (SR 1316) and was succeeded by her eldest son, Bungo., Appendix C: Family Trees, Baggins of HobbitonThe Complete Guide to Middle-earth

 References 

Category:Hobbits
Category:Grubbs
Category:Baggins

de:Laura Beutlin
it:Laura Scavari
pl:Laura Baggins
uk:Лавра Грабар","Laura Baggins was a Hobbit of the Shire. Laura was born Laura Grubb of the Grubb family and had one sister Lavender Grubb. Laura was the mother of Bungo Baggins, Bilbo Baggins's father and thus was his grandmother. Biography Laura was born in TA 2814 (SR 1214). Laura was the wife of Mungo Baggins. Besides Bungo, she had four other children, Belba (TA 2856 – TA 2956), Longo (TA 2860 – TA 2950), Linda, and Bingo (TA 2864 – TA 2963). Upon the death of her husband, she became Head of the Family. She died in TA 2916 (SR 1316) and was succeeded by her eldest son, Bungo., Appendix C: Family Trees, Baggins of HobbitonThe Complete Guide to Middle-earth References Category:Hobbits Category:Grubbs Category:Baggins de:Laura Beutlin it:Laura Scavari pl:Laura Baggins uk:Лавра Грабар"
d2fcb8067ad5,Maddox,Pirates of the Caribbean,"gender: Male | died: 1751, HMS ''Monarch'', Devil's Triangle | first: ''Dead Men Tell No Tales'' | last: ''Dead Men Tell No Tales''","When they emerged on deck, Maddox was grabbed by two crewmembers of the Silent Mary and killed. Maddox's death was witnessed by Captain Toms.Pirates of the Caribbean: Dead Men Tell No Tales Novelization, p. Although the scene of Maddox's death was cut from the film, it was shown in the trailer and detailed in the novelization.","Maddox was a Petty Officer in the British Royal Navy, serving aboard the HMS Monarch under Captain Toms during the early 1750s. Biography The Hunt for the Ruddy Rose In 1751, the Monarch, captained by Toms, hunted down the Ruddy Rose, a pirate barque stolen from the Dutch by the fearsome Captain Bonnet, in the Atlantic Ocean. Maddox remained below deck and commanded a group of sailors who were pumping the water out of the bilge. However, the young Henry Turner, upon realizing that they were heading to the Devil's Triangle, ran to warn Captain Toms, ignoring Maddox yelling at him to stop. Henry threw Maddox aside and ran on the main deck. Maddox eventually caught up with Turner, finding him telling the captain that they should avoid entering the Triangle since several ships that entered there would not come out. Toms dismissed Turner's warnings as mere superstition and Maddox said to the captain that the sailor was clearly disturbed. When Turner tried to change the direction by force,"
c9e8f42d87e7,Leto Atreides II the Elder,Dune,birth: 10191 AG | death: 10193 AG,"He was murdered in infancy during a Sardaukar attack on the sietch where he was being hidden. Priests on Rakis, some 1500 years after the God Emperor's death, theorized that Leto II the Elder was reincarnated in the second child by Muad'Dib and that a part of him remained in Heaven, nameless, to assist in the transition after death.","For the adaption equivalent, see Leto Atreides II the Elder/2000 miniseries Leto Atreides II was the first born child of Paul Atreides and his lover (and later concubine) Chani. He was murdered in infancy during a Sardaukar attack on the sietch where he was being hidden. Leto II the Elder is sometimes also referred to simply as Leto II, and at times Leto II the God Emperor/Tyrant (the twin of Ghanima Atreides) is referred to as Leto III. Priests on Rakis, some 1500 years after the God Emperor's death, theorized that Leto II the Elder was reincarnated in the second child by Muad'Dib and that a part of him remained in Heaven, nameless, to assist in the transition after death. Behind the Scenes Leto II the Elder is omitted from the 1984 Dune film, as well as the 2021 and 2024 films. His portrayal in the 2000 Dune miniseries is largely the same as in the book. Appearances Dune Heretics of Dune References Atreides Leto II the Elder Atreides Leto II the Elder ru:Лето III Атрейде"
e8bcac6ec35e,Edward Masen,The Twilight Saga,died: 1918 (died of Spanish influenza) | species: Human | gender: Male,"He and his family lived in Chicago, Illinois in the early 1900s until he and his wife died of Spanish influenza. Edward died in the first wave of Spanish influenza in 1918. His wife later died in the second wave and his son was changed into a vampire by Carlisle Cullen.","Edward Anthony Masen was Edward Cullen's biological father. He was married to Elizabeth Masen. He and his family lived in Chicago, Illinois in the early 1900s until he and his wife died of Spanish influenza. Biography Edward was born in the late 19th century and grew to become a very successful lawyer living in Chicago. He married a woman named Elizabeth and fathered a son, Edward Jr. His job made the family moderately wealthy, and his son was given a proper education. However, Edward was also physically and emotionally distant from his son. Edward died in the first wave of Spanish influenza in 1918. His wife later died in the second wave and his son was changed into a vampire by Carlisle Cullen. Though not biologically related, Edward shared a father-son relationship with Carlisle in a way he never related to his birth father. He was mentioned in Breaking Dawn when Bella stated that she wanted to name the baby, if a boy, Edward, giving that both its father and paternal biological g"
db30675dc286,Kren Blista-Vanee,Star Wars,"death: 4 ABY, DS-2 Death Star II Mobile Battle Station, Endor system | species: Human | gender: Male","Blista-Vanee was later among the Ruling Council members who accompanied Palpatine to the second Death Star, and perished alongside the five other dignitaries on board when it was destroyed.","Kren Blista-Vanee was a male human who served as an advisor on the Imperial Ruling Council to Emperor Sheev Palpatine during the reign of the Galactic Empire. In 14 BBY,Star Wars: Timelines dates the events of Tarkin to 14 BBY. Blista-Vanee was a relative newcomer to the Ruling Council, but proved himself useful in blazing hyperspace routes into the star systems of the galaxy's Deep Core. Along with fellow advisors Mas Amedda, Ars Dangor and Janus Greejatus, he attended a meeting between members of the council and representatives of the Empire's several intelligence agencies concerning the theft of the corvette Carrion Spike from Moff Wilhuff Tarkin by a rebel cell and its subsequent use to attack Imperial facilities. During the meeting Palpatine looked to Blista-Vanee to give details on a number of Interdictor vessels from the Deep Core Security Zone that Tarkin hoped to use to capture the stolen corvette. Blista-Vanee was later among the Ruling Council members who accompanied Palpati"
ac705fc21f82,Deek and Tobbs's first master,Harry Potter,died: Before 1890 | species: Human | gender: Male,"He died prior to 1890, after which Deek was sent to Hogwarts School of Witchcraft and Wizardry to serve there, while Tobbs was given to a second master. Appearances
 

Notes and references

fr:Premier maître de Cheek et Tobbs
ru:Первый хозяин Деека и Тоббса
Category:Deceased individuals
Category:Males
Category:Poachers
Category:Unidentified individuals
Category:Wizards","This individual was a wizard and a poacher who owned at least two house-elves, Deek and Tobbs. Biography As a poacher, he had done ""horrible things"" to magic beasts. Working with them was what Deek hated deeply. He died prior to 1890, after which Deek was sent to Hogwarts School of Witchcraft and Wizardry to serve there, while Tobbs was given to a second master. His master's cruelty towards creatures would later influence Deek, who tried to help creatures wherever he could as penance. After helping a student rescue a phoenix from poachers, Deek considered himself absolved of the crimes his master had done. Appearances Notes and references fr:Premier maître de Cheek et Tobbs ru:Первый хозяин Деека и Тоббса Category:Deceased individuals Category:Males Category:Poachers Category:Unidentified individuals Category:Wizards"
77227eaea4dd,Grail Knight,Indiana Jones,"gender: Male | birth: c. 1066 | death: 1938Temple of the Sun, Canyon of the Crescent Moon, Hatay","Donovan demanded that the Knight reveal which was the true Holy Grail, but the Knight refused to do so, warning that they must choose on their own as a final test and that the wrong cup would mean death.","The Grail Knight or Guardian of the Holy Grail was the brother of Sir Richard and another knight who all served in the First Crusade. They discovered the Holy Grail and pledged to protect it. Considered the wisest and bravest of the three, the knight took responsibility as guardian of the Cup of Jesus Christ for hundreds of years. Biography Early life The man who would become the Grail Knight was estimated by Indiana Jones to have been born in 1066, around the time of the Battle of Hastings. He was the elder of three brothers,Top Trumps Specials: Indiana Jones one named Richard and an unidentified one. Protector of the Cup of Christ In the late 11th century,The Grail Knight was a knight of the First Crusade (1095-1099). this man and his brothers became Knights of the First Crusade. The First Crusade was proclaimed to the man and his brothers by Pope Urban II at the Council of Clermont in 1095.Indiana Jones and the Last Crusade novel During their journeys in the Holy Land, they "
de777fec9339,Shae,Game of Thrones,"Birth: Lorath | Death: 301 ACTower of the Hand, King's Landing | Appearances: 20 episodes | First: ""Baelor"" | Last: ""The Children"" | DeathEp: ""The Children"" | Actor: Sibel Kekilli","Sansa is still mourning her mother and brother, who were murdered at the Red Wedding. thumb|Shae is murdered by Tyrion
Later on, after Tyrion is broken free by Jaime Lannister, he stops and goes to the tower of the hand with the intent of confronting his father, only to discover Shae is lying in his bed wearing the golden chains Tyrion gifted to her. Upon realising that Shae intends to kill him, Tyrion retaliates by grabbing the chain and strangling her to death with it.","Shae was a prostitute and Tyrion Lannister's mistress. She was also Sansa Stark's former handmaiden during her time in King's Landing. Biography Background Shae is a young woman of mystery, as she won't divulge her true origins. She has a Lorathi accent and is obviously not native to Westeros: she says she arrived there ten years ago. She is first encountered as a camp-follower with the Lannister army in the Riverlands. She has dreams of wealth and power, despite her low social status as a kept woman.HBO viewers guide, season 2 guide to houses, House Baratheon of King's Landing - Shae entry She hails from the Free City of Lorath. At unspecified points in the past, Shae has been to Dorne and Volantis, and supposedly worked as a handmaiden for a Lady Zuriff. Game of Thrones: Season 1 thumb|Shae is introduced to Tyrion. Shae is a camp-follower whom Bronn, a sellsword in the service of Tyrion, finds as Tyrion requests. She is attached to a ginger-haired Knight, but Bronn ""persuades"" him"
24062aaf8a64,Halmir,Lord of the Rings,birth: Late First Age ? | death: Late First Age ? | gender: Male,"However, Halmir died before he could lead his people to the war, and the lordship of the House of Haleth passed to Haldir, who fought in his father's stead.The Silmarillion, Quenta Silmarillion, Chapter XX: ""Of the Fifth Battle: Nirnaeth Arnoediad""

 References 

Category:Haladin
Category:Men of Brethil
Category:The Silmarillion characters
Category:Chieftains of the Haladin
Category:Lords of Brethil

de:Halmir
it:Halmir
pl:Halmir
ru:Халмир","Halmir was an Edain Man of Brethil during the First Age. Biography Halmir was the son of Haldan, and was a Chieftain of the Haladin. He was among the most famed of the Haladin, and a strong chieftain of his people. His sons were Haldir and Hundar; his daughters were Hareth and Hiril. Haldir and Hareth married into the House of Hador. left|thumb|""Ambush of the Orc-Host"", by Ted Nasmith While Halmir led the Haladin, the Forest of Brethil was largely unscathed by the forces of Morgoth. He led the Woodmen north to join the fight against Thangorodrim, and he was recognized with honor by the Elves. When large numbers of Orcs began to appear, Halmir sent for the aid of Elu Thingol of Doriath. To Halmir was sent a host of the Sindar under Beleg Cúthalion, and the combined force of the Woodmen and Sindar ambushed and destroyed an orc-legion in the depths of the forest; in this way Halmir won renown.The Silmarillion, Quenta Silmarillion, Chapter XVIII: ""Of the Ruin of Beleriand and the Fall "
639e1398b420,Blackbeard,Pirates of the Caribbean,"gender: Male | born: Late seventeenth century, Bristol | died: 1750, Fountain of Youth | first: ''On Stranger Tides'' | last: ''On Stranger Tides''","Originally an Englishman who began his career as one of the many privateers dispensed by King George to raid enemy ships during war, it wasn't until he struck out as a free agent that his true legend was born, notably by his legendary death in hand-to-hand combat with British naval officer Lieutenant Robert Maynard. Blackbeard was known to be incredibly cruel to his own crew, more so than the people he held captive, and occasionally murdered men just so they could remember who he was. He resurrected some of the men he killed into obedient zombie officers.","Edward Teach, better known as Blackbeard, was a notorious pirate who operated in the West Indies throughout the Golden Age of Piracy. The blackest soul and the darkest heart of any pirate who ever lived, striking fear into the bravest of sailors, Blackbeard was a name uttered in terror by all who sail the sea, or any unfortunate enough to encounter him on dry land. Blackbeard's many exploits became the stuff of various myths and legends of pirate lore by the 1750s. Originally an Englishman who began his career as one of the many privateers dispensed by King George to raid enemy ships during war, it wasn't until he struck out as a free agent that his true legend was born, notably by his legendary death in hand-to-hand combat with British naval officer Lieutenant Robert Maynard. He became a renowned pirate, his cognomen derived from his thick black beard and fearsome appearance. His best known vessel was his flagship, the Queen Anne's Revenge, a fearsome frigate festooned with the bones"
c9f1e1da3f12,Abulurd Rabban,Dune,death: Prior to 10191 AG,Feyd was taken in by Vladimir to be his successor at a young age and the elder Glossu went on to succeed Abulurd as Count of Lankiveil following his presumed death by 10191 AG.,"Abulurd Rabban, born as Abulurd Harkonnen II, was the Siridar-Baron Vladimir Harkonnen's youngest demibrother. History The youngest demibrother of Vladimir Harkonnen, Abulurd renounced the Harkonnen surname upon being granted the subdistrict governorship of Rabban-Lankiveil, and through his marriage into the Rabban Family. Abulurd had numerous sons from his wife and concubines, most notably: Glossu Rabban and Feyd-Rautha Rabban. Feyd was taken in by Vladimir to be his successor at a young age and the elder Glossu went on to succeed Abulurd as Count of Lankiveil following his presumed death by 10191 AG. Description Named after his ancestor Abulurd Harkonnen, Abulurd never appears in the novel, but his renunciation of the Harkonnen name in favor of his wife's surname implies that he held distaste for his family's methods, specifically of his grotesque eldest brother Vladimir. Implying he holds some moral strength compared to the rest of his family. Despite this, it’s also implied"
eb87a83b3b1f,Royce King II,The Twilight Saga,died: 1933 (killed by Rosalie Hale) | species: Human | gender: Male,"He was engaged to Rosalie Hale for a short period of time, but gang-raped and beat her almost to death with a group of his friends. His Life and Death counterpart is Rowena King. Death
thumb|Royce assaults Rosalie.|250px

As Rosalie lay battered and dying in the street, Carlisle Cullen found her, alerted by the scent of her blood.","Royce King II was a human who lived during the Great Depression. He was engaged to Rosalie Hale for a short period of time, but gang-raped and beat her almost to death with a group of his friends. Rosalie, after completing her transformation into a vampire, returned to kill him and the friends that were there on her last night of being human. He was perceived as being out-spoken and arrogant, but Rosalie was attracted to his good looks and wealth. His Life and Death counterpart is Rowena King. He is portrayed by Jack Huston in the movie adaptation of Eclipse. Biography History thumb|left|200px|Royce and Rosalie. Royce's family was the richest in Rochester, and his father owned the bank where Rosalie Hale's father worked. Rosalie's family were ambitious and social-climbing, and purposefully crafted a situation for their daughter to meet Royce: her mother sent her to the bank with her father's ""forgotten"" lunch, and she caught Royce's eye. He began courting her and sent her bouquets of"
35180f2486f3,Jerdon Bly,Star Wars,"death: 34 ABY, Cantonica | species: Human | gender: Male","While at the party he unsuccessfully attempted to seduce Centada Ressad, before being murdered by the Dor Namethian Lexo Sooger on orders from Countess Alissyndrex delga Cantonica Provincion.","Jerdon Bly was a human male who worked as an arms dealer during the Cold War between the Resistance and the First Order. Like many, he sold to both sides of the war, but unlike others was very cavalier and open about it. In 34 ABY, he attended a party hosted by Baron Yasto Attsmun on board his yacht, the Undisputed Victor on the planet Cantonica. While at the party he unsuccessfully attempted to seduce Centada Ressad, before being murdered by the Dor Namethian Lexo Sooger on orders from Countess Alissyndrex delga Cantonica Provincion. Appearances Notes and references Category:Arms dealers Category:Humans Category:Individuals with unspecified pronouns Category:Males"
392cd2d57157,Falco Aesalon,Harry Potter,born: Ancient Greece | died: Ancient Greece | species: Human | gender: Male,"era births
Category:Chocolate Frog Cards
Category:Deceased individuals
Category:Greek individuals
Category:Males
Category:Wizards","Falco Aesalon was an Ancient Greek wizard. Being able to transform into a falcon at will, he was the first recorded Animagus. For this achievement, he was placed on a Chocolate Frog Card. In the 1920s, it was reported by Transfiguration Today that a Falco Aesalon fossil had been dormant for a thousand years. Magical abilities and skills Transfiguration: Aesalon mastered Human Transfiguration, given that he was the first wizard to become an Animagus, taking the form of a falcon. Etymology Falco Aesalon is the former scientific name of the European Merlin, before it and the American Merlin were reclassified as the same species. Behind the scenes Its unknown whether Falco was the first wizard to discover the process of becoming an Animagus, or if other Animagi that were not recorded in magical history did it before him. Appearances Notes and references da:Falco Aesalon de:Falco Aesalon es:Falco Aesalon fi:Falco Aesalon fr:Falco Aesalon nl:Falco Aesalon no:Falco Aesalon pl:F"
6a837363bc46,Short Round's mother,Indiana Jones,"gender: Female | death: January 1932 Shanghai, China","Biography
 Life and death 
The wife of a steel plant foreman, this woman with her husband had a son named Wan Li in 1926.Indiana Jones: The Ultimate Guide She and her family lived a comfortable life, but their times in abundance came unexpectedly to an end during January 1932, where the whole family, minus Wan, was killed by a Japanese bombing raid on Shanghai, leaving Wan orphaned at a young age.Indiana Jones and the Temple of Doom

 Legacy 
Short Round associated the sounds produced by the doves accumulating at the Place of Doves with being rocked by his mother, though he couldn’t remember why. Appearances
Indiana Jones and the Temple of Doom 
Indiana Jones and the Temple of Doom novel 
 

Sources
Indiana Jones and the Temple of Doom (TSR)

Indiana Jones: The Ultimate Guide

Notes and re","Short Round's mother was a woman who mothered Wan Li, a Chinese pickpocket who eventually became the sidekick of the American archaeologist Indiana Jones. Biography Life and death The wife of a steel plant foreman, this woman with her husband had a son named Wan Li in 1926.Indiana Jones: The Ultimate Guide She and her family lived a comfortable life, but their times in abundance came unexpectedly to an end during January 1932, where the whole family, minus Wan, was killed by a Japanese bombing raid on Shanghai, leaving Wan orphaned at a young age.Indiana Jones and the Temple of Doom Legacy Short Round associated the sounds produced by the doves accumulating at the Place of Doves with being rocked by his mother, though he couldn’t remember why. In 1936, as Wan rescued him with some finds he had uncovered from the Caribbean Sea's waters, Jones thanked to himself taking Li under his wing upon first meeting him trying to pickpocket him in Shaghai's streets, admitting to himself that"
64d5f0ca9c0e,Mellos,Game of Thrones,"Birth: 33-42 AC | Death: 116-126 AC (aged 74-93) | Appearances: 4 episodes | First: ""The Heirs of the Dragon"" | Last: ""We Light the Way"" | DeathEp: ""The Princess and the Queen"" | Actor: David Horovitch","At the Small Council meeting following the death of Lord Commander Ryam Redwyne, Mellos informs the king that Ser Ryam died peacefully in his sleep, and that the new Lord Commander, Ser Harrold Westerling, wishes to find his replacement on the Kingsguard. Mellos stands and claps for the future royal couple and later panics and flees once Ser Criston Cole beats Ser Joffrey Lonmouth to death. Runciter was appointed as Grand Maester in 101 AC at the very end of King Jaehaerys's reign, mere months before the death of his second son Baelon sparked the need for the Great Council at Harrenhal.","Mellos was the Grand Maester on the Small Council of King Viserys I Targaryen. Biography Background Mellos studied at the Citadel to become a member of the Order of Maesters. Although he serves House Targaryen, he is loyal to Otto Hightower and tends to support him in council. House of the Dragon: Season 1 In 112 AC, nine years into the reign of King Viserys I Targaryen, Mellos attends a meeting of the Small Council in the Red Keep. When the discussion turns to the topic of the upcoming Heir's Tournament the king asks him if his predictions of Queen Aemma's due date will be correct. Mellos responds that he has been over the moon charts and the estimation is as accurate as it can be. Viserys is also adamant that the child is to be a son, but Mellos advises caution as there is no way of knowing for certain the sex of the baby in the womb. Later that night, Mellos is attending to an infected wound, that is not healing, on the king's back in his private chambers with the assistance of Ma"
7a997df03437,Iminyë,Lord of the Rings,birth: Years of the Trees | death: Unknown | gender: Female,,"Iminyë was an Minyar Elf of Cuiviénen. According to legend, she was woken by Imin, who was the first of the Elves to awaken in Cuiviénen. She would eventually wed him; little else is known of her life.The History of Middle-earth, Vol. XI: ""The War of the Jewels"", ""Part Four. Quendi and Eldar"" See also Awakening of the Elves References de:Iminyë pl:Iminyë ru:Иминье sk:Iminyë uk:Іміньє Category:Vanyar Category:Elf-fathers Category:Quenya names & words Category:Elves"
f7336147f70d,Crimp,Pirates of the Caribbean,"gender: Male | died: 1729, Isla de Pelegostos | first: ''The Curse of the Black Pearl'' | last: ''Dead Man's Chest''","When the crew eventually docked the Pearl at the Isla de Pelegostos, they were captured by the cannibalistic Pelegostos Tribe who killed and devoured most of the crew, including Crimp

Biography
Quest to Isla de Muerta
In 1728, Crimp joined the motley crew of a commandeered British Royal Navy vessel, the HMS Interceptor, under notorious pirate Captain Jack Sparrow and rogue blacksmith Will Turner. Later, when they made port at the nearest land on demands from a desperate Jack and were captured by the cannibalistic Pelegostos Tribe, many of the crew including Crimp were killed, with their bones being used to construct cages for the survivors. Appearances
Pirates of the Caribbean: The Curse of the Black Pearl 
Pirates of the Caribbean: Dead Man's Chest

Notes and references

de:Crimp

Catego","Crimp was a pirate operating in the 1720s around Tortuga. In 1728, he was recruited in Tortuga by Captain Jack Sparrow prior to the pursuit of the Black Pearl as part of his motley crew, assembled to go after Sparrow's enemy Hector Barbossa. Crimp sailed the HMS Interceptor to Isla de Muerta during Will Turner's attempt to rescue Elizabeth Swann from Hector Barbossa's cursed crew, but was soon imprisoned with the other crewmen in the brig of the Black Pearl. After taking the Black Pearl, Crimp served under Jack Sparrow's command, embarking on several misadventures until the crew eventually began to doubt Sparrow's leadership. When the crew eventually docked the Pearl at the Isla de Pelegostos, they were captured by the cannibalistic Pelegostos Tribe who killed and devoured most of the crew, including Crimp Biography Quest to Isla de Muerta In 1728, Crimp joined the motley crew of a commandeered British Royal Navy vessel, the HMS Interceptor, under notorious pirate Captain Jack Sparrow"
a92d21d3bafc,Muriz,Dune,death: 10219 AG,,"For the adaptation equivalent, see Muriz/2000 miniseries Arifa Muriz [d. 10219 AG] was an Iduali on Arrakis who was the Arifa of Shuloch. He was also the father of Assan Tariq, the guide of the Preacher who was in fact Paul Atreides. Gallery Illustrations Adaptations Appearances Children of Dune References ru:Мюриз (мужчина) Category:Males Category:Fremen __NOTOC__"
2fa433e390c7,Cold Woman,The Twilight Saga,died: Around 1412 (Killed by Taha Aki) | species: Vampire | gender: Female,"Biography
thumb|left|Cold Woman fighting Taha Aki
Billy Black tells the story of the Third Wife, and how the Cold Woman's mate, the Cold Man, was killed by Yaha Uta and his brother. Yaha Uta phased into a wolf and tried to defend the tribe, but was killed. Taha Aki was the only spirit warrior left, and enraged at his son's death, he phased into an ancient, white-muzzled wolf and attacked the Cold Woman.","The Cold Woman was a vampire mentioned in Eclipse at the bonfire during which Bella Swan hears the Quileute legends. She is portrayed by Monique Ganderton in the movie adaptation of Eclipse. Biography thumb|left|Cold Woman fighting Taha Aki Billy Black tells the story of the Third Wife, and how the Cold Woman's mate, the Cold Man, was killed by Yaha Uta and his brother. Driven mad with rage, she descended on the Quileute village and slaughtered the tribespeople. Yaha Uta phased into a wolf and tried to defend the tribe, but was killed. Taha Aki was the only spirit warrior left, and enraged at his son's death, he phased into an ancient, white-muzzled wolf and attacked the Cold Woman. His wife could see that he was losing the fight, so she grabbed a knife from one of her younger sons, all of whom were still only boys, and plunged it into her heart. The scent of her blood distracted the Cold Woman long enough for Taha Aki to tear her apart. Physical appearance This nameless vampire was"
e59b7db2a80f,Cellia Moten,Star Wars,"death: During or after 18 BBY, Moten yacht, Tryth | species: Humanoid | gender: Female",,"Cellia Moten was a female humanoid who operated out of her estate on the planet Dallow during the Imperial Era. Personality and traits Raised by the values of the self-important Moten family, Cellia Moten was a cruel, ruthless and power hungry individual. To the public, she maintained the image of a coy woman. All her power and influence led her to develop a god complex, which contributed to her obsession with acquiring religious artifacts. While she would hire treasure hunters to acquire these items, Moten would end up double crossing, executing and burying them in the groves estate, claiming it was a service to the galaxy. Moten also fancied herself a close, personal friend of Emperor Sheev Palpatine, and would frequently refer to him by first name, throwing his name around Imperials as if it were to bend them to her will. Her behavior was similar to other Imperials seeking the Emperor's favor. However, deep down, Moten was a complete coward whenever she was thrust into situations"
561c3903604f,Ferdinand Octavius Pratt,Harry Potter,died: Before 1890 | species: Human | gender: Male,"Appearances
  

Notes and references

External links

fr:Ferdinand Octavius Pratt
ru:Фердинанд Октавий Пратт
Category:British or Irish individuals
Category:Deceased individuals
Category:Hogwarts prefects
Category:Males
Category:Portraits
Category:Unknown House
Category:Wizards","Ferdinand Octavius Pratt was a wizard whose portrait hung in the Hogwarts Library. Biography Early life In his youth, Ferdinand attended Hogwarts School of Witchcraft and Wizardry and became a Prefect of his house. He was visibly a wealthy individual who owned more than one home. Post-mortem By 1890, there were at least two portraits of Ferdinand, one hung in Hogwarts Library and one in the Three Broomsticks Inn. In the 1890–1891 school year, Ferdinand was tasked by the Headmaster Phineas Nigellus Black to secretly spy on the students that visited the Three Broomsticks and report back to him. However, when Ferdinand found nothing interesting to report, he simply made-up false rumours, causing many students to be unfairly punished. One of these students, the fourth-year Astoria Crickett, as well as her friends, decided to put an end to his spying by having the frame at the Three Broomsticks stolen by a group of Ashwinders, who hid the portrait in a ruin by the coast. Arguing that it'"
6e2c3f34c4f3,Tzi,Indiana Jones,gender: Male | death: November 1933Mongolia,"Appearances
Indiana Jones and the Dinosaur Eggs 

Notes and references

Category:Characters appearing in novels
Category:Deceased
Category:Mongolians","General Tzi was the reigning warlord in Mongolia, who sought to expand his territory into the country and seize control of Angus Starbuck’s discoveries in 1933. He was known locally as ""Tzi the Cannibal"". Biography General Tzi commanded a private army that terrorized the borderlands of Northern China and Mongolia. Obsessed with mystical power, Tzi funded expeditions searching for ""dragon bones"" rumored to hold supernatural strength. Tzi tracked his prey using ferocious trained dogs that he fed human flesh. As a result, he was very fat. Although he respected archaeologist Indiana Jones, he intended to kill the American and eat his heart, for he believed that the heart was the source of a man's courage. And upon learning Jones was a university professor, Tzi also toyed with the idea of eating his brain, too. He and his right-hand man Lieutenant Chang followed Jones, Joan Starbuck and Walter Granger to the Flaming Cliffs on their search for the Allegorhai-Horhai, for to eat its flesh wa"
d8ca44a9e02f,Beric Dondarrion,Game of Thrones,"Birth: At Blackhaven | Death: 1-6: 7: 305 AC at Winterfell | Appearances: 14 episodes | First: ""A Golden Crown"" | Last: ""The Last of the Starks"" | DeathEp: ""Kissed by Fire"" ""The Long Night"" | Actor: David Michael Scott Richard Dormer","In the war efforts against the Lannisters, Beric was killed multiple times, and each time was brought back to life by Thoros. Beric is rumored to have died in the Battle at the Mummer's Ford, killed by the Mountain, who drives a lance through his chest. thumb|Clegane kills Beric.","Lord Beric Dondarrion was the Lord of Blackhaven and the head of House Dondarrion. Initially assigned by Eddard Stark to apprehend Ser Gregor Clegane, he and his men formed a guerrilla resistance group known as the Brotherhood Without Banners, with Dondarrion as their leader. In the war efforts against the Lannisters, Beric was killed multiple times, and each time was brought back to life by Thoros. Biography Background Beric Dondarrion is the Lord of Blackhaven and the head of House Dondarrion, a vassal house to House Baratheon of Storm's End. He is a young lord who still enjoys the life of a knight, including taking part in tourneys. Game of Thrones: Season 1 Upon hearing of the atrocities committed by the Mountain, Eddard Stark, acting as the Hand of the King, orders Beric to take a hundred men, ride to Ser Gregor's keep and execute him for treason and murder. Beric willingly agrees to the task. Beric is rumored to have died in the Battle at the Mummer's Ford, killed by the Mou"
14f0e08a1554,Ancalagon,Lord of the Rings,birth: Sometime before FA 510 | death: FA 587 | gender: Male,"The death of Ancalagon marked the end of Morgoth's final resistance. However, his size cannot be assumed to be larger than Thangorodrim; some powerful but comparatively small creatures are able to cause great destruction even in death, such as Durin's Bane breaking the slopes of Celebdil., , Book Three, Ch. Though Ancalagon died, he had three sons who survived the War of Wrath: Ruingurth,Ruth Sochard Pitt, Jeff O'Hare, Peter C.","Ancalagon, also known as Anddraca,, Vol. IV: , III: ""The Quenta"", Appendix 1: Fragments of a translation of The Quenta Noldorinwa into Old English, made by Ælfwine or Eriol; together with Old English equivalents of Elvish names, pg. 209 (entry ""Amcalagon"") the Great Dragon of Morgoth,, vol. XII: , XII: ""The Problem of Ros"", pgs. 374-5 (note 17) the Black Dragon,, vol. V: , Part Two: ""Valinor and Middle-earth before The Lord of the Rings"", III: The Later Annals of Beleriand, ""The Conclusion of the Quenta Silmarillion"", pg. 144 (annal ""350""), vol. XI: , Index, entry ""Ancalagon"" or the Black, was the ""greatest of the winged dragons of Morgoth"", ""Index of Names"", entry ""Ancalagon"" and ""mightiest of the dragon-host"" during the War of Wrath., Quenta Silmarillion, Chapter XXIV: ""Of the Voyage of Eärendil and the War of Wrath"", pgs. 251-2 He was bred by Morgoth during the First Age and possibly was the largest winged dragon to have ever existed in Middle-earth. Biography During the late Fir"
579075644873,Moss,Pirates of the Caribbean,"gender: Male | died: *1700s, Devil's Triangle, Caribbean Sea Poseidon's Tomb | first: ''Dead Men Tell No Tales'' | last: ''Dead Men Tell No Tales''","Several decades later, the Silent Mary was suddenly freed when Jack traded and therefore betrayed his compass causing his worst fear - death - to come true, and the ghost ship immediately set out to avenge their past defeat. Moss, along with the rest of the Spanish crew, followed his Capitán on hundreds of pirate-hunting expeditions on which they tracked down and relentlessly murdered thousands of men in cold blood. A young pirate, Jack Sparrow, who had assumed command of the ship from its deceased captain, climbed atop the crow's nest, from which he taunted Salazar and his crew.","Moss was a loyal officer in the Spanish Royal Navy during the Age of Piracy, serving aboard the Silent Mary under the command of Capitán Armando Salazar. He followed his Capitán loyally on hundreds of pirate-hunting expeditions in their quest to eliminate piracy forever across the sea, until eventually they were defeated by a young pirate, crashing into the Devil's Triangle and being transformed into ghosts. Cursed and forced to roam the seas in everlasting torment, he along with his Captain would stop at nothing to take their revenge on the very man who took their lives from them, Captain Jack Sparrow. Several decades later, the Silent Mary was suddenly freed when Jack traded and therefore betrayed his compass causing his worst fear - death - to come true, and the ghost ship immediately set out to avenge their past defeat. They enlisted the help of Sparrow's old enemy, Captain Hector Barbossa, to find the pirate, but soon the latter double-crossed the Spaniards and teamed up with Jack"
bbf53b4792a0,Giandro Tull,Dune,death: 10190 AG | last: ''Dune:The Heir of Caladan''(2022),"Biography
Giandro became Viscount after the death of his father, Viscount Alfred Tull. After the death of his friend and business partner Duke Fausto Verdun and the razing of Dross, Giandro was further humiliated and incensed when Padishah-Emperor Shaddam IV sent his Sardaukar to search Elegy for any signs of Noble Commonwealth activity.","Viscount 'Giandro Tull (d. 10190 AG) was the last Viscount of House Tull. Giandro ruled over Elegy while secretly plotting the end of House Corrino as part of the Noble Commonwealth conspiracy. Biography Giandro became Viscount after the death of his father, Viscount Alfred Tull. Giandro never liked the Bene Gesserit and how his father's concubine Zoanna manipulated him. As soon as he became Viscount, he cut off the sizable stipend to the Mother School on Wallach IX. Zoanna attempted to seduce Giandro, which was a mistake, as he immediately expelled her from Elegy and refused any further Bene Gesserit attempts at sending him a concubine. After the death of his friend and business partner Duke Fausto Verdun and the razing of Dross, Giandro was further humiliated and incensed when Padishah-Emperor Shaddam IV sent his Sardaukar to search Elegy for any signs of Noble Commonwealth activity. At the time, Giandro had nothing to do with the Noble Commonwealth, but insult and the senseless mu"
9459186f67ef,Victoria,The Twilight Saga,"died: June 15, 2006 (killed by Edward Cullen) | species: Vampire | gender: Female | born: 1550s; England","She was a founding member of James's coven with the power of enhanced self-preservation, and James's mate and started a vendetta against Bella Swan in revenge for his death at Edward Cullen and the Cullens' hands. Her Life and Death counterpart is Victor. Shortly after that, the Volturi came to her coven and claimed that they had drawn too much attention from society and executed Hilda for the crime.","Victoria was the main antagonist in New Moon and Eclipse. She was a founding member of James's coven with the power of enhanced self-preservation, and James's mate and started a vendetta against Bella Swan in revenge for his death at Edward Cullen and the Cullens' hands. To this end, she spearheaded several plots to end Bella's life, including creating a newborn army in Seattle, with the express purpose of killing her and destroying the Cullen coven. However, at the conclusion of the newborn crisis, Victoria's life of violence and malice was ended by Edward in the battle with the army. Her Life and Death counterpart is Victor. She is portrayed by Rachelle Lefevre in the first two movie adaptations and replaced by Bryce Dallas Howard in the third. She is also portrayed by Sophie Labell in The Groundskeeper segment. Biography Early life Victoria was born in London, England, in the 1550s. Her mother was a scullery maid and her father was the master of the house. She was the second ill"
378885017253,Unidentified stormtrooper (Mapuzo checkpoint),Star Wars,"death: 9 BBY, Mapuzo | species: Human | gender: Male",,"A stormtrooper was active on the planet Mapuzo during 9 BBY. He had an encounter with the rogue Jedi, Obi-Wan Kenobi, and Princess Leia Organa. Behind the scenes The stormtrooper appeared in ""Part III"" the third episode of the live-action series Obi-Wan Kenobi. He is portrayed by Ardeshir Radpour. Appearances Obi-Wan Kenobi 3 Notes and references Category:Males Category:Stormtroopers of the Galactic Empire"
2375f4cbb674,Stephen Hawking,Harry Potter,born: 8 January 1942 | died: 14 March 2018 (aged 76) | species: Human | gender: Male,,"Stephen William Hawking (8 January 1942–14 March 2018) was an English Muggle theoretical physicist internationally considered the best since Albert Einstein. - Chapter 4 (The Leaky Cauldron) (see this image and this image) Biography When Harry Potter arrived at the Leaky Cauldron after fleeing the Dursley house after letting his Aunt fly away in 1993, there was a wizard sitting at a table reading A Brief History of Time, a best-selling popular science book written by Hawking. At the time of this book's publication, Hawking had been living with Lou Gehrig's disease for over twenty years, requiring him to use a wheelchair. Etymology The name ""Stephen"" comes from the Greek name Στεφανος (Stephanos) meaning ""crown"". Behind the scenes In the 2014 film , Stephen Hawking was portrayed by Eddie Redmayne, who portrays Newt Scamander in the Fantastic Beasts film series. For his performance, Redmayne won the . Stephen Hawking was also played by in the 2004 BBC television film . Cumberbatch vo"
b318b2dbbde8,Tank tread death Nazi,Indiana Jones,"gender: Male | death: 1938Aboard Mark VII Tank, Canyon of the Crescent Moon, Republic of Hatay","He served under the orders of Colonel Ernst Vogel but after encountering Indiana Jones, the Nazi suffered a tank tread death. He was pulled in front of the tank and swiftly carried to his death, crushed by the tread. Behind the scenes 
The tank tread death Nazi was portrayed by an uncredited Vic Armstrong in Indiana Jones and the Last Crusade.","A Nazi soldier participated during the Reich's effort to find the Holy Grail in 1938. He served under the orders of Colonel Ernst Vogel but after encountering Indiana Jones, the Nazi suffered a tank tread death. Biography In 1938, during the Nazi effort to find the Holy Grail, this German soldier served under the command of Colonel Ernst Vogel. Upon the arrival of the Nazis at the Republic of Hatay, the soldier traveled with his comrades towards the Temple of the Sun on one of the trucks. When the archaeologist Indiana Jones appeared on the scene to rescue his father Henry Walton Jones, Senior and Marcus Brody from Vogel, who had taken them hostage inside his tank, the truck soldier along with his companions were called upon by their colonel to help him kill Indiana. After his three comrades were felled by a single bullet from Jones, the soldier jumped onto the tank with a knife. However, Jones managed to hit and throw him aside, disarming the Nazi in the process. At that moment, "
d4b4bce946ac,Rorge,Game of Thrones,"Death: 301 ACNear the Mountains of the Moon, the Vale of Arryn | Appearances: 5 episodes | First: ""Fire and Blood"" | Last: ""Mockingbird"" | DeathEp: ""Mockingbird"" | Actor: Unidentified Andy Beckwith","Seeing their leader killed, Gendry and many of the other recruits join the fight. After granting a mortally wounded peasant a merciful death, The Hound is suddenly ambushed from behind by Biter and bitten. The Hound overpowers Biter and kills him by snapping his neck.","Rorge was a criminal, forcibly recruited into the Night's Watch. Biography Background Rorge is a criminal, forcibly recruited, along with Jaqen H'ghar and Biter, into the Night's Watch by Yoren during his visit to King's Landing. He was accompanying the rest of Yoren's new recruits northwards to the Wall before taken prisoner and inducted into the Lannister army. Game of Thrones: Season 1 When looking for fresh recruits for the Night's Watch, Yoren is given permission by Eddard Stark to go through the dungeons and take any criminals who would swear to take the black. He chooses murderer Rorge as a potential candidate, as well as two other criminals (Jaqen H'ghar and Biter) from the black cells, where the worst criminals are kept. Rorge is in the party led by Yoren that leaves King's Landing for the Wall, along with Hot Pie, Lommy Greenhands, Gendry, and Arya. Because Yoren is traveling so far with so few men, the worst three criminals are kept in a locked barred cell on the back of "
8ca28ec4f3d1,Algund,Lord of the Rings,birth: Late First Age ? | death: FA 489 ?,"When Túrin joined the group, Algund eventually recognized him as the son of Húrin.Unfinished Tales, Part One: The First Age, II: ""Narn i Chîn Húrin"" (The Tale of the Children of Húrin) After Túrin slew Forweg, the original leader of the group, it was Algund who supported him as their new captain, figuring that he would be a better leader and lead them to better fortunes.Unfinished Tales, Part One: The First Age, II: ""Narn i Chîn Húrin"" (The Tale of the Children of Húrin)The Children of Húrin, Narn i Chîn Húrin, The Tale of the Children of Húrin, VI: ""Túrin among the Outlaws""

Later, when the group captured Beleg, Androg argued that he should soon be killed for spying, but Algund advised to wait until Túrin returned.The Children of Húrin, Narn i Chîn Húrin, The Tale of the Children of Húrin","Algund was an Adan of the First Age and a member of the ""Gaurwaith"". Biography Algund was the oldest of an outlaw band and had been a man of Dor-lómin, living under Húrin when Húrin was Lord of Dor-lómin. After the Nírnaeth Arnoediad, he was forced to flee his homeland, traveling down the Vales of Anduin. Apparently destitute, he became part of a group of outlaws that raided others for their needs in Brethil and near the borders of Doriath. When Túrin joined the group, Algund eventually recognized him as the son of Húrin.Unfinished Tales, Part One: The First Age, II: ""Narn i Chîn Húrin"" (The Tale of the Children of Húrin) After Túrin slew Forweg, the original leader of the group, it was Algund who supported him as their new captain, figuring that he would be a better leader and lead them to better fortunes.Unfinished Tales, Part One: The First Age, II: ""Narn i Chîn Húrin"" (The Tale of the Children of Húrin)The Children of Húrin, Narn i Chîn Húrin, The Tale of the Children of Húrin,"
1ddd69e597a2,Francis Drake,Pirates of the Caribbean,"gender: Male | born: c. 1540Tavistock, Devon, England | died: January 27, 1596Portobelo, Colón, Panama","Thousands of Spaniards drowned and even those who reached land were often killed by English soldiers and settlers. Death
Following the defeat of the Armada, Queen Elizabeth sent Drake to Spain as the leader of the ""English Armada."" Tasked with supporting an uprising in Portugal and establishing a base in the Azores, the endeavor collapsed when the English failed to take Lisbon and many of their men fell ill with disease. On January 27, 1596, while anchored near Porto Bello, Panama, Drake died of dysentery at the age of 56.","Sir Francis Drake (c. 1540 – 27 January 1596) was an English captain, privateer, navigator, slave trader, explorer, and politician of the Elizabethan era. Drake was the first Englishman who circumnavigated the world, constantly harassing Spanish ships and ports at the same time. His exploits were legendary, making him a hero to the English but a pirate to the Spaniards to whom he was known as El Draque. Biography Early life Francis Drake, eldest of twelve children, was born in Crowndale, near Taverstock, in about 1540. His father, Edmund Drake (1518–1585), was a passionate supporter of Martin Luther and during the Prayer Book Rebellion of 1548, he was forced to flee with his family to Chatham in Kent. Drake was apprenticed to a captain trading between the Thames River and the Channel ports. In 1563 he joined his cousin, John Hawkins, on a voyage to Africa. The two men started capturing people in Sierra Leone and selling them as slaves to Spanish settlers in the Caribbean. As it was i"
422a659369b5,Barbra Pryce,Alien vs Predator,status: Presumed dead as of 2198 | species: Human | gender: Female | actor: Lucy Newman-Williams,,"Barbra Pryce was a senior Weyland-Yutani Corporation official. As of 2198, Pryce was the Company's recently appointed Director of Planetary Operations for, and by extension the de facto colonial governor of, Lethe. Prior to the outbreak occurring that year, Pryce primarily operated out of the local W-Y headquarters located in the Pharos Spire dominating the skyline of the planetary capital of Jackson's Landing, where her living quarters were also to be found. Appearances Trivia Director Pryce had Vermillion Level security clearance. This appears to be a direct call-out to the Warhammer 40K universe.Aliens: Dark Descent, Redemption mission, Barbra Pryce Log datapad. Vermilion Level (Short Story) - Short story by Dan Abnett where Vermillion-Level message/command priority and security clearance was first introduced. References Category:Aliens: Dark Descent characters Category:Business owners and executives Category:Humans Category:Weyland-Yutani employees Category:Antagonists"
557fae1df2d9,Grill,Marvel Cinematic Universe,species: Human | gender: Male | DOD: 2091 | actor: Pruitt Taylor Vince | status: Deceased,"Before it could be done, however, Holt was killed by Tess, enabling Grill to come out safely. Grill always suspected that Virgil had been stealing from him and following his death, he thought that Tess and the S.H.I.E.L.D. Grill kept the handgun, and used it to threaten Flint when he started to attack him with his newly acquired powers, but Flint then unintentionally killed him.","Grill was the gruff and unforgiving taskmaster of the Salvage Yard of the Lighthouse, and one of the humans living on the Lighthouse in 2091. Having taken on new recruits, Grill immediately began to suspect something was wrong, until he discovered that Phil Coulson and the others he had taken on were fugitives from Kasius, claiming to have come from the past to save Earth. Grill prepared to hand the group over to the Kree, only for Flint, the newly transformed Inhuman, to use his new abilities to kill Grill before he could betray them. Biography Ruling the Salvage Working for the Kree Grill was the manager of the Salvage, an industrial area of the Lighthouse, and was keen on enforcing harsh rules on his workers. As such, he did not hesitate to fire Holt without paying him when the latter was found guilty of insubordination. Arrival of Strangers Grill met Phil Coulson as Tess was taking him to Virgil's room. Although Coulson claimed that he was merely passing through, Grill sensed "
d449cc4f5819,Sluggsy and Horror,James Bond 007,status: Both deceased,"References

fr:Sluggsy Morant et Horreur Horowitz
Category:James Bond Characters
Category:Literary Characters
Category:The Spy Who Loved Me (novel) Characters
Category:Villains
Category:Main Villains
Category:Male Characters
Category:Gangsters
Category:Criminals
Category:Assassins
Category:Americans
Category:Mercenaries
Category:Deceased Characters
Category:Characters Killed by James Bond (Literary)
Category:Unadapted Characters
Category:North Americans","""Sluggsy"" Morant and Sol ""Horror"" Horowitz were two ficitonal mobsters employed by Italian-American motel owner, Mr. Sanguinetti. The characters were the primary antagonists of Ian Fleming's 1962 James Bond novel, The Spy Who Loved Me. Biography In the second third of the novel, the female protagonist, Vivienne Michel, is employed at ""The Dreamy Pines Motor Court"" in the Adirondack Mountains by managers Jed and Mildred Phancey. At the end of the vacation season, the Phanceys entrust Viv to look after the motel for the night before the owner, Mr. Sanguinetti, can arrive to take inventory and close it up for the winter. Two mobsters, ""Sluggsy"" Morant and Sol ""Horror"" Horowitz, both of whom work for Sanguinetti, arrive and say they are there to look over the motel for insurance purposes. In reality, the two have been hired by Sanguinetti to burn down the motel so that Sanguinetti can make a profit on the insurance. The blame for the fire would fall on Viv, who was to perish in the incid"
a3efe2160693,Skinner,Jurassic Park,appearances: Jurassic Park Series 2 | species: Human | status: Deceased,"He would later be killed by a Baryonyx. Skinner shares some traits of his character with Rainn Delancourt, namely being an illegal poacher who targets dinosaurs for profit and meets his end when attacked by a Baryonyx.￼
Category:Deceased characters
Category:Male characters
Category:Characters
Category:Jurassic Park Series 2","Skinner is one of the three Evil Raiders from the Jurassic Park Series 2 toy line. Poachers that have traveled to Isla Nublar to hunt dinosaurs for sport, greed and fun. Before joining the hunters, he was the ring leader in kangaroo meat black markets located in Australia. However, hunting dangerous theropods comes with a price and Skinner's arm was injured by a Dilophosaurus, although he managed to kill it and wears the skin as a trophy. He would later be killed by a Baryonyx. Notes Information from the Collector Card of this character (nr. 43). Skinner shares some traits of his character with Rainn Delancourt, namely being an illegal poacher who targets dinosaurs for profit and meets his end when attacked by a Baryonyx.￼ Category:Deceased characters Category:Male characters Category:Characters Category:Jurassic Park Series 2"
270d879237d8,Mercury,DC Extended Universe,"species: Old God | status: Deceased | gender: Male | DOD: c. 3,000 B.C.","Biography

 War of the Gods 
Hermes was one of the Old Gods until he and the other gods was killed by the god of war Ares. Legacy
Centuries after his death, his legacy lives on within the Rock of Eternity, the source of all magic. References 

External Links

es:Mercurio

Category:Old Gods
Category:Males
Category:Gods
Category:Heroes
Category:Deceased Characters","Mercury, also known as Hermes, was a Greco-Roman God who was known for having super speed. His powers were granted to Teth-Adam and Billy Batson by the wizard Shazam. Biography War of the Gods Hermes was one of the Old Gods until he and the other gods was killed by the god of war Ares. Legacy Centuries after his death, his legacy lives on within the Rock of Eternity, the source of all magic. The wizard Shazam later bestowed his powers upon one champion who he found worthy to carry on his mantle and become one of the overseers of the Rock of Eternity. The Shazam Family was granted with his powers. Trivia Shazam! Thundercrack contains an allusion to Mercury through a graffiti with his name. Behind the Scenes In Roman mythology, Mercury is the god of merchants. References External Links es:Mercurio Category:Old Gods Category:Males Category:Gods Category:Heroes Category:Deceased Characters"
64166115b2d9,Arachne Crane,The Hunger Games,gender: Female,"She died before being able to contribute to the proposal. Death
Arachne was killed by her own tribute, knifed in the throat after she taunted Brandy by reaching through her bars in the Capitol Zoo to offer a cheese sandwich, only to then withdraw it. Arachne was lifted onto a stretcher by medics shortly after she died.","Arachne Crane was a female resident of the Capitol and a student of the Academy. She was one of 24 top-performing seniors at the Academy selected to be a mentor for the 10th Hunger Games. She was assigned the female tribute from District 10, Brandy. Biography Her family was part of the old guard of the wealthy from the Capitol. They worked in the travel industry, having developed luxury hotels in vacation destinations, though the industry took a hit during and after the Dark Days. However, Coriolanus Snow thought that it might be picking up based on Arachne's ability to afford fresh grapes. She had an older brother who graduated from the Academy the year prior. During the first mentor-tribute meeting, Arachne's tribute, Brandy, told her about how she spent most of her time in District 10 butchering hogs. However, Arachne found it repulsive until she realized she could use her knowledge of District 10 to make up something more brilliant than the details of a slaughterhouse. During Cr"
5dcfd671639a,Martin Keamy,Lost,Status: Deceased | Death: 30 December 2004 | Actor: Kevin Durand,"During their mission, Keamy and his team murdered Danielle Rousseau, Karl Martin, and while holding her hostage, he murdered Ben's adoptive daughter Alex Rousseau right in front of him. After the rest of his team is killed by the survivors and others, Keamy heads off to the The Orchid to confront Ben and John Locke. Enraged over his daughter's death, Ben wasn't deterred from stabbing him to death; the dead man's trigger went off, but thanks to the efforts of Michael Dawson and Desmond Hume, the detonation was delayed.","Martin Christopher Keamy, often simply referred to as Keamy, was a major antagonist in Lost. He served as the main antagonist of Season 4 and a major antagonist in the flash-sideways of Season 6. He was the head of Charles Widmore's mercenary team. A former marine turned mercenary warlord with no moral qualms, he was hired by Widmore to lead his team aboard the Kahana freighter and arrive on the island; his duties were to apprehend Benjamin Linus, kill any Oceanic Flight 815 survivors, and then ""torch the island"". During their mission, Keamy and his team murdered Danielle Rousseau, Karl Martin, and while holding her hostage, he murdered Ben's adoptive daughter Alex Rousseau right in front of him. After the rest of his team is killed by the survivors and others, Keamy heads off to the The Orchid to confront Ben and John Locke. Keamy explicitly warned Ben that he had a dead man's trigger strapped to his body that, if it failed to detect his heart rate, would trigger a bomb aboard the f"
947ad9f5e6cc,Floyd (Apocalypse World),Supernatural,status: Deceased (killed by Alternate Vampires) | actor: Michael Patric,"After Sam kills the monster, Floyd explains to them of the monsters lack of food causing them to turn rabid, and how their group was heading through a tunnel when they ran into a nest of them. Category:Minor Characters
Category:Alternate Earth characters
Category:Apocalypse World characters
Category:Humans
Category:Hunters
Category:Deceased
Category:Articles without quotes
Category:Characters whose actor played more than one character
Category:Winchester Allies","Floyd was a hunter that lived in Apocalypse World. History Season 13 In Beat the Devil, while Sam, Dean, Castiel, and Gabriel are trekking through Apocalypse World looking for Jack and Mary Winchester, they come across Floyd and his friend Maggie who are attempting to fight off a rabid vampire. Floyd tells Maggie to run but she stays with him and he is soon knocked down until the Winchesters save him. After Sam kills the monster, Floyd explains to them of the monsters lack of food causing them to turn rabid, and how their group was heading through a tunnel when they ran into a nest of them. Floyd tells them of how they were the only survivors. When they explain they were trying to get to the Dayton outpost that Jack and Mary had set up, Sam promises to keep them safe and get them there. They cross through the tunnel and are more cautious but vampires attack and kill Floyd by overpowering him and presumably devouring him. Appearances Season 13 Beat the Devil Trivia Beforehand Mich"
b11668f0e288,Gnaeus,Spartacus,first: S0E01: Past TransgressionsS1E02: Sacramentum Gladiatorum | last: S1E07: Great and Unfortunate Things | status: Deceased (Killed by Spartacus) | actor: Raicho Vasilev,"During their fight, however, he is humiliated and bested by the Hoplomachus but is spared from death by the editor of the games Quintilius Varus. frame|Gnaeus is thrown to his death. He is last seen falling to his death, his body dashed on the rocks below.","is one of the top gladiators in Batiatus' Ludus. Appearance Gnaeus is a talented gladiator in Batiatus' ludus. He is tall of stature, bulky, balding, and with a body that shows signs of many past battles. He is known for his strength and experience. As a Retiarius he uses a net, trident, dagger, and hand-to-hand combat in battle. He is shown to have been converted from Thraex to Retiarius during the events of the prequel, Gods of the Arena. Personality Gnaeus is an extremely selfish man, exhibiting a somewhat deranged personality, often bearing a lopsided smirk and always including snide and derogatory remarks in his speech. Gnaeus is callous and sadistic, highlighted in particular by his physical and sexual abuse of Pietros. In spite of his cruel nature, Gnaeus shared a deep sense of brotherhood with his fellow gladiators, with the exception of Barca and Spartacus. Although Gnaeus has stable standing in the ludus as a Gladiator, he despises Barca and his lover Pietros above all oth"
2133a6706ce3,Gill,Sons of Anarchy,status: Deceased | portrayed by: E.R. Ruiz | cause of death: Shot in the head by Marcus Alvarez | appearances: 6 episodes (see below),"Piney tells Jax to go, telling him that it doesn't involve him, one of them killed Donna Winston and he is going to make it right. Season 4
In Season 4 he is killed with a shot to the head by an enraged Alvarez after the One-Niners killed Rafi due to them thinking that they were members of the Galindo Cartel. Appearances

Category:Characters
Category:One-Niners
Category:Recurring characters
Category:Season 1 Characters
Category:Season 2 Characters
Category:Season 3 Characters
Category:Season 4 Characters
Category:Deceased","Gill was a member of the One-Niners on the FX original series Sons of Anarchy. Played by American actor E.R. Ruiz, Gill makes his debut on the episode in season one. Playing a minor recurring role throughout the subsequent seasons. He met his demise in the season four episode . Biography Season 1 ""The Revelator"" Gill confronts two members of the Sons of Anarchy Motorcycle Club, Redwood Original after they enter a Niner bar. Things quickly turn ugly when the older man, Piermont ""Piney"" Winston beats one of the Niners and pulls a gun on Gill, demanding to know where Laroy Wayne is. Laroy is called and eventually arrives with Jackson ""Jax"" Teller, Vice President of SAMCRO. Piney tells Jax to go, telling him that it doesn't involve him, one of them killed Donna Winston and he is going to make it right. Laroy chimes in, asking what Piney is talking about. Jax pleads with Laroy, asking him that if Piney puts the gun down do they all walk out of the bar alive, Laroy agrees and Jax app"
23d68bb2d8d4,Curtis Barnes,Dexter,status: '''Deceased''' | gender: '''Male''' | actor: '''John Marshall Jones''' | seasons: '''Season Two''',"She's dead before she hits the floor - Curtis came out of it realizing what he did: not meaning to have killed her. He then says that he killed his wife, which Curtis starts to lower his guard abit as he speaks on it...saying he didn't mean to. She tells him that the DA signed off on it and that no charges would be placed, effectively ruling the shooting as self-defense (likely due to the high danger of confronting a suspect like Curtis - both men had their weapons trained on one another and had Doakes not shot first then he would have been likely killed himself).","Curtis Barnes is a character in Season Two of the Showtime series DEXTER. Curtis is a former Army Ranger involved in Special Operations, having a similar background to Sergeant James Doakes with both being in Ranger RRD (Regimental Reconnaissance Detachment). He was a veteran from several tours overseas and one day snapped during an argument with his wife - killing her. Doakes confronts him with the intent to arrest him but Barnes forces him to open fire resulting in Doakes's Second Officer Related Shooting. Background Curtis Barnes' early life is unknown, at one point he married a woman named Alisha Barnes and joined the United States Army. During his time in the Army he was promoted into the Rangers, serving in a particular group known as the Ranger RRD (Regimental Reconnaissance Detachment). According to Sergeant James Doakes, whom also served in this regiment, these are ""the guys you're not supposed to know about who get in before everyone else"". He took tours in both Som"
5ee85dc7f6a7,Russell Lightbourne,The 100,"gender: Male | born: 1990s-2000s, Earth | status: Deceased, 2281; Sanctum | cause of death: Consciousness destroyed | portrayed by: JR Bourne Sean Maguire | seasons: Six, Seven","In the Season Seven premiere ""From the Ashes"", Russell is killed by Sheidheda who secretly takes over Russell's host body. A few years later, the dog attacked Russell's infant sister for crawling near his bowl, and two days later, Russell's sister had died. However, on Day 21 of the mission, Russell killed Simone, Josephine, and others during a Red Sun eclipse induced psychosis.","Russell Lightbourne was a recurring character in the sixth and seventh seasons. He is portrayed by JR Bourne and Sean Maguire and debuts in ""Red Sun Rising"". He served as one of the two main antagonists of Season Six, alongside Josephine Lightbourne. He was the leader of the Sanctum settlement and one of the Primes. In the Season Seven premiere ""From the Ashes"", Russell is killed by Sheidheda who secretly takes over Russell's host body. The Dark Commander then poses as Russell for a time before the truth is eventually revealed. Anything that remains of Russell is destroyed in ""The Last War"" when Indra blows up the Dark Commander and Russell's last host body with him. Early Life Russell was born on Earth, and when he was a young boy on Earth, his first pet dog bit his face. However, his father still loved the dog and refused to put him down, claiming that the dog deserves a second chance. A few years later, the dog attacked Russell's infant sister for crawling near his bowl, and tw"
d315886eac43,Kauko,Vikings,actor: Jouko Ahola | status: *Deceased | seasons: Season 1 | first: ''Wrath of the Northmen'' | last: ''Trial'',"Kauko was killed during the Skirmish at Whitley Bay, against King Aelle's men on the shore of Northumbria, when the Vikings began to break ranks and fight outside the shield wall. Lagertha witnessed his death, causing her to command that the shield wall be reformed. Still, Erik proclaimed that his death, done in the name of King Aelle, must be avenged as he was his kinsman.","Kauko is one of the first warriors who sails west with Ragnar Lothbrok to England. He is Finnish. Biography Season 1 After the storm has passed in, Kauko is among the men who are still rowing the ship. One of them begins to freak out and pleads to Kauko and Leif that they were ""persuaded by madmen and fools."" Kauko, visibly bothered, asks him to shut up. He is later seen celebrating and being patted by Torstein when they hear seagulls in the sky. Kauko was killed during the Skirmish at Whitley Bay, against King Aelle's men on the shore of Northumbria, when the Vikings began to break ranks and fight outside the shield wall. Kauko had just put down another soldier when another caught him by surprise. Lagertha witnessed his death, causing her to command that the shield wall be reformed. Driven by anger, the Northmen brought down their enemies faster and more viciously. While burying him, along with three others and a horse, Rollo told them not to grieve for or pity him as the valkyries"
fd8e2464e7a0,Zureyn,Avatar,species: Na'vi | status: Deceased | gender: Male | first: ''Avatar: Reckoning'' (only mentioned),"ru:Зурейн

Category:Avatar: Reckoning Characters
Category:Na'vi
Category:Deceased
Category:Anurai Members","Zureyn is a Na'vi of the Anurai clan who was Liani's father in Avatar: Reckoning. Zureyn was the clan's best hunter when Raven's parents arrived in the Anurai region. Judging by the diary entries, the strangers managed to get along with most of the children, but Zureyn's daughter, Liani, seemed dissatisfied with something. When the RDA learned of the Anurai's sacred relic, Zureyn told Raven's parents to take it away so that it would not fall into the hands of the Sky People. He himself stayed behind to cover their retreat and eventually reunited with Eywa. Raven's parents complied with Zureyn's request: the relic was safely hidden in the center of the Anurai Valley power region for many years, although in the end the other Anurai decided that strangers had stolen it, unaware of the full truth. Only many years later, Raven, following in their parents' footsteps, was able to reveal the truth. ru:Зурейн Category:Avatar: Reckoning Characters Category:Na'vi Category:Deceased Category:A"
6a36f3115f69,Andrew Holt,Breaking Bad / Better Call Saul,Portrayed by: ''Uncredited actor'' | Status: Deceased | Causeofdeath: Murdered by Jack Welker's Gang on Walter White's orders (stabbed in the neck),"Season 5
thumb|left|Andrew being killed by one of Jack Welker's men in jail. Fearing that he would testify about his involvement, Fring's successor Walter White had him, and nine other members of the organization, murdered in prison. Holt was killed when one of Jack Welker's men bashed his head into a prison wall and then proceeded to stab him in the back of his neck.","Andrew Holt is a member of the Los Pollos Hermanos security staff, serving as an enforcer for Gustavo Fring's drug empire under direct supervision of Mike Ehrmantraut. One of Fring's offshore accounts is set up in his name. History Breaking Bad Season 4 Gus had Holt guarding the perimeter of his meeting with the heads cartel after they had stolen some meth from them and gave it away. Season 5 thumb|left|Andrew being killed by one of Jack Welker's men in jail. He was arrested following the murder of Gus and the discovery of the methamphetamine super lab at Lavandería Brillante and his accounts were seized. Along with Perez he was held at Los Lunas state prison. The organization initially continued to pay him through a series of dead drops via his lawyer Dan Wachsberger. The arrest of Dan and the subsequent disappearance of Mike ended this practice. Fearing that he would testify about his involvement, Fring's successor Walter White had him, and nine other members of the organization, "
cf477678dd08,Masseria's man 1,Boardwalk Empire,Actor: Joseph DeVito | Death: Shot by Meyer Lansky,"He is killed by Meyer Lansky after assaulting Lansky's drug runner Benjamin Siegel. Relationships
Joe Masseria: Boss (deceased)
Masseria's man 2: Accomplice (deceased)
Benjamin Siegel: Robbery target
Meyer Lansky: Masseria's rival. Murderer
Charlie Luciano: Masseria's rival

Memorable Quotes

Appearances

Category: Deceased
Category: Gangsters
Category: New York
Category: Season 3","Masseria's man 1, played by co-star Joseph DeVito, is an unnamed minor character in the third season episode ""Bone for Tuna"". He is killed by Meyer Lansky after assaulting Lansky's drug runner Benjamin Siegel. Biography Background He works for New York crime boss Joe Masseria. Season 3 Masseria is aware that Meyer Lansky and Charlie Luciano are dealing heroin without paying him a percentage. He has a pair of his men assault their delivery boy Benjamin Siegel as he leaves on a job. They strike in sight of Luciano's headquarters, initially pretending to be looking for a Turkish Baths. They grab Siegel before he can shoot at them and announce their allegiance. Lansky intervenes, shooting Masseria's man in the head. The other strongarm clings to the door of his getaway car as the driver pulls away. Relationships Joe Masseria: Boss (deceased) Masseria's man 2: Accomplice (deceased) Benjamin Siegel: Robbery target Meyer Lansky: Masseria's rival. Murderer Charlie Luciano: Masseria's rival"
4003dba6af52,Francis Beaufort,Westworld,"status: Deceased | species: Human | gender: Male | actor: Scott Mescudi | seasons: 3 | death: ""Passed Pawn"" (flashback)","Plot
Season Three
""Parce Domine""
""Passed Pawn""
Death
Killed By
Caleb Nichols
When the Rico app offers him to kill Caleb for big money, Francis accepts the task. Related Casualties
This list shows the victims Francis has killed:
1 Whitman's security guard
At least 5 unnamed outliers (Alongside Caleb)

Personality
Francis, as is his partner Caleb, is an outlier who cannot be safely predicted by Rehoboam. namespace          = File
    category           = Images of Francis
    format             = 
    allowcachedresults = true

Category:Characters
Category:Male characters
Category:Human
Category:Criminals
Category:Deceased","Francis is a minor character who appeared in third season of Westworld. Biography Background As it appears from first glance, Francis was a war-veteran who served at the same time as Caleb Nichols. Plot Season Three ""Parce Domine"" ""Passed Pawn"" Death Killed By Caleb Nichols When the Rico app offers him to kill Caleb for big money, Francis accepts the task. However, as Caleb learns about his intentions, he shoots Francis in stomach before he can hurt him. Related Casualties This list shows the victims Francis has killed: 1 Whitman's security guard At least 5 unnamed outliers (Alongside Caleb) Personality Francis, as is his partner Caleb, is an outlier who cannot be safely predicted by Rehoboam. Apperances Season Three ""Parce Domine"" (flashback) ""The Absence of Field"" (flashback) ""Genre"" (flashback) ""Passed Pawn"" (flashback) Gallery The gallery below is automatically generated and contains images in the category ""Images of "". Images added to that category turn up in the gallery after a"
12be7c70accf,Roadbuster TFP,Transformers,species: Cybertronian | status: Offline | gender: Male | first: ''Loose Cannons'' (mentioned),"History
Roadbuster died fighting during the Great War. References

Category:Wreckers
Category:Autobots
Category:Deceased Characters
Category:Characters

Category:Males
Category:Combiners
Category:Soldiers

Category:Cybertronian
Category:Fall of Cybertron Autobots","At first glance, Roadbuster seems a lot like his fellow Wrecker Twintwist. On the battlefield, he is always in the front ranks, leading his comrades into action. No one fights more furiously. Back at base, though, all that aggression goes away. Rather than arguing or roughhousing with the others, Roadbuster retreats into himself, becoming terse and restive. All his energy is redirected into the constant maintenance of his weapons and revision of his combat strategies. War is all Roadbuster knows, and seems to be all he has ever known. It is an open question what would become of him without it. He combines with several of his fellow Wreckers to form Ruination. History Roadbuster died fighting during the Great War. He was first mentioned by Wheeljack in his conversation with Bulkhead. ''Loose Cannons Toys Roadbuster is a repaint/remold of Swindle. He has a new head, a new color scheme, and a new weapon. Also, Roadbuster forms the right arm of Ruination, (Unlike Swindle who forms the r"
6280e99aea82,Rioters,The Sopranos,gender: Males | status: Deceased (2)Alive (11) | dod: 1967 (2) | portrayed by: Robert L. Anderson IIIFloyd Anthony Johns Jr.Sean KilkenyGermir RobinsonSmokey SimsEight uncredited actors,"Two of these rioters are killed by police officers during a shootout, while the others flee with the stolen items from the store. The mother of one killed rioter coming for seeing her son's body in the street. Category:Characters
Category:Deceased
Category:Name unknown
Category:Murder Victims
Category:Males
Category:Alive","These thirteen unnamed men are rioters during a riot at Newark. History In 1967, during a riot at Newark, these rioters broke the windows of a music store and stole the store's merchandise. Two of these rioters are killed by police officers during a shootout, while the others flee with the stolen items from the store. The mother of one killed rioter coming for seeing her son's body in the street. Category:Characters Category:Deceased Category:Name unknown Category:Murder Victims Category:Males Category:Alive"
7b248c81a93c,Charles Webber,Grey's Anatomy,status: Deceased | seasons: '''GA:''' 22 | portrayed by: Dorian Harewood,"History
Charles's wife died when his son, Richard, was ten. Despite this, he didn't connect his father's back pain and frequent urination with symptoms of prostate cancer and Charles wasn't diagnosed until it was too late and he died of the cancer. Relationships
Romantic
He was married to Gail Webber until her death.","Charles Webber is the father of Richard Webber. History Charles's wife died when his son, Richard, was ten. At her funeral, Charles chided him for crying. When Richard grew up, he became a doctor to save people because he couldn't save his mother. Despite this, he didn't connect his father's back pain and frequent urination with symptoms of prostate cancer and Charles wasn't diagnosed until it was too late and he died of the cancer. Relationships Romantic He was married to Gail Webber until her death. Familial He had a tense relationship with his son, Richard, whom he taught to suppress his emotions rater than feeling them. es:Charles Webber Category:Characters Category:GA Characters Category:GA S22 Characters Category:Deceased Characters"
e121f06daa0d,Toreen Boyd,The Wire,death: Murdered by Roland Brice in 2001/2002,"Biography
Season 1
Notes
Category:Characters
Category:Season 1 Characters
Category:Deceased
Category:Killed by Wee-Bay",Toreen Boyd is one of the victims in the murder cases James McNulty believes are tied to the Barksdale Organization. Roland Brice later confesses to her murder. Biography Season 1 Notes Category:Characters Category:Season 1 Characters Category:Deceased Category:Killed by Wee-Bay
9f3335f8648f,Sophia Peletier (TV Series),The Walking Dead,actor: Madison Lintz | gender: Female | status: Dead,"TV Series
Season 1

Season 2

Season 9

Season 10

Daryl Dixon
Season 2

Death
Killed By
Zombies (Alive)
While Sophia is trying to find her way back to the group, she is attacked and bitten on the left shoulder by a walker and either dies of the infection or blood loss. This means that Sophia was already dead by the end of ""What Lies Ahead"" since Otis left for the high school shortly after meeting the group in ""Bloodletting."" Thus, Sophia presumably died on the day or night of her disappearance. International Dubbers
 Language Dubber Other Characters Voiced Czech Klára Nováková Meghan ChamblerCharlieCindy Hawkins French Lucille Boudonnat Beth Greene German N/A N/A Hungarian N/A N/A Italian Sara Labidi LydiaDakota Japanese Ayaka Shimoyamada Amy HarrisonMaggie Rhee Portuguese Letícia Francis","Sophia Peletier is a survivor of the outbreak in AMC's The Walking Dead. She is the daughter of Ed and Carol Peletier. During the initial outbreak, Carol, Ed, and Sophia evacuated to Atlanta for safety, but ended up joining a camp of survivors. While at the camp, Sophia sparked up a friendship with Carl Grimes and Eliza Morales. Overview Sophia was a shy, quiet, and smart young girl. Although her personality was not well shown, it is assumed she was very nice, as stated by Carol in ""The Grove"", who said that ""[Sophia] didn't have a mean bone in her body"". It can also be said that she was good at making friends, as she was close to Eliza Morales and Carl Grimes, who seemed to care about her deeply. Pre-Apocalypse Douglas County, Georgia, United States Sophia was born in 1998 and grew up under the loving care of her mother and the verbal and physical abuse of her father, who consistently neglected her. When she was an infant, Sophia used to wake up at 3:00 a.m. every morning and cry, c"
ac9e00c694b7,Gabriel,Mission: Impossible,species: Human | gender: Male | status: Deceased,"As a result, Ethan was blamed for Marie's death and only escaped prison by becoming a member of the Impossible Mission Force. Gabriel's right-hand woman Paris killed the buyer, only for him to not have the key, as it had been swiped from Hunt by Grace, a pickpocket employed by the White Widow to recover the other half of it. After all of them were brought before the White Widow, Gabriel revealed that it mattered not who the White Widow chose to give the key to, as by the Entity's calculations, Gabriel would still obtain the key on the Orient Express as long as he killed either Ilsa or Grace.","Gabriel is one of the two secondary antagonists (alongside Solomon Lane) of the Mission: Impossible franchise, serving as one of the two main antagonists (alongside The Entity) of the 2023 global blockbuster action/thriller film Mission: Impossible Dead Reckoning and the secondary antagonist of it's 2025 sequel Mission: Impossible - The Final Reckoning. He was a mysterious terrorist who served as the liaison of the cryptic artificial intelligence known as the Entity and seeks to recover the key to its secret. After failing to retrieve the key, Gabriel was disavowed by the AI and sought to gain control of the Entity himself. He is also an old adversary of IMF agent Ethan Hunt and had a role to play in how he became the heroic secret agent he is today. Biography Past In 1989, Gabriel was responsible for killing a woman named Marie whom Ethan Hunt was involved with - thus earning Ethan's enmity in the process. As a result, Ethan was blamed for Marie's death and only escaped prison by "
55d9f0068a40,Tony,Ozark,status: Deceased | gender: Male,He later gets killed by Nelson on Helen's orders.,Tony is a recurring character in the series. About Tony is a guy he works at a convenience store. He's visited by Ash to do business with the Snells. He later gets killed by Nelson on Helen's orders.
5c8bdf7f5e18,Funshine,Stranger Things,"status: Deceased | born: Between and | gender: Male | appearances: 9, 15 | died: Between and","After they successfully killed one of their targets, they were quickly pursued by the police. Death 
Sometime before or around 1987, Funshine and the other members of the gang were killed by the military as Dr.","Funshine, portrayed by Kai Greene, was a recurring character in the second season of Stranger Things. He was a member of Kali's gang. History Background At some point, Funshine met Kali and became a member of her gang, along with Mick, Axel, and later Dottie. The gang would pursue and kill the people from their pasts who had wronged them. 1984 On October 29, 1984, the gang had traveled to Pittsburgh, Pennsylvania. After they successfully killed one of their targets, they were quickly pursued by the police. After entering a tunnel, Kali used her abilities to manipulate an officer into believing the tunnel had collapsed, allowing them to get away by causing a massive car crash. The gang then fled to Chicago, residing in an abandoned warehouse. When Eleven came to the warehouse in search of Kali, Funshine watched as Axel threatened her with a knife after she had revealed an image of Kali she possessed. After speaking with Eleven, Kali decided that they should use Eleven’s powers"
4e0eeaee9ff7,Mind-Droid,The Boys,species: Supe | gender: Male | status: Deceased | cause of death: Decapitated with a shovel by Billy Butcher,"History 
Mind-Droid is a modern version of the superhero ManBot, a deceased member of The Avenging Squad. When Crimson Countess is killed by Billy Butcher, his teammate Swatto asks him what's wrong with her, but horrified, says he can't read her mind, literally as if she had been turned off. When Stormfront coldly brushes Crimson Countess' death away and tells them to continue, Mind-Droid tries to argue, citing that unlike him, a literal Nazi, none of them had ever killed before.","Mind-Droid is a minor antagonist of the superhero-drama comic series The Boys. A member of Payback, he was in a romantic relationship with Crimson Countess. Seen as a robotic superhero, he was actually a human in robotic suit. History Mind-Droid is a modern version of the superhero ManBot, a deceased member of The Avenging Squad. According to James Stillwell, Mind-Droid, along with the other members of Payback, has made multiple attempts to join the Seven. Mind-Droid first appears in Tek Knight's flashback, as he recalls that because of his overwhelming desire to have sex with anything (due to a large brain tumour) he attempted to rape Mind-Droid in the middle of an air mission, leading to his suspension from Payback. Mind-Droid is one of the many participants in the annual Herogasm event, where he is horrified to learn from Jack from Jupiter that Crimson Countess has been cheating on him with team member Stormfront. Along with the rest of Payback, he confronts James Stillwell abou"
f74d9fc9e175,Feng Huan,Prison Break,played by: Ron Yuan | death: 2005 | gender: Male,"However, his efforts to acquire Scylla are thwarted, and he is killed by Agent Miriam Holtz. Notes and refences

Category:Season 4 characters
Category:Criminals
Category:Killers
Category:Deceased characters
Category:Masterminds
Category:Season 4 antagonists","Feng Huan was a Chinese businessman interested in purchasing Scylla from Cole Pfeiffer (Theodore ""T-Bag"" Bagwell) and Gretchen. He has little or no remorse for any associates who fail him. However, his efforts to acquire Scylla are thwarted, and he is killed by Agent Miriam Holtz. Biography Season 4 Appearances Behind the scenes The character was called Feng Huan in the Press Releasehttp://spoilertv-prisonbreak.blogspot.nl/2008/10/episode-407-and-408-cast-list.html. Notes and refences Category:Season 4 characters Category:Criminals Category:Killers Category:Deceased characters Category:Masterminds Category:Season 4 antagonists"
756b8b66a9a9,Morimoto,Fast & Furious,status: Deceased | gender: Male | actor: Leonardo Nam | DOD: Fall 2014,"As the chase continues, Morimoto seeks a chance to ram into Sean's car and repeatedly tries to slam him against the wall, but is forced to avoid the oncoming traffic, only to end up running into oncoming cars from the other side of the road; Morimoto could only scream in fear before he crashes his car into a Toyota Aristo, and is consequently killed as a pileup involving 4 other cars in the aftermath, a Subaru Forester, a Mazda RX-8, a Mazda 626, and a minvan ram into his vehicle. Relationships

 Allies 
Yakuza
Takashi
Kamata

 Enemies 
Han Seoul-Oh
Sean Boswell
Twinkie 
Neela

Vehicles Driven
 Film CarThe Fast and the Furious: Tokyo DriftNissan Fairlady Z33

Category:Characters
Category:The Fast and the Furious: Tokyo Drift Characters
Category:Deceased
Category:Street racers
Category:Anta","Morimoto was a street racer and close friend to Takashi. Biography The Fast and the Furious: Tokyo Drift Morimoto was a high-school student from Tokyo who often engaged in street racing at nights, driving a golden Nissan Fairlady Z33, and was also the right-hand of his best-friend and Tokyo's ""Drift King"" Takashi. As such, he was also part of Takashi's involvement with the Yakuza led by the latter's uncle Kamata. At somepoint, Morimoto along with Takashi come into conflict with the newly-arrived Sean Boswell after Takashi's ex-girlfriend Neela develops a crush on him. Morimoto then witnesses Takashi easily defeat Sean in a street race and mockingly laughs at Sean for damaging the car that he borrowed from Takashi's apparent business partner, Han Seoul-Oh. Soon enough, Morimoto begins to hassle Sean on several occasions and even beats up his friend Twinkie at school for allegedly stealing his phone. Eventually, Sean begins to adapt to street racing from Han's teaching and he ends up r"
852b9071d977,Danny Whizz-Bang,Peaky Blinders,born: c. 1889 | died: 1919 (aged 30) | status: Deceased,"He briefly returned from London during in late 1919 in order to break out Freddie Thorne from transportation to jail, but was killed shortly after by Billy Kimber. He is put down by Freddie and Thomas, who tells him, ""You're not an artillery shell, Danny, you're a man.""

During one of his psychotic outburst, he unwittingly killed an Italian man who seemed to have criminal ties. The man's brothers demand Danny's death in retaliation, so Thomas appears to shoot him at the end of the episode.","Daniel Owen, known as Danny Whizz-Bang, was a former comrade of Thomas Shelby and a loyal member of the Peaky Blinders. Danny fought alongside Tommy in the war, but departed Birmingham shortly after their return, relocating to London while allowing everyone in Birmingham to believe him to be dead. He briefly returned from London during in late 1919 in order to break out Freddie Thorne from transportation to jail, but was killed shortly after by Billy Kimber. Character History History Danny was a member of the Peaky Blinders who served in France as a private with Thomas Shelby and Freddie Thorne. After the war, he began suffering from violent psychotic episodes where he believed he was still at war, earning him the nickname ""whizz-bang,"" after a term Allied soldiers used during and after the First World War to describe the noise made by German artillery shells. Through Thomas's nightmares, it was revealed that Danny was in the same deep dugout as Freddie and Thomas. As the German Tu"
b6d6f1b447a6,Mary Alice,The Matrix,"died: July 27, 2022 (aged 85)","She portrayed The Oracle in The Matrix Revolutions, after the previous actor, Gloria Foster died from diabetes.","Mary Alice Smith (December 3, 1936 – July 27, 2022) known professionally as Mary Alice, was an American film, television, and stage actress. She portrayed The Oracle in The Matrix Revolutions, after the previous actor, Gloria Foster died from diabetes. The change of appearance in the movie was explained that the Oracle had to acquire a new shell, because The Merovingian had deletion codes of her previous shell at his disposal. ru:Мэри Элис Category:Actors"
9beaca40a417,Alexi,Alien vs Predator,status: Deceased | species: Human (Formerly) Praetomorph | gender: Male,"He was later encountered by the elite unit known as the Jackals in one of Romashka Outpost's sewer tunnels, where he had been mutated into a malformed Praetomorph Stalker by the pathogen.EVAC

Appearances
EVAC

References

Category:EVAC characters
Category:Humans
Category:Scientists
Category:UPP citizens
Category:Deceased
Category:Mutants","Alexi was a specialist at the Romashka Outpost weapons development site on the Union of Progressive Peoples mining planet Shānmén. Biography Alexi was one of several physics professors, plasma engineers, and gunsmiths working under Kazimir Ilyasov at the outpost, where he served as Ilyasov's Assistant Engineer. Events on Shānmén During the mutagenic pathogen attack on Shānmén by a Juggernaut-class spaceship, Alexi went missing. He was later encountered by the elite unit known as the Jackals in one of Romashka Outpost's sewer tunnels, where he had been mutated into a malformed Praetomorph Stalker by the pathogen.EVAC Appearances EVAC References Category:EVAC characters Category:Humans Category:Scientists Category:UPP citizens Category:Deceased Category:Mutants"
64fc43652732,Anansi,Marvel Cinematic Universe,species: Human | gender: Male | DOD: September 2017 | actor: Sahr NgaujahDesmond Elisha Denis (young) | status: Deceased,"He was set on fire by Mariah Stokes, who eventually shot and killed him. McIver claimed that even if Stokes died, he was the only one who could take on Luke Cage and he needed powers for that. Anansi watched in horror as his friends and family were shot and killed around him.","Paul Mackintosh, also known as Anansi, was a Jamaican bushman who worked at and co-owned Gwen's and was the uncle and mentor of Bushmaster. He was set on fire by Mariah Stokes, who eventually shot and killed him. Biography Early Life Paul Mackintosh, otherwise known as Anansi, grew up in Jamaica. He often told stories to a little boy named John McIver, who had friends named Gideon Shaw and Sheldon. Saving John McIver's Life John McIver strolled the local market in Kingston when he was approached by Peter Stokes, who took out a gun and shot John at pointblank. Anansi rushed over to McIver and carried him across the jungle to a local bushwoman named Maddah Myrie. She took out Nightshade. Anansi asked if the substance would save him, but she told Anansi it would reveal him. McIver started screaming in pain as she used it, worrying Anansi. Eventually, his skin hardened and expelled the bullets. War for Harlem Life in New York Alongside his wife, Ingrid Mackintosh, Anansi opened Gwen"
c4dfe489e1fb,Saunders,James Bond 007,status: Deceased; crushed by Necros | portrayed: Thomas Wheatley,"As Saunders leaves the café, Necros, with precision timing, detonates an explosive device in the automatic sliding doors, causing the doors to slam shut with brute force, crushing Saunders to death instantly. Bond later finds a balloon saying ""Death to Spies"" and enraged, bursts it with his bare hands. Bond later avenges Saunders's murder by letting Necros fall to his death out of the back of a Cargo Plane over Afghanistan.","Saunders was the Head of Section ""V"" Vienna. An ally character portrayed by British actor, Thomas Wheatley, he appeared in the 1987 James Bond film, The Living Daylights. Biography Saunders is the mastermind behind General Koskov's defection, and is a rather typical British bureaucrat. He organized for Koskov to be smuggled from Czechoslovakia into Austria while supervising James Bond on sniper duty. He is offended when Bond changes the escape plan on his own, and fears not getting credit for planning the operation. He later threatens to tell M that Bond missed his shot at Kara Milovy on purpose. Following up on a lead James Bond gave him, Saunders meets Bond in a café at the Prater in Vienna to brief him on Whitaker and Koskov. His investigations have however made him a threat to Whitaker's plans and so Necros is sent to kill him. His murder is also meant to assure that British intelligence takes the apparently new ""Shmiert Shpionam"" seriously and falls for Whitaker's and Koskov's t"
d4d70c5ab141,M.B. Nash,Jurassic Park,"portrayed: Bruce A. Young | status: Deceased | died: July 16, 2001 | species: Human | gender: Male","He tried to crawl away, but was stepped on and crushed to death by the Spinosaurus' foot. (June 11, 2000)

In an early script written by Buchman, Udesky is the one who is originally killed by the Spinosaurus in the airplane crash. Trivia
When the Spinosaurus is attacking the plane, Nash's shotgun on his back changes to a rifle, then back to a shotgun before he is killed.","M.B. Nash was one of the mercenaries hired by Udesky to work for the Kirby family. He is a former master sergeant in some form of the U.S armed forces, according to his dog tags. He took Paul Kirby's satellite phone before he was eaten and devoured by the Spinosaurus. History He was the airplane pilot who flew the plane with the Kirbys to find Eric Kirby on Isla Sorna. Nash told Paul that he had spotted a landing strip, which caused Alan Grant to become upset. Alan tried to get to the front of the plane, but another mercenary named Cooper knocked him out. When Alan woke up, they had already landed. Alan left the plane and told Paul to make Amanda stop using a Loudhailer to call for her son Eric and her boyfriend, Ben Hildebrand. When Amanda asked why, Nash and Udesky came running out of the jungle. Nash quickly ran inside the plane and started it up as the others got inside. When Billy Brennan asked about Cooper, Udesky replied, ""Cooper's a professional! He can handle himself!"" As t"
e3109c8f8ec2,Abner Krill's Mother,DC Extended Universe,gender: Female | species: Human | status: Deceased | actor: Lynne Ashe,"She was eventually killed by Abner. Krill gathered the courage to kill his mother in self-defense when he felt that she was going to hurt him.The Suicide Squad - Deleted Scenes

Legacy

After her death, Abner hated his mother for what she did, having hallucinations seeing his mother in every face. When Polka-Dot Man was incarcerated in Belle Reve and joined Task Force X during the Corto Maltese mission, he imagined Starro as his mother but was killed afterwards.","The mother of Abner Krill was a former scientist of S.T.A.R. Labs, obsessed on turning her sons and daughters into superheroes. She was eventually killed by Abner. Biography Working for S.T.A.R. Labs Abner Krill's mother was a scientist who was obsessed on turning her sons and daughters into superheroes. Working for S.T.A.R. Labs, she infected Abner with an inter-dimensional virus that causes glowing polka dots and lumps to form on and under his skin, being the only survivor to the experiments. Krill gathered the courage to kill his mother in self-defense when he felt that she was going to hurt him.The Suicide Squad - Deleted Scenes Legacy After her death, Abner hated his mother for what she did, having hallucinations seeing his mother in every face. This was used by Polka-Dot Man to kill targets. When Polka-Dot Man was incarcerated in Belle Reve and joined Task Force X during the Corto Maltese mission, he imagined Starro as his mother but was killed afterwards. Relationships Fam"
a0b9e2c1a33f,Drove,The Hunger Games,gender: Male,"After Glimmer killed the District 6 female, Drove collided with her and took the bag away from her. Death
thumb|left|A corpse at the bloodbath played by the same stuntman. The cannon signaling his death, likely at the hands of the Careers, woke Katniss and Rue in the morning on day eight.The Hunger Games, Chapter 16 Katniss didn't realize who it had been until she saw his picture during that evening's anthem recap.","Drove was the male tribute from District 10 who participated in the 74th Hunger Games. Biography 74th Hunger Games Reaping Drove was one of the few tributes that caught Katniss's attention while watching back footage from the reapings, due to his ""crippled foot"".The Hunger Games, Chapter 3 However, his disability was not present in the film and was played by a stunt actor.The Hunger Games (film) Tribute Parade thumb|left|The District 10 tributes in their parade costumes. In the film, Drove first appeared in the Tribute Parade with his district partner. They both wore golden cowboy hats, shirts, and pants, representing District 10's livestock industry. Later, once the chariots were parked, they could be seen talking to each other behind the District 12 chariot. Training During training in the film, Drove was shown practicing with a staff against a trainer, dodging and hitting each other's weapons as Katniss watched, impressed. After Peeta threw a heavy weight, he and the District 5 m"
bf048571db36,Daniel Faraday,Lost,"Birth: late 1977 – early 1978 | Death: July 1977, after time jumps | DeathEp: ""The Variable"" | Actor: Jeremy Davies","He harbored romantic feelings for science team colleague Charlotte Lewis until her death from temporal displacement. Under unknown circumstances, he became a DHARMA Initiative scientist working in Ann Arbor but returned to the Island in 1977, where, after a frenzied attempt to change the past, he unwittingly was shot and killed by his mother, who was with The Others at the time. A being that undergoes time-transported consciousness, according to Daniel's explanation to Desmond, must identify a constant, something existing in both periods of time travel that can serve as an anchor for the being's consciousness; failure to find a constant results in instability of consciousness, and the resulting stress can lead to brain aneurysm  and eventual death.","Dr. Daniel Faraday was a physicist and professor who parachuted onto the Island from a helicopter sent by the freighter Kahana. He was distinguished by his polite demeanor and his scientific insight into the Island's mysterious properties. He was the son of Eloise Hawking and Charles Widmore, who were both former leaders of the Others. Faraday spent his entire adult life studying space-time. Daniel Faraday understood and explained how time travel would work, even according to real-world physics: ""Time is like a street. We can move forward, we can move in reverse, but we cannot ever create a new street. Whatever happened, happened.""Season 5, Episode 1: Because You Left This statement is the foundation of the whole 5th season, and it is never contradicted. His experiments with time travel debilitated his girlfriend and damaged his memory, forcing him to flee his Oxford professorship, but his illness was healed when he arrived on the Island. He harbored romantic feelings for science te"
5d87b5dce61e,Lester Morris,Supernatural,status: Deceased | actor: David Nykl,"Sam takes Lester to a crossroads and has him summon a crossroads demon into a devil's trap, but before Sam can intervene, Lester tells the demon Dar, that he wants his wife killed in retaliation. Category:Season 10 characters
Category:Humans
Category:Deceased
Category:Recurring Characters
Category:Characters who sold their soul
Category:Revenge Seekers","Lester Morris was a human who sold his soul to a crossroads demon. Biography History left|thumb|250x250px|Sam sitting in a bar talking to Lester Morris in flashback Lester's wife Mindy cheated on him by having a sexual relationship with someone in a bowling league. Distressed, Lester goes to drink in a bar where he is encountered by Sam, who offers him a way to solve his problem. Sam takes Lester to a crossroads and has him summon a crossroads demon into a devil's trap, but before Sam can intervene, Lester tells the demon Dar, that he wants his wife killed in retaliation. Season 10 thumb|250x250px|Demon Dean encounters Lester who ask why he is still here The demon Crowley gives Dean Winchester the task of killing Mindy, as a way of satisfying the Mark and fulfilling a task. Dean reluctantly agrees, somewhat, and goes to the house only to notice Lester parked outside. Dean enters the car, revealing his status as the demon hitman and asks why Lester is still here. Lester tells him th"
4b83c179d8f1,The Brothers Ferox,Spartacus,"first: S4E01: Dominus | last: S4E07: Deepest Wound | status: Deceased - Musicus, Balbus (Killed by Korris) Active - Satyrus | actor: Satyrus - Leigh GillMusicus - Mikey ThompsonBalbus - Daniel Bos",,"The Brothers Ferox are a half-men (dwarf) gladiator team comprising of the gladiators Satyrus, Musicus and Balbus from the House of Proculus who fight together in the arena. Appearance Personality House of Ashur References Category:Characters Category:House of Proculus Category:Gladiator"
05f02a43a540,Cameron Hayes,Sons of Anarchy,status: Deceased | cause of death: Strangled by Michael Casey | portrayed by: Jamie McShane | appearances: 12 Episodes (see below),"Cameron would become the Sons of Anarchy Motorcycle Club, Redwood Original's IRA point of contact after the death of McKeavy. Cameron betrayed the Sons, dealing to the Aryan Brotherhood behind their backs and after Edmond was killed, he would go rogue and kidnap the son of SAMCRO Vice President, Jackson ""Jax"" Teller and murder another SAMCRO member before fleeing back to Ireland. Cameron's wrongs would eventually catch up to him and he would be killed by his own for the chaos he had caused.","Cameron Hayes was a member of the True IRA on the FX original series Sons of Anarchy. Played by American actor Jamie McShane, Cameron makes his debut on the episode in season one. Playing a recurring role throughout the same and subsequent seasons. He served as a main antagonist in season two and the early episodes of season three, before meeting his demise in ""Oiled"". Biography Cameron Hayes had several cousins, including Michael McKeavey, Maureen Ashby, and the powerful IRA consigliere Father Kellan Ashby, as well as a son, Edmond, all of whom were involved with the IRA. He spent most of his time in Northern Ireland, rarely coming stateside. Nevertheless, he was wanted on four continents. Cameron would become the Sons of Anarchy Motorcycle Club, Redwood Original's IRA point of contact after the death of McKeavy. SAMCRO was a good customer of the IRA and would purchase automatic weapons from them to sell in the US. Cameron betrayed the Sons, dealing to the Aryan Brotherhood behind"
8200e1cc2c56,Harpe Brothers,Dexter,status: '''Deceased''' | gender: '''Male''' | actor: '''N/A''',"They are believed to have killed 39 people, and possibly as many as 50. As the Harpes' crimes gained notoriety, vigilante groups formed to avenge their victims, and they were eventually tracked down and executed around the turn of the century. Category:Deceased
Category:Deceased (Resurrection)
Category:Serial Killers
Category:Spree Killers
Category:Indexter
Category:Killing Teams","Micajah ""Big"" Harpe, born Joshua Harper (before 1768 – August 24, 1799), and Wiley ""Little"" Harpe, born William Harper (before 1770 – February 8, 1804), were American murderers, highwaymen and river pirates who operated in Tennessee, Kentucky, Illinois and Mississippi in the late 18th century. They are often considered the earliest documented serial killers in United States history. Loyal to the British Crown during the American Revolution, the Harpes became outlaws after the war and began robbing and killing settlers in the remote frontier west of the Appalachian Mountains. They are believed to have killed 39 people, and possibly as many as 50. As the Harpes' crimes gained notoriety, vigilante groups formed to avenge their victims, and they were eventually tracked down and executed around the turn of the century. Their savagery has since entered American folklore, appearing to have been motivated more by blood lust than financial gain. Though many accounts identify the two as ""broth"
ae06c6f336a3,Sierra,The 100,gender: Female | status: Deceased | cause of death: Mind wiped | portrayed by: Kat Ruston | seasons: Six,"Her husband's physical body is killed as Kane floats himself shortly thereafter. Relationships 

 Appearances 

 Quotes 

 Killed Victims 

 Notes and Trivia 

Her physical body suffered the same death in The Blood of Sanctum as her husband's body did in What You Take With You. Gallery 

 See Also 

 References 

Category:Female Characters
Category:Characters
Category:Recurring Characters
Category:Deceased
Category:Sanctumites
Category:Hosts
Category:Nightbloods","Sierra was a recurring character in the sixth season. She was portrayed by Kat Ruston and debuted in ""The Old Man and the Anomaly."" She was a royal guard for the Primes before being mind wiped to become Miranda Mason. Early life She was born in Sanctum with red blood. Being a null she couldn't become anyone special, so she became a royal guard. She at one point also married a man named Gavin. Throughout the Series In The Old Man and the Anomaly, she escorts her husband to Eligius IV as he volunteered to be the host for Marcus Kane. She spends one last moment with him before he literally becomes another person. In What You Take With You, Kane realizes she knew Gavin and asks Sierra what was her relationship to him. Sierra answers that Gavin was her husband, but that he was willing to give himself so Kane would keep living, believing that was his purpose. This only makes Kane angry. He has an outburst about the Primes hiding the truth from their people about how they murder the "
b07fa4d78176,Margrethe,Vikings,"actor: Ida Marie Nielsen | status: *Deceased | seasons: Season 4, Season 5 | first: ''The Outsider'' | last: ''Murder Most Foul''","Shaking in fear, Margrethe says that he's the most brutal man she's ever met and that he almost killed her. Back in Kattegat she still wants to be Queen and plots against Ivar causing her death. Gallery 

 Appearances 

fr:Margrethe
it:Margrethe
Category:Characters
Category:Female Characters
Category:Season 4 Characters
Category:Season 5 Characters
Category:Servants
Category:Princesses
Category:Deceased Characters
Category:House of Lothbrok
Category:Norwegian","Margrethe is a slave in Kattegat who is freed by Ubbe in order to marry her. Biography Season 4 Margrethe is a young teenage slave owned by Aslaug; her sons (apart from Ivar) all use her as a shared lover, something that Margrethe seems content with. She is first seen having sex with Ubbe inside a barn, while Ivar secretly watches. Smiling and satisfied, Ubbe asks for her name, which she provides, returning her answer with a small chuckle. Ivar continues to watch her as she has passionate sex in the forest, first with Hvitserk, then with Sigurd. Jealous, Ivar speaks to his brothers about losing his virginity to the same girl; Hvitserk replies that he can have sex with any slave he likes, while Ubbe insists on asking her since she is still a person and not livestock. Ivar gets his wish and the brothers procure Margrethe to have sex with him, leaving an insecure Ivar alone in bed. Margrethe approaches Ivar and tells him not to be afraid. She kisses him and he hesitantly kisses her ba"
6858282b72b9,Lyle Wainfleet,Avatar,"died: August 23, 2154 | status: Deceased | species: Human | gender: Male | portrayed: Matt Gerald | first: ''Avatar'' | last: ''Avatar: The Way of Water''","Fall of Hometree
When the Na'vi destroyed several bulldozers and killed the human soldiers on patrol in retaliation for the bulldozing of the Trees of Voices, one of the Omatikaya clan's most sacred places, Wainfleet reported the scene of the attack to Quaritch and Parker Selfridge, leading to the Fall of Hometree. However, after Pandora's local wildlife entered the fray, he was killed when a hammerhead titanothere rammed into his AMP suit and then crushed him under one of its feet. Lyle and Sean fought and died during the Battle of Ayram Alusìng.","Corporal Lyle Wainfleet was a human mercenary who worked for the RDA as a Sec-Ops corporal. As a member of Sec-Ops, Wainfleet's duties included guarding the Hell's Gate compound and commanding an AMP suit company. He also served as one of Trudy Chacón's door gunners on her Samson. In 2170, Wainfleet's duplicated consciousness was downloaded into a clone Recombinant body as part of Project Phoenix.Avatar: The Way of Water Biography Wainfleet was employed by the RDA as a Sec-Ops soldier. He eventually became second in command of the Hell's Gate security forces, serving directly under Colonel Miles Quaritch. Assisting SciOps (Avatar) thumb|left|250px|Wainfleet defending the avatar team. Wainfleet was present during various critical events during the hostile takeover of Pandora by the RDA. He was the additional non-avatar security on Dr. Grace Augustine's sample-collecting expedition. Originally assuming to be heading out with the science team, Grace dismissed him, feeling that ""one idi"
2561c0192955,Jack Fensky,Breaking Bad / Better Call Saul,Portrayed by: Billy Malone | Status: Deceased | Causeofdeath: Shot in the head by Mike Ehrmantraut,"Jack Fensky is a corrupt Philadelphia police officer who, alongside Troy Hoffman, murdered Matt Ehrmantraut and later attempted to kill his father, Mike, after he discovered their role in Matt's death. However, both Fensky and Hoffman became scared that Matt would rat them out, so they set up an ambush and shot Matt to death. The two covered their tracks perfectly and they were never suspected in murdering him and it was thought that Matt was killed by some junkie with a gun.","Jack Fensky is a corrupt Philadelphia police officer who, alongside Troy Hoffman, murdered Matt Ehrmantraut and later attempted to kill his father, Mike, after he discovered their role in Matt's death. History Background Jack Fensky was police sergeant of the Philadelphia Police department and was one of the many corrupt officers. He was a close comrade to Mike and Matt Ehrmantraut and Troy Hoffman. At some point, Hoffman offered Matt dirty money, which Matt denied. Fensky later pressed Matt on taking the money, which he did after a period of contemplation. However, both Fensky and Hoffman became scared that Matt would rat them out, so they set up an ambush and shot Matt to death. The two covered their tracks perfectly and they were never suspected in murdering him and it was thought that Matt was killed by some junkie with a gun. However, after months of investigation, Matt's father, Mike, put the pieces together and discovered Fensky and Hoffman were the real killers and set out to "
9718885e4fa6,John Scalise,Boardwalk Empire,Death: May 7 1929,,John Scalise with partner Albert Anselmi was one of the Chicago Outfit's most successful hitmen. Category:Gangsters Category:Criminals Category:Italian people Category:Chicago
d7d68b1fcba9,Wanahton,Westworld,status: Decommissioned (consciousness active in the Valley Beyond) | species: Host | gender: Male | actor: Martin Sensmeier | seasons: Season Two,,"Wanahton is a character in HBO's Westworld. He is a Host and member of the Ghost Nation. Wanahton is played by Martin Sensmeier. Background TBA Season Two TBA Personality TBA Relationships TBA Trivia Martin Sensmeier appeared in an episode of Season 1, The Original, beforehand playing an uncredited Native warrior. fr:Wanahton ru:Ванатон Category:Characters Category:Male characters Category:Hosts Category:Ghost Nation Category:Conscious Hosts"
cc243f74208c,Impactor TFP,Transformers,species: Cybertronian | status: Offline | gender: Male | first: ''Loose Cannons'' (mentioned),"History
Impactor died fighting during the Great War along with his fellow Wreckers. It is likely that this occurred before he perished, or possible that he survived and was only thought to be dead. References

Category:Wreckers
Category:Autobots
Category:Deceased Characters
Category:Characters

Category:Combiners
Category:Soldiers
Category:Possibly Deceased Characters
Category:Males
Category:Fall of Cybertron Autobots","Impactor is an Autobot Wrecker. He and his four Wrecker comrades form and combine into Ruination. History Impactor died fighting during the Great War along with his fellow Wreckers. His name was mentioned by Wheeljack in his conversation with Bulkhead.Loose Cannonsframe|left|Wait i'm still alive! In the Rage of the Dinobots comic, he is heard leading a small group of Autobot ships leaving Cybertron. It is likely that this occurred before he perished, or possible that he survived and was only thought to be dead. Trivia thumb|288px|The figure is based off his presumed appearance during the War for and Fall of Cybertron games.Despite only being mentioned in the series once, Impactor received a toy during an accompanying Transformers toyline at the same time of Transformers Prime's airing. References Category:Wreckers Category:Autobots Category:Deceased Characters Category:Characters Category:Combiners Category:Soldiers Category:Possibly Deceased Characters Category:Males Category:Fa"
f3a6bf7e77d6,Dickie Moltisanti,The Sopranos,"status: Deceased | gender: Male | portrayed by: Alessandro Nivola | dod: December, 1972 (aged 38), Newark, New Jersey","After a brief time during which he acted as a mentor to young Tony Soprano, Dickie was murdered in 1972 under the order of Junior. He also spent a few years in prison, where he had a feud with a gangster named Jilly Ruffalo, who murdered Dickie's cellmate. When his father denies hitting Giuseppina and insults both her and Lena, Dickie beats him to death in a rage.","alt=|thumb|Dickie visiting his uncle Sally Moltisanti and looking to accomplish a ""good deed"", New Jersey c. 1967 Richard ""Dickie"" Moltisanti, was a Soldier, and later Capo, in the DiMeo Crime Family, and the main character of The Many Saints of Newark. He married Joanne Moltisanti (née Blundetto) and they had a son, Christopher. Dickie was also a cousin of Carmela Soprano (née DeAngelis). After a brief time during which he acted as a mentor to young Tony Soprano, Dickie was murdered in 1972 under the order of Junior. Backstory Dickie was born to Aldo ""Hollywood Dick"" Moltisanti, and Lena Moltisanti, and had at least one brother. Hollywood Dick was abusive to both Dickie and his mother, he'd beat her in front of him, and sometimes pushed her down the stairs, something he would resent his father for, but still maintained a good relationship with him. Growing up, Dickie was good friends with Harold McBrayer, a local African-American boy, whom he played baseball with, he also became f"
15ea4bb74bc4,Thatcher Grey,Grey's Anatomy,"died: 2018; Seattle, Washington | status: Deceased | seasons: '''GA:''' 2, 3, 4, 5, 6, 7, and 15 | portrayed by: *Jeff Perry *John Ainsworth ''(flashback)''","(""Don't Stand So Close to Me"")

Family Dinner
When Ellis died, Susan and Thatcher came to the hospital to check on Meredith, to make sure she was okay. (""Scars and Souvenirs"")

Susan's Death
Thatcher came to the hospital with Susan when she had prolonged acid reflux and persistent hiccups. Despite their best efforts, she died in surgery.","Thatcher Grey was the father of Meredith, Lexie, and Molly Grey. He originally married Ellis Grey, but they divorced and he later married Susan Grey. History Early Life Very little is known about Thatcher Grey's history. At some point, he met and fell in love with Ellis Grey. After their wedding, they had Meredith Grey. When Meredith was five, Ellis left Thatcher. Some time after their divorce, he met Susan Grey, married her, and had two daughters (Lexie Grey and Molly Grey). He did not try to contact Meredith during the time of their 20-year estrangement. However, he remarried and when they ended up back at Seattle Grace Hospital when Molly was pregnant, Susan, Thatcher's new wife, encouraged them to bond. Meredith's Visit After the realization that she didn't want to make confessional tapes on her deathbed, Meredith looked up her father's address and went to visit him. She asked him why he didn't try harder to stay with her mother and why he just left. He asked if there was anythi"
