Name,URL,Image_URL,Indirect:,Episode count:,Born:,Last appears,Cellmate(s):,Eye color,Sex,Original Identity,Occupation,Death reason:,Shows,Cellmate(s),First appears:,Prison,Age,Sex:,First Appearance,Alias(es):,Family,Cause of death,Season(s):,Portrayed by,Affiliations,Last Appearance,Last appears:,Species:,Kills:,First appears,Death,Sentence,Status,Affiliations:,Prison:,Actor,Created by:,Portrayed by:,Status:,Hair color,Other names,Crime(s),Died:
"""Avocado"" Balz-Johnson (Pobeg)",https://prisonbreak.fandom.com/wiki/%22Avocado%22_Balz-Johnson_(Pobeg),,,,,,,,,,,,,,,,,,,,,,,,,,,,,,,,,,,,,,,,,,
"""Avocado"" Balz-Johnson (The Conspiracy)",https://prisonbreak.fandom.com/wiki/%22Avocado%22_Balz-Johnson_(The_Conspiracy),https://static.wikia.nocookie.net/prisonbreak/images/8/81/Avocado.jpg/revision/latest/scale-to-width-down/268?cb=20100527145134,,,,,,,,,,,,,,Fox River,,,,,,,,Unknown voice actor (Deutch) Unknown voice actor (French),,,,,,,,Unknown,Alive,,,,,,,,,Unknown,
A&W,https://prisonbreak.fandom.com/wiki/A%26W,https://static.wikia.nocookie.net/prisonbreak/images/3/31/A%26W.png/revision/latest/scale-to-width-down/268?cb=20170423044140,,8,,,,,,,,Neck broken by Theodore Bagwell,,,Ogygia,,,Female,,A&W,,,5,,,,Behind the Eyes,,2,,,,,,,,,Marina Benedict,Deceased,,,,2017
A.L. Bowen,https://prisonbreak.fandom.com/wiki/A.L._Bowen,https://static.wikia.nocookie.net/prisonbreak/images/d/d5/Male.jpg/revision/latest?cb=20100501194117,,,,(Name appears on stone),,,,,,,,,,,,,,,,,,,,,,,,(Name appears on stone),,,Alive,,,,,,,,,,
Abu Ramal,https://prisonbreak.fandom.com/wiki/Abu_Ramal,https://static.wikia.nocookie.net/prisonbreak/images/7/70/AbuRamal.png/revision/latest/scale-to-width-down/268?cb=20170514103857,,3,,,,,,,,Stabbed in the stomach by Whip,,,Kaniel Outis,,,Male,,,,,5,,,,The Prisoner's Dilemma,,,,,,,,Ogygia Prison,,,Numan Acar,Deceased,,,,2017
Accouncer,https://prisonbreak.fandom.com/wiki/Accouncer,https://static.wikia.nocookie.net/prisonbreak/images/5/55/Accouncer.jpg/revision/latest/scale-to-width-down/268?cb=20110312002759,,,,S.O.B.,,,,,,,,,,,,,,,,,,David Grant Wright,,,,,,S.O.B.,,,Alive,,,,,,,,,,
Adam Rabinowitz,https://prisonbreak.fandom.com/wiki/Adam_Rabinowitz,,,,,,,,,,,,,,,,,,,,,,,,,,,,,,,,,,,,,,,,,,
Adrian Rix,https://prisonbreak.fandom.com/wiki/Adrian_Rix,https://static.wikia.nocookie.net/prisonbreak/images/8/81/108-456.jpg/revision/latest/scale-to-width-down/268?cb=20090423132641,,,,""" The Old Head """,,,,,,,,,,,,,,,Lisa Rix - Wife (Deceased) L.J. Burrows - Stepson,,,,,,,,,""" Pilot """,,,Deceased,,,,,,,,,,
Adrian Rix (Pobeg),https://prisonbreak.fandom.com/wiki/Adrian_Rix_(Pobeg),,,,,,,,,,,,,,,,,,,,,,,,,,,,,,,,,,,,,,,,,,
Agatha Warren's sister (II),https://prisonbreak.fandom.com/wiki/Agatha_Warren%27s_sister_(II),,,,,,,,,,,,,,,,,,,,,,,,,,,,,,,,,,,,,,,,,,
Agatha Warren (Fox River character),https://prisonbreak.fandom.com/wiki/Agatha_Warren_(Fox_River_character),https://static.wikia.nocookie.net/prisonbreak/images/6/61/Female.jpg/revision/latest?cb=20100501200110,,,,The Key,,,,,,,,,,,,,,,,,,,,,,,,The Key,,,Alive,,,,,,,,,,
Agatha Warren (character),https://prisonbreak.fandom.com/wiki/Agatha_Warren_(character),https://static.wikia.nocookie.net/prisonbreak/images/7/75/PrisonBreakS04E24HDTVXviD-BiAavi028.jpg/revision/latest/scale-to-width-down/268?cb=20100424135015,Michael Scofield,2,,,,,,,,Trapped to wall by Gretchen Morgan,,,The Old Ball and Chain,,,Female,,,,,The Final Break,,,,Free,,,,,,,,Miami-Dade Penitentiary Women's Facility,,,Alicia Lagano,Deceased,,,,"2005 , Miami-Dade Penitentiary Women's Facility , Miami"
Air strip controller,https://prisonbreak.fandom.com/wiki/Air_strip_controller,https://static.wikia.nocookie.net/prisonbreak/images/4/47/122-321.jpg/revision/latest/scale-to-width-down/268?cb=20110213184602,,,,Flight,,,,,,,,,,,,,,,,,,Doug James,,,,,,Flight,,,Alive,,,,,,,,,,
Akinyek,https://prisonbreak.fandom.com/wiki/Akinyek,,,,,,,,,,,,,,,,,,,,,,,,,,,,,,,,,,,,,,,,,,
Aldo Burrows (Pobeg),https://prisonbreak.fandom.com/wiki/Aldo_Burrows_(Pobeg),,,,,,,,,,,,,,,,,,,,,,,,,,,,,,,,,,,,,,,,,,
Aldo Burrows (The Conspiracy),https://prisonbreak.fandom.com/wiki/Aldo_Burrows_(The_Conspiracy),https://static.wikia.nocookie.net/prisonbreak/images/c/c3/143839437.jpg/revision/latest/scale-to-width-down/268?cb=20101028102406,,,,Prison Break - The Conspiracy (Game),,,,,,,,,,,,,,,,,,Unknown voice actor (English),,,,,,Prison Break - The Conspiracy (Game),,,Alive,,,,,,,,,,
Alexei Chernov,https://prisonbreak.fandom.com/wiki/Alexei_Chernov,https://static.wikia.nocookie.net/prisonbreak/images/7/78/Image.jpg/revision/latest/scale-to-width-down/268?cb=20120310152952,,,,,,,,,,,,Fernando Sucre Unidentified Inmate (4) Unidentified Inmate (5) John Abruzzi,,Unnamed prison,,,,,,,,,,,,,,,,,,,,,,,,,,Escaping prison,
Alice Simms,https://prisonbreak.fandom.com/wiki/Alice_Simms,https://static.wikia.nocookie.net/prisonbreak/images/0/0d/PrisonBreakS04E23HDTVXviD-BiAavi045.jpg/revision/latest/scale-to-width-down/268?cb=20100424142330,,,,,,,,,,,,,,,,,,,,,,,,,,,,,,,Alive,,,,,,,,,,
Alison Hale (Pobeg),https://prisonbreak.fandom.com/wiki/Alison_Hale_(Pobeg),,,,,,,,,,,,,,,,,,,,,,,,,,,,,,,,,,,,,,,,,,
Allison Hale,https://prisonbreak.fandom.com/wiki/Allison_Hale,https://static.wikia.nocookie.net/prisonbreak/images/9/97/PrisonBreakS04E22HDTVXviD-LOLavi115.jpg/revision/latest/scale-to-width-down/268?cb=20100425135657,,,,Killing Your Number,,,,,,,,,,,,,,,,,,Jennifer Kern,,,,,,Odd Man Out,,,Alive,,,,,,,,,,
Alphonso Gallego,https://prisonbreak.fandom.com/wiki/Alphonso_Gallego,https://static.wikia.nocookie.net/prisonbreak/images/a/a6/Pb-312-6.jpg/revision/latest/scale-to-width-down/268?cb=20120608133554,,4,,,,,,,,,,,Bang and Burn,,,Male,,,,,3,,,,The Art of the Deal,,,,,,,,,,,,Alive,,,,
Amber McCall,https://prisonbreak.fandom.com/wiki/Amber_McCall,,,,,,,,,,,,,,,,,,,,,,,,,,,,,,,,,,,,,,,,,,
American Consul,https://prisonbreak.fandom.com/wiki/American_Consul,https://static.wikia.nocookie.net/prisonbreak/images/2/24/Vlcsnap-24281.png/revision/latest/scale-to-width-down/268?cb=20070922061832,,,,Orientación,,,,,,,,,,,,,,,,,,Charles van Eman [ 1 ],,,,,,Orientación,,,Alive,,,,,,,,,,
Amparo Vasquez,https://prisonbreak.fandom.com/wiki/Amparo_Vasquez,,,,,,,,,,,,,,,,,,,,,,,,,,,,,,,,,,,,,,,,,,
Andre Brennan,https://prisonbreak.fandom.com/wiki/Andre_Brennan,https://static.wikia.nocookie.net/prisonbreak/images/f/fe/Andre-brennan.jpg/revision/latest/scale-to-width-down/268?cb=20110505162958,,1,20 March 1961 [ 1 ],,,,,,,,,,One for the Money,,,Male,,Andrew,,,1,,,,One for the Money,,1 [ 2 ],,,,,,,,Mary Trahan Benjamin Klang,Richard Burgi . [ 3 ],Alive,,,,
Andrea,https://prisonbreak.fandom.com/wiki/Andrea,,,,,,,,Female,,Corrections Officer cadet,,,,,,,,,,,,,Georgie Flores,,,,,,,,,Alive,,,,,,,,,,
Andrew Blauner,https://prisonbreak.fandom.com/wiki/Andrew_Blauner,https://static.wikia.nocookie.net/prisonbreak/images/8/84/Normal_404-363.jpg/revision/latest/scale-to-width-down/268?cb=20100408183301,,,,Five the Hard Way,,,,,,,,,,,,,,,,,,Dameon Clarke,,,,,,Eagles and Angels,,,Deceased,,,,,,,,,,
Andrew Nelson,https://prisonbreak.fandom.com/wiki/Andrew_Nelson,,,,,,,,,,,,,,,,,Male,,,,,5,,,,,,,,,,,,Unnamed prison,,,,"Alive, serving",,,,
Andrew Tyge,https://prisonbreak.fandom.com/wiki/Andrew_Tyge,https://static.wikia.nocookie.net/prisonbreak/images/1/1d/Pphiopm-%27.jpg/revision/latest/scale-to-width-down/268?cb=20090407203813,1,2,,,,,,,,Stabbed,,,Interference,,,Male,,,,,3,,,,Photo Finish,,,,,,,,,,,Dominic Keating,Deceased,,,,2005
Andy Lerhop,https://prisonbreak.fandom.com/wiki/Andy_Lerhop,,,,,,,,,,,,,,,,,,,,,,,,,,,,,,,,,,,,,,,,,,
Ann Owens,https://prisonbreak.fandom.com/wiki/Ann_Owens,https://static.wikia.nocookie.net/prisonbreak/images/f/f8/Ann.jpg/revision/latest/scale-to-width-down/268?cb=20100220001454,,,,2x8,,,,,,,,,,,,,,,,,,Alexandra Lydon,,,,,,2x6,,,Alive,,,,,,,,,,
Ann Westmoreland,https://prisonbreak.fandom.com/wiki/Ann_Westmoreland,https://static.wikia.nocookie.net/prisonbreak/images/6/61/Female.jpg/revision/latest?cb=20100501200110,,,,(Mentioned only),,,,,,,,,,,,,,,,,,,,,,,,(Mentioned only),,,Deceased,,,,,,,,,,
Ann Westmoreland (The Conspiracy),https://prisonbreak.fandom.com/wiki/Ann_Westmoreland_(The_Conspiracy),https://static.wikia.nocookie.net/prisonbreak/images/6/61/Female.jpg/revision/latest?cb=20100501200110,,,,Prison Break - The Conspiracy (Game) (Mentioned only),,,,,,,,,,,,,,,,,,,,,,,,Prison Break - The Conspiracy (Game) (Mentioned only),,,Deceased,,,,,,,,,,
Anna Westmoreland,https://prisonbreak.fandom.com/wiki/Anna_Westmoreland,https://static.wikia.nocookie.net/prisonbreak/images/e/ef/Prisonbreaks01e18bluffsjs6.jpg/revision/latest/scale-to-width-down/268?cb=20111121153128,,,,None (last mentioned in 1x21 ),,,,,,,,,,,,,,,,,,( unknown actor ),,,,,,None (first mentioned in 1x11 ),,,Deceased,,,,,,,,,,
Artenio,https://prisonbreak.fandom.com/wiki/Artenio,,,,,,,,,,,,,,,,,,,,,,,,,,,,,,,,,,,,,,,,,,
Arthur Bradshaw,https://prisonbreak.fandom.com/wiki/Arthur_Bradshaw,,,,,,,,,,,Killed by Theodore Bagwell Hand cutt off by Theodore Bagwell,,,The Bag Man,,,Male,,,,,1,,,,The Bag Man,,,,,,,,,,,( unknown actor ),Deceased,,,,2011
Arthur Montana,https://prisonbreak.fandom.com/wiki/Arthur_Montana,,,,,,,,,,,,,,,,,,,,,,,,,,,,,,,,,,,,,,,,,,
Arturo,https://prisonbreak.fandom.com/wiki/Arturo,,,,,,,,,,,,,,,,,,,,,,,,,,,,,,,,,,,,,,,,,,
Arturo Majores,https://prisonbreak.fandom.com/wiki/Arturo_Majores,,,,,,,,,,,,,,,,,,,,,,,,,,,,,,,,,,,,,,,,,,
Augusto,https://prisonbreak.fandom.com/wiki/Augusto,https://static.wikia.nocookie.net/prisonbreak/images/a/ae/Pb_305_03.jpg/revision/latest/scale-to-width-down/268?cb=20100506180840,,,,,,,,,,,,,,,,,,,,,,F.J. Rio,,,,,,3x5,,,Alive,,,,,,,,,,
Background cast/Fox River,https://prisonbreak.fandom.com/wiki/Background_cast/Fox_River,,,,,,,,,,,,,,,,,,,,,,,,,,,,,,,,,,,,,,,,,,
Ballard,https://prisonbreak.fandom.com/wiki/Ballard,,Jason Buchanan Fox River inmate,1,,,,,,,,,,,Allen,,,Male,,,,,1,,,,Allen,,,,,,,,,,,( unknown actor ),Alive,,,,
Ballard (Sheriff),https://prisonbreak.fandom.com/wiki/Ballard_(Sheriff),,,,,,,,,,,,,,,,,,,,,,,,,,,,,,,,,,,,,,,,,,
Bank Manager,https://prisonbreak.fandom.com/wiki/Bank_Manager,,,,,,,,,,,,,,,,,,,,,,,,,,,,,,,,,,,,,,,,,,
Barman,https://prisonbreak.fandom.com/wiki/Barman,https://static.wikia.nocookie.net/prisonbreak/images/3/3a/Normal_407-724.jpg/revision/latest/scale-to-width-down/268?cb=20100408184239,,,,Five the Hard Way,,,,,,,,,,,,,,,,,,Hector Atreyu Ruiz,,,,,,Five the Hard Way,,,Alive,,,,,,,,,,
Barnwell,https://prisonbreak.fandom.com/wiki/Barnwell,,,,,,,,,,,,,,,,,,,,,,,,,,,,,,,,,,,,,,,,,,
Barry,https://prisonbreak.fandom.com/wiki/Barry,,,,,,,,,,,,,,,,,,,,,,,,,,,,,,,,,,,,,,,,,,
Bates,https://prisonbreak.fandom.com/wiki/Bates,https://static.wikia.nocookie.net/prisonbreak/images/4/4b/143839421.jpg/revision/latest/scale-to-width-down/268?cb=20101028102716,,,,Prison Break - The Conspiracy (Game),,,,,,,,,,,,,,,,,,Unknown voice actor (Spanish),,,,,,Prison Break - The Conspiracy (Game),,,Alive,,,,,,,,,,
Battaglia,https://prisonbreak.fandom.com/wiki/Battaglia,,,,,,,,,,,,,,,,,,,,,,,,,,,,,,,,,,,,,,,,,,
Becky Gerber,https://prisonbreak.fandom.com/wiki/Becky_Gerber,https://static.wikia.nocookie.net/prisonbreak/images/6/6b/Becky.JPG/revision/latest/scale-to-width-down/268?cb=20070923144112,,,,1x22,,,,,,,,,,,,,,,,,,Jennifer Joan Taylor,,,,,,1x4,,,Alive,,,,,,,,,,
Becky Gerber (Pobeg),https://prisonbreak.fandom.com/wiki/Becky_Gerber_(Pobeg),,,,,,,,,,,,,,,,,,,,,,,,,,,,,,,,,,,,,,,,,,
Becky Gerber (The Conspiracy),https://prisonbreak.fandom.com/wiki/Becky_Gerber_(The_Conspiracy),,,,,,,,,,,,,,,,,,,,,,,,,,,,,,,,,,,,,,,,,,
Beethoven,https://prisonbreak.fandom.com/wiki/Beethoven,,,,,,,,,,,,,,,,,,,,,,,,,,,,,,,,,,,,,,,,,,
Ben,https://prisonbreak.fandom.com/wiki/Ben,https://static.wikia.nocookie.net/prisonbreak/images/f/fa/Ben.JPG/revision/latest/scale-to-width-down/268?cb=20070924144030,,,,1x5,,,,,,,,,,,,,,,,,,Alan Wilder,,,,,,1x1,,,Alive,,,,,,,,,,
Benjamin Forsik,https://prisonbreak.fandom.com/wiki/Benjamin_Forsik,https://static.wikia.nocookie.net/prisonbreak/images/9/94/162.jpg/revision/latest/scale-to-width-down/268?cb=20110309054458,,1,,,,,,,,,,,Cute Poison,,,Male,,,,,1,,,,Cute Poison,,,,,,,,,,,John Judd,Alive,,,,
Benjamin Miles Franklin,https://prisonbreak.fandom.com/wiki/Benjamin_Miles_Franklin,https://static.wikia.nocookie.net/prisonbreak/images/c/cb/C-noteseason2.jpg/revision/latest/scale-to-width-down/268?cb=20110711133125,,,,5x8,,,,,,,,,,Fox River,,,,,,,,Rockmond Dunbar Tobias Kluckert [ 1 ] (Deutsch),,,,,,Pilot,,8 Years,"Alive, freed",,,,,,,,,"Possession of Stolen Goods, Escape from a Federal Incarceration Facility",
Benjamin Miles Franklin (Pobeg),https://prisonbreak.fandom.com/wiki/Benjamin_Miles_Franklin_(Pobeg),,,,,,,,,,,,,,,,,,,,,,,,,,,,,,,,,,,,,,,,,,
Benjamin Miles Franklin (The Conspiracy),https://prisonbreak.fandom.com/wiki/Benjamin_Miles_Franklin_(The_Conspiracy),https://static.wikia.nocookie.net/prisonbreak/images/2/22/Benjamin_Miles_Franklin.png/revision/latest/scale-to-width-down/267?cb=20100527143945,,,,,,,,,,,,,,Fox River,,,,,,,,Rockmond Dunbar (English) Unknown voice actor (Deutch),,,,,,,,8 years,Alive,,,,,,,,,Possession of Stolen Goods Escaping prison,
Benjamin O'Toole,https://prisonbreak.fandom.com/wiki/Benjamin_O%27Toole,,,,,,,,,,,,,,,,,,,,,,,,,,,,,,,,,,,,,,,,,,
Big Money Sonny,https://prisonbreak.fandom.com/wiki/Big_Money_Sonny,,,,,,,,,,,,,,,,,,,,,,,,,,,,,,,,,,,,,,,,,,
Billy,https://prisonbreak.fandom.com/wiki/Billy,https://static.wikia.nocookie.net/prisonbreak/images/d/d5/Male.jpg/revision/latest?cb=20100501194117,,,,None (mentioned in 2x6 ),,,,,,,,,,,,,,,,,,,,,,,,None (mentioned in 2x6 ),,,Unknown,,,,,,,,,,
Black Hitman,https://prisonbreak.fandom.com/wiki/Black_Hitman,https://static.wikia.nocookie.net/prisonbreak/images/a/a0/Prison-break-the-conspiracy-xbox-360-045.jpg/revision/latest/scale-to-width-down/268?cb=20100517202527,,,,Prison Break - The Conspiracy (Game),,,,,,,,,,,,,,,,,,,,,,,,Prison Break - The Conspiracy (Game),,,Alive,,,,,,,,,,
Blake,https://prisonbreak.fandom.com/wiki/Blake,,,,,,,,,,,,,,,,,,,,,,,,,,,,,,,,,,,,,,,,,,
Blonde,https://prisonbreak.fandom.com/wiki/Blonde,,,,,,,,,,,,,,,,,,,,,,,,,,,,,,,,,,,,,,,,,,
Blue Hawaii,https://prisonbreak.fandom.com/wiki/Blue_Hawaii,,,2,,,,,,,,,,,Phaecia (episode),,,Male,,,,,5,,,,Behind The Eyes (episode),,,,,,,,,,,Duncan Ollerenshaw,Alive,,,,
Blue Philips,https://prisonbreak.fandom.com/wiki/Blue_Philips,https://static.wikia.nocookie.net/prisonbreak/images/f/f9/3439.jpg/revision/latest/scale-to-width-down/268?cb=20100421172243,,,,,,,,,,,,,,,,,,,,,,,,,,,,,,,Alive,,,,,,,,,,
Bo,https://prisonbreak.fandom.com/wiki/Bo,https://static.wikia.nocookie.net/prisonbreak/images/6/6f/Bo.jpg/revision/latest/scale-to-width-down/268?cb=20100330195237,,,,Brother's Keeper,,,,,,,,,,,,,,,,,,Jason Wells,,,,,,Cell Test,,,Alive,,,,,,,,,,
Bo Cowler,https://prisonbreak.fandom.com/wiki/Bo_Cowler,https://static.wikia.nocookie.net/prisonbreak/images/f/f0/Cowler1-1.jpg/revision/latest/scale-to-width-down/268?cb=20110715162942,1,2,,,,,,,,,,,The Old Ball and Chain,,,Female,,,,,The Final Break,,,,Free,,,,,,,,,,,Aisha Winds,Alive,,,,
Bob Dixon,https://prisonbreak.fandom.com/wiki/Bob_Dixon,https://static.wikia.nocookie.net/prisonbreak/images/1/1e/BobDixon.jpg/revision/latest/scale-to-width-down/267?cb=20120319171246,,1,,,,,,,,,,,Double Down,,,Male,,,,,2,,,,Double Down,,,,,,,,,,,Dominic Keating,Alive,,,,
Bob Hudson,https://prisonbreak.fandom.com/wiki/Bob_Hudson,https://static.wikia.nocookie.net/prisonbreak/images/a/a2/Pb_hudson.jpg/revision/latest?cb=20070302192845,11,2,29 may 1976,,,,,,,Stabbed by Theodore Bagwell,,,"Riots, Drills and the Devil, Part 1",,,Male,,,,,"1 , 2",,,,Fin Del Camino,,,,,,,,,,Nick Santora,Michael Cudlitz,Deceased,,,,"2005 , Illinois , Alabama , Fox River"
Bob Hudson's daughter,https://prisonbreak.fandom.com/wiki/Bob_Hudson%27s_daughter,,,,,,,,,,,,,,,,,,,,,,,,,,,,,,,,,,,,,,,,,,
Bob Hudson (Pobeg),https://prisonbreak.fandom.com/wiki/Bob_Hudson_(Pobeg),,,,,,,,,,,,,,,,,,,,,,,,,,,,,,,,,,,,,,,,,,
Bob Hudson (The Conspiracy),https://prisonbreak.fandom.com/wiki/Bob_Hudson_(The_Conspiracy),https://static.wikia.nocookie.net/prisonbreak/images/d/d5/Male.jpg/revision/latest?cb=20100501194117,,,,Prison Break - The Conspiracy (Game),,,,,,,,,,,,,,,,,,,,,,,,Prison Break - The Conspiracy (Game),,,Unknown,,,,,,,,,,
Bobbo,https://prisonbreak.fandom.com/wiki/Bobbo,,,,,,,,,,,,,,,,,,,,,,,,,,,,,,,,,,,,,,,,,,
Brad Bellick,https://prisonbreak.fandom.com/wiki/Brad_Bellick,https://static.wikia.nocookie.net/prisonbreak/images/c/c4/B_20279.jpg/revision/latest/scale-to-width-down/268?cb=20120411210858,Unknown,63,1965,,,Brown,,,,Drowned,,,Pilot,,,Male,,,,,"1 , 2 , 3 , 4",,,,Greatness Achieved Death The Legend Corpse,,3,,,,,Henry Pope Michael,Fox River Unnamed Prison Sona,,Paul Scheuring,Wade Williams Jan Spitzer [ 1 ] (Deutch),Deceased,,,,2005
Brad Bellick (The Conspiracy),https://prisonbreak.fandom.com/wiki/Brad_Bellick_(The_Conspiracy),https://static.wikia.nocookie.net/prisonbreak/images/7/74/Brad_Bellick.png/revision/latest/scale-to-width-down/268?cb=20100527144130,,,,Prison Break - The Conspiracy (Game),,,,,,,,,,,,,,,,,,Wade Williams (English) Unknown voice actor (Deutch) Unknown voice actor (Spanish),,,,,,Prison Break - The Conspiracy (Game),,,Alive,,,,,,,,,,
Brian Anderson,https://prisonbreak.fandom.com/wiki/Brian_Anderson,,,,,,,,,,,,,,,,,,,,,,,,,,,,,,,,,,,,,,,,,,
Brian Finklestein,https://prisonbreak.fandom.com/wiki/Brian_Finklestein,,,,,,,,,,,,,,,,,,,,,,,,,,,,,,,,,,,,,,,,,,
Bruce Bennett,https://prisonbreak.fandom.com/wiki/Bruce_Bennett,https://static.wikia.nocookie.net/prisonbreak/images/d/db/Bruce_Bennett.png/revision/latest/scale-to-width-down/268?cb=20110713211705,,,,4x3,,,,,,,,,,,60’s,,,,,Shot in the back of the head by Wyatt Mathewson,,Wilbur Fitzgerald,,,,,,2x5,2005,,Deceased,,,,,,,Gray,,,
Bryant C. Bishop,https://prisonbreak.fandom.com/wiki/Bryant_C._Bishop,,,,,,,,,,,,,,,,,,,,,,,,,,,,,,,,,,,,,,,,,,
Bullock,https://prisonbreak.fandom.com/wiki/Bullock,https://static.wikia.nocookie.net/prisonbreak/images/3/34/114-015.jpg/revision/latest/scale-to-width-down/268?cb=20100427144136,,,,,,,,,,,,,,,,,,,,,,,,,,,,The Rat,,,Alive,,,,,,,,,,
C-Note's contact,https://prisonbreak.fandom.com/wiki/C-Note%27s_contact,https://static.wikia.nocookie.net/prisonbreak/images/d/d5/Male.jpg/revision/latest?cb=20100501194117,,,,Prison Break - The Conspiracy (Game),,,,,,,,,,Fox River,,,,,,,,,,,,,,Prison Break - The Conspiracy (Game),,(Unknown),Deceased,,,,,,,,,(Crimes in prison; unknown),
Cab Driver,https://prisonbreak.fandom.com/wiki/Cab_Driver,,,,,,,,,,,,,,,,,,,,,,,,,,,,,,,,,,,,,,,,,,
Cabe Green,https://prisonbreak.fandom.com/wiki/Cabe_Green,,,,,,,,,,,,,,,,,,,,,,,,,,,,,,,,,,,,,,,,,,
Callahan,https://prisonbreak.fandom.com/wiki/Callahan,,,,,,,,,,,,,,,,,,,,,,,,,,,,,,,,,,,,,,,,,,
Calvin Ballester,https://prisonbreak.fandom.com/wiki/Calvin_Ballester,,,,,,,,,,,,,,,,,,,,,,,,,,,,,,,,,,,,,,,,,,
Cameron Mahone,https://prisonbreak.fandom.com/wiki/Cameron_Mahone,https://static.wikia.nocookie.net/prisonbreak/images/b/b7/Normal_404-547.jpg/revision/latest/scale-to-width-down/268?cb=20100408181805,,2,2000,,,,,,,Shot by Wyatt Mathewson,,,Bad Blood,,,Male,,,,,"2 , 3 , 4",,,,Scylla,,,,,,,,,,,,Deceased,,,,2005
Candace Plum,https://prisonbreak.fandom.com/wiki/Candace_Plum,,,,,,,,,,,,,,,,,,,,,,,,,,,,,,,,,,,,,,,,,,
Carlos,https://prisonbreak.fandom.com/wiki/Carlos,https://static.wikia.nocookie.net/prisonbreak/images/3/39/Prson_brk_1.jpg/revision/latest/scale-to-width-down/268?cb=20110204014010,,,,Prison Break - The Classified FBI Files,,,,,,,,,,,,,,,,,,Luis Olmeda [ 2 ],,,,,,Disconnect,,,Alive,,,,,,,,Coyote's cousin [ 1 ],Working for Pedro Ramos with illegal events,
Carlos Vazquez,https://prisonbreak.fandom.com/wiki/Carlos_Vazquez,,,,,,,,,,,,,,,,,,,,,,,,,,,,,,,,,,,,,,,,,,
Carlos Zepeda,https://prisonbreak.fandom.com/wiki/Carlos_Zepeda,https://static.wikia.nocookie.net/prisonbreak/images/8/84/Odd_Man_Out_7.PNG/revision/latest/scale-to-width-down/268?cb=20110523215020,1,1,Unknown,,,,,,,,,,There are Rules,,,Male,,,,,1,,,,There are Rules,,,,,,,,,,Nick Santora,,Alive,,,,
Carole Mullen,https://prisonbreak.fandom.com/wiki/Carole_Mullen,,,,,,,,Female,,,,,,,,,,,,,,,Lili Taylor,,,,,,,,,Alive,,,,,,,,,,
Caroline Reynolds,https://prisonbreak.fandom.com/wiki/Caroline_Reynolds,https://static.wikia.nocookie.net/prisonbreak/images/9/9a/Caroline.jpg/revision/latest/scale-to-width-down/268?cb=20110715162842,,,,2x19,,,female,,Former President and Vice President of the United States of America,,,,,Unknown,,,,,Brother - Terrence Steadman,,,Patricia Wettig,,,,,,1x2,,Unknown,Unknown,,,,,,,,The Bitch (By Michael and Lincoln),Terrorism,
Caroline Reynolds' granddaughter,https://prisonbreak.fandom.com/wiki/Caroline_Reynolds%27_granddaughter,,,,,Allen,,,,,,,,,,,,,,,"Caroline Reynolds (Grandmother), Brother",,,Ashley Boetcher,,,,,,Allen,,,Alive,,,,,,,,,,
Caroline Reynolds's grandson,https://prisonbreak.fandom.com/wiki/Caroline_Reynolds%27s_grandson,,,,,,,,,,,,,,,,,,,,,,,,,,,,,,,,,,,,,,,,,,
Caroline Reynolds (Pobeg),https://prisonbreak.fandom.com/wiki/Caroline_Reynolds_(Pobeg),https://static.wikia.nocookie.net/prisonbreak/images/c/ce/CarolineReynolds.jpg/revision/latest/scale-to-width-down/268?cb=20111026093642,,,,,,,,,,,,,,,,Female,,,,,"1 , 2",,,,,,1,,,,,,,,,,Alive,,,,
Scott Carruth,https://prisonbreak.fandom.com/wiki/Carruth,https://static.wikia.nocookie.net/prisonbreak/images/5/53/19.JPG/revision/latest/scale-to-width-down/268?cb=20100418172801,,2,,,,,,,,Shot by Alexander Mahone,,,Going Under,,,Male,,Lawrence Wilcott,,,4,,,,The Sunshine State,,,,,,,,,,,Titus Welliver,Deceased,,,,2005
Cassidy Collins,https://prisonbreak.fandom.com/wiki/Cassidy_Collins,,,,,,,,Female,,Corrections officer,,,,,,,,,,,,,Emily Browning,,,,,,,,,Alive,,,,,,,,,,
Chaco,https://prisonbreak.fandom.com/wiki/Chaco,https://static.wikia.nocookie.net/prisonbreak/images/4/40/Vlcsnap-12356523.jpg/revision/latest/scale-to-width-down/268?cb=20110113170053,,,,Sona,,,,,,,,,,,,,,,,,,,,,,,,Sona,,,Alive,,,,,,,,,,
Chapel Priest,https://prisonbreak.fandom.com/wiki/Chapel_Priest,,,,,,,,,,,,,,,,,,,,,,,,,,,,,,,,,,,,,,,,,,
Charles Patoshik,https://prisonbreak.fandom.com/wiki/Charles_Patoshik,https://static.wikia.nocookie.net/prisonbreak/images/e/ee/Prison-break-mitchell74.jpg/revision/latest?cb=20110115105402,,12,,,Michael Scofield ( Cell 40 ),,,,,Suicide by jumping (on Mahone 's orders),,,Cell Test,,,Male,,Haywire Billy [ 1 ],,,"PB : 1 , 2 , 3 , 4",,,,Going Under (Picture only),,3,,,,,,Fox River,,Michael Pavone,Silas Weir Mitchell Michael Deffert [ 2 ] (Deutch),Deceased ( Source ),,,,2005
Charles Patoshik (Pobeg),https://prisonbreak.fandom.com/wiki/Charles_Patoshik_(Pobeg),https://static.wikia.nocookie.net/prisonbreak/images/3/34/CharlesPatoshikPobeg.jpg/revision/latest/scale-to-width-down/268?cb=20111026093845,,,,,,,,,,,,,,,,Male,,,,,1,,,,,,,,,,,,,,,,Alive,,,,
Charles Patoshik (The Conspiracy),https://prisonbreak.fandom.com/wiki/Charles_Patoshik_(The_Conspiracy),https://static.wikia.nocookie.net/prisonbreak/images/c/c9/Galerie_Prison_Break_-_The_Conspiracy_126955293577.jpg/revision/latest/scale-to-width-down/268?cb=20110115130123,,,,,,,,,,,,Michael Scofield ( Cell 40 ),,Fox River,,,,,,,,Unknown voice actor (Deutch),,,,,,,,(Unknown),Alive,,,,,,,,,(Crimes in prison; Unknown),
Charles Westmoreland,https://prisonbreak.fandom.com/wiki/Charles_Westmoreland,https://static.wikia.nocookie.net/prisonbreak/images/4/48/250px-Pb_westmoreland.jpg/revision/latest?cb=20070302152951,,18,1946,,,,,,,Fell on glass and bled to death.,,,Pilot,,,Male,,,,,"1 , 2 , 4",,,,Going Under,,,,,,,,,,Paul Scheuring,Muse Watson,Deceased,,,,"May 27, 2005 , Fox River"
Charles Westmoreland (Pobeg),https://prisonbreak.fandom.com/wiki/Charles_Westmoreland_(Pobeg),,,,,,,,,,,Killed by Brad Bellick,,,,,,Male,,,,,1,,,,,,,,,,,,,,,,Deceased,,,,
Charles Westmoreland (The Conspiracy),https://prisonbreak.fandom.com/wiki/Charles_Westmoreland_(The_Conspiracy),https://static.wikia.nocookie.net/prisonbreak/images/6/6e/T_df5aa9af.png/revision/latest?cb=20100528070209,,7,,,,,,,,,,,Chapter 1,,,Male,,,,,The Conspiracy,,,,Chapter 9,,,,,,,,Fox River,,,Unknown voice actor (English),Unknown,,,,
Charles Westmoreland Senior,https://prisonbreak.fandom.com/wiki/Charles_Westmoreland_Senior,https://static.wikia.nocookie.net/prisonbreak/images/d/d5/Male.jpg/revision/latest?cb=20100501194117,,,,(Mentioned only),,,,,,,,,,,,,,,,,,,,,,,,(Mentioned only),,,Unknown,,,,,,,,,,
Charlie Jenkins,https://prisonbreak.fandom.com/wiki/Charlie_Jenkins,,,,,,,,,,,,,,,,,,,,,,,,,,,,,,,,,,,,,,,,,,
Cheo,https://prisonbreak.fandom.com/wiki/Cheo,https://static.wikia.nocookie.net/prisonbreak/images/9/94/Pb_306_01.jpg/revision/latest/scale-to-width-down/268?cb=20100506180648,,6,,,,,,,,Stabbed and throat slit by Lechero,,,Orientación,,,Male,,,,,3,,,,Photo Finish,,,,,,,Lechero's gang,Sona,,,Curtis Wayne,Deceased,,,,"2005 , Sona"
Chet Bingham,https://prisonbreak.fandom.com/wiki/Chet_Bingham,,,,,,,,,,,,,,,,,,,,,,,,,,,,,,,,,,,,,,,,,,
Cheyenne,https://prisonbreak.fandom.com/wiki/Cheyenne,,,,,,,,Female,,Inmate,,,,,,,,,,,,,Kelli Berglund,,,,,,,,,Alive,,,,,,,,,,
Chi Chi,https://prisonbreak.fandom.com/wiki/Chi_Chi,https://static.wikia.nocookie.net/prisonbreak/images/3/33/Normal_ep220_087.jpg/revision/latest/scale-to-width-down/268?cb=20090423133812,,,,2x20,,,,,,,,,,,,,,,,,,Alex Meneses,,,,,,2x20,,,Deceased,,,,,,,,,,
Chicken Caesar,https://prisonbreak.fandom.com/wiki/Chicken_Caesar,https://static.wikia.nocookie.net/prisonbreak/images/4/40/The_Conspiracy_4.PNG/revision/latest/scale-to-width-down/268?cb=20110404193021,,,,,,,,,,,,,Chapter 4,,,Male,,,,,Prison Break: The Conspiracy,,,,Chapter 4,,,,,,,,Fox River,,,( unknown actor ),Unknown,,,,
Chris Franco,https://prisonbreak.fandom.com/wiki/Chris_Franco,https://static.wikia.nocookie.net/prisonbreak/images/1/18/Sito_prison_break_finale_01a.png/revision/latest/scale-to-width-down/267?cb=20100417215944,,,,Killing Your Number,,,,,,,,,,,,,,,,,,William Mapother,,,,,,Rate of Exchange,,,Alive,,,,,,,,,,
Christina Haberkern,https://prisonbreak.fandom.com/wiki/Christina_Haberkern,https://static.wikia.nocookie.net/prisonbreak/images/6/61/Female.jpg/revision/latest?cb=20100501200110,,,,Breaking and Entering,,,,,,,,,,,,,,,,,,( unknown actor ),,,,,,Breaking and Entering,,,Alive,,,,,,,,,,
Christina Scofield,https://prisonbreak.fandom.com/wiki/Christina_Scofield,https://static.wikia.nocookie.net/prisonbreak/images/6/60/416_sunshinestate_0012.jpg/revision/latest/scale-to-width-down/268?cb=20100611211847,,,1952,,,,,,,Shot by Sara Tancredi,,,The Sunshine State,,,Female,,,,,"1 , 2 , 3 , 4 , The Final Break",,,,Killing Your Number,,,,,,,,,,,,Deceased,,,,2005
Christina Scofield's bodyguard (I),https://prisonbreak.fandom.com/wiki/Christina_Scofield%27s_bodyguard_(I),https://static.wikia.nocookie.net/prisonbreak/images/d/d2/Bscap00001.jpg/revision/latest/scale-to-width-down/268?cb=20120824163718,,,,Rate of Exchange,,,,,,,,,,,,,,,,,,( unknown actor ),,,,,,Rate of Exchange,,,Deceased,,,,,,,,,,
Christina Scofield's bodyguard (II),https://prisonbreak.fandom.com/wiki/Christina_Scofield%27s_bodyguard_(II),,,,,,,,,,,,,,,,,,,,,,,,,,,,,,,,,,,,,,,,,,
Christina Scofield's sniper,https://prisonbreak.fandom.com/wiki/Christina_Scofield%27s_sniper,https://static.wikia.nocookie.net/prisonbreak/images/6/6f/PrisonBreakS04E18HDTVXviD-LOLavi-19.jpg/revision/latest/scale-to-width-down/268?cb=20110306123307,,2,,,,,,,,Attacked by a car by an unknown civilian,,,The Mother Lode,,,Male,,,,,4,,,,Versus,,,,,,,,,,Seth Hoffman,Billy Bussey,Deceased,,,,2005
Chuck,https://prisonbreak.fandom.com/wiki/Chuck,https://static.wikia.nocookie.net/prisonbreak/images/8/8f/Normal_ep203_054.jpg/revision/latest/scale-to-width-down/268?cb=20100426173957,,,,Scan,,,,,,,,,,,,,,,,,,,,,,,,Scan,,,Alive,,,,,,,,,,
Cindy,https://prisonbreak.fandom.com/wiki/Cindy,,,,,,,,,,,,,,,,,,,,,,,,,,,,,,,,,,,,,,,,,,
Claudia,https://prisonbreak.fandom.com/wiki/Claudia,,,,,,,,,,,,,,,,,,,,,,,,,,,,,,,,,,,,,,,,,,
Cliff Krauss,https://prisonbreak.fandom.com/wiki/Cliff_Krauss,,,,,,,,,,,,,,,,,,,,,,,,,,,,,,,,,,,,,,,,,,
Clozza,https://prisonbreak.fandom.com/wiki/Clozza,https://static.wikia.nocookie.net/prisonbreak/images/e/ed/Normal_404-093.jpg/revision/latest/scale-to-width-down/268?cb=20100408183721,,,,Eagles and Angels,,,,,,,,,,,,,,,,,,Dylan Kenin,,,,,,Eagles and Angels,,,Deceased,,,,,,,,,,
Coffee man,https://prisonbreak.fandom.com/wiki/Coffee_man,,,,,,,,,,,,,,,,,,,,,,,,,,,,,,,,,,,,,,,,,,
Cole Pfeiffer,https://prisonbreak.fandom.com/wiki/Cole_Pfeiffer,,,,,,,,,,,,,,,,,,,,,,,,,,,,,,,,,,,,,,,,,,
Colin,https://prisonbreak.fandom.com/wiki/Colin,,,,,,,,,,,,,,,,,,,,,,,,,,,,,,,,,,,,,,,,,,
Company Bodyguard,https://prisonbreak.fandom.com/wiki/Company_Bodyguard,https://static.wikia.nocookie.net/prisonbreak/images/3/3c/177540.jpg/revision/latest/scale-to-width-down/268?cb=20100805181942,,,,Under and Out,,,,,,,,,,,,,,,,,,( unknown actor ),,,,,,Under and Out,,,Alive,,,,,,,,,,
Company Guard,https://prisonbreak.fandom.com/wiki/Company_Guard,,,,,,,,,,,,,,,,,,,,,,,,,,,,,,,,,,,,,,,,,,
Company Hitman (I),https://prisonbreak.fandom.com/wiki/Company_Hitman_(I),https://static.wikia.nocookie.net/prisonbreak/images/6/69/Normal_401-949.jpg/revision/latest/scale-to-width-down/268?cb=20100803112337,,1,,,,,,,,Shot by Lincoln Burrows,,,Scylla,,,Male,,,,,4,,,,Scylla,,,,,,,,,,Matt Olmstead,( unknown actor ),Deceased,,,,
Company Hitman (II),https://prisonbreak.fandom.com/wiki/Company_Hitman_(II),https://static.wikia.nocookie.net/prisonbreak/images/8/82/PrisonBreakS04E17REPACKHDTVXviD--33.jpg/revision/latest/scale-to-width-down/268?cb=20100730185401,,,,The Mother Lode,,,,,,,,,,,,,,,,,,,,,,,,The Mother Lode,,,Deceased,,,,,,,,,"Killing a trucker , working for the Company",
Company worker (8),https://prisonbreak.fandom.com/wiki/Company_worker_(8),,,,,,,,,,,,,,,,,,,,,,,,,,,,,,,,,,,,,,,,,,
Company worker (9),https://prisonbreak.fandom.com/wiki/Company_worker_(9),,,,,,,,,,,,,,,,,,,,,,,,,,,,,,,,,,,,,,,,,,
Company worker (III),https://prisonbreak.fandom.com/wiki/Company_worker_(III),,,,,,,,,,,,,,,,,,,,,,,,,,,,,,,,,,,,,,,,,,
Conor Mara,https://prisonbreak.fandom.com/wiki/Conor_Mara,https://static.wikia.nocookie.net/prisonbreak/images/5/59/ConorMara.png/revision/latest/scale-to-width-down/268?cb=20110110155858,,,,,,,,,,,,,,,,,,,,,,Michael Wiseman,,,,,,,,,Alive,,,,,,,,,,
Conrad Dallow,https://prisonbreak.fandom.com/wiki/Conrad_Dallow,https://static.wikia.nocookie.net/prisonbreak/images/6/6c/Prison_Break_4x13_%2825%29.JPG/revision/latest/scale-to-width-down/268?cb=20100418114226,,,,Deal or No Deal,,,,,,,,,,,,,,,,,,,,,,,,Shut Down,,,Alive,,,,,,,,,,
Cooper Green,https://prisonbreak.fandom.com/wiki/Cooper_Green,https://static.wikia.nocookie.net/prisonbreak/images/2/2f/Normal_ep218_207.jpg/revision/latest/scale-to-width-down/268?cb=20100415173954,,,,2x19,,,,,,,,,,,,,,,,,,Kevin Dunn,,,,,,2x18,,,Alive,,,,,,,,,,
Courthouse C.O. (I),https://prisonbreak.fandom.com/wiki/Courthouse_C.O._(I),,,,,,,,,,,,,,,,,,,,,,,,,,,,,,,,,,,,,,,,,,
Coxsackie Correctional Facility guard,https://prisonbreak.fandom.com/wiki/Coxsackie_Correctional_Facility_guard,,,,,,,,,,,,,,,,,,,,,,,,,,,,,,,,,,,,,,,,,,
Coyote (Season 4),https://prisonbreak.fandom.com/wiki/Coyote_(Season_4),,,,,,,,,,,,,,,,,,,,,,,,,,,,,,,,,,,,,,,,,,
Crab Simmons,https://prisonbreak.fandom.com/wiki/Crab_Simmons,https://static.wikia.nocookie.net/prisonbreak/images/4/44/Normal_116-019.jpg/revision/latest/scale-to-width-down/268?cb=20101130123831,,,,Brother's Keeper,,,,,,,,,,,,,,,,,,Tab Baker,,,,,,Brother's Keeper,,,Deceased,,,,,,,,,,
Craig Renner,https://prisonbreak.fandom.com/wiki/Craig_Renner,,,,,,,,,,,,,,,,,,,,,,,,,,,,,,,,,,,,,,,,,,
Cristobal,https://prisonbreak.fandom.com/wiki/Cristobal,https://static.wikia.nocookie.net/prisonbreak/images/9/9c/Cristobal.jpg/revision/latest/scale-to-width-down/268?cb=20101214154205,,3,,,,,,,,Shot by Lechero,,,Bang and Burn,,,Male,,,,,3,,,,Dirt Nap,,,,,,,Sammy's gang,Sona,,,Rey Gallegos,Deceased,,,,2005
Cross,https://prisonbreak.fandom.com/wiki/Cross,,,2,,,,,,,,,,,The Liar,,,Male,,,,,5,,,,The Prisoner's Dilemma,,,,,,,,Ogygia Prison,,,TJ Ramini,Deceased,,,,
Cyclops,https://prisonbreak.fandom.com/wiki/Cyclops,https://static.wikia.nocookie.net/prisonbreak/images/4/44/Cyclops.jpg/revision/latest/scale-to-width-down/268?cb=20201214173425,,2,,,,,,,,,,,Kaniel Outis,,,Male,,,,,5,,,,,,,,,,,,,,,Amin El Gamal,Unknown,,,,
Cyril Panin,https://prisonbreak.fandom.com/wiki/Cyril_Panin,https://static.wikia.nocookie.net/prisonbreak/images/7/74/Pobeg5.jpg/revision/latest/scale-to-width-down/268?cb=20110206133329,,,,,,,,,,,,,,Unnamed prison,,,,,,,,,,,,,,,,,Alive,,,,,,,,,Escaping prison,
Cyrus,https://prisonbreak.fandom.com/wiki/Cyrus,https://static.wikia.nocookie.net/prisonbreak/images/2/20/Normal_310caps-458.jpg/revision/latest/scale-to-width-down/268?cb=20100803111849,,3,,,,,,,,Shot by Lechero,,,Bang and Burn,,,Male,,,,,3,,,,Dirt Nap,,,,,,,Sammy's gang,Sona,,,,Deceased,,,,"2005 , Sona"
Daddy,https://prisonbreak.fandom.com/wiki/Daddy,https://static.wikia.nocookie.net/prisonbreak/images/8/8a/3440.jpg/revision/latest/scale-to-width-down/268?cb=20100421171420,Michael Scofield,2,,,,,,,,,,,The Old Ball and Chain,,,Female,,,,,The Final Break,,,,Free,,,,,,,,Miami-Dade Penitentiary Women's Facility,,,Lori Petty,Alive,,,,
Daddy's husband,https://prisonbreak.fandom.com/wiki/Daddy%27s_husband,,,,,,,,,,,,,,,,,,,,,,,,,,,,,,,,,,,,,,,,,,
Daddy's mother,https://prisonbreak.fandom.com/wiki/Daddy%27s_mother,,,,,,,,,,,,,,,,,,,,,,,,,,,,,,,,,,,,,,,,,,
Daddy's wife,https://prisonbreak.fandom.com/wiki/Daddy%27s_wife,,,,,,,,,,,,,,,,,,,,,,,,,,,,,,,,,,,,,,,,,,
Daniel Hale (Pobeg),https://prisonbreak.fandom.com/wiki/Daniel_Hale_(Pobeg),https://static.wikia.nocookie.net/prisonbreak/images/2/21/PobegHale.jpg/revision/latest?cb=20110219163129,,,,,,,,,,Shot by Paul Kellerman,,,,,,Male,,,,,,,,,,,,,,,,,,,,,Deceased,,,,
Danielle Curtin,https://prisonbreak.fandom.com/wiki/Danielle_Curtin,https://static.wikia.nocookie.net/prisonbreak/images/0/04/Danielle_Curtin.jpg/revision/latest/scale-to-width-down/268?cb=20111203112646,,,,,,,,,,,,,First Down,,,Female,,,,,2,,,,First Down,,,,,,,,,,,Demi Lovato,Alive,,,,
Danny Medina,https://prisonbreak.fandom.com/wiki/Danny_Medina,,,,,,,,,,,,,,,,,,,,,,,,,,,,,,,,,,,,,,,,,,
Darius 'Red' Lewis,https://prisonbreak.fandom.com/wiki/Darius_%27Red%27_Lewis,,,,,,,,Male,,Inmate,,,,,,,,,,Maze,,,Myles Bullock,,,,,,,,,Alive,,,,,,,,,,
Darius Morgan,https://prisonbreak.fandom.com/wiki/Darius_Morgan,,,,,,,,,,,,,,,,,,,,,,,Mike Jones,,,,,,,,,Alive,,,,,,,,,,
Darrin Hooks,https://prisonbreak.fandom.com/wiki/Darrin_Hooks,https://static.wikia.nocookie.net/prisonbreak/images/d/d4/3112.jpg/revision/latest/scale-to-width-down/268?cb=20100421171317,,1,,,,,,,,Stabbed by Donald Self,,,Cowboys and Indians,,,Male,,,,,4,,,,Cowboys and Indians,,,,,,,,,,,Ian Bohen,Deceased,,,,2005
Dave Walker,https://prisonbreak.fandom.com/wiki/Dave_Walker,,,,,,,,,,,,,,,,,,,,,,,,,,,,,,,,,,,,,,,,,,
"David ""Tweener"" Apolskis",https://prisonbreak.fandom.com/wiki/David_%22Tweener%22_Apolskis,https://static.wikia.nocookie.net/prisonbreak/images/f/fe/Prison6_des.jpg/revision/latest/scale-to-width-down/268?cb=20100730094509,Unknown,,1986-1987,,,,,,,Shot by Alexander Mahone,,,Tweener,,,Male,,Tweener (by everyone) Vanilla Ice kid (by Manche Sanchez ) Scott Kolbrenner Scott (by Debra Jean Belle ),,,"PB: 1 , 2 , 3 , 4 BK: 1",,,,Going Under,,,,,,,,Fox River,,Paul Scheuring,Lane Garrison David Turba [ 1 ] (Deutsch),Deceased,,,,"June 1, 2005"
David 'Tweener' Apolskis (Pobeg),https://prisonbreak.fandom.com/wiki/David_%27Tweener%27_Apolskis_(Pobeg),,,,,,,,,,,,,,,,,,,,,,,,,,,,,,,,,,,,,,,,,,
David Apolskis Sr.,https://prisonbreak.fandom.com/wiki/David_Apolskis_Sr.,,,,,,,,,,,,,,,,,,,,,,,,,,,,,,,,,,,,,,,,,,
David Baker,https://prisonbreak.fandom.com/wiki/David_Baker,https://static.wikia.nocookie.net/prisonbreak/images/0/0c/14.JPG/revision/latest/scale-to-width-down/268?cb=20100418173426,,,,The Legend,,,,,,,,,,,,,,,,,,Keith Szarabajka,,,,,,The Legend,,,Alive,,,,,,,,,,
Davis (The Classified FBI Files),https://prisonbreak.fandom.com/wiki/Davis_(The_Classified_FBI_Files),,,,,,,,,,,,,,,,,,,,,,,,,,,,,,,,,,,,,,,,,,
Dawn,https://prisonbreak.fandom.com/wiki/Dawn,,,,,,,,,,,,,,,,,,,,,,,,,,,,,,,,,,,,,,,,,,
Daylor,https://prisonbreak.fandom.com/wiki/Daylor,https://static.wikia.nocookie.net/prisonbreak/images/3/35/DefaultCA51KXGR.jpg/revision/latest?cb=20100507184516,,,,Prison Break - The Conspiracy (Game),,,,,,,,,,,,,,,,,,Unknown voice actor (English) Unknown voice actor 1 (Deutch) Unknown voice actor 2 (Deutch) Unknown voice actor (French),,,,,,Prison Break - The Conspiracy (Game),,,Alive,,,,,,,,,,
Debbie Myers,https://prisonbreak.fandom.com/wiki/Debbie_Myers,,,,,,,,,,,,,,,,,,,,,,,,,,,,,,,,,,,,,,,,,,
Debra Jean Belle,https://prisonbreak.fandom.com/wiki/Debra_Jean_Belle,https://static.wikia.nocookie.net/prisonbreak/images/a/af/Pb_Debra_Jean_Belle.jpg/revision/latest/scale-to-width-down/268?cb=20070923150145,,,,2x7,,,,,,,,,,,,,,,,,,Kristin Malko,,,,,,2x2,,,Alive,,,,,,,,,,
Dede Franklin,https://prisonbreak.fandom.com/wiki/Dede_Franklin,https://static.wikia.nocookie.net/prisonbreak/images/9/97/Normal_ep203_148.jpg/revision/latest/scale-to-width-down/268?cb=20100426175502,,,,,,,,,,,,,,,,,,,Benjamin Miles Franklin (father) Kacee Franklin (Mother),,,Helena Klevorn,,,,,,,,,Alive,,,,,,,,,,
Dee,https://prisonbreak.fandom.com/wiki/Dee,,,,,,,,,,,,,,,,,,,,,,,,,,,,,,,,,,,,,,,,,,
Degrassi,https://prisonbreak.fandom.com/wiki/Degrassi,,,,,,,,,,,,,,,,,,,,,,,,,,,,,,,,,,,,,,,,,,
Denise,https://prisonbreak.fandom.com/wiki/Denise,https://static.wikia.nocookie.net/prisonbreak/images/2/24/Normal_prisonbreak_213_079.jpg/revision/latest/scale-to-width-down/268?cb=20100415180542,,,,,,,,,,Killed by Theodore Bagwell,,,The Killing Box,,,Female,,,,,2,,,,The Killing Box,,,,,,,,,,,Sylva Kelegian,Deceased,,,,2005
Derrick Sweeney,https://prisonbreak.fandom.com/wiki/Derrick_Sweeney,https://static.wikia.nocookie.net/prisonbreak/images/d/df/Prson_brk_21.jpg/revision/latest/scale-to-width-down/268?cb=20110219082941,Unknown,2,,,,,,,,,,,The Rat,,,Male,,,,,"1 , 2 , 4",,,,The Price,,2,,,,,,,,Karyn Usher,Karl Makinen,Alive,,,,
Director Elmar,https://prisonbreak.fandom.com/wiki/Director_Elmar,,,,,,,,,,,,,,,,,,,,,,,,,,,,,,,,,,,,,,,,,,
Dirtnap DiMarco,https://prisonbreak.fandom.com/wiki/Dirtnap_DiMarco,,,,,,,,,,,,,,,,,,,,,,,,,,,,,,,,,,,,,,,,,,
Doctor,https://prisonbreak.fandom.com/wiki/Doctor,,,,,,,,,,,,,,,,,,,,,,,,,,,,,,,,,,,,,,,,,,
Donald Self,https://prisonbreak.fandom.com/wiki/Donald_Self,https://static.wikia.nocookie.net/prisonbreak/images/e/e6/Donald_Self_Season_4.JPG/revision/latest/scale-to-width-down/268?cb=20080907021916,,,,4x22,,,,,,,,,,,,,,,,,,Michael Rapaport,,,,,,4x01,,,Vegetative State,,,,,,,,"Don, Robert Walker",,
Donald Self's wife,https://prisonbreak.fandom.com/wiki/Donald_Self%27s_wife,,,,,,,,,,,,,,,,,,,,,,,,,,,,,,,,,,,,,,,,,,
Douglas Acadia,https://prisonbreak.fandom.com/wiki/Douglas_Acadia,https://static.wikia.nocookie.net/prisonbreak/images/b/bc/BreakoutKings109-0516.jpg/revision/latest/scale-to-width-down/268?cb=20110507200041,,1,Unknown [ 1 ],,,,,,,Shot by Andre Brennan,,,One for the Money,,,Male,,,,,1,,,,One for the Money,,,,,,,The Big Elvisses,,,Mary Trahan Benjamin Klang,Colin McClean,Deceased,,,,2011
Downey,https://prisonbreak.fandom.com/wiki/Downey,https://static.wikia.nocookie.net/prisonbreak/images/2/2c/PrisonBreakS04E19HDTVXviD-LOLavi111.jpg/revision/latest/scale-to-width-down/268?cb=20100424140122,,6,,,,,,,,Explosion caused by Alexander Mahone,,,The Sunshine State,,,Male,,,,,4,,,,Killing Your Number,,,,,,,,,,,Ted King,Deceased,,,,
Ed Pavelka,https://prisonbreak.fandom.com/wiki/Ed_Pavelka,https://static.wikia.nocookie.net/prisonbreak/images/d/d8/Normal_prisonbreak_213_048.jpg/revision/latest/scale-to-width-down/268?cb=20100415181348,,2,,,,,,,,,,,Otis,,,Male,,,,,2,,,,The Killing Box,,,,,,,Fox River,,,,Brandon Smith,Unknown,,,,
Eduardo,https://prisonbreak.fandom.com/wiki/Eduardo,,,,,,,,,,,,,,,,,,,,,,,,,,,,,,,,,,,,,,,,,,
Edward R. Mahone,https://prisonbreak.fandom.com/wiki/Edward_R._Mahone,,,,,,,,,,,,,,,,,,,,,,,,,,,,,,,,,,,,,,,,,,
Elaine Baker,https://prisonbreak.fandom.com/wiki/Elaine_Baker,,,,,,,,,,,,,,,,,,,,,,,,,,,,,,,,,,,,,,,,,,
Ellie Kearman,https://prisonbreak.fandom.com/wiki/Ellie_Kearman,,,,,,,,,,,,,,,,,,,,,,,,,,,,,,,,,,,,,,,,,,
Elvis,https://prisonbreak.fandom.com/wiki/Elvis,,,,,,,,,,,,,,,,,,,,,,,,,,,,,,,,,,,,,,,,,,
Emily Morgan,https://prisonbreak.fandom.com/wiki/Emily_Morgan,https://static.wikia.nocookie.net/prisonbreak/images/4/48/PB_0811.jpg/revision/latest/scale-to-width-down/268?cb=20090423135302,,,,,,,,,,,,,,,,,,,Gretchen Morgan (Mother) General Jonathan Krantz (Father) Lisa Tabak (Half-sister) Rita Morgan (Aunt),,,Regan Licciardello,,,,,,Blow Out,,,Alive,,,,,,,,,,
Enzo von Trampo,https://prisonbreak.fandom.com/wiki/Enzo_von_Trampo,,,,,,,,,,,,,,,,,,,,,,,,,,,,,,,,,,,,,,,,,,
Eric Krause,https://prisonbreak.fandom.com/wiki/Eric_Krause,,,,,,,,,,,,,,,,,,,,,,,,,,,,,,,,,,,,,,,,,,
Erica Reed's daughter,https://prisonbreak.fandom.com/wiki/Erica_Reed%27s_daughter,,,,,,,,,,,,,,,,,,,,,,,,,,,,,,,,,,,,,,,,,,
Erica Reed's father,https://prisonbreak.fandom.com/wiki/Erica_Reed%27s_father,,,,,,,,,,,,,,,,,,,,,,,,,,,,,,,,,,,,,,,,,,
Erik Stammel,https://prisonbreak.fandom.com/wiki/Erik_Stammel,https://static.wikia.nocookie.net/prisonbreak/images/9/9e/Normal_ep218_092.jpg/revision/latest/scale-to-width-down/268?cb=20100415173723,,1,,,,,,,,Beaten to death by Theodore Bagwell,,,Wash,,,Male,,,,,2,,,,Wash,,,,,,,,,,,Brian Nicholas,Deceased,,,,
Erin Taber,https://prisonbreak.fandom.com/wiki/Erin_Taber,,,,,,,,,,,,,,,,,,,,,,,,,,,,,,,,,,,,,,,,,,
Ernest Hemingway,https://prisonbreak.fandom.com/wiki/Ernest_Hemingway,,,,,,,,,,,,,,,,,,,,,,,,,,,,,,,,,,,,,,,,,,
Ernesto,https://prisonbreak.fandom.com/wiki/Ernesto,https://static.wikia.nocookie.net/prisonbreak/images/e/ef/Normal_ep211_218.jpg/revision/latest/scale-to-width-down/268?cb=20110414183325,,,,Prison Break - The Classified FBI Files,,,,,,,,,,,,,,,,,,Rey Hernandez [ 2 ],,,,,,Disconnect,,,Alive,,,,,,,,Coyote's cousin [ 1 ],Working for Pedro Ramos with illegal events,
Erol Tabak,https://prisonbreak.fandom.com/wiki/Erol_Tabak,https://static.wikia.nocookie.net/prisonbreak/images/f/fd/Vlcsnap-14473.png/revision/latest/scale-to-width-down/268?cb=20081028113715,,1,,,,,,,,,,,Eagles and Angels,,,Male,,,,,4,,,,Eagles and Angels,,,,,,,,,,Karyn Usher,Mark Newsom,Alive,,,,
Escamilla,https://prisonbreak.fandom.com/wiki/Escamilla,https://static.wikia.nocookie.net/prisonbreak/images/1/18/Escamilla.jpg/revision/latest/scale-to-width-down/268?cb=20101224100716,,4,,,,,,,,,,,Fire/Water,,,Male,,Colonel,,,3,,,,,,1 [ 1 ],,,,,,,,,Carlos Compeon,Alive,,,,
Eugenia Campbell,https://prisonbreak.fandom.com/wiki/Eugenia_Campbell,,,,,,,,,,,,,,,,,,,,,,,,,,,,,,,,,,,,,,,,,,
Eva Bol,https://prisonbreak.fandom.com/wiki/Eva_Bol,,,,,,,,,,,,,,,,,,,,,,,,,,,,,,,,,,,,,,,,,,
Father McDougal,https://prisonbreak.fandom.com/wiki/Father_McDougal,https://static.wikia.nocookie.net/prisonbreak/images/5/58/Brent-vs-priest.jpg/revision/latest/scale-to-width-down/267?cb=20120320153227,,1,,,,,,,,Beaten to death by Brent Howson,,,An Unjust Death,,,Male,,,,,2,,,,An Unjust Death,,,,,,,,,,,Ray Gaspard,Deceased,,,,2011 or 2012
Felicia Lang,https://prisonbreak.fandom.com/wiki/Felicia_Lang,https://static.wikia.nocookie.net/prisonbreak/images/4/4d/PB_4x22_102.jpg/revision/latest/scale-to-width-down/268?cb=20120411210432,,,,Free,,,Female,,,,,,,,40’s,,,,Alexander Mahone (love interest),,,Barbara Eve Harris,,,,,,Scan,,,Alive,,,,,,,Black,Lang (by fellow agents),,
Felicia Lang's father,https://prisonbreak.fandom.com/wiki/Felicia_Lang%27s_father,,,,,,,,,,,,,,,,,,,,,,,,,,,,,,,,,,,,,,,,,,
Feng Huan,https://prisonbreak.fandom.com/wiki/Feng_Huan,https://static.wikia.nocookie.net/prisonbreak/images/3/3d/Normal_404-764.jpg/revision/latest/scale-to-width-down/268?cb=20100408180505,,,,Deal or No Deal,,,Male,,,,,,,,30’s,,,,,Shot to death by Miriam Holtz,,Ron Yuan,,,,,,Eagles and Angels,2005,,Deceased,,,,,,,Black,,,
Ferguson,https://prisonbreak.fandom.com/wiki/Ferguson,https://static.wikia.nocookie.net/prisonbreak/images/7/75/40.JPG/revision/latest/scale-to-width-down/268?cb=20100731090723,,,,The Sunshine State,,,,,,,,,,,,,,,,Killed when Sara Tancredi caused a collision and flipped his vehicle,,Graham McTavish,,,,,,Selfless,2005,,Deceased,,,,,,,,,,
Fernando Sucre,https://prisonbreak.fandom.com/wiki/Fernando_Sucre,https://static.wikia.nocookie.net/prisonbreak/images/e/e5/Amaurynolasco2.jpg/revision/latest/scale-to-width-down/267?cb=20110420173457,,,,Progeny,,,,,,,,Michael Scofield ( Cell 40 ) Petey (possible) Unknown cellmate,,"Fox River , Sona",,,,,Lila Maria Sucre (daughter) Maricruz Delgado (lover),,,Amaury Nolasco Karlo Hackenberger [ 1 ] (Deutch),,,,,,Pilot,,Five years,"Alive, fugitive, freed",,,,,,,,Jorge Rivera Nando (by Hector ) Julio (by Brad Bellick ) Sugar (by Gretchen Morgan ),Aggravated robbery,
Fernando Sucre (Pobeg),https://prisonbreak.fandom.com/wiki/Fernando_Sucre_(Pobeg),,,,,,,,,,,,,,,,,,,,,,,,,,,,,,,,,,,,,,,,,,
Fernando Sucre (The Conspiracy),https://prisonbreak.fandom.com/wiki/Fernando_Sucre_(The_Conspiracy),https://static.wikia.nocookie.net/prisonbreak/images/b/b8/Fernando_Scure.png/revision/latest/scale-to-width-down/268?cb=20100527144318,,,,,,,,,,,,Michael Scofield ( Cell 40 ) Tom Paxton ( Cell 44 ) Petey (possible),,Fox River,,,,,,,,Amaury Nolasco (English),,,,,,,,5 years,Alive,,,,,,,,,"Aggravated robbery, escaping prison",
Ferris,https://prisonbreak.fandom.com/wiki/Ferris,,,,,Steaks,,,,,,,,,,,,,,,,,,Jesse Bond,,,,,,Steaks,,,Deceased,,,,,,,,,,
Fischer,https://prisonbreak.fandom.com/wiki/Fischer,,,1,,,,,,,,Killed by Benecio Cruz,,,Cruz Control,,,Male,,,,,2,,,,Cruz Control,,,,,,,,,,,,Deceased,,,,2011 or 2012
Flat Tire,https://prisonbreak.fandom.com/wiki/Flat_Tire,,,,,,,,,,,,,,,,,,,,,,,,,,,,,,,,,,,,,,,,,,
Foley,https://prisonbreak.fandom.com/wiki/Foley,https://static.wikia.nocookie.net/prisonbreak/images/c/cc/Normal_ep201_117.jpg/revision/latest/scale-to-width-down/268?cb=20100811140356,,,,Manhunt,,,,,,,,,,,,,,,,,,Katherine Willis,,,,,,Manhunt,,,Alive,,,,,,,,,,
Fox River Inmate's girlfriend,https://prisonbreak.fandom.com/wiki/Fox_River_Inmate%27s_girlfriend,,,,,,,,,,,,,,,,,,,,,,,,,,,,,,,,,,,,,,,,,,
Frank Tancredi (Pobeg),https://prisonbreak.fandom.com/wiki/Frank_Tancredi_(Pobeg),,,,,,,,,,,,,,,,,,,,,,,,,,,,,,,,,,,,,,,,,,
Fraser Jake,https://prisonbreak.fandom.com/wiki/Fraser_Jake,https://static.wikia.nocookie.net/prisonbreak/images/2/27/Fraser_Jake.jpg/revision/latest/scale-to-width-down/268?cb=20100529144650,,,,,,,,,,,,,,Fox River,,,,,,,,Unknown voice actor (Deutch),,,,,,,,(Unknown),Alive,,,,,,,,,(Crimes in prison; Unknown),
Fritz Gunderson's rival,https://prisonbreak.fandom.com/wiki/Fritz_Gunderson%27s_rival,,,1,,,,,,,,,,,Pilot,,,Male,,,,,Breakout Kings : 1,,,,Pilot,,,,,,,,,,Matt Olmstead Nick Santora,( unknown actor ),Alive,,,,
Frost,https://prisonbreak.fandom.com/wiki/Frost,https://static.wikia.nocookie.net/prisonbreak/images/d/d5/Male.jpg/revision/latest?cb=20100501194117,,,,Killing Your Number,,,,,,,,,,,,,,,,,,( unknown actor ),,,,,,Killing Your Number,,,Alive,,,,,,,,,,
Gavin Smallhouse,https://prisonbreak.fandom.com/wiki/Gavin_Smallhouse,,,,,,,,,,,,,,,,,,,,,,,,,,,,,,,,,,,,,,,,,,
General (The Conspiracy),https://prisonbreak.fandom.com/wiki/General_(The_Conspiracy),,,,,,,,,,,,,,,,,,,,,,,,,,,,,,,,,,,,,,,,,,
General Jonathan Krantz bodyguard (I),https://prisonbreak.fandom.com/wiki/General_Jonathan_Krantz_bodyguard_(I),https://static.wikia.nocookie.net/prisonbreak/images/e/ed/Quiet_Riot_1.PNG/revision/latest/scale-to-width-down/268?cb=20110610011957,,2,,,,,,,,"Pointed a gun at him by Sucre (Lincoln pointed a gun at Krantz, Mahone at a bodyguard). He was hold captive in the Scylla room by Michael , Sucre, Lincoln and Mahone. Krantz never came back to the elevator, so he died there.",,,Quiet Riot,,,Male,,,,,4,,,,Selfless,,,,,,,General Jonathan Krantz The Company,,,,( unknown actor ),Deceased,,,,
General Jonathan Krantz bodyguard (II),https://prisonbreak.fandom.com/wiki/General_Jonathan_Krantz_bodyguard_(II),https://static.wikia.nocookie.net/prisonbreak/images/e/ed/Quiet_Riot_1.PNG/revision/latest/scale-to-width-down/268?cb=20110610011957,,2,,,,,,,,"Was left in the room where Scylla was stored, fate is unknown.",,,Quiet Riot,,,Male,,,,,4,,,,Selfless,,,,,,,The Company,,,,( unknown actor ),Unknown,,,,
George Brighton,https://prisonbreak.fandom.com/wiki/George_Brighton,,,,,,,,,,,,,,,,,,,,,,,,,,,,,,,,,,,,,,,,,,
George Slotkin,https://prisonbreak.fandom.com/wiki/George_Slotkin,,,,,,,,,,,,,,,,,,,,,,,,,,,,,,,,,,,,,,,,,,
Georgie,https://prisonbreak.fandom.com/wiki/Georgie,,,,,,,,,,,,,,,,,,,,,,,,,,,,,,,,,,,,,,,,,,
Ghost,https://prisonbreak.fandom.com/wiki/Ghost,,,,,,,,Male,,Inmate,,,,,,,,,,,,,Clayton Cardenas,,,,,,,,,Alive,,,,,,,,,,
Gracey Hollander,https://prisonbreak.fandom.com/wiki/Gracey_Hollander,,,,,,,,,,,,,,,,,,,,,,,,,,,,,,,,,,,,,,,,,,
Gracie,https://prisonbreak.fandom.com/wiki/Gracie,https://static.wikia.nocookie.net/prisonbreak/images/8/83/Gracie.jpg/revision/latest/scale-to-width-down/268?cb=20111029172647,,1,,,,,,,,,,,Manhunt,,,Female,,,,,2,,,,Manhunt,,,,,,,,,,,Carlisle Studer,Alive,,,,
Graham Roland (There are Rules),https://prisonbreak.fandom.com/wiki/Graham_Roland_(There_are_Rules),,,,,,,,,,,,,,,,,,,,,,,,,,,,,,,,,,,,,,,,,,
Gravedigger,https://prisonbreak.fandom.com/wiki/Gravedigger,,,3,,,,,,,,Shot by Gretchen Morgan,,,Orientación,,,Male,,,,,3,,,,Good Fences,,,,,,,,,,,Anthony Escobar,Deceased,,,,2005
Graziano,https://prisonbreak.fandom.com/wiki/Graziano,,,,,,,,,,,,,,,,,,,,,,,,,,,,,,,,,,,,,,,,,,
Greer Abrams,https://prisonbreak.fandom.com/wiki/Greer_Abrams,,,,,,,,,,,,,,,,,,,,,,,,,,,,,,,,,,,,,,,,,,
Greg Rydenour,https://prisonbreak.fandom.com/wiki/Greg_Rydenour,,,,,,,,,,,,,,,,,,,,,,,,,,,,,,,,,,,,,,,,,,
Gregg Bilson,https://prisonbreak.fandom.com/wiki/Gregg_Bilson,https://static.wikia.nocookie.net/prisonbreak/images/d/d5/Male.jpg/revision/latest?cb=20100501194117,,,,(Name appears on paper),,,,,,,,,,,,,,,,,,,,,,,,(Name appears on paper),,,Alive,,,,,,,,,,
Gregory Furnace,https://prisonbreak.fandom.com/wiki/Gregory_Furnace,,,,,,,,,,,,,,,,,,,,,,,,,,,,,,,,,,,,,,,,,,
Gregory White,https://prisonbreak.fandom.com/wiki/Gregory_White,https://static.wikia.nocookie.net/prisonbreak/images/3/37/Greg1.GIF/revision/latest/scale-to-width-down/268?cb=20090321205857,,,,Selfless,,,Male,,,,,,,,53,,,,,Gunned down by Gretchen Morgan,,Michael Bryan French,,,,,,Shut Down,2005,,Deceased,,,,,,,Gray,,,
Gretchen Morgan,https://prisonbreak.fandom.com/wiki/Gretchen_Morgan,https://static.wikia.nocookie.net/prisonbreak/images/a/aa/Gretchen_Morgan_Season_4.JPG/revision/latest/scale-to-width-down/268?cb=20080907021603,,,,4x24,,Blue,Female,,,,,,,Miami-Dade Penitentiary Women's Facility,,,,,,,,Jodi Lyn O'Keefe Eva Michaelis [ 1 ] (Deutch),,,,,,3x1,,,Alive (Incarcerated),,,,,,,Black,Susan B. Anthony,,
Gretchen and Rita Morgan's father,https://prisonbreak.fandom.com/wiki/Gretchen_and_Rita_Morgan%27s_father,https://static.wikia.nocookie.net/prisonbreak/images/d/d5/Male.jpg/revision/latest?cb=20100501194117,12,3,,,,,,,,Unknown causes [ 1 ] [ 2 ] [ 3 ],,,The Legend,,,Male,,,,,4,,,,The Sunshine State,,,,,,,,,,Karyn Usher,,Deceased,,,,Unknown
Griffin Oren,https://prisonbreak.fandom.com/wiki/Griffin_Oren,https://static.wikia.nocookie.net/prisonbreak/images/6/67/Oren.jpg/revision/latest/scale-to-width-down/268?cb=20080924062022,,,,The Mother Lode,,,,,,,,,,,,,,,,Shot to death by a Company Operative,,Shaun Duke,,,,,,Safe and Sound,2005,,Deceased,,,,,,,,,,
Gus Fiorello,https://prisonbreak.fandom.com/wiki/Gus_Fiorello,https://static.wikia.nocookie.net/prisonbreak/images/0/05/1071.JPG/revision/latest/scale-to-width-down/267?cb=20070328092834,,5,,,,,,,,,,,Cell Test,,,Male,,Gus,,,1,,,,Sleight of Hand,,,,,,,,Fox River,,Michael Pavone,Peter J. Reinemann,Alive,,,,
Gus Fiorello (Pobeg),https://prisonbreak.fandom.com/wiki/Gus_Fiorello_(Pobeg),,,,,,,,,,,,,,,,,,,,,,,,,,,,,,,,,,,,,,,,,,
Gus Fiorello (The Conspiracy),https://prisonbreak.fandom.com/wiki/Gus_Fiorello_(The_Conspiracy),https://static.wikia.nocookie.net/prisonbreak/images/d/de/Vlcsnap-2010-03-21-18h30m42s29.jpg/revision/latest/scale-to-width-down/268?cb=20100801175100,,,,,,,,,,,,,,Fox River,,,,,,,,Rick Pasqualone [ 1 ] (English) Unknown voice actor (Deutch),,,,,,,,,Alive,,,,,,,,,,
Gwen,https://prisonbreak.fandom.com/wiki/Gwen,,,1,,,,,,,,,,,Pilot,,,Female,,,,,1,,,,Pilot,,,,,,,,,,,,Alive,,,,
H. Sheuring,https://prisonbreak.fandom.com/wiki/H._Sheuring,,,,,,,,,,,,,,,,,,,,,,,,,,,,,,,,,,,,,,,,,,
Hal Beandep,https://prisonbreak.fandom.com/wiki/Hal_Beandep,,,,,,,,,,,,,,,,,,,,,,,,,,,,,,,,,,,,,,,,,,
Haley,https://prisonbreak.fandom.com/wiki/Haley,,,,,,,,,,,,,,,,,,,,,,,,,,,,,,,,,,,,,,,,,,
Haley's brother,https://prisonbreak.fandom.com/wiki/Haley%27s_brother,,,,,,,,,,,,,,,,,,,,,,,,,,,,,,,,,,,,,,,,,,
Haley's father,https://prisonbreak.fandom.com/wiki/Haley%27s_father,,,,,,,,,,,,,,,,,,,,,,,,,,,,,,,,,,,,,,,,,,
Haley's mother,https://prisonbreak.fandom.com/wiki/Haley%27s_mother,,,,,,,,,,,,,,,,,,,,,,,,,,,,,,,,,,,,,,,,,,
Hank,https://prisonbreak.fandom.com/wiki/Hank,,,,,,,,,,,,,,Unearthed,,,Male,,,,,2,,,,Unearthed,,,,,,,,,,,( unknown actor ),Alive,,,,
Hannah Richman,https://prisonbreak.fandom.com/wiki/Hannah_Richman,,,,,,,,,,,,,,,,,,,,,,,,,,,,,,,,,,,,,,,,,,
Harlan Gaines,https://prisonbreak.fandom.com/wiki/Harlan_Gaines,,,1,,,,,,,,,,,,,,Male,,,,,5,,,,,,,,,,,,,,,,Deceased,,,,2014
Harold Jenkins,https://prisonbreak.fandom.com/wiki/Harold_Jenkins,,,,,,,,,,,,,,,,,,,,,,,,,,,,,,,,,,,,,,,,,,
Harris,https://prisonbreak.fandom.com/wiki/Harris,https://static.wikia.nocookie.net/prisonbreak/images/1/14/971344_20100413_790screen005.jpg/revision/latest/scale-to-width-down/268?cb=20100521172652,,,,Prison Break - The Conspiracy (Game),,,,,,,,,,,,,,,,,,Unknown voice actor (Deutch),,,,,,Prison Break - The Conspiracy (Game),,,Alive,,,,,,,,,,
Harry Lee Redding,https://prisonbreak.fandom.com/wiki/Harry_Lee_Redding,https://static.wikia.nocookie.net/prisonbreak/images/2/2f/BreakoutKings-107-0321.jpg/revision/latest/scale-to-width-down/268?cb=20110801095035,,,,Fun with Chemistry,,,,,,,,,,Sing Sing Correctional Facility,,,,,,,,Jeff Kober,,,,,,Fun with Chemistry,,(Unknown),Alive,,,,,,,,,(Crimes in prison; unknown),
Harvey Hall,https://prisonbreak.fandom.com/wiki/Harvey_Hall,,,,,,,,,,,,,,,,,,,,,,,,,,,,,,,,,,,,,,,,,,
Heather,https://prisonbreak.fandom.com/wiki/Heather,https://static.wikia.nocookie.net/prisonbreak/images/4/4a/Screen_Shot_2017-07-12_at_7.22.31_PM.png/revision/latest/scale-to-width-down/268?cb=20170713002307,,,,,,,,,,,,,,,,Female,,,,,5,,,,,,,,,,,,,,,,Unknown,,,,
Heather Storrow,https://prisonbreak.fandom.com/wiki/Heather_Storrow,,,,,,,,,,,,,,,,,,,,,,,,,,,,,,,,,,,,,,,,,,
Hector Avila,https://prisonbreak.fandom.com/wiki/Hector_Avila,https://static.wikia.nocookie.net/prisonbreak/images/3/33/250px-Pb_hector.jpg/revision/latest?cb=20070302190537,,,,2x10,,,,,,,,,,,,,,,,,,Kurt Caceres,,,,,,1x2,,,Alive,,,,,,,,,,
Henry Kishida,https://prisonbreak.fandom.com/wiki/Henry_Kishida,,,3,,,,,,,,Shot by A&W,,,Kaniel Outis (episode),,,Male,,,,,5,,,,Wine Dark Sea (episode),,,,,,,,,,,Curtis Lum,Deceased,,,,
Henry Pope,https://prisonbreak.fandom.com/wiki/Henry_Pope,https://static.wikia.nocookie.net/prisonbreak/images/f/fd/Prison-break84.jpg/revision/latest?cb=20110420174129,,23,,,,,,,,,,,Pilot,,,Male,,,,,"PB : 1 , 2 BK : season 1",,,,Bad Blood,,,,,,,,,,,Stacy Keach Klaus Sonnenschein [ 1 ] (Deutch),Alive,,,,
Henry Pope (Pobeg),https://prisonbreak.fandom.com/wiki/Henry_Pope_(Pobeg),https://static.wikia.nocookie.net/prisonbreak/images/9/92/Pobeg---popov.jpg/revision/latest/scale-to-width-down/268?cb=20110219162819,,,,,,,,,,,,,,,,,,,,,,,,,,,,,,,,,,,,,,,,,
Henry Pope (The Conspiracy),https://prisonbreak.fandom.com/wiki/Henry_Pope_(The_Conspiracy),https://static.wikia.nocookie.net/prisonbreak/images/c/c4/Henryb.jpg/revision/latest/scale-to-width-down/268?cb=20100527145728,,,,Prison Break - The Conspiracy (Game),,,,,,,,,,,,,,,,,,Unknown voice actor (English) Unknown voice actor (Deutch),,,,,,Prison Break - The Conspiracy (Game),,,Alive,,,,,,,,,,
Herb Stanton,https://prisonbreak.fandom.com/wiki/Herb_Stanton,https://static.wikia.nocookie.net/prisonbreak/images/a/ad/Thumb-1831.jpg/revision/latest?cb=20100129223452,,,,Deal or No Deal,,,Male,,,,,,,,50’s,,,,,shot in the chest by Richard Sooter,,Michael O'Neill,,,,,,Shut Down,2005,,Deceased,,,,,,,Brown,,,
Holt Keane,https://prisonbreak.fandom.com/wiki/Holt_Keane,,,,,,,,Male,,,,,,,,,,,,,,,Donal Logue,,,,,,,,,Alive,,,,,,,,,,
Homeland Security guard,https://prisonbreak.fandom.com/wiki/Homeland_Security_guard,,,,,,,,,,,,,,,,,,,,,,,,,,,,,,,,,,,,,,,,,,
Howard Scuderi,https://prisonbreak.fandom.com/wiki/Howard_Scuderi,https://static.wikia.nocookie.net/prisonbreak/images/8/8c/Howard_Scuderi.JPG/revision/latest/scale-to-width-down/268?cb=20081008015532,,4,,,,,,,,Shot by General Jonathan Krantz,,,Five the Hard Way,,,Male,,,,,4,,,,Deal Or No Deal,,,,,,,,,,,Jude Ciccolella,Deceased,,,,2005
Howard Scuderi's bodyguard,https://prisonbreak.fandom.com/wiki/Howard_Scuderi%27s_bodyguard,https://static.wikia.nocookie.net/prisonbreak/images/f/f0/Normal_407-720.jpg/revision/latest/scale-to-width-down/268?cb=20100408183115,,1,,,,,,,,,,,Five the Hard Way,,,Male,,,,,1,,,,Five the Hard Way,,,,,,,,,,,Lonnie Hughes [ 1 ],Alive,,,,
Hucks,https://prisonbreak.fandom.com/wiki/Hucks,,,,,,,,,,,,,,,,,,,,,,,,,,,,,,,,,,,,,,,,,,
Hunter,https://prisonbreak.fandom.com/wiki/Hunter,https://static.wikia.nocookie.net/prisonbreak/images/f/fc/Normal_ep201_129.jpg/revision/latest/scale-to-width-down/268?cb=20101104074102,,1,,,,,,,,,,,Manhunt,,,Male,,,,,2,,,,Manhunt,,,,,,,,,,,Stuart Greer,Alive,,,,
Hurtado,https://prisonbreak.fandom.com/wiki/Hurtado,https://static.wikia.nocookie.net/prisonbreak/images/0/0e/Hurtado1.jpg/revision/latest?cb=20110505123418,,,,Vamonos,,,,,,,,,,,,,,,,,,,,,,,,Interference,,,Alive,,,,,,,,,,
Hutchinson,https://prisonbreak.fandom.com/wiki/Hutchinson,https://static.wikia.nocookie.net/prisonbreak/images/0/09/PrisonBreakS04E20HDTVXviD-LOLavi019.jpg/revision/latest/scale-to-width-down/268?cb=20100508161140,,1,,,,,,,,Shot by Ralph Becker,,,Cowboys and Indians,,,Male,,,,,4,,,,Cowboys and Indians,,,,,,,,,,,Michael McGrady,Deceased,,,,
Ib. Krause,https://prisonbreak.fandom.com/wiki/Ib._Krause,https://static.wikia.nocookie.net/prisonbreak/images/8/8c/FemaleOrMale.jpg/revision/latest?cb=20110324160211,,,,,,,,,,,,,,,,,,,,,,,,,,,,,,,Unknown,,,,,,,,,,
Ives,https://prisonbreak.fandom.com/wiki/Ives,,,,,,,,,,,,,,,,,,,,,,,,,,,,,,,,,,,,,,,,,,
J. Chappetta,https://prisonbreak.fandom.com/wiki/J._Chappetta,,,,,,,,,,,,,,,,,,,,,,,,,,,,,,,,,,,,,,,,,,
J. Krause,https://prisonbreak.fandom.com/wiki/J._Krause,https://static.wikia.nocookie.net/prisonbreak/images/8/8c/FemaleOrMale.jpg/revision/latest?cb=20110324160211,,,,,,,,,,,,,,,,,,,,,,,,,,,,,,,Unknown,,,,,,,,,,
J. Vingelis,https://prisonbreak.fandom.com/wiki/J._Vingelis,,,,,,,,,,,,,,,,,,,,,,,,,,,,,,,,,,,,,,,,,,
JJ,https://prisonbreak.fandom.com/wiki/JJ,https://static.wikia.nocookie.net/prisonbreak/images/3/3c/JJ.jpg/revision/latest/scale-to-width-down/268?cb=20100329143153,,,,1x22,,,,,,,,,,,,,,,,,,Javon Johnson,,,,,,1x11,,,Alive,,,,,,,,,,
Ja,https://prisonbreak.fandom.com/wiki/Ja,https://static.wikia.nocookie.net/prisonbreak/images/c/c7/Ja.png/revision/latest/scale-to-width-down/268?cb=20170514100011,,6,,,,,,,,,,,Kaniel Outis,,,Male,,,,,5,,,,Wine Dark Sea,,,,,,,,,,,Rick Yune,Alive,,,,
Jack Mannix,https://prisonbreak.fandom.com/wiki/Jack_Mannix,https://static.wikia.nocookie.net/prisonbreak/images/9/99/Jacmanix.jpg/revision/latest/scale-to-width-down/232?cb=20100416183429,,,,Prison Break - The Conspiracy (Game),,,,,,,,,,Fox River,,,,,,,,Unknown voice actor (English) Unknown voice actor (Deutch) Unknown voice actor (French),,,,,,Prison Break - The Conspiracy (Game),,,Deceased,,,,,,,,Jack (by everyone),,
Jack Mannix's father,https://prisonbreak.fandom.com/wiki/Jack_Mannix%27s_father,,,,,,,,,,,,,,,,,,,,,,,,,,,,,,,,,,,,,,,,,,
Jackson (Hulu),https://prisonbreak.fandom.com/wiki/Jackson_(Hulu),,,,,,,,Male,,Politician,,,,,,,,,,,,,Lukas Gage,,,,,,,,,Alive,,,,,,,,,,
Jacob Anton Ness,https://prisonbreak.fandom.com/wiki/Jacob_Anton_Ness,https://static.wikia.nocookie.net/prisonbreak/images/f/f8/Jacobantonness.jpg/revision/latest/scale-to-width-down/268?cb=20170506132908,,9,,,"Theodore ""T-Bag"" Bagwell",,,,,"Strangled by Theodore ""T-Bag"" Bagwell off-screen.",,,Ogygia,,,Male,,Poseidon,,,5,,,,Behind The Eyes,,1,,,,,,Fox River State Penitentiary,,,Mark Feuerstein,Deceased,,,,2017
James Bagwell Jr.,https://prisonbreak.fandom.com/wiki/James_Bagwell_Jr.,https://static.wikia.nocookie.net/prisonbreak/images/0/0e/Bagwell2.jpg/revision/latest?cb=20100330090953,,,,Odd Man Out,,,,,,,,,,,,,,,,,,Bobby Linkhart,,,,,,Odd Man Out,,,Deceased,,,,,,,,,,
James Riley,https://prisonbreak.fandom.com/wiki/James_Riley,,,,,,,,,,,,,,,,,,,,,,,,,,,,,,,,,,,,,,,,,,
Jamie Huang,https://prisonbreak.fandom.com/wiki/Jamie_Huang,,,,,,,,,,,,,,,,,,,,,,,,,,,,,,,,,,,,,,,,,,
Jamil,https://prisonbreak.fandom.com/wiki/Jamil,,,,,,,,,,,,,,,,,,,,,,,,,,,,,,,,Alive,,,,,,,,,,
Jane Tachara,https://prisonbreak.fandom.com/wiki/Jane_Tachara,,,,,,,,,,,,,,,,,,,,,,,,,,,,,,,,,,,,,,,,,,
Janice Day,https://prisonbreak.fandom.com/wiki/Janice_Day,https://static.wikia.nocookie.net/prisonbreak/images/1/13/Janice1.jpg/revision/latest/scale-to-width-down/268?cb=20110507094610,,,,Steaks,,,,,,,,,,,,,,,,,,Tricia Braun,,,,,,Steaks,,,Alive,,,,,,,,,,
Janitor,https://prisonbreak.fandom.com/wiki/Janitor,https://static.wikia.nocookie.net/prisonbreak/images/2/2d/Normal_113_339.jpg/revision/latest/scale-to-width-down/268?cb=20110130110116,,1,,,,,,,,,,,End of the Tunnel,,,Male,,,,,4,,,,End of the Tunnel,,,,,,,,,,,Manny Sosa,Alive,,,,
"Jason ""Maytag"" Buchanan",https://prisonbreak.fandom.com/wiki/Jason_%22Maytag%22_Buchanan,https://static.wikia.nocookie.net/prisonbreak/images/d/de/Maytag.jpg/revision/latest/scale-to-width-down/268?cb=20110713152608,,2,,,,,,,,Stabbed by a Fox River inmate,,,Allen,,,Male,,,,,"1 , 2",,,,Fin Del Camino,,,,,,,Theodore Bagwell's gang,Fox River,,Paul Scheuring,Brian Hamman,Deceased,,,,2005
Jason Buchanan (Pobeg),https://prisonbreak.fandom.com/wiki/Jason_Buchanan_(Pobeg),https://static.wikia.nocookie.net/prisonbreak/images/d/d9/KobaAlexeiJason.jpg/revision/latest/scale-to-width-down/268?cb=20111025173446,,,,,,,,,,Stabbed by C-Note,,,,,,Male,,,,,1,,,,,,,,,,,,Unnamed prison,,,( unknown actor ),Deceased,,,,
Jason Lief,https://prisonbreak.fandom.com/wiki/Jason_Lief,https://static.wikia.nocookie.net/prisonbreak/images/6/60/Bscap001.jpg/revision/latest/scale-to-width-down/268?cb=20090405152843,,,,Scylla,,,,,,,,,,,,,,,,,,John Rosenfeld,,,,,,The Art of the Deal (Mentioned only),,,Deceased,,,,,,,,,,
Jason Lief's bodyguard,https://prisonbreak.fandom.com/wiki/Jason_Lief%27s_bodyguard,https://static.wikia.nocookie.net/prisonbreak/images/f/ff/Normal_401-197.jpg/revision/latest/scale-to-width-down/268?cb=20100801132740,,1,,,,,,,,Shot by James Whistler,,,Scylla,,,Male,,,,,4,,,,Scylla,,,,,,,,,,Matt Olmstead,( unknown actor ),Deceased,,,,2005
Jasper Potts,https://prisonbreak.fandom.com/wiki/Jasper_Potts,https://static.wikia.nocookie.net/prisonbreak/images/6/64/Normal_402-465.jpg/revision/latest/scale-to-width-down/268?cb=20100408181642,,,,Eagles and Angels,,,,,,,,,,,,,,,,,,,,,,,,Breaking and Entering,,,Deceased,,,,,,,,,,
Jeanette Owens,https://prisonbreak.fandom.com/wiki/Jeanette_Owens,https://static.wikia.nocookie.net/prisonbreak/images/d/d2/Normal_ep206_110.jpg/revision/latest/scale-to-width-down/268?cb=20100415173839,,3,,,,,,,,,,,Subdivision,,,Female,,,,,2,,,,Unearthed,,,,,,,,,,,Diana Scarwid,Alive,,,,
Jeanette Owens' ex,https://prisonbreak.fandom.com/wiki/Jeanette_Owens%27_ex,,,,,,,,,,,,,,,,,,,,,,,,,,,,,,,,,,,,,,,,,,
Jeffrey Nathan,https://prisonbreak.fandom.com/wiki/Jeffrey_Nathan,,,,,,,,,,,,,,,,,,,,,,,,,,,,,,,,,,,,,,,,,,
Jenae Conlin,https://prisonbreak.fandom.com/wiki/Jenae_Conlin,,,,,,,,,,,,,,,,,,,,,,,,,,,,,,,,,,,,,,,,,,
Jennifer Mandel,https://prisonbreak.fandom.com/wiki/Jennifer_Mandel,,,,,,,,,,,,,,,,,,,,,,,,,,,,,,,,,,,,,,,,,,
Jeremiah King,https://prisonbreak.fandom.com/wiki/Jeremiah_King,https://static.wikia.nocookie.net/prisonbreak/images/a/aa/C-NoteJeremiah.jpg/revision/latest/scale-to-width-down/268?cb=20101204153822,,,,Prison Break - The Conspiracy (Game),,,,,,,,,,,,,,,,,,Unknown voice actor (English) Unknown voice actor (Deutch) Unknown voice actor (French),,,,,,Prison Break - The Conspiracy (Game),,,Alive,,,,,,,,,,
Jeremiah King's gang member,https://prisonbreak.fandom.com/wiki/Jeremiah_King%27s_gang_member,,,,,,,,,,,,,,,,,,,,,,,,,,,,,,,,,,,,,,,,,,
Jerry Curtin,https://prisonbreak.fandom.com/wiki/Jerry_Curtin,https://static.wikia.nocookie.net/prisonbreak/images/f/f9/Normalep204097.jpg/revision/latest/scale-to-width-down/268?cb=20100518143210,,,,First Down,,,,,,,,,,,,,,,,,,,,,,,,First Down,,,Alive,,,,,,,,,,
Jersey,https://prisonbreak.fandom.com/wiki/Jersey,,,,,,,,,,,,,,,,,,,,,,,,,,,,,,,,,,,,,,,,,,
Jessica Strand,https://prisonbreak.fandom.com/wiki/Jessica_Strand,,,,,,,,Female,,Warden,,,,,,,,,,,,,Margo Martindale,,,,,,,,,Alive,,,,,,,,,,
Jim Minish,https://prisonbreak.fandom.com/wiki/Jim_Minish,,,,,,,,,,,,,,,,,,,,,,,,,,,,,,,,,,,,,,,,,,
Jimenez,https://prisonbreak.fandom.com/wiki/Jimenez,,,,,,,,,,,,,,,,,,,,,,,,,,,,,,,,,,,,,,,,,,
Joan Lerhop,https://prisonbreak.fandom.com/wiki/Joan_Lerhop,,,,,,,,,,,,,,,,,,,,,,,,,,,,,,,,,,,,,,,,,,
Joanna Shinn,https://prisonbreak.fandom.com/wiki/Joanna_Shinn,,,,,,,,,,,,,,,,,,,,,,,,,,,,,,,,,,,,,,,,,,
Joe Dahl,https://prisonbreak.fandom.com/wiki/Joe_Dahl,,,,,,,,Male,,Detective,,,,,,,,,,,,,Ray McKinnon,,,,,,,,,Alive,,,,,,,,,,
Joe Daniels,https://prisonbreak.fandom.com/wiki/Joe_Daniels,,,,,,,,,,,,,,,,,,,,,,,,,,,,,,,,,,,,,,,,,,
Joe Ramsey,https://prisonbreak.fandom.com/wiki/Joe_Ramsey,https://static.wikia.nocookie.net/prisonbreak/images/a/a3/Joseph-ramsey.jpg/revision/latest/scale-to-width-down/268?cb=20110404233053,,,,,,,,,,,,,Out of the Mouth of Babes,,,Male,,,,,1,,,,Out of the Mouth of Babes,,,,,,,,Souza-Baranowski Correctional Center,,Nick Santora Kimberly Mercado,Derek Phillips,Alive,,,,
John Abruzzi,https://prisonbreak.fandom.com/wiki/John_Abruzzi,https://static.wikia.nocookie.net/prisonbreak/images/0/0d/Peter-stormare-prison-break-season-2-promo-photo.jpg/revision/latest/scale-to-width-down/268?cb=20120331143206,,20,,,,,,,,Shot by Alexander Mahone's field operatives,,,Pilot,,,Male,,Abruzzi,,,"1 , 2 , 4",,,,First Down,,,,,,,,Fox River,,,Peter Stormare,Deceased,,,,"May 30, 2005"
John Abruzzi's daughter (Pobeg),https://prisonbreak.fandom.com/wiki/John_Abruzzi%27s_daughter_(Pobeg),,,,,,,,,,,,,,,,,,,,,,,,,,,,,,,,,,,,,,,,,,
John Abruzzi's henchman,https://prisonbreak.fandom.com/wiki/John_Abruzzi%27s_henchman,https://static.wikia.nocookie.net/prisonbreak/images/3/31/Normal_121-502.jpg/revision/latest/scale-to-width-down/268?cb=20110211094658,,,,Go,,,,,,,,,,,,,,,,,,,,,,,,Bluff,,,Alive,,,,,,,,,,
John Abruzzi's henchman (II),https://prisonbreak.fandom.com/wiki/John_Abruzzi%27s_henchman_(II),,,,,,,,,,,,,,,,,,,,,,,,,,,,,,,,,,,,,,,,,,
John Abruzzi's henchman (II) (Pobeg),https://prisonbreak.fandom.com/wiki/John_Abruzzi%27s_henchman_(II)_(Pobeg),,,,,,,,,,,,,,,,,,,,,,,,,,,,,,,,,,,,,,,,,,
John Abruzzi's henchman (Pobeg),https://prisonbreak.fandom.com/wiki/John_Abruzzi%27s_henchman_(Pobeg),,,,,,,,,,,,,,,,,,,,,,,,,,,,,,,,,,,,,,,,,,
John Abruzzi's son (I) (Pobeg),https://prisonbreak.fandom.com/wiki/John_Abruzzi%27s_son_(I)_(Pobeg),,,,,,,,,,,,,,,,,,,,,,,,,,,,,,,,,,,,,,,,,,
John Abruzzi's son (II) (Pobeg),https://prisonbreak.fandom.com/wiki/John_Abruzzi%27s_son_(II)_(Pobeg),,,,,,,,,,,,,,,,,,,,,,,,,,,,,,,,,,,,,,,,,,
"John Abruzzi, Jr","https://prisonbreak.fandom.com/wiki/John_Abruzzi,_Jr",,,,,,,,,,,,,,,,,,,,,,,,,,,,,,,,,,,,,,,,,,
John Abruzzi (Pobeg),https://prisonbreak.fandom.com/wiki/John_Abruzzi_(Pobeg),https://static.wikia.nocookie.net/prisonbreak/images/b/b1/Pobeg---koba-krasivyj.jpg/revision/latest/scale-to-width-down/268?cb=20110206133538,,,,,,,,,,,,Theodore Bagwell Alexei Chernov,,Unnamed prison,,,,,,,,,,,,,,,,,,,,,,,,,,Escaping prison,
John Abruzzi (The Conspiracy),https://prisonbreak.fandom.com/wiki/John_Abruzzi_(The_Conspiracy),https://static.wikia.nocookie.net/prisonbreak/images/0/09/Johnua.jpg/revision/latest/scale-to-width-down/268?cb=20100527150348,,,,,,,,,,,,,Chapter 1,,,Male,,,,,Prison Break: The Conspiracy,,,,Chapter 9,,2,,,,,,Fox River,,,Peter Stormare (English),Alive,,,,
John Friendly,https://prisonbreak.fandom.com/wiki/John_Friendly,,,,,,,,,,,,,,,,,,,,,,,,,,,,,,,,,,,,,,,,,,
John King,https://prisonbreak.fandom.com/wiki/John_King,https://static.wikia.nocookie.net/prisonbreak/images/d/d5/Male.jpg/revision/latest?cb=20100501194117,,,,,,,,,,,,,,,,,,,,,,,,,,,,,,,Unknown,,,,,,,,,,
John Muir,https://prisonbreak.fandom.com/wiki/John_Muir,,,,,,,,,,,,,,,,,,,,,,,,,,,,,,,,,,,,,,,,,,
John Tapord,https://prisonbreak.fandom.com/wiki/John_Tapord,,,,,,,,,,,,,,,,,,,,,,,,,,,,,,,,,,,,,,,,,,
Johnny,https://prisonbreak.fandom.com/wiki/Johnny,https://static.wikia.nocookie.net/prisonbreak/images/6/6f/The_Conspiracy_2.PNG/revision/latest/scale-to-width-down/268?cb=20110307043547,,1,,,,,,,,Neck broken by Tom Paxton,,,Chapter 4,,,Male,,,,,Prison Break: The Conspiracy,,,,Chapter 4,,,,,,,,Fox River,,,Unknown voice actor (English),Deceased,,,,"2005 [ 1 ] , Fox River"
Johnny Griffin,https://prisonbreak.fandom.com/wiki/Johnny_Griffin,,,1,,,,,,,,,,,I Smell Emmy,,,Male,,,,,2,,,,I Smell Emmy,,1,,,,,,,,,Miles Doleac,Alive,,,,
Jonathan Krantz,https://prisonbreak.fandom.com/wiki/Jonathan_Krantz,https://static.wikia.nocookie.net/prisonbreak/images/6/68/JonathanKrantz.jpg/revision/latest/scale-to-width-down/268?cb=20110503135225,Unknown,30,1943,,,Blue,,,,Electricity by an electric chair,,,The Killing Box,,,Male,,Pad Man,,,"2 , 3 , 4 The Final Break",,,,Free,,1,,,,,The Company,Fox River Miami-Dade Penitentiary Men's Facility,,Zack Estrin,Leon Russom,Deceased,,,,2009
Jonathan Krantz's aide,https://prisonbreak.fandom.com/wiki/Jonathan_Krantz%27s_aide,,,,,,,,,,,,,,,,,,,,,,,,,,,,,,,,,,,,,,,,,,
Jones,https://prisonbreak.fandom.com/wiki/Jones,https://static.wikia.nocookie.net/prisonbreak/images/4/4a/Prison-break-review-3.jpg/revision/latest/scale-to-width-down/268?cb=20100521172110,,,,Prison Break - The Conspiracy (Game),,,,,,,,,,,,,,,,,,Unknown voice actor (English),,,,,,Prison Break - The Conspiracy (Game),,,Unknown,,,,,,,,,,
Jorge Rivera,https://prisonbreak.fandom.com/wiki/Jorge_Rivera,,,,,,,,,,,,,,,,,,,,,,,,,,,,,,,,,,,,,,,,,,
Jos E. Racen,https://prisonbreak.fandom.com/wiki/Jos_E._Racen,https://static.wikia.nocookie.net/prisonbreak/images/d/d5/Male.jpg/revision/latest?cb=20100501194117,,,,(Name appears on stone),,,,,,,,,,,,,,,,,,,,,,,,(Name appears on stone),,,Alive,,,,,,,,,,
Josh Bennett,https://prisonbreak.fandom.com/wiki/Josh_Bennett,https://static.wikia.nocookie.net/prisonbreak/images/a/a3/Normal_403-496.jpg/revision/latest/scale-to-width-down/268?cb=20100408174708,,,,,,,,,,,,,,,,,,,,,,,,,,,,,,,Deceased,,,,,,,,,,
Josh Stolte,https://prisonbreak.fandom.com/wiki/Josh_Stolte,,,,,,,,,,,,,,,,,,,,,,,,,,,,,,,,,,,,,,,,,,
Joshua Benson,https://prisonbreak.fandom.com/wiki/Joshua_Benson,,,,,,,,,,,,,,,,,,,,,,,,,,,,,,,,,,,,,,,,,,
Judy Pope,https://prisonbreak.fandom.com/wiki/Judy_Pope,https://static.wikia.nocookie.net/prisonbreak/images/5/55/Vlcsnap-47143.jpg/revision/latest/scale-to-width-down/268?cb=20111129212216,,,,1x5,,,,,,,,,,,,,,,,,,Deanna Dunagan,,,,,,1x4,,,Alive,,,,,,,,,,
Judy Pope (The Conspiracy),https://prisonbreak.fandom.com/wiki/Judy_Pope_(The_Conspiracy),https://static.wikia.nocookie.net/prisonbreak/images/6/61/Female.jpg/revision/latest?cb=20100501200110,,,,Prison Break - The Conspiracy (Game) (Mentioned only),,,,,,,,,,,,,,,,,,,,,,,,Prison Break - The Conspiracy (Game) (Mentioned only),,,Alive,,,,,,,,,,
Jukebox,https://prisonbreak.fandom.com/wiki/Jukebox,,,,,,,,,,,,,,,,,,,,,,,,,,,,,,,,,,,,,,,,,,
Julianne Simms,https://prisonbreak.fandom.com/wiki/Julianne_Simms,https://static.wikia.nocookie.net/prisonbreak/images/9/9c/Juliannesimms.jpg/revision/latest/scale-to-width-down/268?cb=20120310152800,1 [ 1 ],23,,,,,,,,,,,Pilot,,,Female,,,,,"1 , 2",,,,Served Cold,,,,,,,,,,Nick Santora Matt Olmstead,Brooke Nevin,Alive,,,,
Julianne Simms mother,https://prisonbreak.fandom.com/wiki/Julianne_Simms_mother,,,,,,,,,,,,,,,,,,,,,,,,,,,,,,,,,,,,,,,,,,
June (Secret Service),https://prisonbreak.fandom.com/wiki/June_(Secret_Service),,,,,,,,,,,,,,,,,,,,,,,,,,,,,,,,,,,,,,,,,,
Junior,https://prisonbreak.fandom.com/wiki/Junior,,,,,,,,Male,,,,,,,,,,,,,,,JR Bourne,,,,,,,,,Alive,,,,,,,,,,
Kacee Franklin,https://prisonbreak.fandom.com/wiki/Kacee_Franklin,https://static.wikia.nocookie.net/prisonbreak/images/e/e4/Normal_ep220_164.jpg/revision/latest/scale-to-width-down/268?cb=20090423135713,,,,2x20,,,,,,,,,,,,,,,Benjamin Miles Franklin (husband) Dede Franklin (daughter),,,Cynthia Kaye McWilliams,,,,,,1x13,,,Alive,,,,,,,,,,
Kaniel Outis,https://prisonbreak.fandom.com/wiki/Kaniel_Outis,https://static.wikia.nocookie.net/prisonbreak/images/5/55/KanielOutis.jpg/revision/latest/scale-to-width-down/268?cb=20170406225805,,,,,,,,Michael J. Scofield (birth name),,,Prison Break,,,,,,Kaniel Outis,,,,,,,Behind The Eyes,,,,,,,Alive (as Michael Scofield ),,,Wentworth Miller,,,,,,,
Karl Kokosing,https://prisonbreak.fandom.com/wiki/Karl_Kokosing,https://static.wikia.nocookie.net/prisonbreak/images/d/d5/Male.jpg/revision/latest?cb=20100501194117,,,,Prison Break - The Classified FBI Files,,,,,,,,,,,,,,,,,,,,,,,,Map 1213,,,Unknown,,,,,,,,,,
Karyn Usher (There are Rules),https://prisonbreak.fandom.com/wiki/Karyn_Usher_(There_are_Rules),,,,,,,,,,,,,,,,,,,,,,,,,,,,,,,,,,,,,,,,,,
Kate Lavin,https://prisonbreak.fandom.com/wiki/Kate_Lavin,,,,,,,,,,,,,,,,,,,,,,,,,,,,,,,,,,,,,,,,,,
Kathryn Slattery,https://prisonbreak.fandom.com/wiki/Kathryn_Slattery,,,,,,,,,,,,,,,,,,,,,,,,,,,,,,,,,,,,,,,,,,
Kathy Apolskis,https://prisonbreak.fandom.com/wiki/Kathy_Apolskis,,,,,,,,,,,,,,,,,,,,,,,,,,,,,,,,,,,,,,,,,,
Katie Welch,https://prisonbreak.fandom.com/wiki/Katie_Welch,https://static.wikia.nocookie.net/prisonbreak/images/3/32/Pb_katie.jpg/revision/latest/scale-to-width-down/268?cb=20070302230417,,,,2x15,,,,,,,,,,,,,,,,,,DuShon Monique Brown,,,,,,1x2,,,Alive,,,,,,,,,,
Katie Welch (Pobeg),https://prisonbreak.fandom.com/wiki/Katie_Welch_(Pobeg),,,,,,,,,,,,,,,,,,,,,,,,,,,,,,,,,,,,,,,,,,
Katie Welch (The Conspiracy),https://prisonbreak.fandom.com/wiki/Katie_Welch_(The_Conspiracy),https://static.wikia.nocookie.net/prisonbreak/images/7/77/KatieWelchConspiracy.jpg/revision/latest/scale-to-width-down/268?cb=20110213184231,,,,Prison Break - The Conspiracy (Game),,,,,,,,,,,,,,,,,,,,,,,,Prison Break - The Conspiracy (Game),,,Alive,,,,,,,,,,
Keith Stolte,https://prisonbreak.fandom.com/wiki/Keith_Stolte,https://static.wikia.nocookie.net/prisonbreak/images/8/8e/Stolte.jpg/revision/latest/scale-to-width-down/268?cb=20100329151249,,,,2x14,,,,,,,,,,,,,,,,,,Christian Stolte,,,,,,1x1,,,Alive,,,,,,,,,,
Kellen Stackhouse,https://prisonbreak.fandom.com/wiki/Kellen_Stackhouse,https://static.wikia.nocookie.net/prisonbreak/images/3/34/Day-sneaks-up-on-stackhouse.jpg/revision/latest/scale-to-width-down/268?cb=20110426190819,,,,Steaks,,,,,,,,,,,,,,,,,,Andrew Jackson,,,,,,Steaks,,,Alive,,,,,,,,,,
Kelli Foster,https://prisonbreak.fandom.com/wiki/Kelli_Foster,https://static.wikia.nocookie.net/prisonbreak/images/0/00/Normal_ep208_094.jpg/revision/latest/scale-to-width-down/268?cb=20100518144327,,1,22 June 1978,,,,,,,Shot by a Company operative,,,Dead Fall,,,Female,,,,,2,,,,Dead Fall,,,,,,,,,,,Natalie Dickinson,Deceased,,,,1 June 2005
Kenny,https://prisonbreak.fandom.com/wiki/Kenny,,,,,,,,,,,,,,,,,,,,,,,,,,,,,,,,,,,,,,,,,,
Kid (Wash),https://prisonbreak.fandom.com/wiki/Kid_(Wash),,,,,,,,,,,,,,,,,,,,,,,,,,,,,,,,,,,,,,,,,,
Killoren,https://prisonbreak.fandom.com/wiki/Killoren,,,,,,,,,,,,,,,,,,,,,,,,,,,,,,,,,,,,,,,,,,
Kim's agent,https://prisonbreak.fandom.com/wiki/Kim%27s_agent,,,,,,,,,,,,,,,,,,,,,,,,,,,,,,,,,,,,,,,,,,
King (Company operative),https://prisonbreak.fandom.com/wiki/King_(Company_operative),https://static.wikia.nocookie.net/prisonbreak/images/3/3c/Pb_307_05.jpg/revision/latest/scale-to-width-down/268?cb=20100506181035,,,,The Art of the Deal,,,,,,,,,,,,,,,,,,Christian Bowman,,,,,,Vamonos,,,Alive,,,,,,,,,,
Kirk Skadden,https://prisonbreak.fandom.com/wiki/Kirk_Skadden,,,,,,,,,,,,,,,,,,,,,,,,,,,,,,,,,,,,,,,,,,
Knight,https://prisonbreak.fandom.com/wiki/Knight,,,,,,,,,,,,,,,,,,,,,,,,,,,,,,,,,,,,,,,,,,
Koba,https://prisonbreak.fandom.com/wiki/Koba,https://static.wikia.nocookie.net/prisonbreak/images/2/27/Pobeg---kishenko.jpg/revision/latest/scale-to-width-down/267?cb=20110206134620,,,,,,,,,,,,,,,,Male,,,,,"Pobeg : 1 , 2",,,,,,,,,,,,Unnamed prison,,,Vitaly Kishchenko,Alive,,,,
Kowalki,https://prisonbreak.fandom.com/wiki/Kowalki,https://static.wikia.nocookie.net/prisonbreak/images/8/8c/FemaleOrMale.jpg/revision/latest?cb=20110324160211,,,,,,,,,,,,,,,,,,,,,,,,,,,,,,,Unknown,,,,,,,,,,
Kristin Hamsen,https://prisonbreak.fandom.com/wiki/Kristin_Hamsen,https://static.wikia.nocookie.net/prisonbreak/images/6/61/Female.jpg/revision/latest?cb=20100501200110,,,,The Key,,,,,,,,,,,,,,,,,,,,,,,,The Key,,,Alive,,,,,,,,,,
Kristine Kellerman,https://prisonbreak.fandom.com/wiki/Kristine_Kellerman,,,2,1977,,,,,,,,,,Wash,,,Female,,,,,2,,,,Fin Del Camino),,,,,,,,,,Paul Scheuring,,,,,,
Kurt,https://prisonbreak.fandom.com/wiki/Kurt,,,,,,,,,,,,,,,,,,,,,,,,,,,,,,,,,,,,,,,,,,
L. Coco,https://prisonbreak.fandom.com/wiki/L._Coco,https://static.wikia.nocookie.net/prisonbreak/images/6/6f/Coco.jpg/revision/latest/scale-to-width-down/268?cb=20100329170822,,,,1x22,,,,,,,,,,,,,,,,,,Lea Coco,,,,,,1x13,,,Alive,,,,,,,,,,
L. J. Burrows (Pobeg),https://prisonbreak.fandom.com/wiki/L._J._Burrows_(Pobeg),,,,,,,,,,,,,,,,,,,,,,,,,,,,,,,,,,,,,,,,,,
L. Ostrowsky,https://prisonbreak.fandom.com/wiki/L._Ostrowsky,,,,,,,,,,,,,,,,,,,,,,,,,,,,,,,,,,,,,,,,,,
LJ's friend,https://prisonbreak.fandom.com/wiki/LJ%27s_friend,,,,,,,,,,,,,,,,,,,,,,,,,,,,,,,,,,,,,,,,,,
Laslow Manckewicz,https://prisonbreak.fandom.com/wiki/Laslow_Manckewicz,https://static.wikia.nocookie.net/prisonbreak/images/3/3d/Normal_116_442.jpg/revision/latest/scale-to-width-down/268?cb=20110420180827,,,,Brother's Keeper,,,,,,,,,,,,,,,,,,( unknown actor ),,,,,,Brother's Keeper,,,Alive,,,,,,,,,,
Laura Merlotti,https://prisonbreak.fandom.com/wiki/Laura_Merlotti,,,,,,,,,,,,,,,,,,,,,,,,,,,,,,,,,,,,,,,,,,
Lechero's daughter (I),https://prisonbreak.fandom.com/wiki/Lechero%27s_daughter_(I),,,,,,,,,,,,,,,,,,,,,,,,,,,,,,,,,,,,,,,,,,
Lechero's daughter (II),https://prisonbreak.fandom.com/wiki/Lechero%27s_daughter_(II),,,,,,,,,,,,,,,,,,,,,,,,,,,,,,,,,,,,,,,,,,
Lechero's mother,https://prisonbreak.fandom.com/wiki/Lechero%27s_mother,,,,,,,,,,,,,,,,,,,,,,,,,,,,,,,,,,,,,,,,,,
Lechero's son (I),https://prisonbreak.fandom.com/wiki/Lechero%27s_son_(I),,,,,,,,,,,,,,,,,,,,,,,,,,,,,,,,,,,,,,,,,,
Lechero's son (II),https://prisonbreak.fandom.com/wiki/Lechero%27s_son_(II),,,,,,,,,,,,,,,,,,,,,,,,,,,,,,,,,,,,,,,,,,
Lechero's son (III),https://prisonbreak.fandom.com/wiki/Lechero%27s_son_(III),,,,,,,,,,,,,,,,,,,,,,,,,,,,,,,,,,,,,,,,,,
Lechero's unnamed girlfriend,https://prisonbreak.fandom.com/wiki/Lechero%27s_unnamed_girlfriend,,,,,,,,,,,,,,,,,,,,,,,,,,,,,,,,,,,,,,,,,,
Leon,https://prisonbreak.fandom.com/wiki/Leon,https://static.wikia.nocookie.net/prisonbreak/images/1/17/Normal_ep211_050nnnnnnnnnnnnn.jpg/revision/latest/scale-to-width-down/268?cb=20090423141027,,,,2x11,,,,,,,,,,,,,,,,,,,,,,,,2x10,,,Deceased,,,,,,,,,,
Leslie Steadman,https://prisonbreak.fandom.com/wiki/Leslie_Steadman,,,,,,,,,,,,,,,,,,,,,,,,,,,,,,,,,,,,,,,,,,
Leslie Steadman (Pobeg),https://prisonbreak.fandom.com/wiki/Leslie_Steadman_(Pobeg),,,,,,,,,,,,,,,,,,,,,,,,,,,,,,,,,,,,,,,,,,
Leticia Barris,https://prisonbreak.fandom.com/wiki/Leticia_Barris,https://static.wikia.nocookie.net/prisonbreak/images/6/64/Leticia.gif/revision/latest/scale-to-width-down/268?cb=20110429132013,,,,,,,,,,Shot by Paul Kellerman,,,Allen,,,Female,,,,,"1 , 4",,,,Cell Test,,,,,,,,,,,Adina Porter,Deceased,,,,2005
Leticia Barris (Pobeg),https://prisonbreak.fandom.com/wiki/Leticia_Barris_(Pobeg),,,,,,,,,,,Shot by Paul Kellerman,,,,,,Male,,,,,1,,,,,,,,,,,,,,,,Deceased,,,,
Lieutenant Reyes,https://prisonbreak.fandom.com/wiki/Lieutenant_Reyes,https://static.wikia.nocookie.net/prisonbreak/images/2/26/Normal_116-135.jpg/revision/latest/scale-to-width-down/268?cb=20100803193134,,,,Brother's Keeper,,,,,,,,,,,,,,,,,,Jay Whittaker,,,,,,Brother's Keeper,,,Alive,,,,,,,,,,
Lila Maria Sucre,https://prisonbreak.fandom.com/wiki/Lila_Maria_Sucre,,,,,,,,,,,,,,,,,,,,,,,,,,,,,,,,,,,,,,,,,,
Lincoln Burrows,https://prisonbreak.fandom.com/wiki/Lincoln_Burrows,https://static.wikia.nocookie.net/prisonbreak/images/a/af/Lincoln_Final_Break.jpg/revision/latest/scale-to-width-down/268?cb=20111203115243,,,,""" Behind The Eyes """,,Light Brown,Male,,,,,,,Fox River,51 (as of 2017),,,,LJ (son) Michael Scofield (Brother) Aldo Burrows † (Father) Lisa Rix † (ex-wife) Christina Scofield † (Mother) Michael Scofield Jr. (nephew) Sara Tancredi (sister-in-law) Sofia Lugo (ex-girlfriend) Veronica Donovan † (ex-girlfriend) Sheba (girlfriend),,,Dominic Purcell Max Kirsch (teenage Lincoln) Hunter Jablonski (child Lincoln),,,,,,""" Pilot """,,Death by electric chair,"Alive, freed",,,,,,,Light Brown,Linc Linc The Sink The Amazing Spider-Man The South-Side butcher Sergio Nick Savrinn,Murder (Acquitted) Escaping prison Evasion of authorities Breaking and entering,
Lincoln Burrows' lawyer,https://prisonbreak.fandom.com/wiki/Lincoln_Burrows%27_lawyer,https://static.wikia.nocookie.net/prisonbreak/images/d/d9/Normal_301-027.jpg/revision/latest/scale-to-width-down/268?cb=20100408210747,,,,Orientación,,,,,,,,,,,,,,,,,,,,,,,,Orientación,,,Alive,,,,,,,,,,
Lincoln Burrows' parents,https://prisonbreak.fandom.com/wiki/Lincoln_Burrows%27_parents,,,,,,,,,,,,,,,,,,,,,,,,,,,,,,,,,,,,,,,,,,
Lincoln Burrows (The Conspiracy),https://prisonbreak.fandom.com/wiki/Lincoln_Burrows_(The_Conspiracy),https://static.wikia.nocookie.net/prisonbreak/images/6/67/Lincoln_Burrows.png/revision/latest/scale-to-width-down/268?cb=20100527144458,,,,,,,,,,,,,,Fox River,,,,,,,,Dominic Purcell (English) Viktor Neumann (Deutch) Eric Aubrahn (French) Unknown voice actor (Slovak),,,,,,,,Death to the electric chair,Alive,,,,,,,,,Murder (No one killed) Escaping prison,
Lisa Rix,https://prisonbreak.fandom.com/wiki/Lisa_Rix,https://static.wikia.nocookie.net/prisonbreak/images/a/ab/Normal_108-466.jpg/revision/latest/scale-to-width-down/268?cb=20100418122442,,,,1x8,,,,,,,,,,,,,,,,Shot by Danny Hale,,Jessalyn Gilsig,,,,,,1x1,,,Deceased,,,,,,,,,,
Lisa Rix (Pobeg),https://prisonbreak.fandom.com/wiki/Lisa_Rix_(Pobeg),,,,,,,,,,,,,,,,,,,,,,,,,,,,,,,,,,,,,,,,,,
Lisa Tabak,https://prisonbreak.fandom.com/wiki/Lisa_Tabak,https://static.wikia.nocookie.net/prisonbreak/images/3/37/144371.jpg/revision/latest/scale-to-width-down/268?cb=20110717223853,,,,The Sunshine State,,,,,,,,,,,,,,,,,,Stacy Haiduk,,,,,,Eagles and Angels,,,Alive/Imprisoned,,,,,,,,,,
List of characters,https://prisonbreak.fandom.com/wiki/List_of_characters,,,,,,,,,,,,,,,,,,,,,,,,,,,,,,,,,,,,,,,,,,
Lockwood,https://prisonbreak.fandom.com/wiki/Lockwood,https://static.wikia.nocookie.net/prisonbreak/images/2/2d/Erdt.jpg/revision/latest/scale-to-width-down/268?cb=20110430093157,,1,,,,,,,,,,,"Like Father, Like Son",,,Male,,,,,1,,,,"Like Father, Like Son",,,,,,,,,,,Stuart Hughes,Alive,,,,
Louie da Bomb,https://prisonbreak.fandom.com/wiki/Louie_da_Bomb,,,,,,,,,,,,,,,,,,,,,,,,,,,,,,,,,,,,,,,,,,
Louis Patterson,https://prisonbreak.fandom.com/wiki/Louis_Patterson,https://static.wikia.nocookie.net/prisonbreak/images/d/da/Patterson.jpg/revision/latest/scale-to-width-down/268?cb=20100329144900,,,,The Killing Box,,,Male,,Corrections Officer,,,,,,,,,,Louis Patterson's unnamed wife (wife),,,Phillip Edward Van Lear,,,,,,Pilot,,,Alive,,,,,,,,,,
Louis Patterson (Pobeg),https://prisonbreak.fandom.com/wiki/Louis_Patterson_(Pobeg),,,,,,,,,,,,,,,,,,,,,,,,,,,,,,,,,,,,,,,,,,
Louis Patterson (The Conspiracy),https://prisonbreak.fandom.com/wiki/Louis_Patterson_(The_Conspiracy),https://static.wikia.nocookie.net/prisonbreak/images/0/07/Vlcsnap-2010-03-21-18h31m08s26.jpg/revision/latest/scale-to-width-down/268?cb=20100602183218,,,,Prison Break - The Conspiracy (Game),,,,,,,,,,,,,,,,,,Unknown voice actor (English) Unknown voice actor (French) Unknown voice actor (Slovak) Unknown voice actor (Deutch),,,,,,Prison Break - The Conspiracy (Game),,,Alive,,,,,,,,,,
Luca Abruzzi,https://prisonbreak.fandom.com/wiki/Luca_Abruzzi,https://static.wikia.nocookie.net/prisonbreak/images/2/21/Luca.png/revision/latest/scale-to-width-down/268?cb=20240910133526,,3,,,,,,,,,,,Ogygia,,,Male,,,,,5,,,,,,0,,,,,,,,,Leo Rano,Alive,,,,
Lucas Harold,https://prisonbreak.fandom.com/wiki/Lucas_Harold,,,,,,,,,,,,,,,,,,,,,,,,,,,,,,,,,,,,,,,,,,
Lucasz Peshcopi,https://prisonbreak.fandom.com/wiki/Lucasz_Peshcopi,https://static.wikia.nocookie.net/prisonbreak/images/e/e1/Lukasz2.jpg/revision/latest?cb=20100329192643,,,,1x8,,,,,,,,,,,,,,,,,,Howie Johnson,,,,,,1x6,,,Deceased,,,,,,,,,,
Lucia,https://prisonbreak.fandom.com/wiki/Lucia,https://static.wikia.nocookie.net/prisonbreak/images/2/2b/BreakoutKings109-0626.jpg/revision/latest/scale-to-width-down/268?cb=20110505105215,,1,,,,,,,,,,,One for the Money,,,Female,,,,,1,,,,One for the Money,,,,,,,,,,,Daniela Lazzaro [ 1 ],Alive,,,,
Lucy Jones,https://prisonbreak.fandom.com/wiki/Lucy_Jones,https://static.wikia.nocookie.net/prisonbreak/images/6/61/Female.jpg/revision/latest?cb=20100501200110,,,,Prison Break - The Conspiracy (Game),,,,,,,,,,,,,,,,,,,,,,,,Prison Break - The Conspiracy (Game),,,Unknown,,,,,,,,,,
Luis Alvarez,https://prisonbreak.fandom.com/wiki/Luis_Alvarez,,,,,,,,,,,,,,,,,,,,,,,,,,,,,,,,,,,,,,,,,,
Luis Candana,https://prisonbreak.fandom.com/wiki/Luis_Candana,,,,,,,,,,,,,,,,,,,,,,,,,,,,,,,,,,,,,,,,,,
Luis Gallego,https://prisonbreak.fandom.com/wiki/Luis_Gallego,https://static.wikia.nocookie.net/prisonbreak/images/b/ba/McGrady.jpg/revision/latest/scale-to-width-down/268?cb=20101216150514,1,14,1988,,,,,,,,,,Orientación,,,Male,,Tracy McGrady,,,"3 , 4",,,,Scylla,,1,,,,,,,,,Carlo Alban,Alive,,,,
Lyle,https://prisonbreak.fandom.com/wiki/Lyle,https://static.wikia.nocookie.net/prisonbreak/images/3/30/Normal_114-225.jpg/revision/latest/scale-to-width-down/268?cb=20100730131854,,1,,,,,,,,,,,The Rat,,,Male,,,,,1,,,,The Rat,,,,,,,,,,,Phil Ridarelli,Alive,,,,
Lyle Sands,https://prisonbreak.fandom.com/wiki/Lyle_Sands,,,,,,,,,,,,,,,,,,,,,,,,,,,,,,,,,,,,,,,,,,
M. Grzenkowski,https://prisonbreak.fandom.com/wiki/M._Grzenkowski,,,,,,,,,,,,,,,,,,,,,,,,,,,,,,,,,,,,,,,,,,
M. O'Hara,https://prisonbreak.fandom.com/wiki/M._O%27Hara,,,,,,,,,,,,,,,,,,,,,,,,,,,,,,,,,,,,,,,,,,
M. Swickle,https://prisonbreak.fandom.com/wiki/M._Swickle,,,,,,,,,,,,,,,,,,,,,,,,,,,,,,,,,,,,,,,,,,
Mack Andrews,https://prisonbreak.fandom.com/wiki/Mack,https://static.wikia.nocookie.net/prisonbreak/images/f/f8/Mack.jpg/revision/latest/scale-to-width-down/268?cb=20100329142046,,,,1x22,,,,,,,,,,,,,,,,,,Mac Brandt,,,,,,1x2,,,Alive,,,,,,,,,,
Mack Andrews,https://prisonbreak.fandom.com/wiki/Mack_Andrews,https://static.wikia.nocookie.net/prisonbreak/images/f/f8/Mack.jpg/revision/latest/scale-to-width-down/268?cb=20100329142046,,,,1x22,,,,,,,,,,,,,,,,,,Mac Brandt,,,,,,1x2,,,Alive,,,,,,,,,,
Maggio,https://prisonbreak.fandom.com/wiki/Maggio,,,,,,,,,,,,,,,,,,,,,,,,,,,,,,,,,,,,,,,,,,
Maggio's friend,https://prisonbreak.fandom.com/wiki/Maggio%27s_friend,https://static.wikia.nocookie.net/prisonbreak/images/f/f8/ImagesCAC0A46B.jpg/revision/latest/scale-to-width-down/268?cb=20110213211145,,,,Flight,,,,,,,,,,,,,,,,,,,,,,,,,,,Alive,,,,,,,,,,
Maliovisky,https://prisonbreak.fandom.com/wiki/Maliovisky,,,,,,,,,,,,,,,,,,,,,,,,,,,,,,,,,,,,,,,,,,
Manche Sanchez,https://prisonbreak.fandom.com/wiki/Manche_Sanchez,,,,,,,,,,,,,,,,,,,,,,,,,,,,,,,,,,,,,,,,,,
Manche Sanchez (Pobeg),https://prisonbreak.fandom.com/wiki/Manche_Sanchez_(Pobeg),,,,,,,,,,,,,,,,,,,,,,,,,,,,,,,,,,,,,,,,,,
Marcel,https://prisonbreak.fandom.com/wiki/Marcel,https://static.wikia.nocookie.net/prisonbreak/images/e/ea/Normal_301-015.jpg/revision/latest/scale-to-width-down/268?cb=20100408210203,,1,,,,,,,,Sammy,,,Orientación,,,Male,,,,,3,,,,Orientación,,,,,,,,Sona,,,Josh Tessier,Deceased,,,,
Maria Jimenez,https://prisonbreak.fandom.com/wiki/Maria_Jimenez,,,,,,,,,,,,,,,,,,,,,,,,,,,,,,,,,,,,,,,,,,
Maria Sweeney,https://prisonbreak.fandom.com/wiki/Maria_Sweeney,,,,,,,,,,,,,,,,,,,,,,,,,,,,,,,,,,,,,,,,,,
Mariano,https://prisonbreak.fandom.com/wiki/Mariano,,,,,,,,,,,,,,,,,,,,,,,,,,,,,,,,,,,,,,,,,,
Maricruz Delgado,https://prisonbreak.fandom.com/wiki/Maricruz_Delgado,https://static.wikia.nocookie.net/prisonbreak/images/6/69/Normal_219_305.jpg/revision/latest/scale-to-width-down/268?cb=20110715210338,,,,Call Waiting,,,Female,,,,,,,,,,,,Lila Maria Sucre (daughter) Fernando Sucre (fiance),,,Nadine Velazquez Camille Guaty Melissa Marsala,,,,,,Pilot,,,Alive,,,,,,,,,,
Maricruz Delgado (Pobeg),https://prisonbreak.fandom.com/wiki/Maricruz_Delgado_(Pobeg),,,,,,,,,,,,,,,,,,,,,,,,,,,,,,,,,,,,,,,,,,
Marilyn,https://prisonbreak.fandom.com/wiki/Marilyn,https://static.wikia.nocookie.net/prisonbreak/images/d/db/Normal_108-360ujus.jpg/revision/latest/scale-to-width-down/268?cb=20090423141620,,,,4x15,,,,,,,,,,,,,,,,,,Unknown,,,,,,1x1,,,Deceased,,,,,,,,,,
Marilyn (Pobeg),https://prisonbreak.fandom.com/wiki/Marilyn_(Pobeg),,,,,,,,,,,,,,,,,,,,,,,,,,,,,,,,,,,,,,,,,,
Marjorie Swift,https://prisonbreak.fandom.com/wiki/Marjorie_Swift,,,,,Cowboys & Indians,,,,,,,,,,,,,,,,,,Amy Chaffee,,,,,,Cowboys & Indians,,,Alive,,,,,,,,,,
Mark Wheeler,https://prisonbreak.fandom.com/wiki/Mark_Wheeler,https://static.wikia.nocookie.net/prisonbreak/images/d/d9/Pb_wheeler.jpg/revision/latest/scale-to-width-down/268?cb=20070530110124,,,,Going Under,,brown,male,,Special agent at the FBI,,,,,,20s or 30s,,,,unknown,,,Jason Davis,FBI,,,,,Manhunt,,,Alive,,,,,,,blonde,Agent Wheeler,,
Marlin,https://prisonbreak.fandom.com/wiki/Marlin,,,,,,,,,,,,,,,,,,,,,,,,,,,,,,,,,,,,,,,,,,
Marty Gregg,https://prisonbreak.fandom.com/wiki/Marty_Gregg,,,,,,,,,,,,,,,,,,,,,,,,,,,,,,,,,,,,,,,,,,
Marvin Gudat,https://prisonbreak.fandom.com/wiki/Marvin_Gudat,https://static.wikia.nocookie.net/prisonbreak/images/e/e3/Normal_ep202_097.jpg/revision/latest/scale-to-width-down/268?cb=20100411095020,,2,,,,,,,,Poisoned by Theodore Bagwell,,,Manhunt,,,Male,,Dr. Gudat,,,2,,,,Otis,,,,,,,,,,,Ranjit Chowdhry,Deceased,,,,
Marvin Mancia,https://prisonbreak.fandom.com/wiki/Marvin_Mancia,https://static.wikia.nocookie.net/prisonbreak/images/0/04/402-245.jpg/revision/latest/scale-to-width-down/268?cb=20110318153003,,,,Breaking and Entering,,,,,,,,,,,,,,,,,,Marvin Mancia,,,,,,Breaking and Entering,,,Unknown,,,,,,,,,,
Marvin Mancia's daughter,https://prisonbreak.fandom.com/wiki/Marvin_Mancia%27s_daughter,,,,,,,,,,,,,,,,,,,,,,,,,,,,,,,,,,,,,,,,,,
Mary Francis,https://prisonbreak.fandom.com/wiki/Mary_Francis,https://static.wikia.nocookie.net/prisonbreak/images/3/3e/I6xnyc.png/revision/latest/scale-to-width-down/268?cb=20110505141118,,,,Scylla,,,,,Prostitute,,,,,,,,,,Lechero † (ex-boyfriend) Theodore Bagwell (ex-boyfriend),,,Crystal Mantecon,,,,,,Orientación,,,Alive,,,,,,,,Carmelita,,
Matt Feytek,https://prisonbreak.fandom.com/wiki/Matt_Feytek,,,,,,,,,,,,,,,,,,,,,,,,,,,,,,,,,,,,,,,,,,
Mayor,https://prisonbreak.fandom.com/wiki/Mayor,,,,,,,,,,,,,,,,,,,,,,,,,,,,,,,,,,,,,,,,,,
Mayor's son,https://prisonbreak.fandom.com/wiki/Mayor%27s_son,https://static.wikia.nocookie.net/prisonbreak/images/d/d5/Male.jpg/revision/latest?cb=20100501194117,,1,,,,,,,,Accidentally killed in a bar fight by James Whistler,,,Fire/Water,,,Male,,,,,4,,,,Fire/Water,,,,,,,,,,,,Deceased,,,,Unknown
Maytag's friend,https://prisonbreak.fandom.com/wiki/Maytag%27s_friend,https://static.wikia.nocookie.net/prisonbreak/images/e/ec/Thumb_102-514.jpg/revision/latest?cb=20110321181521,,,,Allen,,,,,,,,,,,,,,,,,,( unknown actor ),,,,,,Allen,,,Unknown,,,,,,,,,,
Maze,https://prisonbreak.fandom.com/wiki/Maze,,,,,,,,Male,,Inmate,,,,,,,,,,Darius 'Red' Lewis,,,Sylvester Powell,,,,,,,,,Alive,,,,,,,,,,
McMorrow,https://prisonbreak.fandom.com/wiki/McMorrow,https://static.wikia.nocookie.net/prisonbreak/images/9/90/Normal_101-576jjjj.jpg/revision/latest/scale-to-width-down/268?cb=20090423142152,,,,Pilot,,,Male,,Bishop,,,,,,62,,,,,Shot in the head by a Company agent,,Chelcie Ross,,,,,,Pilot,2005,,Deceased,,,,,,,,,,
Menjavar,https://prisonbreak.fandom.com/wiki/Menjavar,,,,,,,,,,,,,,,,,,,,,,,,,,,,,,,,,,,,,,,,,,
Mestas,https://prisonbreak.fandom.com/wiki/Mestas,https://static.wikia.nocookie.net/prisonbreak/images/8/84/Pb-312-7.jpg/revision/latest/scale-to-width-down/268?cb=20100506180437,,,,The Art of the Deal,,,,,,,,,,,,,,,,,,,,,,,,Boxed In,,,Unknown,,,,,,,,,,
Mexican pilot,https://prisonbreak.fandom.com/wiki/Mexican_pilot,https://static.wikia.nocookie.net/prisonbreak/images/2/20/The_Killing_Box_2.JPG/revision/latest/scale-to-width-down/268?cb=20111125211422,,3,,,,,,,,Jumped out a plane [ 1 ],,,Bolshoi Booze,,,Male,,,,,2,,,,The Killing Box,,,,,,,,,,,Justin Meeks,Deceased,,,,
Meyerhoff,https://prisonbreak.fandom.com/wiki/Meyerhoff,,,,,,,,,,,,,,,,,,,,,,,,,,,,,,,,,,,,,,,,,,
Michael's foster father,https://prisonbreak.fandom.com/wiki/Michael%27s_foster_father,https://static.wikia.nocookie.net/prisonbreak/images/1/16/MP2.jpg/revision/latest/scale-to-width-down/268?cb=20110202171605,,,,Disconnect,,,,,,,,,,,,,,,,,,( unknown actor ),,,,,,Disconnect,,,Deceased,,,,,,,,,,
Michael Hooker,https://prisonbreak.fandom.com/wiki/Michael_Hooker,,,,,,,,,,,,,,,,,,,,,,,,,,,,,,,,,,,,,,,,,,
Michael Kock,https://prisonbreak.fandom.com/wiki/Michael_Kock,https://static.wikia.nocookie.net/prisonbreak/images/d/d5/Male.jpg/revision/latest?cb=20100501194117,,,,,,,,,,,,,,,,,,,,,,,,,,,,,,,Unknown,,,,,,,,,,
Michael Roker,https://prisonbreak.fandom.com/wiki/Michael_Roker,,,,,,,,,,,,,,,,,,,,,,,,,,,,,,,,,,,,,,,,,,
Michael Scofield,https://prisonbreak.fandom.com/wiki/Michael_Scofield,https://static.wikia.nocookie.net/prisonbreak/images/f/fd/Michael_Scofield_Season_4.JPG/revision/latest/scale-to-width-down/268?cb=20080907020253,,,,""" Behind The Eyes """,,Blue/green,Male,,Structural Engineer (before prison),,,Fernando Sucre ( Cell 40 ) Charles Patoshik ( Cell 40 ),,Fox River Sona Ogygia Prison,Unknown (retconned),,,,Christina Scofield (mother) Aldo Burrows (father) Lincoln Burrows (brother) Sara Scofield (wife) Michael Scofield Jr. (son) Lincoln Burrows Jr. (nephew) Nika Volek (ex-wife),,,Wentworth Miller Dylan Minnette (young),The Fox River Eight The Sona Seven The Scylla Team,,,,,""" Pilot """,,5 years,Alive,,,,,,,Black,"Mike Fish (in Fox River ) Snowflake, Einstein (By C-Note ) Pretty/Pretty Boy (By T-Bag ) Papi (By Sucre ) College Boy (By Brad Bellick ) Phineas McClintock FBI Agent Wayne Merrick Michael Crane Kevin Freeling Superstar, Waterboy, Engineer (by Lechero ) Police Officer Mathers Kaniel Outis",Bank robbery Escaping prison Evasion of authorities Breaking and entering,
Michael Scofield (The Conspiracy),https://prisonbreak.fandom.com/wiki/Michael_Scofield_(The_Conspiracy),https://static.wikia.nocookie.net/prisonbreak/images/a/a7/Michael_Scofield.png/revision/latest/scale-to-width-down/268?cb=20100527144845,,,,,,,,,,,,Fernando Sucre ( Cell 40 ) Charles Patoshik ( Cell 40 ),,Fox River,,,,,,,,Wentworth Miller (English) Unknown voice actor (Deutch) Unknown voice actor (Slovak),,,,,,,,5 years,Alive,,,,,,,,,Escaping prison,
Michael Scofield Jr.,https://prisonbreak.fandom.com/wiki/Michael_Scofield_Jr.,https://static.wikia.nocookie.net/prisonbreak/images/9/99/Michael_Scofield_Jr.S5.jpg/revision/latest/scale-to-width-down/268?cb=20170803112538,,3,Circa 2006,,,Brown,,,,,,,Killing Your Number,,,Male,,Grandson of Wild West Frank.,,,"4 , 5",,,,Behind The Eyes,Human,,,,,,Sara Scofield (Mother) Michael Scofield (Father) Frank Tancredi (Grandfather) Aldo Burrows (Grandfather) Christina Scofield (Grandmother),,,,Ethan Alderman ( Season 4 ) Christian Michael Cooper ( Season 5 ),Alive,,,,
Michelle Taylor,https://prisonbreak.fandom.com/wiki/Michelle_Taylor,https://static.wikia.nocookie.net/prisonbreak/images/6/6b/Normal_402-224.jpg/revision/latest/scale-to-width-down/268?cb=20101230102312,,,,The Price,,,,,,,,,,,,,,,,,,Julie Berzon,,,,,,Breaking and Entering,,,Deceased,,,,,,,,,,
Mike Botoni,https://prisonbreak.fandom.com/wiki/Mike_Botoni,,,,,,,,,,,,,,,,,,,,,,,,,,,,,,,,,,,,,,,,,,
Mike Colburn,https://prisonbreak.fandom.com/wiki/Mike_Colburn,https://static.wikia.nocookie.net/prisonbreak/images/0/02/End_of_the_Tunnel_4.PNG/revision/latest/scale-to-width-down/268?cb=20110531225519,,1,,,,,,,,Suicide by gunshot in the head,,,Where in the World is Carmen Vega,,,Male,,,,,1,,,,Where in the World is Carmen Vega,,1,,,,,,,,Matt Olmstead Michael Gilvary,Derek Webster,Deceased,,,,2011 or 2012
Miller,https://prisonbreak.fandom.com/wiki/Miller,https://static.wikia.nocookie.net/prisonbreak/images/6/6e/Prison-break-the-conspiracy-xbox-360-043.jpg/revision/latest/scale-to-width-down/268?cb=20100426181305,,,,Prison Break - The Conspiracy (Game),,,,,,,,,,,,,,,,,,Christian Lanz [ 1 ],,,,,,Prison Break - The Conspiracy (Game),,,Alive,,,,,,,,,,
Miriam Holtz,https://prisonbreak.fandom.com/wiki/Miriam_Holtz,https://static.wikia.nocookie.net/prisonbreak/images/c/c2/9lzkc0hbqk2kckh9.jpg/revision/latest/scale-to-width-down/268?cb=20110727221042,,11,,,,,,,,Shot by Donald Self,,,Shut Down,,,Female,,Trishanne,,,4,,,,Deal or No Deal (Corpse only),,1,,,,,,,,,Shannon Lucio,Deceased,,,,2005
Mo Blakely,https://prisonbreak.fandom.com/wiki/Mo_Blakely,https://static.wikia.nocookie.net/prisonbreak/images/e/e3/Clipboard01.jpg/revision/latest/scale-to-width-down/268?cb=20120411165518,,1,,,,,,,,Stabbed by Ronnie Marcum,,,Self Help,,,Male,,,,,2,,,,Self Help,,,,,,,,,,,Reginal Varice [ 1 ],Deceased,,,,
Moore,https://prisonbreak.fandom.com/wiki/Moore,https://static.wikia.nocookie.net/prisonbreak/images/6/6e/Prison-break-the-conspiracy-xbox-360-043.jpg/revision/latest/scale-to-width-down/268?cb=20100426181305,,,,Prison Break - The Conspiracy (Game),,,,,,,,,,,,,,,,,,Unknown voice actor (English) Unknown voice actor (Deutch),,,,,,Prison Break - The Conspiracy (Game),,,Alive,,,,,,,,,,
Mr. Bagwell,https://prisonbreak.fandom.com/wiki/Mr._Bagwell,https://static.wikia.nocookie.net/prisonbreak/images/8/86/Mr.bagwell.jpg/revision/latest/scale-to-width-down/268?cb=20110715074647,31,3,,,,,,,,,,,"Riots, Drills and the Devil, Part 1",,,Male,,,,,"PB : 1 , 2 BK : 1",,,,The Bag Man,,,,,,,,,,,Joel Stoffer,Unknown,,,,
Mr. Bellick,https://prisonbreak.fandom.com/wiki/Mr._Bellick,https://static.wikia.nocookie.net/prisonbreak/images/d/d5/Male.jpg/revision/latest?cb=20100501194117,,1,,,,,,,,Natural causes,,,Greatness Achieved,,,Male,,,,,4,,,,Greatness Achieved,,,,,,,,,,,,Deceased,,,,Unknown
Mr. Hollander (Pobeg),https://prisonbreak.fandom.com/wiki/Mr._Hollander_(Pobeg),,,,,,,,,,,,,,,,,,,,,,,,,,,,,,,,,,,,,,,,,,
Mr. Patoshik,https://prisonbreak.fandom.com/wiki/Mr._Patoshik,https://static.wikia.nocookie.net/prisonbreak/images/d/d5/Male.jpg/revision/latest?cb=20100501194117,4,1,,,,,,,,Shot by Charles Patoshik,,,,,,Male,,,,,2,,,,,,,,,,,,,,,,Deceased,,,,Unknown
Mr. Samuels,https://prisonbreak.fandom.com/wiki/Mr._Samuels,,,,,,,,,,,,,,,,,,,,,,,,,,,,,,,,,,,,,,,,,,
Mr. Savrinn,https://prisonbreak.fandom.com/wiki/Mr._Savrinn,,,,,,,,,,,,,,,,,,,,,,,,,,,,,,,,,,,,,,,,,,
Mr. Savrinn (Pobeg),https://prisonbreak.fandom.com/wiki/Mr._Savrinn_(Pobeg),,,,,,,,,,,,,,,,,,,,,,,,,,,,,,,,,,,,,,,,,,
Mrs. Clayton,https://prisonbreak.fandom.com/wiki/Mrs._Clayton,https://static.wikia.nocookie.net/prisonbreak/images/6/61/Female.jpg/revision/latest?cb=20100501200110,,,,(Mentioned only),,,,,,,,,,,,,,,,,,,,,,,,(Mentioned only),,,Alive,,,,,,,,,,
Mrs. Delgado,https://prisonbreak.fandom.com/wiki/Mrs._Delgado,,,,,,,,,,,,,,,,,,,,,,,,,,,,,,,,,,,,,,,,,,
Mrs. Self,https://prisonbreak.fandom.com/wiki/Mrs._Self,,,,,,,,,,,,,,,,,,,,,,,,,,,,,,,,,,,,,,,,,,
Mrs. Tancredi,https://prisonbreak.fandom.com/wiki/Mrs._Tancredi,,,,,,,,,,,,,,,,,,,,,,,,,,,,,,,,,,,,,,,,,,
Mrs. Weatman,https://prisonbreak.fandom.com/wiki/Mrs._Weatman,,,,,,,,,,,,,,,,,,,,,,,,,,,,,,,,,,,,,,,,,,
Mysterious Man,https://prisonbreak.fandom.com/wiki/Mysterious_Man,,,,,,,,,,,,,,,,,,,,,,,,,,,,,,,,,,,,,,,,,,
NSA Analyst,https://prisonbreak.fandom.com/wiki/NSA_Analyst,,,,,,,,,,,,,,,,,,,,,,,,,,,,,,,,,,,,,,,,,,
Nandu Banerjee,https://prisonbreak.fandom.com/wiki/Nandu_Banerjee,,,,,,,,,,,,,,,,,,,,,,,,,,,,,,,,,,,,,,,,,,
Naomi,https://prisonbreak.fandom.com/wiki/Naomi,,,,,,,,,,,,,,,,,,,,,,,,,,,,,,,,,,,,,,,,,,
Natasha Parker,https://prisonbreak.fandom.com/wiki/Natasha_Parker,https://static.wikia.nocookie.net/prisonbreak/images/6/61/Female.jpg/revision/latest?cb=20100501200110,,,,The Key,,,,,,,,,,,,,,,,,,,,,,,,The Key,,,Alive,,,,,,,,,,
Nathan Schumer,https://prisonbreak.fandom.com/wiki/Nathan_Schumer,,,,,,,,,,,,,,,,,,,,,,,,,,,,,,,,,,,,,,,,,,
Nathaniel Edison,https://prisonbreak.fandom.com/wiki/Nathaniel_Edison,https://static.wikia.nocookie.net/prisonbreak/images/d/dc/Nathaneal_Edison.JPG/revision/latest/scale-to-width-down/268?cb=20081001022206,,,,The Price,,,,,,,,,,,,,,,,,,John Sanderford,,,,,,Blow Out,,,Alive/Imprisoned,,,,,,,,,,
Nationial Guardsman (I),https://prisonbreak.fandom.com/wiki/Nationial_Guardsman_(I),https://static.wikia.nocookie.net/prisonbreak/images/0/07/38.JPG/revision/latest/scale-to-width-down/268?cb=20100809185313,,,,Selfless,,,,,,,,,,,,,,,,,,,,,,,,Selfless,,,Alive,,,,,,,,,,
Naveen Banerjee,https://prisonbreak.fandom.com/wiki/Naveen_Banerjee,https://static.wikia.nocookie.net/prisonbreak/images/6/6a/3089.jpg/revision/latest/scale-to-width-down/268?cb=20100421124826,,,,S.O.B.,,,,,,,,,,,,,,,,,,Anthony Azizi,,,,,,Versus,,,Deceased,,,,,,,,,,
News anchor,https://prisonbreak.fandom.com/wiki/News_anchor,https://static.wikia.nocookie.net/prisonbreak/images/6/60/PrisonBreakS04E19HDTVXviD-LOLavi-6.jpg/revision/latest/scale-to-width-down/268?cb=20100425203852,,,,S.O.B.,,,,,,,,,,,,,,,,,,Tim Ryan,,,,,,S.O.B.,,,Alive,,,,,,,,,,
Newscaster,https://prisonbreak.fandom.com/wiki/Newscaster,,,,,,,,,,,,,,,,,,,,,,,,,,,,,,,,,,,,,,,,,,
Nick Savrinn,https://prisonbreak.fandom.com/wiki/Nick_Savrinn,https://static.wikia.nocookie.net/prisonbreak/images/0/0f/Photo005.jpg/revision/latest?cb=20070114005832,,,,Flight,,,,,,,,,,,,,,,,Shot by a unnamed man,,Frank Grillo Johannes Baasner [ 1 ] (Deutsch),,,,,,Cute Poison,,,Deceased,,,,,,,,,,
Nick Savrinn (Pobeg),https://prisonbreak.fandom.com/wiki/Nick_Savrinn_(Pobeg),https://static.wikia.nocookie.net/prisonbreak/images/8/8e/2611221_th.jpg/revision/latest/scale-to-width-down/268?cb=20110729085846,,,,,,,,,,Shot by John Abruzzi's henchman,,,,,,Male,,,,,1,,,,,,,,,,,,,,,,Deceased,,,,
Nicole Abruzzi,https://prisonbreak.fandom.com/wiki/Nicole_Abruzzi,,,,,,,,,,,,,,,,,,,,,,,,,,,,,,,,,,,,,,,,,,
Nika Volek,https://prisonbreak.fandom.com/wiki/Nika_Volek,https://static.wikia.nocookie.net/prisonbreak/images/d/dc/278464550_d7a3eea3ee.jpg/revision/latest/scale-to-width-down/268?cb=20110729090540,,,,2x4,,,,,,,,,,,,,,,Michael Scofield (ex-husband),,,Holly Valance,,,,,,1x10,,,Alive,,,,,,,,Jasmine,,
Nika Volek (Pobeg),https://prisonbreak.fandom.com/wiki/Nika_Volek_(Pobeg),,,,,,,,,,,,,,,,,,,,,,,,,,,,,,,,,,,,,,,,,,
Octavio,https://prisonbreak.fandom.com/wiki/Octavio,https://static.wikia.nocookie.net/prisonbreak/images/9/97/Octavio.jpg/revision/latest/scale-to-width-down/268?cb=20111026181029,,,,,,,,,,Beaten to death by Brad Bellick,,,Orientación,,,Male,,Caveman,,,3,,,,Boxed In,,,,,,,,Sona,,Paul Scheuring,Mike Seal,Deceased,,,,"2005 , Sona"
Old Mexican Man,https://prisonbreak.fandom.com/wiki/Old_Mexican_Man,https://static.wikia.nocookie.net/prisonbreak/images/4/40/Normal_ep215_102.jpg/revision/latest/scale-to-width-down/268?cb=20100415183307,,,,,,,,,,,,,,,,,,,,,,,,,,,,,,,Alive,,,,,,,,,,
Old Sona Inmate (I),https://prisonbreak.fandom.com/wiki/Old_Sona_Inmate_(I),,,,,,,,,,,,,,,,,,,,,,,,,,,,,,,,,,,,,,,,,,
Old Sona inmate,https://prisonbreak.fandom.com/wiki/Old_Sona_inmate,,,,,,,,,,,,,,,,,,,,,,,,,,,,,,,,,,,,,,,,,,
Omar,https://prisonbreak.fandom.com/wiki/Omar,https://static.wikia.nocookie.net/prisonbreak/images/5/54/DAcFSebXUAIFQTa.jpg/revision/latest/scale-to-width-down/268?cb=20171118162327,,,,,,,,,,,,,,,,Male,,,,,5,,,,,,,,,,,,,,,,Deceased,,,,
Orderly (Flight),https://prisonbreak.fandom.com/wiki/Orderly_(Flight),https://static.wikia.nocookie.net/prisonbreak/images/a/a1/Normal_122_165.jpg/revision/latest/scale-to-width-down/268?cb=20110214124536,,,,Flight,,,,,,,,,,,,,,,,,,David Alan Anderson,,,,,,Flight,,,Alive,,,,,,,,,,
Oren's Secretary,https://prisonbreak.fandom.com/wiki/Oren%27s_Secretary,,,,,,,,,,,,,,,,,,,,,,,,,,,,,,,,,,,,,,,,,,
Orwell Wilson,https://prisonbreak.fandom.com/wiki/Orwell_Wilson,https://static.wikia.nocookie.net/prisonbreak/images/2/25/Prison-break-the-conspiracy-playstation-3-ps3-123.jpg/revision/latest/scale-to-width-down/268?cb=20100426183410,,,,Prison Break - The Conspiracy (Game),,,,,,,,,,,,,,,,,,Unknown voice actor (English),,,,,,Prison Break - The Conspiracy (Game),,,Alive,,,,,,,,,,
Otto Fibonacci,https://prisonbreak.fandom.com/wiki/Otto_Fibonacci,https://static.wikia.nocookie.net/prisonbreak/images/e/e1/Pb_fibonacci.jpg/revision/latest?cb=20070302175340,,,,1x10,,,,,,,,,,,,,,,,,,Roderick Peeples ( unknown actor ),,,,,,1x10,,,Alive,,,,,,,,,,
Otto Fibonacci (Pobeg),https://prisonbreak.fandom.com/wiki/Otto_Fibonacci_(Pobeg),,,,,,,,,,,,,,,,,,,,,,,,,,,,,,,,,,,,,,,,,,
Otto Fibonacci (The Conspiracy),https://prisonbreak.fandom.com/wiki/Otto_Fibonacci_(The_Conspiracy),https://static.wikia.nocookie.net/prisonbreak/images/d/d5/Male.jpg/revision/latest?cb=20100501194117,,0 [ 1 ],,,,,,,,,,,Chapter 1,,,Male,,,,,Prison Break: The Conspiracy,,,,Chapter 1,,,,,,,,,,,,Alive,,,,
P. Patterson,https://prisonbreak.fandom.com/wiki/P._Patterson,,,,,,,,,,,,,,,,,,,,,,,,,,,,,,,,,,,,,,,,,,
Pain Train,https://prisonbreak.fandom.com/wiki/Pain_Train,,,,,,,,,,,,,,,,,,,,,,,,,,,,,,,,,,,,,,,,,,
Pam Larson,https://prisonbreak.fandom.com/wiki/Pam_Larson,,,,,,,,,,,,,,,,,,,,,,,,,,,,,,,,Alive,,,,,,,,,,
Park ranger,https://prisonbreak.fandom.com/wiki/Park_ranger,,,,,,,,,,,,,,,,,,,,,,,,,,,,,,,,,,,,,,,,,,
Patrick Malloy,https://prisonbreak.fandom.com/wiki/Patrick_Malloy,https://static.wikia.nocookie.net/prisonbreak/images/4/4d/BreakoutKings-107-0191.jpg/revision/latest/scale-to-width-down/268?cb=20110716205131,,1,,,,,,,,,,,Fun with Chemistry,,,Male,,,,,1,,,,Fun with Chemistry,,,,,,,,,,Nick Santora Matt Olmstead,( unknown actor ),Alive,,,,
Patrick Vikan's bodyguard (I),https://prisonbreak.fandom.com/wiki/Patrick_Vikan%27s_bodyguard_(I),,,,,,,,,,,,,,,,,,,,,,,,,,,,,,,,,,,,,,,,,,
Patrick Vikan's bodyguard (II),https://prisonbreak.fandom.com/wiki/Patrick_Vikan%27s_bodyguard_(II),,,,,,,,,,,,,,,,,,,,,,,,,,,,,,,,,,,,,,,,,,
Patrick Vikan's bodyguard (III),https://prisonbreak.fandom.com/wiki/Patrick_Vikan%27s_bodyguard_(III),,,,,,,,,,,,,,,,,,,,,,,,,,,,,,,,,,,,,,,,,,
Patrick Vikan's bodyguard (IV),https://prisonbreak.fandom.com/wiki/Patrick_Vikan%27s_bodyguard_(IV),,,,,,,,,,,,,,,,,,,,,,,,,,,,,,,,,,,,,,,,,,
Patrick Vikan's bodyguard (V),https://prisonbreak.fandom.com/wiki/Patrick_Vikan%27s_bodyguard_(V),,,,,,,,,,,,,,,,,,,,,,,,,,,,,,,,,,,,,,,,,,
Patty Wallace,https://prisonbreak.fandom.com/wiki/Patty_Wallace,https://static.wikia.nocookie.net/prisonbreak/images/1/12/Normal_ep216_104.jpg/revision/latest/scale-to-width-down/268?cb=20110414210006,,,,,,,,,,,,,,,,,,,,,,,,,,,,,,,,,,,,,,,Patty,,
Paul Kellerman,https://prisonbreak.fandom.com/wiki/Paul_Kellerman,https://static.wikia.nocookie.net/prisonbreak/images/f/fc/Kellermanseason2.jpg/revision/latest/scale-to-width-down/268?cb=20110711133627,Unknown,42,1970,,,,,,,Shot in the head  by Van Gogh,,,Pilot,,,Male,,Owen Kravecki Lance Roy Hawkings [ 1 ],,,"1 , 2 , 4 , 5 The Final Break",,,,The Prisoner's Dilemma,,10,,,,,,,,Paul Scheuring,Paul Adelstein,Deceased,,,,2017
Paul Kellerman's daughter,https://prisonbreak.fandom.com/wiki/Paul_Kellerman%27s_daughter,,,,,,,,,,,,,,,,,,,,,,,,,,,,,,,,,,,,,,,,,,
Paul Kellerman's escort guard,https://prisonbreak.fandom.com/wiki/Paul_Kellerman%27s_escort_guard,https://static.wikia.nocookie.net/prisonbreak/images/2/28/Normal_bscap0949.jpg/revision/latest/scale-to-width-down/268?cb=20110314171629,,,,Sona,,,,,,,,,,,,,,,,,,( unknown actor ),,,,,,Sona,,,Deceased,,,,,,,,,,
Paul Kellerman (Pobeg),https://prisonbreak.fandom.com/wiki/Paul_Kellerman_(Pobeg),,,,,,,,,,,,,,,,,,,,,,,,,,,,,,,,,,,,,,,,,,
Paula Berry,https://prisonbreak.fandom.com/wiki/Paula_Berry,,,,,,,,,,,,,,,,,,,,,,,,,,,,,,,,,,,,,,,,,,
Pedro Ramos,https://prisonbreak.fandom.com/wiki/Pedro_Ramos,https://static.wikia.nocookie.net/prisonbreak/images/4/4b/Pedroramos.png/revision/latest/scale-to-width-down/268?cb=20110713180438,3,2,,,,,,,,,,,Bolshoi Booze,,,Male,,,,,2,,,,Disconnect,,,,,,,,,,,José Zúñiga,Unknown,,,,
Perry Roland,https://prisonbreak.fandom.com/wiki/Perry_Roland,,,,,,,,,,,,,,,,,,,,,,,Stewart Arnott,,,,,,,,,Alive,,,,,,,,,,
Pete Gillies,https://prisonbreak.fandom.com/wiki/Pete_Gillies,https://static.wikia.nocookie.net/prisonbreak/images/d/d5/Pete.jpg/revision/latest/scale-to-width-down/268?cb=20120315202730,,4,,,,,,,,,,,An Unjust Death,,,Male,,,,,2,,,,Self Help,,,,,,,,,,Nick Santora Matt Olmstead,Ian Bohen,Alive,,,,
Peter Tucci,https://prisonbreak.fandom.com/wiki/Peter_Tucci,,,,,,,,,,,,,,,,,,,,,,,,,,,,,,,,,,,,,,,,,,
Peter Tucci (Pobeg),https://prisonbreak.fandom.com/wiki/Peter_Tucci_(Pobeg),,,,,,,,,,,,,,,,,,,,,,,,,,,,,,,,,,,,,,,,,,
Petey Cordero,https://prisonbreak.fandom.com/wiki/Petey_Cordero,,,,,,,,,,,,,,,,,,,,,,,,,,,,,,,,,,,,,,,,,,
Phil Stroger,https://prisonbreak.fandom.com/wiki/Phil_Stroger,https://static.wikia.nocookie.net/prisonbreak/images/4/45/5.JPG/revision/latest/scale-to-width-down/268?cb=20100418173119,,,,The Price,,,,,,,,,,,,,,,,,,Monti Sharp,,,,,,The Price,,,Alive,,,,,,,,,,
Philly Falzone,https://prisonbreak.fandom.com/wiki/Philly_Falzone,https://static.wikia.nocookie.net/prisonbreak/images/7/7a/Pb_falzone.jpg/revision/latest?cb=20070302174741,,,,,,,,,,,,,,,,,,,,,,Al Sapienza,,,,,,Allen,,minimum 5 years,"Alive, (probably freed)",,,,,,,,,Parole Violation Weapon Possession Attempted Murder,
Philly Falzone (Pobeg),https://prisonbreak.fandom.com/wiki/Philly_Falzone_(Pobeg),,,,,,,,,,,,,,,,,,,,,,,,,,,,,,,,,,,,,,,,,,
Philomena Rotchliffer,https://prisonbreak.fandom.com/wiki/Philomena_Rotchliffer,https://static.wikia.nocookie.net/prisonbreak/images/4/4b/Normal_000765.jpg/revision/latest/scale-to-width-down/268?cb=20110716205250,,2,6 January 1980 [ 1 ],,,,,,,,,,Pilot,,,Female,,Philly,,,1,,,,Collected,,,,,,,Breakout Kings,Muncy Correctional Institution Maybelle Minimum Security Prison,,Nick Santora Matt Olmstead,Nicole Steinwedell,Alive,,,,
Phineas McClintock,https://prisonbreak.fandom.com/wiki/Phineas_McClintock,,,,,,,,,,,,,,,,,,,,,,,,,,,,,,,,,,,,,,,,,,
Pistachio,https://prisonbreak.fandom.com/wiki/Pistachio,https://static.wikia.nocookie.net/prisonbreak/images/0/04/Pistachio.jpg/revision/latest/scale-to-width-down/268?cb=20111026094055,,4,,,,,,,,,,,Call Waiting,,,Female,,Stash,,,3,,,,Boxed In,,,,,,,,,,,Joe Holt,Unknown,,,,
Pollack,https://prisonbreak.fandom.com/wiki/Pollack,,,,,,,,,,,,,,,,,,,,,,,,,,,,,,,,,,,,,,,,,,
Powell,https://prisonbreak.fandom.com/wiki/Powell,,,,,,,,,,,,,,,,,,,,,,,,,,,,,,,,,,,,,,,,,,
Press reporter (I),https://prisonbreak.fandom.com/wiki/Press_reporter_(I),,,,,,,,,,,,,,,,,,,,,,,,,,,,,,,,,,,,,,,,,,
Pronzo,https://prisonbreak.fandom.com/wiki/Pronzo,,,,,,,,,,,,,,,,,,,,,,,,,,,,,,,,,,,,,,,,,,
Quinn (Pobeg),https://prisonbreak.fandom.com/wiki/Quinn_(Pobeg),,,,,,,,,,,,,,,,,,,,,,,,,,,,,,,,,,,,,,,,,,
Rafael,https://prisonbreak.fandom.com/wiki/Rafael,https://static.wikia.nocookie.net/prisonbreak/images/c/cb/Rafael.png/revision/latest/scale-to-width-down/268?cb=20100506184614,,,,The Art of the Deal,,,,,,,,,,,,,,,,,,Joseph Melendez,,,,,,Interference,,,Unknown,,,,,,,,,,
Ralph Becker,https://prisonbreak.fandom.com/wiki/Ralph_Becker,https://static.wikia.nocookie.net/prisonbreak/images/5/5c/PrisonBreakS04E22HDTVXviD-LOLavi033.jpg/revision/latest/scale-to-width-down/268?cb=20100424135210,,,,Killing Your Number,,,Male,,,,,,,,40’s,,,,,Shot to death by Benjamin Miles Franklin,,Raphael Sbarge,,,,,,Just Business,2005,,Deceased,,,,,,,Brown,,,
Randall Kessler,https://prisonbreak.fandom.com/wiki/Randall_Kessler,,,,,,,,,,,,,,,,,,,,,,,,,,,,,,,,,,,,,,,,,,
Rat (Season 1),https://prisonbreak.fandom.com/wiki/Rat_(Season_1),,,,,,,,,,,,,,,,,,,,,,,,,,,,,,,,,,,,,,,,,,
Rat (Season 3),https://prisonbreak.fandom.com/wiki/Rat_(Season_3),,,,,,,,,,,,,,,,,,,,,,,,,,,,,,,,,,,,,,,,,,
Rat (The Conspiracy),https://prisonbreak.fandom.com/wiki/Rat_(The_Conspiracy),,,,,,,,,,,,,,,,,,,,,,,,,,,,,,,,,,,,,,,,,,
Raul Darinda,https://prisonbreak.fandom.com/wiki/Raul_Darinda,https://static.wikia.nocookie.net/prisonbreak/images/f/fb/Vlcsnap-23709.png/revision/latest/scale-to-width-down/268?cb=20071003093850,,,,3x3,,,,,,,,,,,,,,,,,,Ramon Franco,,,,,,3x3,,,Alive,,,,,,,,,,
Ray (Season 1),https://prisonbreak.fandom.com/wiki/Ray_(Season_1),,,,,,,,,,,,,,,,,,,,,,,,,,,,,,,,,,,,,,,,,,
Ray Zancanelli,https://prisonbreak.fandom.com/wiki/Ray_Zancanelli,https://static.wikia.nocookie.net/prisonbreak/images/0/0f/Hi_res37612795_6.jpg/revision/latest/scale-to-width-down/268?cb=20120512144549,2 [ 2 ],23,,,,,,,,,,,Pilot,,,Male,,,,,"1 , 2",,,,Served Cold,,4 [ 1 ],,,,,,,,Nick Santora Matt Olmstead,Domenick Lombardozzi,Alive,,,,
Restaurant Waiter,https://prisonbreak.fandom.com/wiki/Restaurant_Waiter,https://static.wikia.nocookie.net/prisonbreak/images/f/fe/31.JPG/revision/latest/scale-to-width-down/268?cb=20100802093022,,,,Selfless,,,,,,,,,,,,,,,,,,Brian Vestal,,,,,,Selfless,,,Alive,,,,,,,,,,
Reverend Mailor,https://prisonbreak.fandom.com/wiki/Reverend_Mailor,,,,,,,,,,,,,,,,,,,,,,,,,,,,,,,,,,,,,,,,,,
Ricard,https://prisonbreak.fandom.com/wiki/Ricard,,,,,,,,,,,,,,,,,,,,,,,,,,,,,,,,,,,,,,,,,,
Richard Mills,https://prisonbreak.fandom.com/wiki/Richard_Mills,https://static.wikia.nocookie.net/prisonbreak/images/8/80/Richard_Mills.jpg/revision/latest/scale-to-width-down/268?cb=20090423142532,,,,Tonight,,,,,,,,,,,,,,,,,,Daniel J. Travanti,,,,,,"Riots, Drills and the Devil, Part 1",,,Deceased,,,,,,,,,,
Richard Mills (Pobeg),https://prisonbreak.fandom.com/wiki/Richard_Mills_(Pobeg),,,,,,,,,,,Poisoned by Caroline Reynolds,,,,,,Male,,,,,,,,,,,,,,,,,,,,,Deceased,,,,
Richard Sooter,https://prisonbreak.fandom.com/wiki/Richard_Sooter,https://static.wikia.nocookie.net/prisonbreak/images/9/97/15.JPG/revision/latest/scale-to-width-down/268?cb=20100418173318,,1,,,,,,,,Shot by Lincoln Burrows,,,Deal or No Deal,,,Male,,,,,4,,,,Deal or No Deal,,2 [ 1 ],,,,,,,,,Kirk B.R. Woller,Deceased,,,,
Richard Sullins,https://prisonbreak.fandom.com/wiki/Richard_Sullins,https://static.wikia.nocookie.net/prisonbreak/images/0/05/PrisonBreakS04E23HDTVXviD-BiAavi051.jpg/revision/latest/scale-to-width-down/268?cb=20100424140010,,,,Free,,,,,FBI special agent and the head of the Internal Affairs,,,,,,50’s,,,,,,,Kim Coates,,,,,,Dead Fall,,,Alive,,,,,,,,,,
Richardson,https://prisonbreak.fandom.com/wiki/Richardson,https://static.wikia.nocookie.net/prisonbreak/images/e/eb/DefaultCAAS9WSX.jpg/revision/latest?cb=20100501205518,,,,Prison Break - The Conspiracy (Game),,,,,,,,,,,,,,,,,,Unknown voice actor (Spanish),,,,,,Prison Break - The Conspiracy (Game),,,Alive,,,,,,,,,,
Rick Kennedy,https://prisonbreak.fandom.com/wiki/Rick_Kennedy,https://static.wikia.nocookie.net/prisonbreak/images/d/d5/Male.jpg/revision/latest?cb=20100501194117,,,,,,,,,,,,,,,,,,,,,,,,,,,,,,,Unknown,,,,,,,,,,
Rita Morgan,https://prisonbreak.fandom.com/wiki/Rita_Morgan,https://static.wikia.nocookie.net/prisonbreak/images/7/75/1972.jpg/revision/latest/scale-to-width-down/268?cb=20100127184614,,4,,,,,,,,,,,Blow Out,,,Female,,,,,4,,,,Going Under,,,,,,,,,,,Heather McComb,Alive,,,,
Rizzo Green,https://prisonbreak.fandom.com/wiki/Rizzo_Green,https://static.wikia.nocookie.net/prisonbreak/images/c/c8/Rizzo_Green.JPG/revision/latest/scale-to-width-down/268?cb=20081027145455,,,,1x22,,,,,,,,,,,,,,,,,,Mark Morettini,,,,,,1x2,,,Alive,,,,,,,,,,
Rizzo Green (Pobeg),https://prisonbreak.fandom.com/wiki/Rizzo_Green_(Pobeg),,,,,Episode 21,,,,,,,,,,,,,,,,,,,,,,,,,,,Unknown,,,,,,,,,,
Rizzo Green (The Conspiracy),https://prisonbreak.fandom.com/wiki/Rizzo_Green_(The_Conspiracy),https://static.wikia.nocookie.net/prisonbreak/images/7/77/143766187.jpg/revision/latest/scale-to-width-down/268?cb=20110227133639,,,,Prison Break - The Conspiracy (Game),,,,,,,,,,,,,,,,,,,,,,,,Prison Break - The Conspiracy (Game),,,Unknown,,,,,,,,,,
Robber,https://prisonbreak.fandom.com/wiki/Robber,,,,,,,,,,,,,,,,,,,,,,,,,,,,,,,,,,,,,,,,,,
Roben,https://prisonbreak.fandom.com/wiki/Roben,,,,,,,,,,,,,,,,,,,,,,,,,,,,,,,,,,,,,,,,,,
Roberto Rodriguez,https://prisonbreak.fandom.com/wiki/Roberto_Rodriguez,,,,,,,,,,,,,,,,,,,,,,,,,,,,,,,,,,,,,,,,,,
Roger Knowlton,https://prisonbreak.fandom.com/wiki/Roger_Knowlton,https://static.wikia.nocookie.net/prisonbreak/images/a/a5/Doctor3.jpg/revision/latest/scale-to-width-down/267?cb=20110715202406,,,,The Sunshine State,,,,,,,,,,,,,,,,Poisoned with a syringe by Ferguson after being forced by Michael Schofield,,John Getz,,,,,,The Sunshine State,2005,,Deceased,,,,,,,,,,
Roland Glenn's brother,https://prisonbreak.fandom.com/wiki/Roland_Glenn%27s_brother,https://static.wikia.nocookie.net/prisonbreak/images/d/d5/Male.jpg/revision/latest?cb=20100501194117,,,,Safe and Sound (Mentioned only),,,,,,,,,,,,,,,,,,,,,,,,Safe and Sound (Mentioned only),,,Alive,,,,,,,,,,
Roland Glenn's sister,https://prisonbreak.fandom.com/wiki/Roland_Glenn%27s_sister,https://static.wikia.nocookie.net/prisonbreak/images/6/61/Female.jpg/revision/latest?cb=20100501200110,,,,Safe and Sound (Mentioned only),,,,,,,,,,,,,,,,,,,,,,,,Safe and Sound (Mentioned only),,,Alive,,,,,,,,,,
Roldan,https://prisonbreak.fandom.com/wiki/Roldan,,,,,,,,,,,,,,,,,,,,,,,,,,,,,,,,,,,,,,,,,,
Ronald,https://prisonbreak.fandom.com/wiki/Ronald,,,,,,,,,,,,,,,,,,,,,,,,,,,,,,,,,,,,,,,,,,
Ronald Winston Shephard,https://prisonbreak.fandom.com/wiki/Ronald_Winston_Shephard,https://static.wikia.nocookie.net/prisonbreak/images/5/59/Normal_404-491.jpg/revision/latest/scale-to-width-down/268?cb=20100408180612,,,,Eagles and Angeles,,,,,,,,,,,,,,,,,,Darin Heames,,,,,,Eagles and Angeles,,,Alive,,,,,,,,,,
Rosario,https://prisonbreak.fandom.com/wiki/Rosario,https://static.wikia.nocookie.net/prisonbreak/images/6/61/Female.jpg/revision/latest?cb=20100501200110,,1,,,,,,,,,,,Free,,,Female,,,,,The Final Break,,,,Free,,,,,,,,Miami-Dade Penitentiary Women's Facility,,,( unknown actor ),Alive,,,,
Roxy,https://prisonbreak.fandom.com/wiki/Roxy,,,,,,,,,,,,,,,,,,,,,,,,,,,,,,,,,,,,,,,,,,
Roy Geary,https://prisonbreak.fandom.com/wiki/Roy_Geary,https://static.wikia.nocookie.net/prisonbreak/images/d/de/M.jpg/revision/latest/scale-to-width-down/268?cb=20101028205323,Unknown,15,,,,,,,,Killed by Theodore Bagwell,,,"Riots, Drills and the Devil, Part 1",,,Male,,,,,"1 , 2",,,,Bolshoi Booze,,,,,,,,,,Nick Santora,Matt DeCaro,Deceased,,,,"June 3, 2005 , Wichita , Kansas"
Roy Geary (The Conspiracy),https://prisonbreak.fandom.com/wiki/Roy_Geary_(The_Conspiracy),https://static.wikia.nocookie.net/prisonbreak/images/6/6a/455090-prison-break-the-conspiracy-windows-screenshot-geary-gives.jpg/revision/latest/scale-to-width-down/268?cb=20111114210238,,1,,,,,,,,,,,Chapter 1,,,Male,,,,,,,,,Chapter 7,,,,,,,,,,,Voice actor (English),Alive,,,,
Roy Weston,https://prisonbreak.fandom.com/wiki/Roy_Weston,https://static.wikia.nocookie.net/prisonbreak/images/8/8d/Normal_121-584.jpg/revision/latest/scale-to-width-down/268?cb=20100505195545,,,,Go,,,,,,,,,,,,,,,,,,Antoine McKay,,,,,,The Rat,,,Alive,,,,,,,,Roy,,
SWAT officer (I),https://prisonbreak.fandom.com/wiki/SWAT_officer_(I),https://static.wikia.nocookie.net/prisonbreak/images/d/d1/PrisonBreakS04E20HDTVXviD-LOLavi068.jpg/revision/latest/scale-to-width-down/268?cb=20100729182541,,,,,,,,,,,,,,,,,,,,,,( unknown actor ),,,,,,,,,Alive,,,,,,,,,,
SWAT officer (II),https://prisonbreak.fandom.com/wiki/SWAT_officer_(II),https://static.wikia.nocookie.net/prisonbreak/images/d/d1/PrisonBreakS04E20HDTVXviD-LOLavi068.jpg/revision/latest/scale-to-width-down/268?cb=20100729182541,,,,,,,,,,,,,,,,,,,,,,( unknown actor ),,,,,,,,,Alive,,,,,,,,,,
Saint Patrick,https://prisonbreak.fandom.com/wiki/Saint_Patrick,https://static.wikia.nocookie.net/prisonbreak/images/e/ee/SainPatrick.jpg/revision/latest/scale-to-width-down/268?cb=20100529145208,,,,,,,,,,,,,,Fox River,,,,,,,,Unknown voice actor (Deutch),,,,,,,,(Unknown),Alive,,,,,,,,,(Crimes in prison; Unknown),
Sam Franklin,https://prisonbreak.fandom.com/wiki/Sam_Franklin,,,,,,,,,,,,,,,,,,,,,,,,,,,,,,,,,,,,,,,,,,
Sam Middleton,https://prisonbreak.fandom.com/wiki/Sam_Middleton,https://static.wikia.nocookie.net/prisonbreak/images/f/f0/Sam_Middleton.jpg/revision/latest/scale-to-width-down/268?cb=20100504125935,Unknown,,,,,,,,,,,,Safe and Sound,,,Male,,,,,4,,,,Safe and Sound,,,,,,,,,,,William Christian [ 1 ],Alive,,,,
Sam Salazar,https://prisonbreak.fandom.com/wiki/Sam_Salazar,,,,,,,,,,,,,,,,,,,,,,,,,,,,,,,,,,,,,,,,,,
Samantha Brinker,https://prisonbreak.fandom.com/wiki/Samantha_Brinker,https://static.wikia.nocookie.net/prisonbreak/images/f/f5/Samantha7.jpg/revision/latest/scale-to-width-down/268?cb=20110715180257,,,,1x22,,,,,,,,,,,,,,,,,,Michelle Forbes,,,,,,1x13,,,Unknown,,,,,,,,,,
Samantha Brinker (Pobeg),https://prisonbreak.fandom.com/wiki/Samantha_Brinker_(Pobeg),,,,,,,,,,,,,,,,,,,,,,,,,,,,,,,,,,,,,,,,,,
Sammy's girlfriend,https://prisonbreak.fandom.com/wiki/Sammy%27s_girlfriend,https://static.wikia.nocookie.net/prisonbreak/images/b/bd/Visitation.jpg/revision/latest/scale-to-width-down/268?cb=20101231102210,,,,Visitation,,,,,,,,,,,,,,,,,,( unknown actor ),,,,,,Visitation,,,Alive,,,,,,,,,,
Sammy Norino,https://prisonbreak.fandom.com/wiki/Sammy_Norino,https://static.wikia.nocookie.net/prisonbreak/images/4/4b/Prison_Break_S03E1013.jpg/revision/latest/scale-to-width-down/268?cb=20100617193133,Unknown,10,,,,,,,,Collapses tunnel by Michael Scofield [ 1 ],,,Orientación,,,Male,,,,,3,,,,Dirt Nap,,3,,,,,,Sona,,,Laurence Mason,Deceased,,,,
Sancho,https://prisonbreak.fandom.com/wiki/Sancho,https://static.wikia.nocookie.net/prisonbreak/images/5/55/Normal_401-799.jpg/revision/latest/scale-to-width-down/268?cb=20100430104721,,2,,,,,,,,Pushed on a rock by Theodore Bagwell,,,Scylla,,,Male,,,,,4,,,,Breaking and Entering,,,,,,,,,,,Nathan Castaneda,Deceased,,,,2005
Sandra Roland,https://prisonbreak.fandom.com/wiki/Sandra_Roland,https://static.wikia.nocookie.net/prisonbreak/images/4/44/Normal_BreakoutKings-107-0098.jpg/revision/latest/scale-to-width-down/268?cb=20110504212937,,,,,,,,,,,,,,,,,,,,,,Sarah Orenstein,,,,,,,,,Alive,,,,,,,,,,
Sapo,https://prisonbreak.fandom.com/wiki/Sapo,https://static.wikia.nocookie.net/prisonbreak/images/7/7b/Sapo.jpg/revision/latest/scale-to-width-down/268?cb=20070925131022,,,,,,,,,,Shot by a Sona guard,,,Orientación,,,Male,,,,,3,,,,Orientación,,,,,,,,,,Paul Scheuring,Cullen Douglas,Deceased,,,,"2005 , outside Sona"
Sara Scofield,https://prisonbreak.fandom.com/wiki/Sara_Scofield,https://static.wikia.nocookie.net/prisonbreak/images/a/a2/Sara_Tancredi_Season_4.JPG/revision/latest/scale-to-width-down/268?cb=20191116022300,,,,""" Behind The Eyes """,,Brown,Female,,Doctor for Fox River (formerly),,,,,Miami-Dade Penitentiary,28 ( Pilot ) 29 ( Sleight of Hand ) 41 or 42 ( Season Five ),,,,Frank Tancredi (father) † Michael Scofield (husband) M.J. Scofield (son) Jacob Anton Ness (former husband) † Aldo Burrows (father-in-law) † Christina Scofield (mother-in-law) † Lincoln Burrows (brother-in-law) L. J. Burrows (nephew),,,Sarah Wayne Callies Katie A. Keane (Season 3),The Scylla Team,,,,,""" Pilot """,,Unknown,Alive,,,,,,,Brown,,Murder,
Sara Tancredi (Pobeg),https://prisonbreak.fandom.com/wiki/Sara_Tancredi_(Pobeg),,,,,,,,,,,,,,,,,,,,,,,,,,,,,,,,,,,,,,,,,,
Sara Tancredi (The Conspiracy),https://prisonbreak.fandom.com/wiki/Sara_Tancredi_(The_Conspiracy),https://static.wikia.nocookie.net/prisonbreak/images/f/fa/06.jpg/revision/latest/scale-to-width-down/268?cb=20100503110545,,,,Prison Break - The Conspiracy (Game),,,,,,,,,,,,,,,,,,Unknown voice actor (English),,,,,,Prison Break - The Conspiracy (Game),,,Alive,,,,,,,,,,
Sasha Murray,https://prisonbreak.fandom.com/wiki/Sasha_Murray,https://static.wikia.nocookie.net/prisonbreak/images/8/85/Normal_ep216_201mnkjbb.jpg/revision/latest/scale-to-width-down/268?cb=20090423143046,,,,2x16,,,,,,,,,,,,,,,,,,Kaley Cuoco,,,,,,2x15,,,Alive,,,,,,,,,,
Savings Bank branch manager,https://prisonbreak.fandom.com/wiki/Savings_Bank_branch_manager,,,,,Pilot (Mentioned only),,,,,,,,,,,,,,,,,,,,,,,,Pilot (Mentioned only),,,Alive,,,,,,,,,,
Savings Bank cashier,https://prisonbreak.fandom.com/wiki/Savings_Bank_cashier,https://static.wikia.nocookie.net/prisonbreak/images/e/e8/Teller.gif/revision/latest/scale-to-width-down/268?cb=20110227101542,,,,1x1,,,,,,,,,,,,,,,,,,Peggy Roeder,,,,,,1x1,,,Alive,,,,,,,,,,
Say Davis,https://prisonbreak.fandom.com/wiki/Say_Davis,https://static.wikia.nocookie.net/prisonbreak/images/7/72/CO.jpg/revision/latest/scale-to-width-down/268?cb=20100518102821,,,,Prison Break - The Conspiracy (Game),,,,,,,,,,,,,,,,,,David Anthony Pizzuto [ 1 ],,,,,,Prison Break - The Conspiracy (Game),,,Alive,,,,,,,,,,
Schering,https://prisonbreak.fandom.com/wiki/Schering,,,,,,,,,,,,,,,,,,,,,,,,,,,,,,,,,,,,,,,,,,
Scott Carruth,https://prisonbreak.fandom.com/wiki/Scott_Carruth,https://static.wikia.nocookie.net/prisonbreak/images/5/53/19.JPG/revision/latest/scale-to-width-down/268?cb=20100418172801,,2,,,,,,,,Shot by Alexander Mahone,,,Going Under,,,Male,,Lawrence Wilcott,,,4,,,,The Sunshine State,,,,,,,,,,,Titus Welliver,Deceased,,,,2005
Scott Carruth's henchman (I),https://prisonbreak.fandom.com/wiki/Scott_Carruth%27s_henchman_(I),,,,,,,,,,,,,,,,,,,,,,,,,,,,,,,,,,,,,,,,,,
Scott Carruth's henchman (II),https://prisonbreak.fandom.com/wiki/Scott_Carruth%27s_henchman_(II),,,,,,,,,,,,,,,,,,,,,,,,,,,,,,,,,,,,,,,,,,
Scott Kellbrenner,https://prisonbreak.fandom.com/wiki/Scott_Kellbrenner,,,,,,,,,,,,,,,,,,,,,,,,,,,,,,,,,,,,,,,,,,
Scylla (monster),https://prisonbreak.fandom.com/wiki/Scylla_(monster),,,,,,,,,,,,,,,,,,,,,,,,,,,,,,,,,,,,,,,,,,
Sebastian (Where in the World is Carmen Vega),https://prisonbreak.fandom.com/wiki/Sebastian_(Where_in_the_World_is_Carmen_Vega),https://static.wikia.nocookie.net/prisonbreak/images/6/6d/BreakoutKingsS01E13WhereintheWorldIsCarmenVega.jpg/revision/latest/scale-to-width-down/268?cb=20120414144126,,1,,,,,,,,Killed by Carmen Vega 's henchmen,,,Where in the World is Carmen Vega,,,Male,,,,,Breakout Kings : Season 1,,,,Where in the World is Carmen Vega,,,,,,,,,,Matt Olmstead Michael Gilvary,( unknown actor ),Deceased,,,,2011 or 2012
Sebastian Balfour (Pobeg),https://prisonbreak.fandom.com/wiki/Sebastian_Balfour_(Pobeg),,,,,,,,,,,,,,,,,,,,,,,,,,,,,,,,,,,,,,,,,,
Secret Service agent,https://prisonbreak.fandom.com/wiki/Secret_Service_agent,,,,,,,,,,,,,,,,,,,,,,,,,,,,,,,,,,,,,,,,,,
Sergio,https://prisonbreak.fandom.com/wiki/Sergio,https://static.wikia.nocookie.net/prisonbreak/images/6/66/Vlcsnap-23409.png/revision/latest/scale-to-width-down/268?cb=20070922060308,,1,,,,,,,,,,,Orientación,,,Male,,,,,3,,,,Orientación,,,,,,,,,,Paul Scheuring,( unknown actor ),Alive,,,,
Seth Hoffner,https://prisonbreak.fandom.com/wiki/Seth_Hoffner,https://static.wikia.nocookie.net/prisonbreak/images/4/4f/SethHoffner.jpg/revision/latest?cb=20110718170716,,,,1x9,,,,,,,,,,,,,,,,,,Blaine Hogan,,,,,,1x6,,,Deceased,,,,,,,,,,
Seth Hoffner (Pobeg),https://prisonbreak.fandom.com/wiki/Seth_Hoffner_(Pobeg),,,,,,,,,,,Hanged himself,,,,,,Male,,,,,1,,,,,,,,,,,,Unnamed prison,,,( unknown actor ),Deceased,,,,
Shan Xing,https://prisonbreak.fandom.com/wiki/Shan_Xing,https://static.wikia.nocookie.net/prisonbreak/images/9/93/Normal_404-762.jpg/revision/latest/scale-to-width-down/268?cb=20100408175810,,,,4x4,,,,,,,,,,,,,,,,,,Clint Jung,,,,,,4x4,,,Deceased,,,,,,,,,,
Shari,https://prisonbreak.fandom.com/wiki/Shari,https://static.wikia.nocookie.net/prisonbreak/images/8/8c/FemaleOrMale.jpg/revision/latest?cb=20110324160211,,,,,,,,,,,,,,,,,,,,,,,,,,,,,,,Unknown,,,,,,,,,,
Shari Rukinga,https://prisonbreak.fandom.com/wiki/Shari_Rukinga,,,,,,,,,,,,,,,,,,,,,,,,,,,,,,,,,,,,,,,,,,
Sharon Roland,https://prisonbreak.fandom.com/wiki/Sharon_Roland,,,,,,,,,,,,,,,,,,,,,,,,,,,,,,,,,,,,,,,,,,
Shauna Hudson,https://prisonbreak.fandom.com/wiki/Shauna_Hudson,,,,,,,,,,,,,,,,,,,,,,,,,,,,,,,,,,,,,,,,,,
Sheba,https://prisonbreak.fandom.com/wiki/Sheba,https://static.wikia.nocookie.net/prisonbreak/images/e/e1/Sheba.jpg/revision/latest/scale-to-width-down/268?cb=20170422185613,,8,,,,,,,,,,,Ogygia,,,Female,,,,,5,,,,Behind The Eyes,,,,,,,,,,,Inbar Lavi,Alive,,,,
Sheriff Williams,https://prisonbreak.fandom.com/wiki/Sheriff_Williams,,,,,,,,,,,,,,,,,,,,,,,,,,,,,,,,,,,,,,,,,,
Shop owner,https://prisonbreak.fandom.com/wiki/Shop_owner,,,,,,,,,,,,,,,,,,,,,,,,,,,,,,,,,,,,,,,,,,
Sid (season 5),https://prisonbreak.fandom.com/wiki/Sid_(season_5),https://static.wikia.nocookie.net/prisonbreak/images/6/64/Sid-season5.jpg/revision/latest?cb=20170503164416,,4,Unknown,,,,,,,Shot by Cyclops,,,Kaniel Outis,,,Male,,Princess,,,5,,,,Contingency,,,,,,,Kaniel,Ogygia Prison,,Paul Scheuring,Kunal Sharma,Deceased,,,,2017
Silvie Talliard,https://prisonbreak.fandom.com/wiki/Silvie_Talliard,,,,,,,,,,,,,,,,,,,,,,,,,,,,,,,,,,,,,,,,,,
Skittlez,https://prisonbreak.fandom.com/wiki/Skittlez,,,,,,,,,,,,,,,,,,,,,,,,,,,,,,,,,,,,,,,,,,
Sklar,https://prisonbreak.fandom.com/wiki/Sklar,,,,,,,,,,,,,,,,,,,,,,,,,,,,,,,,,,,,,,,,,,
Smith,https://prisonbreak.fandom.com/wiki/Smith,https://static.wikia.nocookie.net/prisonbreak/images/a/a9/63290_PrisonBreak-06_normal.jpg/revision/latest/scale-to-width-down/268?cb=20100417161430,,,,Prison Break - The Conspiracy (Game),,,,,,,,,,,,,,,,,,Unknown voice actor 1 (English) Unknown voice actor 2 (English) Unknown voice actor 3 (English) Unknown voice actor 4 (English) Unknown voice actor 5 (English) Unknown voice actor 1 (Deutch) Unknown voice actor 2 (Deutch) Unknown voice actor (French),,,,,,Prison Break - The Conspiracy (Game),,,Alive,,,,,,,,,,
Smith's guy,https://prisonbreak.fandom.com/wiki/Smith%27s_guy,https://static.wikia.nocookie.net/prisonbreak/images/d/d5/Male.jpg/revision/latest?cb=20100501194117,,,,Prison Break - The Conspiracy (Game),,,,,,,,,,,,,,,,,,,,,,,,Prison Break - The Conspiracy (Game),,,Alive,,,,,,,,Guy (by Battaglia),,
Smoking man,https://prisonbreak.fandom.com/wiki/Smoking_man,https://static.wikia.nocookie.net/prisonbreak/images/0/0f/Normal_105-307.jpg/revision/latest/scale-to-width-down/268?cb=20101109160052,,,,"English, Fitz or Percy",,,,,,,,,,,,,,,,,,( unknown actor ),,,,,,"English, Fitz or Percy",,,,,,,,,,,,,
Snags,https://prisonbreak.fandom.com/wiki/Snags,,,,,,,,,,,,,,,,,,,,,,,,,,,,,,,,,,,,,,,,,,
Soco,https://prisonbreak.fandom.com/wiki/Soco,https://static.wikia.nocookie.net/prisonbreak/images/9/9a/Pb-312-14.jpg/revision/latest/scale-to-width-down/268?cb=20110113063029,,,,Hell Or High Water,,,,,,,,,,,,,,,,,,Marco Rodriguez,,,,,,Hell Or High Water,,,Alive,,,,,,,,,,
Soda Pop,https://prisonbreak.fandom.com/wiki/Soda_Pop,,,,,,,,,,,,,,,,,,,,,,,,,,,,,,,,,,,,,,,,,,
Sofía Lugo,https://prisonbreak.fandom.com/wiki/Sof%C3%ADa_Lugo,https://static.wikia.nocookie.net/prisonbreak/images/a/aa/Sofia.jpg/revision/latest/scale-to-width-down/268?cb=20070926140046,,,,Killing Your Number,,Brown,Female,,,,,,,,,,,,James Whistler (ex boyfriend) Lincoln Burrows (ex boyfriend),,,Danay Garcia Iris Artajo [ 1 ] (Deutch),,,,,,Orientación,,,Alive,,,,,,,Dark Brown,,,
Solomon Okela,https://prisonbreak.fandom.com/wiki/Solomon_Okela,https://static.wikia.nocookie.net/prisonbreak/images/d/d3/PrisonBreakS04E22HDTVXviD-LOLavi087.jpg/revision/latest/scale-to-width-down/268?cb=20100424135653,,,,,,,,,,,,,Killing Your Number,,,Male,,,,,4,,,,Killing Your Number,,,,,,,Anti-Company movement,,,,Tony Armatrading,Alive,,,,
Sona Inmate without a shirt,https://prisonbreak.fandom.com/wiki/Sona_Inmate_without_a_shirt,https://static.wikia.nocookie.net/prisonbreak/images/4/43/Wyatt.jpg/revision/latest/scale-to-width-down/268?cb=20070926142422,,11,,,,,,,,,,,Sona,,,Male,,,,,"2 , 3",,,,Dirt Nap,,,,,,,Wyatt Lechero Michael Lechero's gang,,,,( unknown actor ),Unknown,,,,
Sophia Lugo's mother,https://prisonbreak.fandom.com/wiki/Sophia_Lugo%27s_mother,,,,,,,,,,,,,,,,,,,,,,,,,,,,,,,,,,,,,,,,,,
Starla Roland,https://prisonbreak.fandom.com/wiki/Starla_Roland,https://static.wikia.nocookie.net/prisonbreak/images/1/10/Starlaroland.jpg/revision/latest/scale-to-width-down/268?cb=20110506133105,,1,,,,,,,,,,,Fun with Chemistry,,,Female,,,,,1,,,,Fun with Chemistry,,,,,,,Marlon O'Connell,,,Nick Santora Matt Olmstead,Scout Taylor-Compton ( unknown actor ),Alive,,,,
Stroker,https://prisonbreak.fandom.com/wiki/Stroker,https://static.wikia.nocookie.net/prisonbreak/images/d/db/Stroker.png/revision/latest/scale-to-width-down/268?cb=20111108184244,,2,,,,,,,,Shot by CPD sniper,,,"Riots, Drills and the Devil, Part 1",,,Male,,,,,1,,,,"Riots, Drills and the Devil, Part 2",,,,,,,,Fox River,,Nick Santora,Kwame Amoaku,Deceased,,,,"2005 , Fox River"
Stroker (Pobeg),https://prisonbreak.fandom.com/wiki/Stroker_(Pobeg),,,,,,,,,,,,,,,,,,,,,,,,,,,,,,,,,,,,,,,,,,
Stroker (The Conspiracy),https://prisonbreak.fandom.com/wiki/Stroker_(The_Conspiracy),https://static.wikia.nocookie.net/prisonbreak/images/4/48/The_Conspiracy_1.PNG/revision/latest/scale-to-width-down/268?cb=20110307043459,,,,Prison Break - The Conspiracy (Game),,,,,,,,,,Fox River,,,,,,,,Unknown voice actor (English),,,,,,Prison Break - The Conspiracy (Game),,(Unknown),Alive,,,,,,,,,"(Crimes in prison, unknown) Starting with the Big Riot",
Stuart Tuxhorn,https://prisonbreak.fandom.com/wiki/Stuart_Tuxhorn,https://static.wikia.nocookie.net/prisonbreak/images/c/c9/Stuart_Tuxhorn.jpg/revision/latest/scale-to-width-down/268?cb=20080924062040,,,,VS.,,,,,,,,,,,50’s,,,,,Neck snapped by Ralph Becker,,Steve Tom,,,,,,Scylla,2005,,Deceased,,,,,,,White,,,
Sue Tamaraek,https://prisonbreak.fandom.com/wiki/Sue_Tamaraek,,,,,,,,,,,,,,,,,,,,,,,,,,,,,,,,,,,,,,,,,,
Sue Wilderuit,https://prisonbreak.fandom.com/wiki/Sue_Wilderuit,https://static.wikia.nocookie.net/prisonbreak/images/6/61/Female.jpg/revision/latest?cb=20100501200110,,,,The Key,,,,,,,,,,,,,,,,,,,,,,,,The Key,,,Alive,,,,,,,,,,
Summerville,https://prisonbreak.fandom.com/wiki/Summerville,,,,,,,,,,,,,,,,,,,,,,,,,,,,,,,,,,,,,,,,,,
Surgeon,https://prisonbreak.fandom.com/wiki/Surgeon,https://static.wikia.nocookie.net/prisonbreak/images/0/03/Surgeon.jpg/revision/latest/scale-to-width-down/268?cb=20110317102130,,1,,,,,,,,,,,Going Under,,,Male,,,,,4,,,,Going Under,,,,,,,,,,Karyn Usher,Kelvin Han Yee,Alive,,,,
Susan Hollander,https://prisonbreak.fandom.com/wiki/Susan_Hollander,https://static.wikia.nocookie.net/prisonbreak/images/d/d9/SusanHollander.jpg/revision/latest/scale-to-width-down/268?cb=20110507194013,,,,,,,,,,,,,Brother's Keeper,,,Female,,,,,"PB: 1 , 2 BK: 1",,,,The Bag Man (Mentioned only),,,,,,,,,,,K.K. Dodds,Alive,,,,
Susan Hollander (Pobeg),https://prisonbreak.fandom.com/wiki/Susan_Hollander_(Pobeg),,,,,,,,,,,,,,,,,,,,,,,,,,,,,,,,,,,,,,,,,,
Svetlana Dunaeva,https://prisonbreak.fandom.com/wiki/Svetlana_Dunaeva,https://static.wikia.nocookie.net/prisonbreak/images/7/72/Pobeg_Ekaterina_Klimova_sm.jpg/revision/latest/scale-to-width-down/268?cb=20110212113435,,,,,,,,,,,,,,,,,,,,,,Katya Klimova,,,,,,,,,Alive,,,,,,,,,,
Sweatsuit (Pilot),https://prisonbreak.fandom.com/wiki/Sweatsuit_(Pilot),,,,,,,,,,,,,,,,,,,,,,,,,,,,,,,,,,,,,,,,,,
Syd,https://prisonbreak.fandom.com/wiki/Syd,https://static.wikia.nocookie.net/prisonbreak/images/f/ff/Syd.jpg/revision/latest?cb=20070919145454,,,,Manhunt,,,,,,,,,,,,,,,,,,Laura Wade,,,,,,Pilot,,,Alive,,,,,,,,,,
Syd (Pobeg),https://prisonbreak.fandom.com/wiki/Syd_(Pobeg),,,,,,,,,,,,,,,,,,,,,,,,,,,,,,,,,,,,,,,,,,
Sylvia Abruzzi,https://prisonbreak.fandom.com/wiki/Sylvia_Abruzzi,,,,,,,,,,,,,,,,,,,,,,,,,,,,,,,,,,,,,,,,,,
T. Abromsky,https://prisonbreak.fandom.com/wiki/T._Abromsky,,,,,,,,,,,,,,,,,,,,,,,,,,,,,,,,,,,,,,,,,,
Tangrin,https://prisonbreak.fandom.com/wiki/Tangrin,https://static.wikia.nocookie.net/prisonbreak/images/b/b3/Screen_image_133114.jpg/revision/latest/scale-to-width-down/268?cb=20120608221525,,,,End of the Tunnel,,,,,,,,,,,,,,,,,,Jacqueline Williams,,,,,,The Old Head,,,Alive,,,,,,,,,,
Tech,https://prisonbreak.fandom.com/wiki/Tech,https://static.wikia.nocookie.net/prisonbreak/images/7/73/PrisonBreakS04E18HDTVXviD-LOLavi096.jpg/revision/latest/scale-to-width-down/268?cb=20110228152232,,,,Versus,,,,,,,,,,,,,,,,,,George LePorte,,,,,,Versus,,,Alive,,,,,,,,,,
Teddy (Off the Beaten Path),https://prisonbreak.fandom.com/wiki/Teddy_(Off_the_Beaten_Path),,,,,,,,,,,,,,,,,,,,,,,,,,,,,,,,,,,,,,,,,,
Teets,https://prisonbreak.fandom.com/wiki/Teets,https://static.wikia.nocookie.net/prisonbreak/images/4/40/Prison-break-the-conspiracy-xbox-360-188.jpg/revision/latest/scale-to-width-down/268?cb=20100418140727,,,,Prison Break - The Conspiracy (Game),,,,,,,,,,Fox River,,,,,,,,Unknown voice actor (English) Unknown voice actor (Deutch),,,,,,Prison Break - The Conspiracy (Game),,,Deceased,,,,,,,,,,
Terrence Steadman,https://prisonbreak.fandom.com/wiki/Terrence_Steadman,https://static.wikia.nocookie.net/prisonbreak/images/7/7f/Pb_steadman.jpg/revision/latest/scale-to-width-down/268?cb=20070107214955,,5,,,,,,,,Suicide via gunshot to the head.,,,Brother's Keeper,,,Male,,Luc Tkachuk [ 1 ],,,"1 , 2 , 4",,,,The Message,,,,,,,,,,Paul Scheuring,John Billingsley (Season 1) * Jeff Perry (Season 2) * ( unknown actor ) [ 2 ],Deceased,,,,"June, 2005"
Terrence Steadman's decoy body,https://prisonbreak.fandom.com/wiki/Terrence_Steadman%27s_decoy_body,https://static.wikia.nocookie.net/prisonbreak/images/d/d2/Pb_steadman_decoy.jpg/revision/latest/scale-to-width-down/268?cb=20070107215136,,1,,,,,,,,Killed by Paul Kellerman,,,Brother's Keeper,,,Male,,,,,1,,,,Brother's Keeper,,,,,,,,,,Zack Estrin,David Lively,Deceased,,,,2002
Terrence Steadman (Pobeg),https://prisonbreak.fandom.com/wiki/Terrence_Steadman_(Pobeg),,,,,,,,,,,,,,,,,,,,,,,,,,,,,,,,,,,,,,,,,,
Terry Miller (female),https://prisonbreak.fandom.com/wiki/Terry_Miller_(female),https://static.wikia.nocookie.net/prisonbreak/images/8/8e/Terry-erika-shea-outside-house.jpg/revision/latest/scale-to-width-down/268?cb=20110426191559,,1,,,,,,,,,,,Steaks,,,Female,,,,,1,,,,Steaks,,,,,,,,,,,Joanna Swan,Alive,,,,
Terry Miller (male),https://prisonbreak.fandom.com/wiki/Terry_Miller_(male),,,,,Steaks,,,,,,,,,,,,,,,,,,( unknown actor ),,,,,,Steaks,,,Alive,,,,,,,,,,
The Good Samaritan,https://prisonbreak.fandom.com/wiki/The_Good_Samaritan,,,,,,,,,,,,,,,,,,,,,,,,,,,,,,,,,,,,,,,,,,
The Good Samaritan's son,https://prisonbreak.fandom.com/wiki/The_Good_Samaritan%27s_son,https://static.wikia.nocookie.net/prisonbreak/images/5/59/Bag_Man_8.PNG/revision/latest/scale-to-width-down/268?cb=20110429235839,,,,,,,,,,,,,The Bag Man,,,Male,,,,,1,,,,The Bag Man,,,,,,,,,,,( unknown actor ),Alive,,,,
The driver's guard,https://prisonbreak.fandom.com/wiki/The_driver%27s_guard,https://static.wikia.nocookie.net/prisonbreak/images/0/00/Bag_Man_2.PNG/revision/latest/scale-to-width-down/268?cb=20110429233923,,,,,,,,,,Shot by Theodore Bagwell,,,The Bag Man,,,Male,,,,,1,,,,The Bag Man,,,,,,,,,,Nick Santora Matt Olmstead,( unknown actor ),Deceased,,,,2010 or 2011
"Theodore ""T-Bag"" Bagwell",https://prisonbreak.fandom.com/wiki/Theodore_%22T-Bag%22_Bagwell,https://static.wikia.nocookie.net/prisonbreak/images/9/95/Theodore_Bagwell_Season_4.JPG/revision/latest/scale-to-width-down/268?cb=20120901140341,,,,Behind The Eyes (Prison Break) The Bag Man ( Breakout Kings ),,,,,,,,"Jason_""Maytag""_Buchanan Seth Hoffner Jacob Anton Ness",,Fox River,,,,,Mr. Bagwell (father and uncle) Audrey Bagwell (mother and aunt) David Martin † (son),,,Robert Knepper Michael Gohlke (child T-Bag),,,,,,Allen,,,Imprisoned,,,,,,,,T-Bag Teddy Teddybear Clyde May Sam Webster Erik Stammel Dr. Marvin Gudat Teodoro Cole Pfeiffer Charles Patoshik Brett Benson Henry Pope,"First Degree Murder, Kidnapping and Rape of Children, Escaping Prison and Alluding The Authorities",
"Theodore ""T-Bag"" Bagwell (The Conspiracy)",https://prisonbreak.fandom.com/wiki/Theodore_%22T-Bag%22_Bagwell_(The_Conspiracy),https://static.wikia.nocookie.net/prisonbreak/images/9/95/Ther.jpg/revision/latest/scale-to-width-down/268?cb=20100527150021,5,,,,,,,,,,,,Chapter 1,,,Male,,T-Bag (In Fox River),,,Prison Break: The Conspiracy,,,,Chapter 9,,6,,,,,,Fox River,,,Robert Knepper (English),Alive,,,,
Theresa Delgado,https://prisonbreak.fandom.com/wiki/Theresa_Delgado,https://static.wikia.nocookie.net/prisonbreak/images/6/64/Normal_ep205_169jm.jpg/revision/latest/scale-to-width-down/268?cb=20090423134713,,,,4x1,,,,,,,,,,,,,,,,,,Rachel Loera,,,,,,2x5,,,Alive,,,,,,,,,,
Theresa Zancanelli,https://prisonbreak.fandom.com/wiki/Theresa_Zancanelli,https://static.wikia.nocookie.net/prisonbreak/images/e/e2/Queen_of_Hearts_4.PNG/revision/latest/scale-to-width-down/268?cb=20110506130504,,3,,,,,,,,,,,Queen of Hearts,,,Female,,Teresa,,,1,,,,Served Cold,,,,,,,,,,,Zöe Belkin,Alive,,,,
Tia Hayden,https://prisonbreak.fandom.com/wiki/Tia_Hayden,https://static.wikia.nocookie.net/prisonbreak/images/9/93/PrisonBreakS04E16HDTVXviD-LOLavi024.jpg/revision/latest/scale-to-width-down/268?cb=20100424143337,,,,The Sunshine State,,,,,,,,,,,,,,,,,,Crystal Allen,,,,,,The Sunshine State,,,Alive,,,,,,,,,,
Tim Giles,https://prisonbreak.fandom.com/wiki/Tim_Giles,https://static.wikia.nocookie.net/prisonbreak/images/3/3a/Tim_Giles.png/revision/latest/scale-to-width-down/268?cb=20101113200228,,,,Allen,,,,,,,,,,,,,,,,,,Keed Diamond,,,,,,Allen,,,Alive,,,,,,,,,,
Tina O'Sullivan,https://prisonbreak.fandom.com/wiki/Tina_O%27Sullivan,https://static.wikia.nocookie.net/prisonbreak/images/2/24/Normal_ep201_066.jpg/revision/latest/scale-to-width-down/268?cb=20110501202328,,,,,,,,,,,,,Manhunt,,,Female,,,,,2,,,,Manhunt,,,,,,,,,,,( unknown actor ),Alive,,,,
Todd Wheatley,https://prisonbreak.fandom.com/wiki/Todd_Wheatley,https://static.wikia.nocookie.net/prisonbreak/images/d/d6/PrisonBreakS04E23HDTVXviD-BiAavi007.jpg/revision/latest/scale-to-width-down/268?cb=20100424135525,,,,,,,,,,,,,,,,,,,,,,Chris Bruno,,,,,,The Old Ball and Chain,,,Alive,,,,,,,,,,
Tom (Shut Down),https://prisonbreak.fandom.com/wiki/Tom_(Shut_Down),https://static.wikia.nocookie.net/prisonbreak/images/8/89/Normal_403-388.jpg/revision/latest/scale-to-width-down/268?cb=20100408174406,,,,Shut Down,,,,,,,,,,,,,,,,,,,,,,,,Shut Down,,,Alive,,,,,,,,,,
Tom Paxton's daughter,https://prisonbreak.fandom.com/wiki/Tom_Paxton%27s_daughter,,,,,,,,,,,,,,,,,,,,,,,,,,,,,,,,,,,,,,,,,,
Tom Paxton's ex-girlfriend,https://prisonbreak.fandom.com/wiki/Tom_Paxton%27s_ex-girlfriend,,,,,,,,,,,,,,,,,,,,,,,,,,,,,,,,,,,,,,,,,,
Tom Paxton's father,https://prisonbreak.fandom.com/wiki/Tom_Paxton%27s_father,,,,,,,,,,,,,,,,,,,,,,,,,,,,,,,,,,,,,,,,,,
Tom Paxton's mother,https://prisonbreak.fandom.com/wiki/Tom_Paxton%27s_mother,,,,,,,,,,,,,,,,,,,,,,,,,,,,,,,,,,,,,,,,,,
Tommy,https://prisonbreak.fandom.com/wiki/Tommy,,,,,,,,Male,,Inmate,,,,,,,,,,,,,Drake Rodger,,,,,,,,,Alive,,,,,,,,,,
Tommy Day,https://prisonbreak.fandom.com/wiki/Tommy_Day,,,,,Bang and Burn,,,,,,,,,,,,,,,,,,Jeff Fenter,,,,,,Bang and Burn,,,Alive,,,,,,,,,,
Tonya Willis,https://prisonbreak.fandom.com/wiki/Tonya_Willis,https://static.wikia.nocookie.net/prisonbreak/images/9/97/Tve2262-20050828-1579.gif/revision/latest/scale-to-width-down/268?cb=20090407210610,,,,1x1,,,,,,,,,,,,,,,,,,Cheryl Lynn Bruce,,,,,,1x1,,,Alive,,,,,,,,,,
Transport Guard,https://prisonbreak.fandom.com/wiki/Transport_Guard,,,,,,,,,,,,,,,,,,,,,,,,,,,,,,,,,,,,,,,,,,
Travis Muncey,https://prisonbreak.fandom.com/wiki/Travis_Muncey,https://static.wikia.nocookie.net/prisonbreak/images/1/17/Travismuncey.jpg/revision/latest/scale-to-width-down/268?cb=20120319170839,,1,,,,,,,,,,,Double Down,,,Male,,,,,2,,,,Double Down,,,,,,,,,,,Nicholas D’Agosto,Alive,,,,
Trey Morgan,https://prisonbreak.fandom.com/wiki/Trey_Morgan,https://static.wikia.nocookie.net/prisonbreak/images/8/8b/Trey.jpg/revision/latest/scale-to-width-down/268?cb=20100403102821,,,,2x14,,,,,,,,,,,,,,,,,,Andra Fuller,,,,,,2x9,,,Alive,,,,,,,,,,
Tricia,https://prisonbreak.fandom.com/wiki/Tricia,https://static.wikia.nocookie.net/prisonbreak/images/8/8c/Tricia.png/revision/latest/scale-to-width-down/268?cb=20170514100826,,1,,,,,,,,,,,Phaecia,,,Female,,,,,5,,,,,,,,,,,,,,,Tasya Teles,Alive,,,,
Trucker,https://prisonbreak.fandom.com/wiki/Trucker,https://static.wikia.nocookie.net/prisonbreak/images/3/30/Trucker.jpg/revision/latest/scale-to-width-down/268?cb=20110227192142,,,,The Mother Lode,,,,,,,,,,,,,,,,,,David Parker,,,,,,The Mother Lode,,,Deceased,,,,,,,,,,
Trumpets,https://prisonbreak.fandom.com/wiki/Trumpets,,,,,,,,,,,,,,,,,,,,,,,,,,,,,,,,,,,,,,,,,,
Trumpets (The Conspiracy),https://prisonbreak.fandom.com/wiki/Trumpets_(The_Conspiracy),,,,,,,,,,,,,,,,,,,,,,,,,,,,,,,,,,,,,,,,,,
Tsili,https://prisonbreak.fandom.com/wiki/Tsili,https://static.wikia.nocookie.net/prisonbreak/images/d/d0/Prson_brk_107.jpg/revision/latest/scale-to-width-down/267?cb=20110514013403,,,,Pilot,,,,,,,,,,,,,,,,,,Jeff Parker,,,,,,Pilot,,,Alive,,,,,,,,,supplying and dealing cannabis,
Tuggle,https://prisonbreak.fandom.com/wiki/Tuggle,,,,,,,,,,,,,,,,,,,,,,,,,,,,,,,,,,,,,,,,,,
Turk,https://prisonbreak.fandom.com/wiki/Turk,https://static.wikia.nocookie.net/prisonbreak/images/2/28/Turk2.webp/revision/latest/scale-to-width-down/268?cb=20250723111143,,,,"Riots, Drills and the Devil, Part 2",,,,,,,,,,Fox River,,,,,,,,John Turk,,,,,,"Riots, Drills and the Devil, Part 1",,(Unknown),Deceased,,,,,,,,,(Crimes in prison; unknown),
Turk (Pobeg),https://prisonbreak.fandom.com/wiki/Turk_(Pobeg),,,,,,,,,,,,,,,,,,,,,,,,,,,,,,,,,,,,,,,,,,
Turk (The Conspiracy),https://prisonbreak.fandom.com/wiki/Turk_(The_Conspiracy),https://static.wikia.nocookie.net/prisonbreak/images/1/10/143766515.jpg/revision/latest/scale-to-width-down/268?cb=20101028161638,,,,Prison Break - The Conspiracy (Game),,,,,,,,,,Fox River,,,,,,,,,,,,,,Prison Break - The Conspiracy (Game),,,Deceased,,,,,,,,,,
Turner,https://prisonbreak.fandom.com/wiki/Turner,,,,,,,,,,,,,,,,,,,,,,,,,,,,,,,,,,,,,,,,,,
Unidentified Attica Guard,https://prisonbreak.fandom.com/wiki/Unidentified_Attica_Guard,https://static.wikia.nocookie.net/prisonbreak/images/b/b2/Odd_Man_Out_1.PNG/revision/latest/scale-to-width-down/268?cb=20110523212927,,1,,,,,,,,,,,There are Rules,,,Male,,,,,1,,,,There are Rules,,,,,,,,,,,( unknown actor ),Alive,,,,
Unidentified Black Fox River Inmate (I) (The Conspiracy),https://prisonbreak.fandom.com/wiki/Unidentified_Black_Fox_River_Inmate_(I)_(The_Conspiracy),https://static.wikia.nocookie.net/prisonbreak/images/a/aa/C-NoteJeremiah.jpg/revision/latest/scale-to-width-down/268?cb=20101204153822,,,,,,,,,,,,,,Fox River,,,,,,,,,,,,,,Prison Break - The Conspiracy (Game),,,Alive,,,,,,,,,,
Unidentified Black Fox River Inmate (II) (The Conspiracy),https://prisonbreak.fandom.com/wiki/Unidentified_Black_Fox_River_Inmate_(II)_(The_Conspiracy),https://static.wikia.nocookie.net/prisonbreak/images/f/fb/BlackInmate.jpg/revision/latest/scale-to-width-down/268?cb=20101204154426,,,,,,,,,,,,,,Fox River,,,,,,,,,,,,,,,,,Alive,,,,,,,,,,
Unidentified Doctor (I) (The Conspiracy),https://prisonbreak.fandom.com/wiki/Unidentified_Doctor_(I)_(The_Conspiracy),,,,,,,,,,,,,,,,,,,,,,,,,,,,,,,,,,,,,,,,,,
Unidentified Fox River Engineer Inmate,https://prisonbreak.fandom.com/wiki/Unidentified_Fox_River_Engineer_Inmate,https://static.wikia.nocookie.net/prisonbreak/images/6/66/Normal_bscap255.jpg/revision/latest/scale-to-width-down/268?cb=20110306150915,,,,The Key,,,,,,,,,,Fox River,,,,,,,,Wesley Walker [ 1 ],,,,,,Allen,,(Unknown),Alive,,,,,,,,,(Crimes in prison; unknown) Gave T-Bag a knife to kill Michael Scofield,
Unidentified Fox River Inmate,https://prisonbreak.fandom.com/wiki/Unidentified_Fox_River_Inmate,https://static.wikia.nocookie.net/prisonbreak/images/6/64/Unknown_status.jpg/revision/latest/scale-to-width-down/268?cb=20110226225350,,1,,,,,,,,Throat slit by Theodore Bagwell,,,Allen,,,Male,,,,,1,,,,Allen,,,,,,,,Fox River,,,( unknown actor ),Deceased,,,,"2005 , Fox River"
Unidentified Fox River Inmate (5) (The Conspiracy),https://prisonbreak.fandom.com/wiki/Unidentified_Fox_River_Inmate_(5)_(The_Conspiracy),https://static.wikia.nocookie.net/prisonbreak/images/5/5b/The_Conspiracy_7.PNG/revision/latest/scale-to-width-down/268?cb=20110410222615,,1,,,,,,,,,,,Chapter 7,,,Male,,,,,The Conspiracy,,,,Chapter 7,,,,,,,,Fox River,,,( unknown actor ),Alive,,,,
Unidentified Fox River Inmate (6) (The Conspiracy),https://prisonbreak.fandom.com/wiki/Unidentified_Fox_River_Inmate_(6)_(The_Conspiracy),https://static.wikia.nocookie.net/prisonbreak/images/5/5b/The_Conspiracy_7.PNG/revision/latest/scale-to-width-down/268?cb=20110410222615,,1,,,,,,,,,,,Chapter 7,,,Male,,,,,The Conspiracy,,,,Chapter 7,,,,,,,,Fox River,,,( unknown actor ),Alive,,,,
Unidentified Fox River Inmate (I) (The Conspiracy),https://prisonbreak.fandom.com/wiki/Unidentified_Fox_River_Inmate_(I)_(The_Conspiracy),,,,,,,,,,,,,,,,,,,,,,,,,,,,,,,,,,,,,,,,,,
Unidentified Fox River Inmate (II),https://prisonbreak.fandom.com/wiki/Unidentified_Fox_River_Inmate_(II),https://static.wikia.nocookie.net/prisonbreak/images/6/67/Fatinmate.jpg/revision/latest/scale-to-width-down/268?cb=20110129120924,,,,"Riots, Drills and the Devil, Part 2",,,,,,,,,,Fox River,,,,,,,,( unknown actor ),,,,,,"Riots, Drills and the Devil, Part 1",,,Alive,,,,,,,,,,
Unidentified Fox River Inmate (II) (The Conspiracy),https://prisonbreak.fandom.com/wiki/Unidentified_Fox_River_Inmate_(II)_(The_Conspiracy),https://static.wikia.nocookie.net/prisonbreak/images/4/43/Vlcsnap-2010-03-21-18h32m28s71.jpg/revision/latest/scale-to-width-down/268?cb=20101113201043,,1,,,,,,,,,,,Chapter 1,,,Male,,,,,The Conspiracy,,,,Chapter 1,,,,,,,,Fox River,,,Unknown voice actor (English),Alive,,,,
Unidentified Fox River Inmate (III),https://prisonbreak.fandom.com/wiki/Unidentified_Fox_River_Inmate_(III),,,,,,,,,,,,,,,,,,,,,,,,,,,,,,,,,,,,,,,,,,
Unidentified Fox River Inmate (III) (The Conspiracy),https://prisonbreak.fandom.com/wiki/Unidentified_Fox_River_Inmate_(III)_(The_Conspiracy),,,,,,,,,,,,,,,,,,,,,,,,,,,,,,,,,,,,,,,,,,
Unidentified Fox River Inmate (IV) (The Conspiracy),https://prisonbreak.fandom.com/wiki/Unidentified_Fox_River_Inmate_(IV)_(The_Conspiracy),https://static.wikia.nocookie.net/prisonbreak/images/7/71/The_Conspiracy_9.PNG/revision/latest/scale-to-width-down/268?cb=20110410232402,,,,Prison Break - The Conspiracy (Game),,,,,,,,,,Fox River,,,,,,,,,,,,,,Prison Break - The Conspiracy (Game),,(Unknown),Alive,,,,,,,,,(Crimes in prison; unknown),
Unidentified Fox River Inmate (The Conspiracy),https://prisonbreak.fandom.com/wiki/Unidentified_Fox_River_Inmate_(The_Conspiracy),,,,,,,,,,,,,,,,,,,,,,,,,,,,,,,,,,,,,,,,,,
Unidentified Fox River Inmate with knife,https://prisonbreak.fandom.com/wiki/Unidentified_Fox_River_Inmate_with_knife,,,,,Prison Break - The Conspiracy (Game),,,,,,,,,,Fox River,,,,,,,,,,,,,,Prison Break - The Conspiracy (Game),,,Unknown,,,,,,,,,,
Unidentified Fox River Inmate with screw,https://prisonbreak.fandom.com/wiki/Unidentified_Fox_River_Inmate_with_screw,https://static.wikia.nocookie.net/prisonbreak/images/2/29/Maytagstabbed.jpg/revision/latest/scale-to-width-down/268?cb=20110222212243,,2,,,,,,,,,,,Allen,,,Male,,,,,1,,,,Go,,Jason Buchanan,,,,,,,,Nick Santora,David Dino Wells Jr.,Alive,,,,
Unidentified Fox River Inmate with screw (The Conspiracy),https://prisonbreak.fandom.com/wiki/Unidentified_Fox_River_Inmate_with_screw_(The_Conspiracy),,,,,,,,,,,,,,,,,,,,,,,,,,,,,,,,,,,,,,,,,,
Unidentified Fox River inmate (I) (The Conspiracy),https://prisonbreak.fandom.com/wiki/Unidentified_Fox_River_inmate_(I)_(The_Conspiracy),,,,,,,,,,,,,,,,,,,,,,,,,,,,,,,,,,,,,,,,,,
Unidentified Sona Inmate (10),https://prisonbreak.fandom.com/wiki/Unidentified_Sona_Inmate_(10),,,,,,,,,,,,,,,,,,,,,,,,,,,,,,,,,,,,,,,,,,
Unidentified Sona Inmate (11),https://prisonbreak.fandom.com/wiki/Unidentified_Sona_Inmate_(11),https://static.wikia.nocookie.net/prisonbreak/images/b/ba/Prison-break134.jpg/revision/latest/scale-to-width-down/268?cb=20101224211737,,3,,,,,,,,,,,Orientación,,,Male,,,,,3,,,,Call Waiting,,,,,,,Lechero's gang,Sona,,,( unknown actor ),Unknown,,,,
Unidentified Sona Inmate (4),https://prisonbreak.fandom.com/wiki/Unidentified_Sona_Inmate_(4),,,,,,,,,,,,,,,,,,,,,,,,,,,,,,,,,,,,,,,,,,
Unidentified Sona Inmate (5),https://prisonbreak.fandom.com/wiki/Unidentified_Sona_Inmate_(5),,,,,,,,,,,,,,,,,,,,,,,,,,,,,,,,,,,,,,,,,,
Unidentified Sona Inmate (6),https://prisonbreak.fandom.com/wiki/Unidentified_Sona_Inmate_(6),,,,,,,,,,,,,,,,,,,,,,,,,,,,,,,,,,,,,,,,,,
Unidentified Sona Inmate (7),https://prisonbreak.fandom.com/wiki/Unidentified_Sona_Inmate_(7),,,,,,,,,,,,,,,,,,,,,,,,,,,,,,,,,,,,,,,,,,
Unidentified Sona Inmate (8),https://prisonbreak.fandom.com/wiki/Unidentified_Sona_Inmate_(8),,,,,,,,,,,,,,,,,,,,,,,,,,,,,,,,,,,,,,,,,,
Unidentified Sona Inmate (9),https://prisonbreak.fandom.com/wiki/Unidentified_Sona_Inmate_(9),,,,,,,,,,,,,,,,,,,,,,,,,,,,,,,,,,,,,,,,,,
Unidentified Sona Inmate (I),https://prisonbreak.fandom.com/wiki/Unidentified_Sona_Inmate_(I),https://static.wikia.nocookie.net/prisonbreak/images/5/5d/Normal_222-720.jpg/revision/latest/scale-to-width-down/268?cb=20101104072137,,1,,,,,,,,,,,Sona,,,Male,,,,,1,,,,Sona,,,,,,,,Sona,,,( unknown actor ),Unknown,,,,
Unidentified Sona Inmate (II),https://prisonbreak.fandom.com/wiki/Unidentified_Sona_Inmate_(II),https://static.wikia.nocookie.net/prisonbreak/images/8/83/Sonainmate.jpg/revision/latest/scale-to-width-down/268?cb=20110712143506,,1,,,,,,,,Neck broken by Alexander Mahone,,,Dirt Nap,,,Male,,,,,3,,,,Dirt Nap,,,,,,,,,,,( unknown actor ),Deceased,,,,"2005 , Sona"
Unidentified Sona Inmate (VI),https://prisonbreak.fandom.com/wiki/Unidentified_Sona_Inmate_(VI),https://static.wikia.nocookie.net/prisonbreak/images/3/39/Normal_caps_307_018.jpg/revision/latest/scale-to-width-down/268?cb=20101108211026,,3,,,,,,,,,,,Photo Finish,,,Male,,,,,3,,,,Vamonos,,,,,,,,Sona,,,( unknown actor ),Unknown,,,,
Unidentified Sona guard,https://prisonbreak.fandom.com/wiki/Unidentified_Sona_guard,,,,,,,,,,,,,,,,,,,,,,,,,,,,,,,,,,,,,,,,,,
Unidentified Technician,https://prisonbreak.fandom.com/wiki/Unidentified_Technician,,,,,,,,,,,,,,,,,,,,,,,,,,,,,,,,,,,,,,,,,,
Unknown civilian,https://prisonbreak.fandom.com/wiki/Unknown_civilian,,,,,Versus,,,,,,,,,,,,,,,,,,( unknown actor ),,,,,,Versus,,,Alive,,,,,,,,,,
Unnamed Anti-Company worker,https://prisonbreak.fandom.com/wiki/Unnamed_Anti-Company_worker,,,,,,,,,,,,,,,,,,,,,,,,,,,,,,,,,,,,,,,,,,
Unnamed Anti-Company worker (I),https://prisonbreak.fandom.com/wiki/Unnamed_Anti-Company_worker_(I),,,,,,,,,,,,,,,,,,,,,,,,,,,,,,,,,,,,,,,,,,
Unnamed Company operative,https://prisonbreak.fandom.com/wiki/Unnamed_Company_operative,https://static.wikia.nocookie.net/prisonbreak/images/d/d2/BishopKill.jpg/revision/latest/scale-to-width-down/268?cb=20101101165528,,,,Pilot,,,,,,,,,,,,,,,,,,( unknown actor ),,,,,,Pilot,,,Alive,,,,,,,,,"Killing McMorrow , working for the Company",
Unnamed Company worker,https://prisonbreak.fandom.com/wiki/Unnamed_Company_worker,https://static.wikia.nocookie.net/prisonbreak/images/b/b1/PrisonBreakSeason3_bild6.jpg/revision/latest?cb=20110227100634,,,,The Art of the Deal,,,,,,,,,,,,,,,,,,,,,,,,Hell Or High Water,,,Alive,,,,,,,,,Working with the Company,
Unnamed Company worker (I),https://prisonbreak.fandom.com/wiki/Unnamed_Company_worker_(I),https://static.wikia.nocookie.net/prisonbreak/images/6/6f/Vlcsnap-80625.jpg/revision/latest/scale-to-width-down/268?cb=20110220095036,,2,,,,,,,,Shot by Paul Kellerman,,,Manhunt,,,Male,,,,,2,,,,John Doe,,,,,,,,,,,( unknown actor ),Deceased,,,,"2005 , Montana"
Unnamed Company worker (II),https://prisonbreak.fandom.com/wiki/Unnamed_Company_worker_(II),https://static.wikia.nocookie.net/prisonbreak/images/5/52/Normal_ep214_145.jpg/revision/latest/scale-to-width-down/268?cb=20100730124802,,1,,,,,,,,Shot by Paul Kellerman,,,John Doe,,,Male,,,,,2,,,,John Doe,,,,,,,,,,,Kenny Alfonso,Deceased,,,,"2005 , Montana"
Unnamed Company worker (III),https://prisonbreak.fandom.com/wiki/Unnamed_Company_worker_(III),https://static.wikia.nocookie.net/prisonbreak/images/e/ee/Normal_222-397.jpg/revision/latest/scale-to-width-down/268?cb=20100730132015,,1,,,,,,,,Shot by Alexander Mahone,,,Sona,,,Male,,,,,2,,,,Sona,,,,,,,,,,,( unknown actor ),Deceased,,,,"2005 , Panama"
Unnamed Correction Officer,https://prisonbreak.fandom.com/wiki/Unnamed_Correction_Officer,https://static.wikia.nocookie.net/prisonbreak/images/a/a2/143729750.jpg/revision/latest/scale-to-width-down/268?cb=20110214144701,,,,Prison Break - The Conspiracy (Game),,,,,,,,,,,,,,,,,,,,,,,,Prison Break - The Conspiracy (Game),,,Alive,,,,,,,,,,
Unnamed Correction Officer (6) (The Conspiracy),https://prisonbreak.fandom.com/wiki/Unnamed_Correction_Officer_(6)_(The_Conspiracy),,,,,,,,,,,,,,,,,,,,,,,,,,,,,,,,,,,,,,,,,,
Unnamed Correction Officer (I),https://prisonbreak.fandom.com/wiki/Unnamed_Correction_Officer_(I),,,,,,,,,,,,,,,,,,,,,,,,,,,,,,,,,,,,,,,,,,
Unnamed Correction Officer (I) (The Conspiracy),https://prisonbreak.fandom.com/wiki/Unnamed_Correction_Officer_(I)_(The_Conspiracy),,,,,,,,,,,,,,,,,,,,,,,,,,,,,,,,,,,,,,,,,,
Unnamed Correction Officer (II) (The Conspiracy),https://prisonbreak.fandom.com/wiki/Unnamed_Correction_Officer_(II)_(The_Conspiracy),,,,,,,,,,,,,,,,,,,,,,,,,,,,,,,,,,,,,,,,,,
Unnamed Correction Officer (III) (The Conspiracy),https://prisonbreak.fandom.com/wiki/Unnamed_Correction_Officer_(III)_(The_Conspiracy),,,,,,,,,,,,,,,,,,,,,,,,,,,,,,,,,,,,,,,,,,
Unnamed Correction Officer (IV) (The Conspiracy),https://prisonbreak.fandom.com/wiki/Unnamed_Correction_Officer_(IV)_(The_Conspiracy),,,,,,,,,,,,,,,,,,,,,,,,,,,,,,,,,,,,,,,,,,
Unnamed Correction Officer (The Conspiracy),https://prisonbreak.fandom.com/wiki/Unnamed_Correction_Officer_(The_Conspiracy),,,,,,,,,,,,,,,,,,,,,,,,,,,,,,,,,,,,,,,,,,
Unnamed Correction Officer (V) (The Conspiracy),https://prisonbreak.fandom.com/wiki/Unnamed_Correction_Officer_(V)_(The_Conspiracy),,,,,,,,,,,,,,,,,,,,,,,,,,,,,,,,,,,,,,,,,,
Unnamed Correction Officer I (The Conspiracy),https://prisonbreak.fandom.com/wiki/Unnamed_Correction_Officer_I_(The_Conspiracy),,,,,,,,,,,,,,,,,,,,,,,,,,,,,,,,,,,,,,,,,,
Unnamed Corrections Officer,https://prisonbreak.fandom.com/wiki/Unnamed_Corrections_Officer,,,,,,,,,,,,,,,,,,,,,,,,,,,,,,,,,,,,,,,,,,
Unnamed Female Correction Officer,https://prisonbreak.fandom.com/wiki/Unnamed_Female_Correction_Officer,,,,,,,,,,,,,,,,,,,,,,,,,,,,,,,,,,,,,,,,,,
Unnamed Fox River Correction Officer (I),https://prisonbreak.fandom.com/wiki/Unnamed_Fox_River_Correction_Officer_(I),,,,,,,,,,,,,,,,,,,,,,,,,,,,,,,,,,,,,,,,,,
Unnamed Fox River Correction Officer (II),https://prisonbreak.fandom.com/wiki/Unnamed_Fox_River_Correction_Officer_(II),,,,,,,,,,,,,,,,,,,,,,,,,,,,,,,,,,,,,,,,,,
Unnamed Fox River Inmate (5),https://prisonbreak.fandom.com/wiki/Unnamed_Fox_River_Inmate_(5),,,,,,,,,,,,,,,,,,,,,,,,,,,,,,,,,,,,,,,,,,
Unnamed Fox River Inmate (6),https://prisonbreak.fandom.com/wiki/Unnamed_Fox_River_Inmate_(6),https://static.wikia.nocookie.net/prisonbreak/images/7/7b/Normal_118_213.jpg/revision/latest/scale-to-width-down/268?cb=20110513220544,,15,,,,,,,,,,,Allen,,,Male,,,,,1,,,,Go,,,,,,,Trumpets' gang,,,Paul Scheuring,( Unknown actor ),Alive,,,,
Unnamed Fox River Inmate (GATE),https://prisonbreak.fandom.com/wiki/Unnamed_Fox_River_Inmate_(GATE),,,,,,,,,,,,,,,,,,,,,,,,,,,,,,,,,,,,,,,,,,
Unnamed Fox River Inmate (I'm gonna die in here),https://prisonbreak.fandom.com/wiki/Unnamed_Fox_River_Inmate_(I%27m_gonna_die_in_here),,,,,,,,,,,,,,,,,,,,,,,,,,,,,,,,,,,,,,,,,,
Unnamed Fox River Inmate (I) (The Conspiracy),https://prisonbreak.fandom.com/wiki/Unnamed_Fox_River_Inmate_(I)_(The_Conspiracy),,,,,,,,,,,,,,,,,,,,,,,,,,,,,,,,,,,,,,,,,,
Unnamed Fox River Inmate (II) (The Conspiracy),https://prisonbreak.fandom.com/wiki/Unnamed_Fox_River_Inmate_(II)_(The_Conspiracy),,,,,,,,,,,,,,,,,,,,,,,,,,,,,,,,,,,,,,,,,,
Unnamed Fox River Inmate (Killing your Number),https://prisonbreak.fandom.com/wiki/Unnamed_Fox_River_Inmate_(Killing_your_Number),,,,,,,,,,,,,,,,,,,,,,,,,,,,,,,,,,,,,,,,,,
Unnamed Fox River Inmate (The Conspiracy),https://prisonbreak.fandom.com/wiki/Unnamed_Fox_River_Inmate_(The_Conspiracy),,,,,,,,,,,,,,,,,,,,,,,,,,,,,,,,,,,,,,,,,,
Unnamed Fox River inmate (III) (The Conspiracy),https://prisonbreak.fandom.com/wiki/Unnamed_Fox_River_inmate_(III)_(The_Conspiracy),https://static.wikia.nocookie.net/prisonbreak/images/8/84/143766218.jpg/revision/latest/scale-to-width-down/268?cb=20101101182745,,,,Prison Break - The Conspiracy (Game),,,,,,,,,,Fox River,,,,,,,,,,,,,,Prison Break - The Conspiracy (Game),,,Deceased,,,,,,,,,,
Unnamed Fox River worker (I),https://prisonbreak.fandom.com/wiki/Unnamed_Fox_River_worker_(I),,,,,,,,,,,,,,,,,,,,,,,,,,,,,,,,,,,,,,,,,,
Unnamed GATE worker,https://prisonbreak.fandom.com/wiki/Unnamed_GATE_worker,https://static.wikia.nocookie.net/prisonbreak/images/f/fd/The_Legend_7.PNG/revision/latest/scale-to-width-down/268?cb=20110430213810,,,,,,,,,,,,,The Legend,,,Male,,,,,4,,,,The Legend,,,,,,,GATE,,,Karyn Usher,Matt Olmstead,Alive,,,,
Unnamed GATE worker (III),https://prisonbreak.fandom.com/wiki/Unnamed_GATE_worker_(III),https://static.wikia.nocookie.net/prisonbreak/images/d/d2/The_Legend_6.PNG/revision/latest/scale-to-width-down/268?cb=20110430213654,,,,,,,,,,,,,The Legend,,,Male,,,,,4,,,,The Legend,,,,,,,GATE,,,Karyn Usher,Graham Roland,Alive,,,,
Unnamed GATE worker (IV),https://prisonbreak.fandom.com/wiki/Unnamed_GATE_worker_(IV),https://static.wikia.nocookie.net/prisonbreak/images/6/60/The_Legend_5.PNG/revision/latest/scale-to-width-down/268?cb=20110430213357,,,,,,,,,,,,,The Legend,,,Male,,,,,4,,,,The Legend,,,,,,,GATE,,,Karyn Usher,Zack Estrin,Alive,,,,
Unnamed Malko brother (I),https://prisonbreak.fandom.com/wiki/Unnamed_Malko_brother_(I),https://static.wikia.nocookie.net/prisonbreak/images/0/0d/Malkobrother1.jpg/revision/latest/scale-to-width-down/267?cb=20120319203049,,1,,,,,,,,Shot by Ray Zancanelli,,,Double Down,,,Male,,,,,2,,,,Double Down,,,,,,,,,,,Stelio Savante,Deceased,,,,2011 or 2012
Unnamed Malko brother (II),https://prisonbreak.fandom.com/wiki/Unnamed_Malko_brother_(II),,,1,,,,,,,,,,,Double Down,,,Male,,,,,2,,,,Double Down,,,,,,,,,,,Yan Dron,Alive,,,,
Unnamed Police Officer (Season 2),https://prisonbreak.fandom.com/wiki/Unnamed_Police_Officer_(Season_2),,,,,,,,,,,,,,,,,,,,,,,,,,,,,,,,,,,,,,,,,,
Unnamed Sona Guard,https://prisonbreak.fandom.com/wiki/Unnamed_Sona_Guard,,,,,,,,,,,,,,,,,,,,,,,,,,,,,,,,,,,,,,,,,,
Unnamed Sona Inmate,https://prisonbreak.fandom.com/wiki/Unnamed_Sona_Inmate,https://static.wikia.nocookie.net/prisonbreak/images/8/82/ImagesCA502BDN.jpg/revision/latest?cb=20101110172658,,,,,,,,,,,,,,Sona,,,,,,,,( unknown actor ),,,,,,,,,,,,,,,,,,,
Unnamed Sona Inmate (1),https://prisonbreak.fandom.com/wiki/Unnamed_Sona_Inmate_(1),,,,,,,,,,,,,,,,,,,,,,,,,,,,,,,,,,,,,,,,,,
Unnamed Sona Inmate (II),https://prisonbreak.fandom.com/wiki/Unnamed_Sona_Inmate_(II),,,,,,,,,,,,,,,,,,,,,,,,,,,,,,,,,,,,,,,,,,
Unnamed Sona Inmate (III),https://prisonbreak.fandom.com/wiki/Unnamed_Sona_Inmate_(III),,,,,,,,,,,,,,,,,,,,,,,,,,,,,,,,,,,,,,,,,,
Unnamed Sona Inmate (IV),https://prisonbreak.fandom.com/wiki/Unnamed_Sona_Inmate_(IV),https://static.wikia.nocookie.net/prisonbreak/images/b/b1/Prison_Break_S03E01103.jpg/revision/latest/scale-to-width-down/268?cb=20101210133915,,1,,,,,,,,,,,Orientación,,,Male,,,,,3,,,,Orientación,,,,,,,,Sona,,,Alan T. Coleman,Unknown,,,,
Unnamed Sona Inmate (V),https://prisonbreak.fandom.com/wiki/Unnamed_Sona_Inmate_(V),https://static.wikia.nocookie.net/prisonbreak/images/2/22/Normal_222-714.jpg/revision/latest/scale-to-width-down/268?cb=20101211145548,,1,,,,,,,,Drug overdose by Juan Nieves,,,Sona,,,Male,,,,,2,,,,Sona,,,,,,,,,,,( unknown actor ),Deceased [ 1 ],,,,2005
Unnamed Sona Soldier,https://prisonbreak.fandom.com/wiki/Unnamed_Sona_Soldier,,,,,,,,,,,,,,,,,,,,,,,,,,,,,,,,,,,,,,,,,,
Unnamed Sona inmate,https://prisonbreak.fandom.com/wiki/Unnamed_Sona_inmate,,,,,,,,,,,,,,,,,,,,,,,,,,,,,,,,,,,,,,,,,,
Unnamed Sona inmate (13),https://prisonbreak.fandom.com/wiki/Unnamed_Sona_inmate_(13),,,,,,,,,,,,,,,,,,,,,,,,,,,,,,,,,,,,,,,,,,
Unnamed Sona inmates,https://prisonbreak.fandom.com/wiki/Unnamed_Sona_inmates,,,,,,,,,,,,,,,,,,,,,,,,,,,,,,,,,,,,,,,,,,
Unnamed Sona warden,https://prisonbreak.fandom.com/wiki/Unnamed_Sona_warden,,,,,,,,,,,,,,,,,,,,,,,,,,,,,,,,,,,,,,,,,,
Unnamed Sona worker,https://prisonbreak.fandom.com/wiki/Unnamed_Sona_worker,https://static.wikia.nocookie.net/prisonbreak/images/4/4f/Pb-312-9.jpg/revision/latest/scale-to-width-down/268?cb=20101110155354,,1,,,,,,,,,,,Hell Or High Water,,,Male,,,,,3,,,,Hell Or High Water,,,,,,,,,,Nick Santora,( unknown actor ),Unknown,,,,
Unnamed character (I),https://prisonbreak.fandom.com/wiki/Unnamed_character_(I),,,,,,,,,,,,,,,,,,,,,,,,,,,,,,,,,,,,,,,,,,
Unnamed criminial,https://prisonbreak.fandom.com/wiki/Unnamed_criminial,,,,,,,,,,,,,,,,,,,,,,,,,,,,,,,,,,,,,,,,,,
Unnamed customer,https://prisonbreak.fandom.com/wiki/Unnamed_customer,https://static.wikia.nocookie.net/prisonbreak/images/f/f8/The_Final_Break_6.PNG/revision/latest/scale-to-width-down/267?cb=20110530191159,,1,,,,,,,,Explosion by Christian Beaumont,,,"Like Father, Like Son",,,Male,,,,,1,,,,"Like Father, Like Son",,,,,,,,,,,( unknown actor ),Deceased,,,,
Unnamed man (I),https://prisonbreak.fandom.com/wiki/Unnamed_man_(I),https://static.wikia.nocookie.net/prisonbreak/images/4/4e/Pb-3x13-14.jpg/revision/latest/scale-to-width-down/268?cb=20101119060336,,,,The Art of the Deal,,,,,,,,,,,,,,,,,,( unknown actor ),,,,,,The Art of the Deal,,,Alive,,,,,,,,,,
Unnamed prostitue,https://prisonbreak.fandom.com/wiki/Unnamed_prostitue,https://static.wikia.nocookie.net/prisonbreak/images/4/43/Normal_220_731.jpg/revision/latest/scale-to-width-down/268?cb=20110715203640,,1,Panama [ 1 ],,,,,,,,,,Panama,,,Female,,,,,2,,,,Panama,,,,,,,,,,,( unknown actor ),Alive,,,,
Unnamed sniper,https://prisonbreak.fandom.com/wiki/Unnamed_sniper,https://static.wikia.nocookie.net/prisonbreak/images/8/8e/07wz7.jpg/revision/latest/scale-to-width-down/268?cb=20110728163802,,1,,,,,,,,,,,,,,Male,,,,,1,,,,,,1,,,,,,,,Nick Santora,James Alfred,Alive,,,,
Unnamed sniper (Pobeg),https://prisonbreak.fandom.com/wiki/Unnamed_sniper_(Pobeg),https://static.wikia.nocookie.net/prisonbreak/images/0/0f/I4cc5b7b3c695e.png/revision/latest/scale-to-width-down/268?cb=20111026113815,,1,,,,,,,,,,,,,,Male,,,,,1,,,,,,5 [ 1 ],,,,,,,,,( unknown actor ),Alive,,,,
Unnamed woman (I),https://prisonbreak.fandom.com/wiki/Unnamed_woman_(I),,,,,,,,,,,,,,,,,,,,,,,,,,,,,,,,,,,,,,,,,,
Unnamed woman (II),https://prisonbreak.fandom.com/wiki/Unnamed_woman_(II),,,,,,,,,,,,,,,,,,,,,,,,,,,,,,,,,,,,,,,,,,
Vagrant (I),https://prisonbreak.fandom.com/wiki/Vagrant_(I),https://static.wikia.nocookie.net/prisonbreak/images/3/3f/Normal_ep203_039.jpg/revision/latest/scale-to-width-down/268?cb=20100803180120,,,,Scan,,,,,,,,,,,,,,,,,,Wayne Dehart,,,,,,Scan,,,Alive,,,,,,,,,,
Vagrant (II),https://prisonbreak.fandom.com/wiki/Vagrant_(II),https://static.wikia.nocookie.net/prisonbreak/images/3/3e/Normal_ep218_101.jpg/revision/latest/scale-to-width-down/268?cb=20100803181941,,,,Wash,,,,,,,,,,,,,,,,,,Wayne Dehart,,,,,,Wash,,,Alive,,,,,,,,,,
Van Gogh,https://prisonbreak.fandom.com/wiki/Van_Gogh,https://static.wikia.nocookie.net/prisonbreak/images/8/85/VanGogh.PNG/revision/latest/scale-to-width-down/268?cb=20170531115915,,8,,,,,,,,Shot by A&W,,,Ogygia,,,Male,,,,,5,,,,Behind The Eyes,,,,,,,,,,,Steve Mouzakis,Deceased,,,,2017
Vanessa,https://prisonbreak.fandom.com/wiki/Vanessa,https://static.wikia.nocookie.net/prisonbreak/images/c/c4/BreakoutKings109-1485.jpg/revision/latest/scale-to-width-down/268?cb=20110507100405,,3,,,,,,,,,,,Pilot,,,Female,,,,,1,,,,Where in the World is Carmen Vega,,,,,,,,,,,( unknown actor ) [ 1 ] Tattiawna Jones,Alive,,,,
Vanomo,https://prisonbreak.fandom.com/wiki/Vanomo,https://static.wikia.nocookie.net/prisonbreak/images/d/df/Vanomo.jpg/revision/latest/scale-to-width-down/268?cb=20070927105306,,1,,,,,,,,,,,Fire/Water,,,Male,,,,,3,,,,Fire/Water,,,,,,,,,,,( unknown actor ),Alive,,,,
Vera Madrid,https://prisonbreak.fandom.com/wiki/Vera_Madrid,https://static.wikia.nocookie.net/prisonbreak/images/9/99/Vera.JPG/revision/latest/scale-to-width-down/268?cb=20070927085202,,,,3x2,,,,,,,,,,,,,,,,,,Patty Silva,,,,,,3x2,,,Alive,,,,,,,,,,
Veronica Donovan,https://prisonbreak.fandom.com/wiki/Veronica_Donovan,https://static.wikia.nocookie.net/prisonbreak/images/e/e9/Veronicaseason1.jpg/revision/latest/scale-to-width-down/268?cb=20110711132936,,,,""" Manhunt """,,Green,Female,,Lawyer,,,,,,Unknown,,,,Sebastian Balfour (ex-fiancé) Lincoln Burrows (ex-boyfriend),Shot in the head and chest by Agent Blondie,,Robin Tunney,Michael Scofield Nick Savrinn L.J. Burrows,,,,,""" Pilot """,""" Manhunt """,,Deceased,,,,,,,Black,Vi Francette Kelly,,
Vincent Sandinsky,https://prisonbreak.fandom.com/wiki/Vincent_Sandinsky,https://static.wikia.nocookie.net/prisonbreak/images/7/7c/Bscap0063.jpg/revision/latest/scale-to-width-down/268?cb=20090501132647,,,,,,,,,,Shot by Theodore Bagwell,,,VS.,,,Male,,,,,4,,,,Son of A Bitch,,,,,,,The Company (formerly) Christina Scofield's gang,,,,Ivar Brogger,Deceased,,,,2005
Vincent Sandinsky's bodyguard (I),https://prisonbreak.fandom.com/wiki/Vincent_Sandinsky%27s_bodyguard_(I),https://static.wikia.nocookie.net/prisonbreak/images/0/04/Vs_6.PNG/revision/latest/scale-to-width-down/268?cb=20110515224410,,,,VS,,,,,,,,,,,,,,,,,,Dominic Pace,,,,,,VS,,,Deceased,,,,,,,,,Working for the Company and Christina,
Vincent Sandinsky's bodyguard (III),https://prisonbreak.fandom.com/wiki/Vincent_Sandinsky%27s_bodyguard_(III),https://static.wikia.nocookie.net/prisonbreak/images/a/ab/Vs_7.PNG/revision/latest/scale-to-width-down/268?cb=20110528173409,,,,VS,,,,,,,,,,,,,,,,,,Tanner Gill,,,,,,VS,,,Deceased,,,,,,,,,Working for the Company and Christina,
W. Komeda,https://prisonbreak.fandom.com/wiki/W._Komeda,https://static.wikia.nocookie.net/prisonbreak/images/8/8c/FemaleOrMale.jpg/revision/latest?cb=20110324160211,,,,,,,,,,,,,,,,,,,,,,,,,,,,,,,Unknown,,,,,,,,,,
Wade Irving,https://prisonbreak.fandom.com/wiki/Wade_Irving,https://static.wikia.nocookie.net/prisonbreak/images/5/58/Normal_402-145.jpg/revision/latest/scale-to-width-down/268?cb=20100408180338,,2,10 March 1980 [ 1 ],,,,,,,,,,Scylla,,,Male,,,,,4,,,,Breaking and Entering,,,,,,,,,,,Chris Nelson Norris,Alive,,,,
Wanda O'Connell,https://prisonbreak.fandom.com/wiki/Wanda_O%27Connell,https://static.wikia.nocookie.net/prisonbreak/images/a/a3/BreakoutKings-107-0009.jpg/revision/latest/scale-to-width-down/268?cb=20110718170854,,1,,,,,,,,Throat slit by Marlon O'Connell,,,Fun with Chemistry,,,Female,,,,,1,,,,Fun with Chemistry,,,,,,,,,,,Deborah Grover,Deceased,,,,2010 or 2011
Wayne Garrett,https://prisonbreak.fandom.com/wiki/Wayne_Garrett,,,,,,,,,,,,,,,,,,,,,,,,,,,,,,,,,,,,,,,,,,
Wayne Merrick,https://prisonbreak.fandom.com/wiki/Wayne_Merrick,,,,,,,,,,,,,,,,,,,,,,,,,,,,,,,,,,,,,,,,,,
Wayne Murray,https://prisonbreak.fandom.com/wiki/Wayne_Murray,https://static.wikia.nocookie.net/prisonbreak/images/b/bd/Chicago_1.JPG/revision/latest?cb=20111125211616,,,,,,,,,,Beaten to death by Charles Patoshik,,,The Message,,,Male,,,,,2,,,,The Message,,,,,,,,,,,Paul Wright,Deceased,,,,2005
Weapons Dealer,https://prisonbreak.fandom.com/wiki/Weapons_Dealer,https://static.wikia.nocookie.net/prisonbreak/images/0/0f/Wash_2.JPG/revision/latest/scale-to-width-down/268?cb=20111125213901,,,,Wash,,,,,,,,,,,,,,,,,,Karl Anderson,,,,,,Wash,,,Deceased,,,,,,,,,Selling and supplying unregistered weapons without a license,
Wes Herman,https://prisonbreak.fandom.com/wiki/Wes_Herman,https://static.wikia.nocookie.net/prisonbreak/images/5/5b/Tumblr_lisbm0fRmO1qckz1vo1_500.jpg/revision/latest/scale-to-width-down/268?cb=20110423145027,,,,Out of the Mouth of Babes,,,,,,,,,,,,,,,,,,Joel Stoffer,,,,,,Out of the Mouth of Babes,,,Alive,,,,,,,,,,
Whip,https://prisonbreak.fandom.com/wiki/Whip,https://static.wikia.nocookie.net/prisonbreak/images/7/71/Whip.png/revision/latest/scale-to-width-down/268?cb=20250203030334,,8,3rd May 1992,,Sid † Ja Michael Scofield,,,,,Shot in the chest by A&W,,,Kaniel Outis,,,Male,,Whip,,,5,,,,Behind the Eyes,,1,,,,,,Ogygia Prison,,,Augustus Prew,Deceased,,,,2017
Wholesale,https://prisonbreak.fandom.com/wiki/Wholesale,,,,,,,,,,,,,,,,,,,,,,,,,,,,,,,,,,,,,,,,,,
Wholesale's friend,https://prisonbreak.fandom.com/wiki/Wholesale%27s_friend,,,,,,,,,,,,,,,,,,,,,,,,,,,,,,,,,,,,,,,,,,
Will Clayton,https://prisonbreak.fandom.com/wiki/Will_Clayton,https://static.wikia.nocookie.net/prisonbreak/images/2/2c/Normal_105-040.jpg/revision/latest/scale-to-width-down/268?cb=20100429223349,,,1976,,,,,,,Blunt force trauma to the face and torso,,,"English, Fitz or Percy",,,Male,,,,,"1 , 4",,,,Going Under,,,,,,,,,,Zack Estrin,Steve Jacobson,Deceased,,,,15 July 1998
William Cammalleri,https://prisonbreak.fandom.com/wiki/William_Cammalleri,,,,,,,,,,,,,,,,,,,,,,,,,,,,,,,,,,,,,,,,,,
William Kim,https://prisonbreak.fandom.com/wiki/William_Kim,https://static.wikia.nocookie.net/prisonbreak/images/d/d7/Vlcsnap-903448.jpg/revision/latest/scale-to-width-down/268?cb=20100731081352,,16,Unknown,,,,,,,Shot to death by Sara Tancredi,,,Map 1213,,,Male,,Bill Kim,,,2,,,,Sona,,,,,,,,,,,Reggie Lee,Deceased,,,,2005
William Kim (Pobeg),https://prisonbreak.fandom.com/wiki/William_Kim_(Pobeg),https://static.wikia.nocookie.net/prisonbreak/images/5/5f/WilliamKim.jpg/revision/latest/scale-to-width-down/268?cb=20111025101905,,,,,,,,,,,,,,,,Male,,,,,2,,,,,,,,,,,,,,,( unknown actor ),Alive,,,,
William Prall,https://prisonbreak.fandom.com/wiki/William_Prall,https://static.wikia.nocookie.net/prisonbreak/images/b/b5/Gfym%2C%2Cfxnfnnnnnnnnnnnn.jpg/revision/latest?cb=20090607132332,,,,By the Skin and the Teeth,,,,,,,,,,,,,,,,,,Joshua Gibbons,,,,,,By the Skin and the Teeth,,,Alive,,,,,,,,,,
Williams,https://prisonbreak.fandom.com/wiki/Williams,https://static.wikia.nocookie.net/prisonbreak/images/1/1a/Williams.jpg/revision/latest/scale-to-width-down/268?cb=20111202143709,,,,Prison Break - The Conspiracy (Game),,,,,,,,,,,,,,,,,,Unknown voice actor (English),,,,,,Prison Break - The Conspiracy (Game),,,Alive,,,,,,,,,,
Wilson,https://prisonbreak.fandom.com/wiki/Wilson,,,,,,,,,,,,,,,,,,,,,,,,,,,,,,,,,,,,,,,,,,
Wilson Wright,https://prisonbreak.fandom.com/wiki/Wilson_Wright,https://static.wikia.nocookie.net/prisonbreak/images/7/76/389996.jpg/revision/latest/scale-to-width-down/268?cb=20100420220918,,,,Killing Your Number,,,,,,,,,,,,,,,,,,Reno Wilson,,,,,,Rate of Exchange,,,Alive,,,,,,,,,,
Woody,https://prisonbreak.fandom.com/wiki/Woody,,,,,,,,,,,,,,,,,,,,,,,,,,,,,,,,,,,,,,,,,,
Woody's father,https://prisonbreak.fandom.com/wiki/Woody%27s_father,,,,,,,,,,,,,,,,,,,,,,,,,,,,,,,,,,,,,,,,,,
Wright,https://prisonbreak.fandom.com/wiki/Wright,,,,,,,,,,,,,,,,,,,,,,,,,,,,,,,,,,,,,,,,,,
Wyatt (Sona),https://prisonbreak.fandom.com/wiki/Wyatt_(Sona),https://static.wikia.nocookie.net/prisonbreak/images/4/43/Wyatt.jpg/revision/latest/scale-to-width-down/268?cb=20070926142422,,,,,,,,,,Drowned by Lechero and his men,,,Fire/Water,,,Male,,,,,3,,,,Fire/Water,,,,,,,,Sona,,,Ravil Isyanov,Deceased,,,,"2005 , Sona"
Young,https://prisonbreak.fandom.com/wiki/Young,,,,,,,,,,,,,,,,,,,,,,,,,,,,,,,,,,,,,,,,,,
Zach Pushkarev,https://prisonbreak.fandom.com/wiki/Zach_Pushkarev,https://static.wikia.nocookie.net/prisonbreak/images/2/24/Normal_ep201_066.jpg/revision/latest/scale-to-width-down/268?cb=20110501202328,,,,,,,,,,,,,Manhunt,,,Male,,,,,2,,,,Manhunt,,,,,,,,,,,Charles Baker,Alive,,,,
Zach Stoltz,https://prisonbreak.fandom.com/wiki/Zach_Stoltz,,,,,,,,,,,,,,,,,,,,,,,,,,,,,,,,,,,,,,,,,,
Zack Estrin (There are Rules),https://prisonbreak.fandom.com/wiki/Zack_Estrin_(There_are_Rules),,,,,,,,,,,,,,,,,,,,,,,,,,,,,,,,,,,,,,,,,,
Zack Hollander,https://prisonbreak.fandom.com/wiki/Zack_Hollander,,,,,,,,,,,,,,,,,,,,,,,,,,,,,,,,,,,,,,,,,,
Zack Hollander (Pobeg),https://prisonbreak.fandom.com/wiki/Zack_Hollander_(Pobeg),,,,,,,,,,,,,,,,,,,,,,,,,,,,,,,,,,,,,,,,,,
Zavala,https://prisonbreak.fandom.com/wiki/Zavala,https://static.wikia.nocookie.net/prisonbreak/images/8/88/6jeb4pc.jpg/revision/latest/scale-to-width-down/268?cb=20100418144412,,,,Boxed In,,,,,,,,,,,,,,,,Shot to death by Gretchen Morgan,,Castulo Guerra,,,,,,Bang and Burn,2005,,Deceased,,,,,,,,,,
