Name,URL,Image_URL,First Appearance,Home,Cause of Death,Title/Alias,Last Appearance,Status,Born,Seasons,Killed By,Portrayed by,Significant Kills,Gender,Occupation,Affiliation,Family,Age
A.L.I.E.,https://the100.fandom.com/wiki/A.L.I.E.,https://static.wikia.nocookie.net/thehundred/images/c/c8/ALIE_in_Fallen.jpg/revision/latest/scale-to-width-down/268?cb=20220809181435,Blood Must Have Blood (Part 2),Earth (former) Becca's Island (former) City of Light Arkadia (former) Polis (former) Go Sci Ring (former),Code erased via kill switch,A.L.I.E. 1.0 Red Alie Bitch in the red dress (by John Murphy ) Crazy Bitch (by Raven Reyes ),Nevermind (hallucination) The Dying of the Light (flashback),Terminated,,"Two , Three , Four , Six",Clarke Griffin,Erica Cerra Lindsey Morgan (while possessing Raven Reyes ) Devon Bostick (while possessing Jasper Jordan ),Most of the human population in 2052 Ontari (ordered death) Ilian family (ordered death),"Female (Artificial Intelligence, avatar based on Becca Franko )",Artificial Intelligence Leader of her followers (former),Her Cult Becca Franko Sky People (through Thelonious Jaha ) Grounders (through Ontari ) Coalition (through Ontari ),,Approximately 98 years
Abigail Griffin,https://the100.fandom.com/wiki/Abigail_Griffin,https://static.wikia.nocookie.net/thehundred/images/3/35/The_100_S6_Abby_Griffin.jpeg/revision/latest/scale-to-width-down/268?cb=20190819185456,Pilot,The Ark (former) Earth (former) Arkadia (former) City of Light (former) Becca's Island (former) Second Dawn Bunker (former) Shallow Valley (former) Eligius IV (former) Sanctum (former),Mind wiped,Dr. Griffin Doc Abby Chancellor Griffin Madam Chancellor Junkie The Cannibal Doctor (by Octavia ) Simone Lightbourne Badass (by Raven ) Ma'am,Adjustment Protocol,"Deceased , 2281 ; Sanctum",2109; The Ark,"One , Two , Three , Four , Five , Six",Russell Lightbourne,Paige Turco,"Jake Griffin (indirectly) One chipped Grounder Rock Line Thief Unknown number of Wonkru members (indirectly, Dark Year ) Michael Vinson Gavin (caused)",Female,Medical Doctor Chief Medical Officer Council member (former) Chancellor of Arkadia (former) Host for Simone Lightbourne,Sky People Kane's Faction A.L.I.E.'s Cult (former) Resistance Against A.L.I.E. Wonkru Primes (former),"Clarke Griffin (daughter) Jake Griffin † (husband) Marcus Kane † (boyfriend) Madi Griffin (adoptive granddaughter) Raven Reyes (declared family, daughter figure)","40-41 ( S1 - S4 ) 46-47 ( S5 - S6 ) 171-172 (chronologically, S6 )"
Aden,https://the100.fandom.com/wiki/Aden,https://static.wikia.nocookie.net/thehundred/images/1/1f/3x04_Aden.jpg/revision/latest/scale-to-width-down/268?cb=20190819000637,Ye Who Enter Here,Earth Polis,Beheaded in his sleep,"Heir to Bekka Pramheda Natblida, Nightblood novitiate",Stealing Fire,Deceased; 2150; Polis,2135-2137,Three,Ontari,Cory Gruter-Andrew,,Male,Commander 's novitiate Nightblood,Grounders Nightbloods,Lexa (mentor),13-15
Adria,https://the100.fandom.com/wiki/Adria,https://static.wikia.nocookie.net/thehundred/images/b/b0/3x14_Adria_crop.png/revision/latest/scale-to-width-down/268?cb=20170422042715,Red Sky at Morning,Floukru's rig Arkadia (briefly),Acute radiation syndrome (ARS),,The Four Horsemen,Deceased,,"Three , Four",Radiation,Zoe Wiesenthal,,Female,,Floukru,,8-13
Minor Characters,https://the100.fandom.com/wiki/Alex_Murphy,,,,,,,,,,,,,,,,,
Alyssa,https://the100.fandom.com/wiki/Alyssa,https://static.wikia.nocookie.net/thehundred/images/d/d8/703_Alyssa.png/revision/latest/scale-to-width-down/268?cb=20200604162556,False Gods,"Sanctum , Alpha",Stabbed with a Candlestick,,The Flock,Deceased,,Seven,Sheidheda Indra (indirectly),Britt Irvin,,Female,A member of the Faithful,Sanctumites The Faithful,,
Amanda Wowryk,https://the100.fandom.com/wiki/Amanda_Wowryk,https://static.wikia.nocookie.net/thehundred/images/a/a8/Delinquent_in_Unity_Day.PNG/revision/latest?cb=20200926133345,Pilot,Earth (current) The Ark (former) The camp,,,Unity Day,Unknown,,One,,Unknown,,Female,,Sky People The 100,,16-18
Minor Characters,https://the100.fandom.com/wiki/Anat,,,,,,,,,,,,,,,,,
Anders,https://the100.fandom.com/wiki/Anders,https://static.wikia.nocookie.net/thehundred/images/6/63/7x05_anders_crop.png/revision/latest/scale-to-width-down/268?cb=20200611221718,Welcome to Bardo,Bardo,Throat slit,He Mr. Anders First Disciple Anders Brother Anders,Etherea (flashback),Deceased,Unknown; Bardo,Seven,Hope Diyoza,Neal McDonough,,Male,Leader of the Disciples First Disciple,Disciples,,50s
Ankara,https://the100.fandom.com/wiki/Ankara,https://static.wikia.nocookie.net/thehundred/images/c/c8/Ankara.png/revision/latest/scale-to-width-down/268?cb=20170430010647,DNR,Earth,Stabbed in the head,,DNR,Deceased,,Four,Octavia Blake,Melinda Michael,,Female,Farmer Warrior,Trishanakru,Unnamed mother,
Anthem Singer,https://the100.fandom.com/wiki/Anthem_Singer,https://static.wikia.nocookie.net/thehundred/images/c/c0/Singing_Grounder_Ye_Who_Enter_Here.jpg/revision/latest/scale-to-width-down/268?cb=20181226211040,Ye Who Enter Here,Earth (former) Second Dawn Bunker (former) Eligius IV (current),,,Pandora's Box (physical) The Warriors Will (voice),Unknown (likely transcended ),,"Three , Four , Five",,Julia Dominczak,,Female,Coalition anthem singer (former) Wonkru anthem singer,Grounders Coalition Wonkru,,
Anya,https://the100.fandom.com/wiki/Anya,https://static.wikia.nocookie.net/thehundred/images/f/f1/Anya_-_Unity_Day_episode.jpg/revision/latest/scale-to-width-down/268?cb=20160126203244,Unity Day,Earth Mount Weather (former),Shot in the chest,Grounder Princess (by Raven ),Many Happy Returns,Deceased,,"One , Two",Camp Jaha Guard,Dichen Lachman,,Female,Unit Leader (former) Warrior Mentor to Lexa (former),Trikru,Unknown,
Artigas,https://the100.fandom.com/wiki/Artigas,https://static.wikia.nocookie.net/thehundred/images/4/40/ArtigasCrop.jpg/revision/latest/scale-to-width-down/268?cb=20141126141328,Reapercussions,Earth,Shot,,Human Trials,Deceased,,Two,Finn Collins,Cameron Roberts,,Male,Warrior,Trikru,,14/15
Atohl,https://the100.fandom.com/wiki/Atohl,https://static.wikia.nocookie.net/thehundred/images/d/dd/Atohl2_crop_2x12.png/revision/latest/scale-to-width-down/268?cb=20150629214608,Rubicon,Earth,,,Resurrection,Unknown,,Two,,Aatash Amir,,Male,Warrior's Second,Azgeda,,
Atom,https://the100.fandom.com/wiki/Atom,https://static.wikia.nocookie.net/thehundred/images/8/81/AtomS1.jpg/revision/latest/scale-to-width-down/268?cb=20141127220709,Earth Skills,Earth (current) The Ark (former) The Camp,Acid Fog Stabbed in the neck,,Earth Kills,Deceased 2149; Earth,,One,Mountain Men (indirectly) Clarke Griffin (mercy kill),Rhys Ward,,Male,,Sky People The 100 Bellamy's Militia,,17
August,https://the100.fandom.com/wiki/August,https://static.wikia.nocookie.net/thehundred/images/d/d3/August_708_crop.jpg/revision/latest/scale-to-width-down/268?cb=20200703184458,Anaconda,Earth Second Dawn Bunker (former),,Auggie August kom Trikru,Anaconda,Deceased,,Seven,,Leo Howard,,Male,,Tree Crew ( Trikru ) Second Dawn Grounders,Unnamed mother † Unnamed father † Janie † (girlfriend),
Aurora Blake,https://the100.fandom.com/wiki/Aurora_Blake,https://static.wikia.nocookie.net/thehundred/images/d/d2/AuroraBlakeCropHisSistersKeeper1x06.jpg/revision/latest/scale-to-width-down/268?cb=20140819153221,His Sister's Keeper (flashback),The Ark,Floated,,The Stranger (flashback),Deceased,,"One , Five , Seven",Commander Shumway Thelonious Jaha (ordered death) Marcus Kane (partially responsible),Monique Ganderton,,Female,Seamstress,Sky People,Bellamy Blake † (son) Octavia Blake (daughter) Tracy Blake † ( Grounder ancestor),30's-40's
Becca Franko,https://the100.fandom.com/wiki/Becca_Franko,https://static.wikia.nocookie.net/thehundred/images/0/02/3x07_Becca.png/revision/latest/scale-to-width-down/268?cb=20160312124516,Wanheda (Part 1) (video),Earth Polaris (former) Her island (former) Second Dawn Bunker (former),Burned at the stake (body) Destruction of the Flame (consciousness),"Doctor Bekka Pramheda (""Becca First Commander"" in Trigedasleng ) Heda (""Commander"" in Trigedasleng ) Dr. Franko",The Dying of the Light (flashback),"Deceased , 2054; outside of the Second Dawn Bunker",2025,"Three , Four , Five , Seven",Second Dawn cult led by Reese Cadogan Bill Cadogan (ordered) Raven Reyes and Gabriel Santiago (consciousness),Erica Cerra,11 billion of the human population of 2052 (indirectly) Crew of the Polaris (caused) A.L.I.E. (indirectly),Female,Neuroscientist Tech billionaire Scientist and Inventor Tech Tycoon [ 1 ] First Commander (posthumous; martyr),A.L.I.E. (former) A.L.I.E. 2.0 Grounders Infinity Corporation Eligius Corporation Resistance Against A.L.I.E. (through the Flame ),,29
Bellamy Blake,https://the100.fandom.com/wiki/Bellamy_Blake,https://static.wikia.nocookie.net/thehundred/images/3/37/Bellamy_Blake_613.jpg/revision/latest/scale-to-width-down/268?cb=20190807143113,Pilot,The Ark (former) Earth (former) The Camp (former) Mount Weather (former) Arkadia (former) Second Dawn Bunker (former) Becca's Island (former) Go-Sci Ring (former) Shallow Valley (former) Eligius IV (former) Alpha (former) Sanctum (former) Bardo (former) Etherea (former),Shot in the heart,Bell (by Octavia ) The King (by Murphy ) Big Brother (by Octavia ) Shooter (by Raven ) Disciple Blake (by Clarke ),Blood Giant A Sort of Homecoming (flashback),"Deceased , 2281; Sanctum Palace",2126 CE; The Ark,"One , Two , Three , Four , Five , Six , Seven",Clarke Griffin,Bob Morley Spencer Drever (child),"Dax Lorelei Tsing 20+ Mt. Weather guards 350 Mountain Men (with Clarke ) 300 Grounders (with Pike , Hannah and 7 others) Several Azgeda slavers (alongside Monty , Bryan , Harper and Nathan Miller ) Kara Cooper (with Clarke ) John Murphy (while under influence of Red Sun toxin; temporary) 4 Sanctum guards 2 Disciples",Male,Disciple Leader of Spacekru Member of Ark Guard (former) Co-leader of the 100 Mount Weather Guard (by ruse; former) Janitor (former),Disciples The 100 Sydney's Rebels (former) Sky People Pike's Faction (former) Kane's Faction Resistance Against A.L.I.E. Spacekru Wonkru (defected; former),Octavia Blake (maternal half sister) [ 1 ] Aurora Blake † (mother) Unnamed great grandfather † (mentioned) Tracy Blake † (ancestor) Clarke Griffin (best friend) Gina Martin † (former girlfriend) Echo (former girlfriend),"23 (S1-4) 29-30 (S5-7) 154-155 (chronologically, S6-7)"
Bill Cadogan,https://the100.fandom.com/wiki/Bill_Cadogan,https://static.wikia.nocookie.net/thehundred/images/0/0a/715_Cadogan_crop.jpg/revision/latest/scale-to-width-down/268?cb=20200922231034,The Four Horsemen,Earth (former) His childhood house (former) Second Dawn Bunker (former) Polis (former) Etherea (former) Bardo (former) Alpha (former) Sanctum (former),Shot through the back of the head then shot multiple times in the back,Bill The Shepherd My Shepherd,The Last War,"Deceased , 2281 ; Judge's realm","October 20, 1987; Earth","Four , Seven",Clarke Griffin,John Pyper-Ferguson,Becca Franko (ordered) 8 members of Wonkru (ordered) Otis (ordered) Emori (caused),Male,Founder and leader of the Disciples Founder and leader of the Second Dawn (former),Disciples Second Dawn (former),Unnamed Mother † Unnamed Father † Grace Cadogan † (ex-wife) Callie Cadogan † (daughter) Reese Cadogan † (son),69 (biologically) 294 (chronologically)
Blake Zickefoose,https://the100.fandom.com/wiki/Blake_Zickefoose,https://static.wikia.nocookie.net/thehundred/images/b/bb/Blake_Zickefoose_in_1x08.PNG/revision/latest?cb=20200928125800,Pilot,Earth (current) The Ark (former) The camp,,,Day Trip,Unknown,,One,,Unknown,,Male,,Sky People The 100 Bellamy's Militia,,16-18
Blythe Ann Workman,https://the100.fandom.com/wiki/Blythe_Ann_Workman,https://static.wikia.nocookie.net/thehundred/images/4/45/610_Blythe_Ann_Workman_Crop.png/revision/latest/scale-to-width-down/268?cb=20190801175426,The Children of Gabriel,Alpha (current) Sanctum (current),,B.A.,Welcome to Bardo,Transcended,,"Six , Seven",,Karen Holness,Priya Desai VII,Female,Tavern owner,Sanctumites,Jae Workman (husband) Delilah Workman † (daughter),
Brad McMurray,https://the100.fandom.com/wiki/Brad_McMurray,https://static.wikia.nocookie.net/thehundred/images/7/73/Delinquent_featured_in_His_Sister%27s_Keeper.PNG/revision/latest/scale-to-width-down/268?cb=20200928125120,Pilot,Earth (current) The Ark (former) The camp,,,His Sister's Keeper,Unknown,,One,,Unknown,,Male,,Sky People The 100,,16-18
Brandy,https://the100.fandom.com/wiki/Brandy,https://static.wikia.nocookie.net/thehundred/images/a/aa/Brandy_%28Pilot%29.png/revision/latest?cb=20250828195536,Pilot,Earth (current) The Ark (former) The camp,,,Pilot,Unknown,,One,,Unknown,,Female,,Sky People The 100,,16-18
Bree,https://the100.fandom.com/wiki/Bree,https://static.wikia.nocookie.net/thehundred/images/3/38/Bree2.png/revision/latest/scale-to-width-down/268?cb=20170331200304,Twilight's Last Gleaming,Earth (current) The Ark (former) The Camp (former) Arkadia,Suicide (drug overdose),,The Other Side,Deceased,,"One , Four",Herself,Alyson Bath,,Female,,The 100 Sky People,,17
Brell,https://the100.fandom.com/wiki/Brell,https://static.wikia.nocookie.net/thehundred/images/1/18/5x13-Brell_crops.jpeg/revision/latest?cb=20190103230736,Red Queen,Earth (former) Second Dawn Bunker (former) Eligius IV (current),,,Damocles (Part 2),Unknown (either deceased or transcended),,Five,,Barbara Beall,,Female,Sangedakru Delegate (former) Wonkru Guard (former),Sangedakru Wonkru,,
Brenda Turner,https://the100.fandom.com/wiki/Brenda_Turner,https://static.wikia.nocookie.net/thehundred/images/2/2c/Brenda_Turner_%28His_Sister%27s_Keeper%29.png/revision/latest?cb=20250829003142,Pilot,Earth (current) The Ark (former) The camp,,,His Sister's Keeper,Unknown,,One,,Unknown,,Female,,Sky People The 100,,16-18
Briggs,https://the100.fandom.com/wiki/Briggs,https://static.wikia.nocookie.net/thehundred/images/c/c7/Join_Or_Die-Briggs.jpg/revision/latest/scale-to-width-down/268?cb=20230302174631,Join or Die,The Ark (former) Arkadia Earth,Knife thrown to the chest,,Red Sky at Morning,Deceased,,Three,Indra,Uncredited,,Male,Arkadia Guard,Sky People A.L.I.E.'s Cult,,40s
Brittany Thompson,https://the100.fandom.com/wiki/Brittany_Thompson,https://static.wikia.nocookie.net/thehundred/images/f/f5/Brittany_Thompson.png/revision/latest?cb=20250828174239,Pilot,Earth (current) The Ark (former) The camp,,,Earth Skills,Unknown,,One,,Unknown,,Female,,Sky People The 100,,16-18
Bruno Huber,https://the100.fandom.com/wiki/Bruno_Huber,https://static.wikia.nocookie.net/thehundred/images/b/b8/Delinquent_in_crowd_%28I_Am_Become_Death%29.PNG/revision/latest?cb=20201106113705,Pilot,Earth (current) The Ark (former) The camp,,,I Am Become Death,Unknown,,One,,Unknown,,Male,,Sky People The 100,,16-18
Bryan,https://the100.fandom.com/wiki/Bryan,https://static.wikia.nocookie.net/thehundred/images/5/50/4x02_Bryan_Crop.png/revision/latest/scale-to-width-down/268?cb=20170227230447,Watch the Thrones,Earth (current) The Ark (former) Farm Station (former) Arkadia (former),Radiation (presumably),,Heavy Lies the Crown,Unknown (presumably dead),,"Three , Four",Second Nuclear Apocalypse,Jonathan Whitesell,"Several Azgeda slavers at Farm Station (alongside Bellamy , Monty , Harper and Nathan Miller )",Male,Arkadia Guard (former),Sky People Pike's Faction (former) Kane's Faction Resistance Against A.L.I.E.,Nathan Miller (former boyfriend),
Bryson,https://the100.fandom.com/wiki/Bryson,https://static.wikia.nocookie.net/thehundred/images/c/c5/611_Bryson_bigger_picture.png/revision/latest/scale-to-width-down/268?cb=20230912122432,Ashes to Ashes,Sanctum,Mind-Wiped,,Adjustment Protocol,Deceased,,Six,Russell Lightbourne,Ian Butcher,,Male,Sanctum Guard,Sanctumites Primes,,30s
Cage Wallace,https://the100.fandom.com/wiki/Cage_Wallace,https://static.wikia.nocookie.net/thehundred/images/6/67/CageCrop206.jpg/revision/latest/scale-to-width-down/268?cb=20141206183535,Human Trials,Earth Mount Weather,Blood loss (caused by a severed hand and Red injection),,Blood Must Have Blood (Part 2),Deceased,,Two,Lincoln,Johnny Whitworth,5 Delinquents Keenan Mykulak 250 Grounders and Sky People in Tondc,Male,Mount Weather Head of Security President of Mount Weather,Mountain Men,Dante Wallace † (father) Unnamed grandfather † Unnamed grandmother † Unnamed aunt †,
Caleb Mason,https://the100.fandom.com/wiki/Caleb_Mason,https://static.wikia.nocookie.net/thehundred/images/6/63/613_Caleb_big_crop.png/revision/latest/scale-to-width-down/268?cb=20210812220951,Red Sun Rising,Earth (former) Alpha (current),Shot (prime) Floated (VII),Caleb VII Caleb Prime,The Blood of Sanctum,"Deceased , 2281 ; Eligius IV",Sometime before the first Nuclear Apocalypse,,Russell Lightbourne (prime) Clarke Griffin (last host),Ian Butcher (last host),,Male,,Eligius Corporation (former) Mission Team Alpha (former) Primes Sanctumites,Jasmine Mason † (daughter) Miranda Mason † (wife),30-35 (prime) 236 () 35-40 (last host)
Minor Characters,https://the100.fandom.com/wiki/Caliban,,,,,,,,,,,,,,,,,
Callie Cadogan,https://the100.fandom.com/wiki/Callie_Cadogan,https://static.wikia.nocookie.net/thehundred/images/3/3e/Callie_Cadogan_708_crop.jpg/revision/latest/scale-to-width-down/268?cb=20200703184430,Thirteen,Earth Second Dawn Bunker (former),Unknown,Cal Calliope Calamity (by Reese ) Psych Ward Santa Kalliope Pramfleimkepa Kalliope kom Trikru,Anaconda The Dying of the Light (memory),Deceased,"2034; Earth , Baltimore","Three , Seven",,Iola Evans,,Female,Student (former) Flamekeeper,Second Dawn (former) Tree Crew Grounders,Bill Cadogan † (father) Grace Cadogan † (mother) Reese Cadogan † (brother) Unnamed grandfather †,18-20 ( Anaconda )
Cameron,https://the100.fandom.com/wiki/Cameron,https://static.wikia.nocookie.net/thehundred/images/6/66/707_Unnamed_scientist.png/revision/latest/scale-to-width-down/268?cb=20200702143223,The Queen's Gambit,Bardo,,,Anaconda,Transcended,Unknown; Bardo,Seven,,Yee Jee Tso,,Male,Member of the Disciple Cipher Team,Disciples,,40s-50s
Candice Stafford,https://the100.fandom.com/wiki/Candice_Stafford,https://static.wikia.nocookie.net/thehundred/images/a/a5/Candice_Stafford_%28Earth_Skills%29.png/revision/latest?cb=20250830190939,Pilot,Earth (current) The Ark (former) The camp,,,Twilight's Last Gleaming,Unknown,,One,,Unknown,,Female,,Sky People The 100,,16-18
Captain Meredith,https://the100.fandom.com/wiki/Captain_Meredith,https://static.wikia.nocookie.net/thehundred/images/1/11/704_Captain_Meredith_crop.png/revision/latest/scale-to-width-down/268?cb=20200612011153,Hesperides,Bardo (former) Alpha (former),Shot,Captain Meredith,Welcome to Bardo,Deceased,,Seven,Raven Reyes,Josh Blacker,,Male,Disciple,Disciples,,
Captain Stevens,https://the100.fandom.com/wiki/Captain_Stevens,https://static.wikia.nocookie.net/thehundred/images/6/61/Captain_Stevens.png/revision/latest/scale-to-width-down/268?cb=20180509201651,Sleeping Giants,Earth (former) Eligius IV,Throat slit,Captain,Sleeping Giants,Deceased,Earth,Season Five,Paxton McCreary,Bob Frazer,,Male,Eligius IV Captain,Eligius Corporation,,Unknown
Caris,https://the100.fandom.com/wiki/Caris,https://static.wikia.nocookie.net/thehundred/images/d/dc/Caris.jpg/revision/latest/scale-to-width-down/268?cb=20150305174529,Resurrection,Earth,,,Blood Must Have Blood (Part 1),Unknown,,Two,,Morgan Taylor Campbell,,Female,Warrior's Second,Sangedakru,,
Carl Emerson,https://the100.fandom.com/wiki/Carl_Emerson,https://static.wikia.nocookie.net/thehundred/images/9/99/CarlEmerson.png/revision/latest/scale-to-width-down/268?cb=20150218150847,Remember Me,Mount Weather (former),Brain liquified by A.L.I.E. 2.0,Lieutenant The Last Mountain Man Emerson,Demons,"Deceased , 2150 ; Arkadia",,"Two , Three",Clarke Griffin,Toby Levins,250 Grounders and Sky People in Tondc 49 Sky People (indirectly) Jacapo Sinclair,Male,Mount Weather Guard (former),Mountain Men Azgeda (former),Unnamed brother † Aaron Emerson † (son) Unnamed Child †,Late 30's
Caspian,https://the100.fandom.com/wiki/Caspian,https://static.wikia.nocookie.net/thehundred/images/4/45/Caspian2x12.PNG/revision/latest/scale-to-width-down/268?cb=20160208081121,Survival of the Fittest,The Ark (former) Earth (former) Arkadia (former),,,Rubicon,Most likely deceased,,Two,,Christian Tessier,,Male,,Sky People Jaha's followers (former),,30s
Cassius,https://the100.fandom.com/wiki/Cassius,https://static.wikia.nocookie.net/thehundred/images/b/b3/6x03_Cassius.png/revision/latest/scale-to-width-down/268?cb=20190515142903,The Children of Gabriel,Sanctum,,,Adjustment Protocol,Unknown,,Six,,Sean Kuling,,Male,Sanctum Guard,Sanctumites,,
Cate Cameron,https://the100.fandom.com/wiki/Cate_Cameron,https://static.wikia.nocookie.net/thehundred/images/6/66/Cate_Cameron_%28Murphy%27s_Law%29.png/revision/latest?cb=20250828220109,Pilot,Earth (current) The Ark (former) The camp,,,Contents Under Pressure,Unknown,,One,,Unknown,,Female,,Sky People The 100,,16-18
Cece Cartwig,https://the100.fandom.com/wiki/Cece_Cartwig,https://static.wikia.nocookie.net/thehundred/images/f/fa/Callie-C01.jpg/revision/latest/scale-to-width-down/268?cb=20210804022351,Pilot,The Ark,Executed ( floated ),Cece,Pilot,Deceased,,One,,Kelly Hu,,Female,Communications Officer,Sky People,,
Character Appearances,https://the100.fandom.com/wiki/Character_Appearances,,,,,,,,,,,,,,,,,
Characters,https://the100.fandom.com/wiki/Characters,,,,,,,,,,,,,,,,,
Charles Pike,https://the100.fandom.com/wiki/Charles_Pike,https://static.wikia.nocookie.net/thehundred/images/7/70/S3_epiosde_4_-_Pike_pic_2.jpg/revision/latest/scale-to-width-down/267?cb=20160209065519,Wanheda (Part 2),Earth (current) The Ark (former) Arkadia (former),Stabbed in the stomach / blood loss,Pike Chancellor Paik kom Skaikru (Chancellor Pike of the Sky People),Perverse Instantiation (Part 2) (physical) What You Take With You (hallucination),"Deceased , 2150; Commander's Headquarters",,"Three , Six",Octavia Blake,Michael Beach,"300 Trikru warriors (with Bellamy , Hannah and 7 others) Lincoln",Male,Earth Skills Teacher (former) Chancellor of Arkadia (former),Sky People His Faction Resistance Against A.L.I.E.,,40s
Charlotte,https://the100.fandom.com/wiki/Charlotte,https://static.wikia.nocookie.net/thehundred/images/8/89/CharlotteFullCrop.jpg/revision/latest/scale-to-width-down/268?cb=20140510163119,Earth Kills,The Ark (former) Earth (former) The Camp (former),Suicide (jumped off a cliff),,Murphy's Law,Deceased,2137,One,Herself,Izabela Vidovic,Wells Jaha,Female,,Sky People The 100,Unnamed Father † Unnamed Mother †,12
Charmaine Diyoza,https://the100.fandom.com/wiki/Charmaine_Diyoza,https://static.wikia.nocookie.net/thehundred/images/c/cc/710_Diyoza.jpg/revision/latest/scale-to-width-down/268?cb=20200731125948,Eden,Earth (former) Shallow Valley (former) Asteroid Mining Penal Colony (former) Eligius IV (former) Sanctum (exiled) Alpha (former) Skyring (former) Bardo (former),Crystallized by Gen-9,Diyoza Colonel Mass murderer (by Madi) Miss Diyoza,A Little Sacrifice,"Deceased , 2281 ; Bardo",2000s; Earth,"Five , Six , Seven",Hope Diyoza (indirectly) Herself (directly),Ivana Miličević,Hundreds of civilians (bombing) Several prisoners Daniel Lee VI Victor Lee Several Children of Gabriel 4 Disciples,Female,Navy SEAL Officer (former) US Marine soldier (presumably; former) Leader of a faction of the Eligius Prisoners (former) Prisoner (former) Terrorist (former),US Navy (former) US Marines (presumably; former) United Liberation Army (former) Eligius Prisoners (former) Wonkru (former) Disciples (feigned),Unnamed father † Hope Diyoza (daughter) Octavia Blake (sister figure),"Mid-40s (biologically) 270s to 280s (chronologically, S6-S7)"
Chase,https://the100.fandom.com/wiki/Chase,https://static.wikia.nocookie.net/thehundred/images/d/d2/Chase.PNG/revision/latest?cb=20160316051239,Terms and Conditions,Earth (current) The Ark (former) Arkadia (former) City of Light Polis,Shot,,Perverse Instantiation (Part 1),Deceased,,Three,Pike and/or Indra A.L.I.E. (indirectly),Jared Kurtenbach,,Male,Arkadia Guard,Sky People Pike's Faction (former) A.L.I.E.'s Cult,,
Chris,https://the100.fandom.com/wiki/Chris,https://static.wikia.nocookie.net/thehundred/images/9/9b/2x16_Frantic_man_%28Chris%29.png/revision/latest/scale-to-width-down/268?cb=20160124213816,Blood Must Have Blood (Part 2),"Earth , Becca's Island",Gunshot wound to the chest,,Thirteen,Deceased,,"Two , Three",Himself,James Neate,Most of the human population of 2052 (unintentionally and indirectly) Himself,Male,Becca's assistant [ 1 ],Infinity Corporation Becca A.L.I.E.,,20s
Chris McMullin,https://the100.fandom.com/wiki/Chris_McMullin,https://static.wikia.nocookie.net/thehundred/images/f/f8/100DeliqentS1.PNG/revision/latest?cb=20150318071513,Pilot,Earth (current) The Ark (former) The camp,Bone Marrow Harvesting,,Blood Must Have Blood (Part 2),Deceased,,"One , Two",Dr. Lorelei Tsing (indirectly) Cage Wallace (indirectly),Unknown,,Male,,Sky People The 100,,16-18
Cillian,https://the100.fandom.com/wiki/Cillian,https://static.wikia.nocookie.net/thehundred/images/9/99/Cillian_square_crop_603.png/revision/latest/scale-to-width-down/268?cb=20200503122127,The Children of Gabriel,Sanctum,Suicide via slit throat,,The Face Behind the Glass,Deceased,,Six,Himself,Carlo Marks,,Male,Medical Doctor,Sanctumites (traitor) Children of Gabriel (spy),,early 30's
Clarke Griffin,https://the100.fandom.com/wiki/Clarke_Griffin,https://static.wikia.nocookie.net/thehundred/images/c/c8/Clarke_Season_7.jpg/revision/latest/scale-to-width-down/268?cb=20250610220415,Pilot,The Ark (former) Earth (current) The Camp (former) Mount Weather (former) Polis (former) Arkadia (former) Becca's Island (former) Second Dawn Bunker (current) Shallow Valley (former) Eligius IV (former) Bardo (former) Alpha (former) Sanctum (former),Heart stopped (temporary; revived),Princess Prisoner 319 Klark kom Skaikru (Clarke of the Sky People) Wanheda (Commander of Death) Mountain Slayer Skaikru Ambassador Fleimkepa (Flamekeeper) Commander (by Becca Franko ) Jaha Lite (by Jasper Jordan ) Natblida Bellamy 's Girlfriend (by Charmaine Diyoza ) Ferrari (by Josephine Lightbourne ) Josephine Lightbourne VIII The Key The Queen (by Sheidheda ) Baby (by Abby ) Honey (by Abby ) Traitor,The Last War,Alive,October 2131; The Ark,"One , Two , Three , Four , Five , Six , Seven",Gabriel Santiago,Eliza Taylor Ella Pitkin (child),"Atom (mercy kill) Caliban 300 Trikru warriors (with Raven and Jasper ) Finn Collins (mercy kill) 250 Grounders & Sky People in Tondc (indirectly) Dante Wallace 350 Mountain Men (with Bellamy ) Carl Emerson A.L.I.E. (terminated) Jenson Rabe Kara Cooper (with Bellamy ) ~400 members of Wonkru (indirectly, informed Diyoza that the eye was down) Joroum 2 Eligius Prisoners Paxton McCreary 2 Children of Gabriel Josephine Lightbourne Simone Lightbourne VII Miranda Mason IX Jasmine Mason VII Caleb Mason VIII Doucette Bellamy Blake 14 Disciples Bill Cadogan",Female,Co-leader of the 100 Med student (former) Skaikru Ambassador (former) Flamekeeper (former) Chancellor of Arkadia (acting; former) Host of Josephine Lightbourne (former) Co-leader of Wonkru (former),Finalkru Sky People The 100 Grounders Coalition Resistance Against A.L.I.E. Wonkru (former) Primes (by ruse),Abigail Griffin † (mother) Jake Griffin † (father) Madi Griffin (adoptive daughter) Lexa † (late girlfriend) Finn Collins † (former boyfriend),"17 (S1) 18 (S2-4) 24 (end of S4-7) 149 (chronologically, end of S5-7)"
"Cole, Kaplan, Muir, and Fuji","https://the100.fandom.com/wiki/Cole,_Kaplan,_Muir,_and_Fuji",https://static.wikia.nocookie.net/thehundred/images/4/4f/Earth_Skills_079_%28Abby%2C_Kane_and_Jaha%29.png/revision/latest/scale-to-width-down/268?cb=20160830151853,Earth Skills,The Ark,Unity Day Bombing,Councilor,Unity Day,Deceased,,One,Cuyler Ridley Diana Sydney,Freda Perry (Council Member #1) Catherine Lough-Haggquist (Council Member #1) Sharon Taylor (Council Member #2) Hiro Kanagawa (Council Member #3) Bill Marchant (Senior Council Member),320 Arkers in the Culling (indirectly),"2 male, 2 female",Council members,Sky People,,
Cole McAdams,https://the100.fandom.com/wiki/Cole_McAdams,https://static.wikia.nocookie.net/thehundred/images/9/9b/3x07_Cole_McAdams.png/revision/latest/scale-to-width-down/268?cb=20160304233230,Thirteen,Earth,Destruction of Polaris,,Thirteen,Deceased,,Three,Alpha Station Becca (indirectly and unintentionally),Roger Cross,,Male,Polaris Commander,Infinity Corporation Polaris,Emily McAdams † (wife) Sarah McAdams † (daughter),Late 30's [ 1 ]
Collette Sissons,https://the100.fandom.com/wiki/Collette_Sissons,https://static.wikia.nocookie.net/thehundred/images/f/f9/Collette_Sissons_%28Day_Trip%29.png/revision/latest/scale-to-width-down/268?cb=20250829062408,Pilot,Earth (current) The Ark (former) The camp,Hemorrhagic fever,,I Am Become Death,Deceased,,One,Indra,Unknown,,Female,,Sky People The 100,,16-18
Connor,https://the100.fandom.com/wiki/Connor,https://static.wikia.nocookie.net/thehundred/images/0/0a/Connor110.jpg/revision/latest/scale-to-width-down/268?cb=20141102050144,Murphy's Law,Earth (current) The Ark (former) The Camp,Asphyxiation,,I Am Become Death,Deceased,,Season One,John Murphy,Josh Ssettuba,,Male,Gunner,Sky People The 100,,16/17
Cosser,https://the100.fandom.com/wiki/Cosser,https://static.wikia.nocookie.net/thehundred/images/4/41/Cosser_5x10.png/revision/latest/scale-to-width-down/268?cb=20180718174700,Exit Wounds,Second Dawn Bunker (former) Shallow Valley (former),Gunshot,,The Warriors Will,Deceased,,Five,Paxton McCreary,Albert Nicholas,,Male,,Wonkru (former),,
Costa,https://the100.fandom.com/wiki/Costa,https://static.wikia.nocookie.net/thehundred/images/1/1a/3x03_Ark_Guard_Costa.PNG/revision/latest?cb=20160205232731,Pilot,Earth (current) The Ark (former) Arkadia (former) City of Light (former) Second Dawn Bunker (former),,Major,Praimfaya,Unknown (either deceased or transcended),,"One , Two , Three , Four",,Jojo Ahenkorah,,Male,Arkadia Guard,Sky People A.L.I.E.'s Cult (former) Wonkru,,
Costia,https://the100.fandom.com/wiki/Costia,https://static.wikia.nocookie.net/thehundred/images/c/cf/Unseen_character.png/revision/latest/scale-to-width-down/268?cb=20160831044715,,Earth,Decapitation,,,Deceased,,Two (mentioned only) Three (mentioned only),Nia,,,Female,,Trikru,Lexa † (former girlfriend),16-19
Craig,https://the100.fandom.com/wiki/Craig,https://static.wikia.nocookie.net/thehundred/images/7/71/Craig100.jpg/revision/latest/scale-to-width-down/268?cb=20210311213532,Survival of the Fittest,The Ark (former) Earth (former) Arkadia (former),Eaten by a giant lamprey,,Blood Must Have Blood (Part 2),Deceased,,Season Two,Thelonious Jaha,Jedidiah Goodacre,,Male,,Sky People Jaha's followers,,
Cuyler Ridley,https://the100.fandom.com/wiki/Cuyler_Ridley,https://static.wikia.nocookie.net/thehundred/images/6/61/Screenshot_2014-05-19_17.50.30.png/revision/latest/scale-to-width-down/267?cb=20140519220653,Contents Under Pressure,The Ark,Exodus ship explosion,,Unity Day,Deceased,,One,Mountain Men,Teach Grant,6 Sky People,Male,Mechanic,Sky People Sydney's Rebels,Unnamed wife † Unnamed daughter Alma Ridley (mother) Unnamed father †,36
Minor Characters,https://the100.fandom.com/wiki/Dakiva,,,,,,,,,,,,,,,,,
Daniel Lee,https://the100.fandom.com/wiki/Daniel_Lee,https://static.wikia.nocookie.net/thehundred/images/0/07/6x02_Hijacker-1.png/revision/latest/scale-to-width-down/268?cb=20240712143855,Red Sun Rising,Earth (former) Alpha (former) Sanctum (former),Shot (I & VI) Deleted ( Mind Drive ),Daniel Prime Daniel Lee VI,Red Sun Rising,Deceased,2030-2040; Earth (prime),Season Six,Russell Lightbourne (I) Charmaine Diyoza (VI) Simone Lightbourne (consciousness),Uncredited,,Male,Prime Pilot,Primes Sanctumites Mission Team Alpha (former) Eligius Corporation (former),Victor Lee † (father) Faye Lee † (mother) Kaylee Lee † (sister) Zev † (boyfriend),50's (VI)
Dante Wallace,https://the100.fandom.com/wiki/Dante_Wallace,https://static.wikia.nocookie.net/thehundred/images/e/e0/DanteCropS2.jpg/revision/latest/scale-to-width-down/268?cb=20140925134424,The 48,Mount Weather,Shot in the chest,,Blood Must Have Blood (Part 2),"Deceased , 2149; Mount Weather",2086,Two,Clarke Griffin,Raymond J. Barry,Numerous Grounders (indirectly) Dr. Lorelei Tsing (indirectly) 14 Mount Weather Guards (indirectly),Male,President of Mount Weather (former) Artist (while imprisoned),Mountain Men,Cage Wallace † (son) Mother † Sister † Father † (former President) Grandfather †,~63
Dave,https://the100.fandom.com/wiki/Dave,https://static.wikia.nocookie.net/thehundred/images/5/5a/607_Dave.png/revision/latest/scale-to-width-down/268?cb=20200418183207,Nevermind,"Boston, Massachusetts, USA, Earth",Suicide by gunshot to the head,,Matryoshka,Deceased,,Six,Himself,Rohan Campbell,,Male,College student,Josephine Lightbourne,,20s
David Miller,https://the100.fandom.com/wiki/David_Miller,https://static.wikia.nocookie.net/thehundred/images/6/6d/Screen_Shot_2014-12-19_at_10.44.17_PM.png/revision/latest/scale-to-width-down/268?cb=20141220064726,Inclement Weather,Earth (current) The Ark (former) Arkadia (former) Second Dawn Bunker (former),Radiation,Dad (by his son ) Sergeant,The Chosen,"Deceased , 2150; Earth",2100s; The Ark,"Two , Three , Four",Second Nuclear Apocalypse,Chris Shields,,Male,Chief Arkadia Guard,Sky People A.L.I.E.'s Cult (former),Nathan Miller (son) Raine Miller † (grounder ancestor),Early 40's
Dax,https://the100.fandom.com/wiki/Dax,https://static.wikia.nocookie.net/thehundred/images/4/41/DaxFullCrop.jpg/revision/latest?cb=20140511031725,Earth Skills,Earth The Ark (former) The Camp,Stabbed in the neck with a bullet,,Day Trip Join or Die (flashback),Deceased,,One Three (flashback),Bellamy Blake,Victor Zinck Jr.,1 Sky Person,Male,,Sky People The 100 Sydney's Rebels,Unnamed mother (status unknown),17/18
Delano,https://the100.fandom.com/wiki/Delano,https://static.wikia.nocookie.net/thehundred/images/9/99/DelanoCrop.jpg/revision/latest/scale-to-width-down/267?cb=20141206171546,Reapercussions,Earth,Shot,,Fog of War (corpse),Deceased,,Two,Finn Collins,Brendon Zub,18 villagers including Artigas (indirectly),Male,,Trikru (exiled),,
Delilah Workman,https://the100.fandom.com/wiki/Delilah_Workman,https://static.wikia.nocookie.net/thehundred/images/a/a6/6x03_Delilah.png/revision/latest/scale-to-width-down/268?cb=20190515142903,The Children of Gabriel,Sanctum,Mind wiped,The Barmaid (by Murphy ),The Face Behind the Glass,Deceased,2260; Sanctum,Six,The Primes,Ashleigh LaThrop,,Female,Bar maid Host,Sanctumites Nightbloods Primes,Blythe Ann Workman (mother) Jae Workman (father),21
Denae,https://the100.fandom.com/wiki/Denae,https://static.wikia.nocookie.net/thehundred/images/f/f2/3x05_Denae.PNG/revision/latest?cb=20160219075837,Hakeldama,Earth,,,Stealing Fire,Unknown (either Deceased or Transcended ),,Three,,Georgia Hacche,,Female,Warrior,Trikru,,
Denby,https://the100.fandom.com/wiki/Denby,https://static.wikia.nocookie.net/thehundred/images/0/08/Denby_crop_2x10.png/revision/latest/scale-to-width-down/268?cb=20150622003145,Human Trials,The Ark (former) Arkadia,Most likely Radiation,,Survival of the Fittest,Deceased,,Two,Second Nuclear Apocalypse,Michael Rogers,,Male,Camp Jaha Guard,Sky People,,
Derek,https://the100.fandom.com/wiki/Derek,https://static.wikia.nocookie.net/thehundred/images/e/e8/Derek1x10.png/revision/latest/scale-to-width-down/268?cb=20140607033237,I Am Become Death,Earth (current) The Ark (former) The camp,Virus,,I Am Become Death,Deceased,,One,Indra [ 1 ],Wesley MacInnes,,Male,Gunner,Sky People The 100,,16-17
Derrick,https://the100.fandom.com/wiki/Derrick,https://static.wikia.nocookie.net/thehundred/images/1/17/Derrick_3x14.png/revision/latest/scale-to-width-down/268?cb=20170408052752,Red Sky at Morning,Floukru's Oil Rig (former),Stabbed,,Red Sky at Morning,Deceased,,Three,Luna,George Tchortov,,Male,,Floukru A.L.I.E.'s Cult,Luna (lover) †,
Dev,https://the100.fandom.com/wiki/Dev,https://static.wikia.nocookie.net/thehundred/images/b/b5/Dev_704.png/revision/latest/scale-to-width-down/268?cb=20200611180237,The Garden (body) Hesperides (alive),Bardo (former) Skyring (former),Stabbed through the back,L-7,Hesperides,Deceased,,Seven,Unnamed Disciple,Kamran Fulleylove,3 Disciples,Male,Disciple (former),Disciples (former) Hope Diyoza,Hope Diyoza (daughter figure),30s
Diana Sydney,https://the100.fandom.com/wiki/Diana_Sydney,https://static.wikia.nocookie.net/thehundred/images/d/db/1x06_Diana_Crop.png/revision/latest/scale-to-width-down/268?cb=20190701035646,Contents Under Pressure,The Ark (former),Exodus ship explosion,Councilor Sydney,Unity Day,Deceased,,One,Mountain Men,Kate Vernon,"Commander Shumway 1,506 Sky People",Female,Councilwoman (former) Chancellor (former),Sky People Her Rebels,,
Diggs,https://the100.fandom.com/wiki/Diggs,https://static.wikia.nocookie.net/thehundred/images/a/ae/DiggsFullCrop.png/revision/latest/scale-to-width-down/267?cb=20140510151213,His Sister's Keeper,Earth The Ark (former) The Camp,Impaled,,His Sister's Keeper,Deceased,,One,Grounder trap,Giacomo Baessato,,Male,,Sky People The 100 Bellamy's Militia,Unnamed Mother,17
Doucette,https://the100.fandom.com/wiki/Doucette,https://static.wikia.nocookie.net/thehundred/images/9/9f/713_Doucette.jpg/revision/latest/scale-to-width-down/268?cb=20200902114127,Welcome to Bardo,Bardo (former) Etherea (former) Sanctum (former),Shot,,Blood Giant,"Deceased , 2281 ; Sanctum Palace",Unknown; Bardo,Seven,Clarke Griffin,Jonathan Scarfe,,Male,Stone Conductor,Disciples,,30s-40s
Drew,https://the100.fandom.com/wiki/Drew,https://static.wikia.nocookie.net/thehundred/images/2/2d/Drew1x13.png/revision/latest/scale-to-width-down/268?cb=20140612145338,Contents Under Pressure,Earth (current) The Ark (former) The Camp,Head impaled with a throwing weapon,,We Are Grounders (Part 2),Deceased,,One,Grounder Scouts,Levi Meaden,,Male,Gunner,Sky People The 100,,16/17
Echo,https://the100.fandom.com/wiki/Echo,https://static.wikia.nocookie.net/thehundred/images/8/82/7x16_Echo_crop.jpg/revision/latest/scale-to-width-down/268?cb=20230306195622,Coup de Grâce,Earth (current) Azgeda territory (former) Mount Weather (former; as a prisoner) City of Light (former) Polis (former) Go-Sci Ring (former) Shallow Valley (former) Eligius IV (former) Alpha (former) Sanctum (former) Skyring (former) Bardo (former) Second Dawn Bunker (former),,Ash (birth name) Spy Echo Kom Azgedakru (Echo of the Ice Nation ) Ash Kom Azgedakru (Ash of the Ice Nation),The Last War,Alive,,"Two , Three , Four , Five , Six , Seven",,Tasya Teles Kai Dolmans (young),Real Echo Sgt. Eric Lovejoy (alongside Bellamy Blake ) Gina Martin (caused) 48 Sky People (caused) Boudalan Ambassador Ilian (caused) Joaquin (mercy kill) Ryker Desai IX 3 Disciples 4 Disciples Orlando (caused) Kirsch Disciple Groundskeeper 3 Disciples Charmaine Diyoza (caused),Female,Warrior Assassin Spy Royal Guard of the Army (former),Finalkru Azgeda (banished by Roan ) A.L.I.E.'s Cult (former) Spacekru Wonkru Disciples (feigned),Unnamed father † Unnamed mother † Bellamy Blake † (former boyfriend) Spacekru (declared family) Gabriel Santiago † (declared family) Hope Diyoza (declared family) Raven Reyes (declared sister),"20s-30s 150s (chronologically, S6)"
Echo (Original),https://the100.fandom.com/wiki/Echo_(Original),https://static.wikia.nocookie.net/thehundred/images/b/b3/611_Real_Echo.png/revision/latest/scale-to-width-down/268?cb=20190724132129,Ashes to Ashes,Earth,Stabbed and impaled to death with an arrow,Echo Kom Azgedakru (Echo of the Ice Nation ),From the Ashes,Deceased,,"Six , Seven",Ash,Milli Wilkinson,,Female,Warrior Archer Spy,Azgeda,,10s
Emori,https://the100.fandom.com/wiki/Emori,https://static.wikia.nocookie.net/thehundred/images/e/eb/716_promo_18_Emori_Crop.jpg/revision/latest/scale-to-width-down/268?cb=20210502165505,Rubicon,Earth (current) Dead Zone (former) City of Light (former) Becca's Island (former) Second Dawn Bunker (former) Go-Sci Ring (former) Shallow Valley (former) Eligius IV (former) Alpha (former) Sanctum (former),"Blood loss due to being impaled by a rebar (original body, 2281 ; Sanctum )","Frikdreina (mutant) 'Mori (by Murphy ) Raven's star student (by Murphy ) Kaylee Prime Baby, My girl (both by Murphy )",The Last War,Alive (resurrected briefly via host and reborn after transcending ),,"Two , Three , Four , Five , Six , Seven",Bill Cadogan (caused; original body),Luisa d'Oliveira,Gideon Rock Line Thief (indirectly) Knight (caused) 2 members of Wonkru (caused),Female,Prime (former; by ruse) Boat driver Mechanic Pilot Nomad (former) Thief (former),Wonkru Sky People Resistance Against A.L.I.E. (former) A.L.I.E.'s Cult (former) Nomadic Grounders (former) Spacekru Primes (former) Sanctumites Finalkru,Otan † (brother) John Murphy (fiancé) Spacekru,"17/18 (S2-S4) Mid 20s (S5-7) Mid 145s (chronologically, S6-7)"
Minor Characters,https://the100.fandom.com/wiki/Enera,,,,,,,,,,,,,,,,,
Eric Jackson,https://the100.fandom.com/wiki/Eric_Jackson,https://static.wikia.nocookie.net/thehundred/images/8/80/Eric_Jackson_in_the_Last_Season_Finale.png/revision/latest/scale-to-width-down/268?cb=20210311234520,Pilot,Earth (current) The Ark (former) Arkadia (former) City of Light (former) Becca's Island (former) Second Dawn Bunker (current) Eligius IV (former) Alpha (former) Sanctum (former),,Jackson Dr. Jackson Jax (by Nathan ),The Last War,Alive,,"One , Two , Three , Four , Five , Six , Seven",,Sachin Sahel,Rock Line Thief,Male,Medical Doctor Neurosurgeon,Sky People A.L.I.E.'s Cult (former) Wonkru Finalkru,Mary Jackson † (mother) Abigail Griffin † (closest friend) Nathan Miller (boyfriend),
Minor Characters,https://the100.fandom.com/wiki/Esop,,,,,,,,,,,,,,,,,
Ethan Hardy,https://the100.fandom.com/wiki/Ethan_Hardy,https://static.wikia.nocookie.net/thehundred/images/3/3f/Ethan_Hardy-5X07.png/revision/latest/scale-to-width-down/268?cb=20220117001841,The Chosen,Earth (current) The Ark (former) Arkadia (former) Second Dawn Bunker (former),Gunshot,,Damocles (Part 1),"Deceased , 2156; Shallow Valley",2144; The Ark,"Four , Five",Eligius Prisoners,Beckham Skodje (age 5/6) St. John Myers (age 12),,Male,Wonkru novitiate,Sky People Wonkru,Geoff Hardy † (father) Thelonious Jaha † (caretaker) Octavia Blake (caretaker),5 (S4) 6 ( Red Queen ) 12 (S5)
Faye Lee,https://the100.fandom.com/wiki/Faye_Lee,https://static.wikia.nocookie.net/thehundred/images/b/b5/6x02_HijackerFaye.png/revision/latest/scale-to-width-down/268?cb=20190510060154,Red Sun Rising,Earth (former) Alpha (former) Sanctum (city-state) (former),Shot (I & VII) Deleted ( Mind Drive ),Faye Lee Faye Prime Faye Lee VII,Red Sun Rising,Deceased,2000-2010; Earth (prime),Season Six,Russell Lightbourne (I) Madi Griffin (VII) Simone Lightbourne (consciousness),Beatrice King (VII),,Female,Primes,Primes Sanctumites Mission Team Alpha (former) Eligius Corporation (former),Victor Lee † (husband) Kaylee Lee † (daughter) Daniel Lee † (son),40's (VII)
Finn Collins,https://the100.fandom.com/wiki/Finn_Collins,https://static.wikia.nocookie.net/thehundred/images/d/d0/The-100-season-2-cast-photos-finn.png/revision/latest/scale-to-width-down/268?cb=20160401042749,Pilot,The Ark (former) Earth (former) Delinquents' Camp (former) Camp Jaha (former),Stabbed in the abdomen,Spacewalker,Spacewalker (physical) Remember Me (hallucination) Nevermind (flashback),"Deceased , 2149; outside Camp Jaha",2131,"One , Two",Clarke Griffin (mercy kill) Lexa (ordered),Thomas McDonell,Glen Dickson (caused) 1 Delinquent (caused) 1 Reaper Delano 18 villagers including Artigas,Male,Tracker,The 100 Sky People,Raven Reyes (ex-girlfriend) Clarke Griffin (former love interest) Ilene Collins † (grounder ancestor),18
Fio,https://the100.fandom.com/wiki/Fio,https://static.wikia.nocookie.net/thehundred/images/5/51/410_-_champion_5_-_fio.jpg/revision/latest/scale-to-width-down/268?cb=20170428070833,Survival of the Fittest,Earth,Stabbed; blood loss (during final conclave),,"Die All, Die Merrily",Deceased,,"Two , Four",Roan,James Michalopolous,,Male,,Trikru,,
Fox,https://the100.fandom.com/wiki/Fox,https://static.wikia.nocookie.net/thehundred/images/4/4a/Resurrection_018_%28Fox%29.png/revision/latest/scale-to-width-down/268?cb=20161026122516,Pilot,Earth The Ark (former) The Camp (former) Mount Weather (former),Bone Marrow Harvesting,,Blood Must Have Blood (Part 2) Join or Die (flashback),Deceased,,"One , Two Three (flashback)",Dr. Lorelei Tsing (indirectly) Cage Wallace (indirectly),Genevieve Buechner,,Female,,Sky People The 100,,Under 18
Gabriel Santiago,https://the100.fandom.com/wiki/Gabriel_Santiago,https://static.wikia.nocookie.net/thehundred/images/6/64/The_100_S7_Gabriel.jpeg/revision/latest/scale-to-width-down/268?cb=20200603161739,Red Sun Rising,Earth (current) Mission Team Alpha Camp (former) The Verge (former) Alpha (former) Sanctum (former) Skyring (former) Bardo (former),Cancer (prime) Old age (previous host) Stabbed in the back and several times in the abdomen (last host),Doctor Dr. Santiago Gabriel II Gabriel Prime The Old Man The Demon Gabriel The Demon (by Tory) Prime Number 13 (by Diyoza) Grandpa (by Diyoza) Errand boy Doc Xavier,A Sort of Homecoming,"Deceased , 2281 ; Second Dawn Bunker",Earth,"Six , Seven",Sheidheda (last host),"Ian Pala (I, Prime) Donald Heng (II, first host) Chuku Modu (last host)",Brooke Eduardo Clarke Griffin (temporarily; revived) A.L.I.E. 2.0 (permanently destroyed) Spirit of the Commanders,Male,Geneticist Prime (former) Leader of the Children of Gabriel Member of the Disciple Cipher Team (feigned),Children of Gabriel Wonkru Eligius Corporation Mission Team Alpha (former) Primes (former) Sanctumites Disciples (feigned),Unnamed grandmother † Unnamed mother † Josephine Lightbourne † (former girlfriend),"20's (2045) Mid-40s (2070) 96 (body of his previous host) 30s (body of his last host, Xavier)"
Gael,https://the100.fandom.com/wiki/Gael,https://static.wikia.nocookie.net/thehundred/images/3/3c/410_-_champion_11_-_plains_riders_2.jpg/revision/latest/scale-to-width-down/268?cb=20170503223810,DNR,,Killed during the Final Conclave,,"Die All, Die Merrily",Deceased,,Four,Roan,Andre Tricoteux,,Male,War Chief (former) Warrior,Ingranronakru,,
Gaia,https://the100.fandom.com/wiki/Gaia,https://static.wikia.nocookie.net/thehundred/images/e/e6/The_100_Gaia_in_Episode_704.jpg/revision/latest/scale-to-width-down/268?cb=20200604021436,Echoes,Earth (current) Polis (former) Second Dawn Bunker (former) Eligius IV (former) Alpha (former) Sanctum (former) Simone's Farmhouse (former),,Seda (teacher in Trigedasleng ) Sensei (by Diyoza ),The Last War,Alive,,"Four , Five , Six , Seven",,Tati Gabrielle,1 Disciple,Female,Fleimkepa ( Flamekeeper ; former) Fleimkepa scout (former) Teacher,Finalkru Trikru Wonkru,Indra (mother) Unnamed father † Unnamed grandparents †,"20s 145s (chronologically, end of S5)"
Minor Characters,https://the100.fandom.com/wiki/Gavin,,,,,,,,,,,,,,,,,
Minor Characters,https://the100.fandom.com/wiki/Gavriel,,,,,,,,,,,,,,,,,
Geoff Hardy,https://the100.fandom.com/wiki/Geoff_Hardy,https://static.wikia.nocookie.net/thehundred/images/e/e4/Hardy_2.png/revision/latest/scale-to-width-down/268?cb=20170531122647,We Will Rise,Earth (former) The Ark (former) Arkadia (former) Second Dawn Bunker (former),Radiation,Dad (by his son) Hardy,The Chosen,"Deceased , 2150; Earth",2100s-2110s; The Ark,Four,Second Nuclear Apocalypse Marcus Kane (indirectly) Thelonious Jaha (indirectly),Cole Vigue,,Male,Arkadian Guard,Sky People,Ethan Hardy † (son),20s-30s
Gideon,https://the100.fandom.com/wiki/Gideon,https://static.wikia.nocookie.net/thehundred/images/e/e7/Gideon.jpg/revision/latest/scale-to-width-down/268?cb=20160323065331,Wanheda (Part 1),City of Light Earth (former) Becca's Island (former),Slit throat,,Wanheda (Part 2),Deceased,,Three,Emori,John DeSantis,,Male,Servant to A.L.I.E.,Nomadic Grounders A.L.I.E.'s Cult,,
Gina Martin,https://the100.fandom.com/wiki/Gina_Martin,https://static.wikia.nocookie.net/thehundred/images/b/ba/Gina_3x01_crop.png/revision/latest/scale-to-width-down/268?cb=20160124025021,Wanheda (Part 1),Earth (current) The Ark (former) Arkadia (former),Stabbed,,Ye Who Enter Here,Deceased,,Three,Azgeda Assassin Nia (indirectly) Echo (indirectly),Leah Gibson,,Female,,Sky People,Bellamy Blake † (boyfriend),mid-20s
Glen Dickson,https://the100.fandom.com/wiki/Glen_Dickson,https://static.wikia.nocookie.net/thehundred/images/3/3b/Glen_%28Pilot%29.PNG/revision/latest/scale-to-width-down/268?cb=20200918130008,Pilot,Earth (current) The Ark (former),Landing of dropship,,Earth Skills (corpse),Deceased,,One,Impact,Uncredited,,Male,,Sky People The 100,,16/17
Grace Cadogan,https://the100.fandom.com/wiki/Grace_Cadogan,https://static.wikia.nocookie.net/thehundred/images/8/81/Gemma_Cadogan_708_crop.jpg/revision/latest/scale-to-width-down/268?cb=20200703184321,Anaconda,Earth Second Dawn Bunker (former),Unknown,G Mom Mrs. Cadogan,Anaconda,Deceased,,Seven,,Crystal Balint,,Female,Unknown,,Bill Cadogan † (ex-husband) Reese Cadogan † (son) Callie Cadogan † (daughter) Unnamed ex-father-in-law †,
Guara,https://the100.fandom.com/wiki/Guara,https://static.wikia.nocookie.net/thehundred/images/5/51/410_-_champion_12_-_podakru.jpg/revision/latest/scale-to-width-down/268?cb=20170502211443,DNR,,Killed during the Final Conclave,,"Die All, Die Merrily",Deceased,,Four,Luna,Natasha Denis,,Female,War Chief (former) Podakru Warrior,Podakru,,
Gustus,https://the100.fandom.com/wiki/Gustus,https://static.wikia.nocookie.net/thehundred/images/0/03/Gustus_2x06.png/revision/latest/scale-to-width-down/268?cb=20141204145944,Fog of War,Earth,Executed (death ritual),Bodyguard,Remember Me,Deceased,,Two,Lexa,Aleks Paunovic,,Male,Warrior,Trikru,,
Guy Henriksen,https://the100.fandom.com/wiki/Guy_Henriksen,https://static.wikia.nocookie.net/thehundred/images/2/2d/Guy_Henriksen_%28Pilot%29.png/revision/latest?cb=20250830045933,Pilot,Earth (current) The Ark (former) The camp,,,Pilot,Unknown,,One,,Unknown,,Male,,Sky People The 100,,16-18
Hannah Green,https://the100.fandom.com/wiki/Hannah_Green,https://static.wikia.nocookie.net/thehundred/images/f/f9/Terms_and_Conditions_101.png/revision/latest/scale-to-width-down/268?cb=20160825163522,Wanheda (Part 2),Earth The Ark (former) Arkadia (former) City of Light (former),Shot (real world) Code deleted ( City of Light ),,Red Sky at Morning,Deceased,,Three,Monty Green Raven Reyes (assisted in code deletion),Donna Yamamoto,"300 Trikru warriors (with Bellamy , Pike and 7 others)",Female,Farmer (former) Council member (former) Arkadia Guard (former),Sky People Pike's Faction (former) A.L.I.E.'s Cult,Monty Green † (son) Unnamed husband † Jordan Green (grandson) Harper McIntyre † (daughter-in-law),
Harper McIntyre,https://the100.fandom.com/wiki/Harper_McIntyre,https://static.wikia.nocookie.net/thehundred/images/0/04/Harper_Mclntyre_-_Sleeping_Giant_crops.jpeg/revision/latest/scale-to-width-down/268?cb=20200808174327,I Am Become Death,Earth (former) The Ark (former) The Camp (former) Mount Weather (former) Arkadia (former) Becca's Island (former) Go-Sci Ring (former) Eligius IV Shallow Valley (former) Second Dawn Bunker (former),Genetic disorder,,Damocles (Part 2),"Deceased , Feb. 8, 2206; Eligius IV",2133; The Ark,"One , Two , Three , Four , Five",,Chelsey Reist,"Several Grounders and Mountain Men Several Azgeda slavers at Farm Station (alongside Bellamy , Monty , Bryan and Nathan Miller ) Louis (indirectly)",Female,Gunner (former) Arkadia Guard (former),Wonkru The 100 Sky People Kane's Faction Resistance Against A.L.I.E. Spacekru,Unnamed father † (mentioned) Monty Green † (life partner) Jordan Green (son) Hannah Green † (mother-in-law) Monty's Father † (father-in-law),~17 (seasons 1-4) ~23 (season 5) ~73 (at death)
Hatch,https://the100.fandom.com/wiki/Hatch,https://static.wikia.nocookie.net/thehundred/images/1/12/Hatch_7x03.jpg/revision/latest/scale-to-width-down/268?cb=20200625220957,From the Ashes,Earth (former) Shallow Valley (former) Eligius IV (former) Alpha (current) Sanctum (current),Radiation poisoning,,Blood Giant (hallucination),Deceased,,Seven,James Crockett (indirectly caused) Raven Reyes (indirectly caused),Chad Rook,Bank robbery hostages (with Nikki ),Male,Prisoner (former) Bank robber (former) Leader of the Eligius Prisoners (former),Eligius Prisoners,Nikki (wife),
Hayden,https://the100.fandom.com/wiki/Hayden,https://static.wikia.nocookie.net/thehundred/images/9/9c/707_Hayden.png/revision/latest/scale-to-width-down/268?cb=20200702143202,The Queen's Gambit,Bardo,,,Anaconda,Transcended,Unknown; Bardo,Seven,,Stephanie Izsak,,Female,Member of the Disciple Cipher Team,Disciples,,30s
Hayes,https://the100.fandom.com/wiki/Hayes,https://static.wikia.nocookie.net/thehundred/images/1/13/Hayes2.png/revision/latest/scale-to-width-down/268?cb=20170511234808,A Lie Guarded,Earth (current) The Ark (former) Arkadia,Suicide (drug overdose),,The Other Side,Deceased,,Four,Himself Jasper Jordan (indirectly) Niylah (indirectly),Alex Pangburn,,Male,,Sky People,,Early 20s
Helios,https://the100.fandom.com/wiki/Helios,https://static.wikia.nocookie.net/thehundred/images/9/92/PromoOctaviaHorse301.jpg/revision/latest/scale-to-width-down/267?cb=20151229012601,Wanheda (Part 1),Earth,Second Nuclear Apocalypse,,"Die All, Die Merrily",Deceased,,"Three , Four",,Jazzway [ 1 ] [ 2 ],,Male,,Trikru Sky People,Octavia Blake (owner) Lincoln † (former owner),
Hope Diyoza,https://the100.fandom.com/wiki/Hope_Diyoza,https://static.wikia.nocookie.net/thehundred/images/7/7b/Hope_Diyoza_-_The_Last_War_%28episode%29_-_Crop.jpg/revision/latest/scale-to-width-down/267?cb=20200929131348,The Old Man and the Anomaly,Skyring (former) Alpha (former) Bardo (former) Earth (current) Second Dawn Bunker (former),,Little One (by Charmaine Diyoza and Octavia ) Seeker Diyoza (by a Disciple ),The Last War,Alive,Unknown year (due to time dilation) ; Skyring,"Six , Seven",,Shelby Flannery (Adult) Emma Oliver (Child) Amber Taylor (6 years old) Nevis Unipan (10 years old) Orla Eileen Oliver-Jay (Baby) Saoirse Kenzie Oliver-Jay (Baby),1 Disciple 2 Disciples Stone Conductor Anders Charmaine Diyoza (caused),Female,,Finalkru Disciples (feigned) Wonkru,Charmaine Diyoza † (mother) Paxton McCreary † (father) Unnamed grandfather † Octavia Blake (surrogate aunt) Dev † (adopted/surrogate father) Echo (declared family) Gabriel Santiago † (brotherly bond) Jordan Green (boyfriend),25
Hugo,https://the100.fandom.com/wiki/Hugo,https://static.wikia.nocookie.net/thehundred/images/e/ec/Damocles_Part_2_-_Hugo_the_prisoner.jpeg/revision/latest/scale-to-width-down/268?cb=20180809162428,Eden,Earth (former) Shallow Valley (former) Eligius IV (former) Alpha (current) Sanctum (current),,Hugo,The Last War,Transcended,,"Five , Seven",,Hugo Raymundo,,Male,Prisoner (former),Eligius Prisoners,,30s-40s
Ilian,https://the100.fandom.com/wiki/Ilian,https://static.wikia.nocookie.net/thehundred/images/1/13/410_-_champion_3_-_ilian.jpg/revision/latest/scale-to-width-down/267?cb=20170428070831,Heavy Lies the Crown,Earth City of Light (former),Impaled in the neck by arrow Stabbed in the heart,,"Die All, Die Merrily",Deceased,,Four,Echo (arrow) Octavia Blake (stab; mercy kill),Chai Hansen,His family (under A.L.I.E.'s control) Delfikru Champion (indirectly) Boudalan Champion,Male,Warrior Farmer,Trishanakru A.L.I.E.'s Cult (former),Willa † (mother) Unnamed father † Unnamed brother †,
Indra,https://the100.fandom.com/wiki/Indra,https://static.wikia.nocookie.net/thehundred/images/4/4d/7x12_Indra_cropped.jpeg/revision/latest/scale-to-width-down/268?cb=20200814151742,Inclement Weather,Earth (current) Tondc (former) Polis (former) Second Dawn Bunker (former) Eligius IV (former) Alpha (former) The Farmhouse (former),,Chief of Tondc Wormana (War Chief) Seda (Teacher) Seya (Chief) Grounder (by Pike),The Last War,Alive,,"Two , Three , Four , Five , Six , Seven",,Adina Porter,3 Delinquents including Derek (caused) 1 chipped Grounder Briggs 3 chipped Sky People and 2 chipped Grounders (alongside Charles Pike ) Chase (possibly) Several Azgeda warriors Tarik (mercy kill) Kara Cooper (indirectly; co-conspirator) 1 member of Wonkru Marcus Kane II (assisted suicide) Approx. 30 of the Sanctumites (caused) 4 Disciples including Hull Sheidheda,Female,Warrior War Chief of Tondc (former) Mentor of Octavia Blake Advisor of Blodreina (former) Leader of Wonkru (former),Finalkru Trikru Resistance Against A.L.I.E. Wonkru,Unnamed father † Unnamed mother † Gaia (daughter) Unnamed husband † Octavia Blake (daughter figure),
Jacapo Sinclair,https://the100.fandom.com/wiki/Jacapo_Sinclair,https://static.wikia.nocookie.net/thehundred/images/0/05/SinclairCrop.jpg/revision/latest/scale-to-width-down/268?cb=20141128013403,Pilot,Earth (former) Arkadia The Ark (former),Stabbed / blood loss,,Demons (physical) The Other Side (hallucination by Raven),"Deceased , 2150 ; Arkadia",,"One , Two , Three , Four",Carl Emerson,Alessandro Juliani,,Male,Chief Engineer,Sky People Kane's Faction Resistance Against A.L.I.E.,Unnamed wife † Raven Reyes (daughter figure),
Jackie,https://the100.fandom.com/wiki/Jackie,https://static.wikia.nocookie.net/thehundred/images/b/bf/Delinquent_featured_in_Contents_Under_Pressure.PNG/revision/latest/scale-to-width-down/268?cb=20201105104237,Pilot,Earth (current) The Ark (former) The camp,,,Contents Under Pressure,Unknown,,One,,Unknown,,Female,,Sky People The 100,,16-18
Minor Characters,https://the100.fandom.com/wiki/Jacov,,,,,,,,,,,,,,,,,
Jade,https://the100.fandom.com/wiki/Jade,https://static.wikia.nocookie.net/thehundred/images/e/ed/605_Jade_Crop.png/revision/latest/scale-to-width-down/267?cb=20190801161745,The Children of Gabriel,Sanctum,Mind wiped,Jasmine Mason,Adjustment Protocol,Deceased,,Six,Russell Lightbourne,Bethany Brown,,Female,Sanctum Guard Rose 's bodyguard (former) Josephine 's bodyguard (former),Sanctumites Primes,,
Jae Workman,https://the100.fandom.com/wiki/Jae_Workman,https://static.wikia.nocookie.net/thehundred/images/3/30/603_Jae.jpg/revision/latest/scale-to-width-down/268?cb=20200215201634,The Children of Gabriel,Alpha (current) Sanctum (current),,,Welcome to Bardo,Transcended,,"Six , Seven",,Dean Marshall,Priya Desai VII (assisted his wife),Male,Tavern owner Chef,Sanctumites,Blythe Ann Workman (wife) Delilah Workman † (daughter),
Jake Griffin,https://the100.fandom.com/wiki/Jake_Griffin,https://static.wikia.nocookie.net/thehundred/images/8/8b/Earth_Kills_091_%28Jake%29.png/revision/latest/scale-to-width-down/268?cb=20160831141015,Earth Kills (flashback),The Ark,Floated,,Adjustment Protocol (flashback),Deceased,,"One , Six",Unnamed Ark Guard Thelonious Jaha (ordered) Abigail Griffin (indirectly and unintentionally),Chris Browning,,Male,Senior Environmental Engineer Deputy Resource Officer,Sky People,Abigail Griffin † (wife) Clarke Griffin (daughter) Madi Griffin (adoptive granddaughter),
James Crockett,https://the100.fandom.com/wiki/James_Crockett,https://static.wikia.nocookie.net/thehundred/images/7/70/7x01_James_crop.png/revision/latest/scale-to-width-down/267?cb=20200602030629,Red Sun Rising,The Ark (former) Arkadia (former) Second Dawn Bunker (former) Eligius IV (former) Sanctum,Radiation exposure,,False Gods,"Deceased , 2281 ; Sanctum",,"Six , Seven",Himself (accidental),Camden Filtness,,Male,Engineer,Sky People Wonkru,Unnamed mother † Cora † (girlfriend),
James Harvey,https://the100.fandom.com/wiki/James_Harvey,https://static.wikia.nocookie.net/thehundred/images/b/b7/James_Harvey.png/revision/latest?cb=20250828174642,Pilot,Earth (current) The Ark (former) The camp,,,Murphy's Law,Unknown,,One,,Unknown,,Male,,Sky People The 100,,16-18
Jasmine Mason,https://the100.fandom.com/wiki/Jasmine_Mason,https://static.wikia.nocookie.net/thehundred/images/3/36/Jasmine_Mason_6x13_cropped_-_Copy.png/revision/latest/scale-to-width-down/268?cb=20240712141137,Red Sun Rising,Earth (former) Sanctum (former),Shot (Prime) Floated (VII),Jasmine VII Jasmine Prime,The Blood of Sanctum,"Deceased , 2281 ; Eligius IV",,Six,Russell Lightbourne (Prime) Clarke Griffin (VII),Bethany Brown (VII),,Female,Prime,Eligius Corporation (former) Mission Team Alpha (former) Primes Sanctumites,Miranda Mason † (mother) Caleb Mason † (father),
Jasper Jordan,https://the100.fandom.com/wiki/Jasper_Jordan,https://static.wikia.nocookie.net/thehundred/images/c/c4/Devon-Jasper.image.jpg/revision/latest/scale-to-width-down/268?cb=20140312202822,Pilot,Earth (current) The Ark (former) The Camp (former) Mount Weather (former) City of Light (former) Arkadia (former),Suicide ( drug overdose ),Goggles,The Other Side,"Deceased , 2150 ; Arkadia",December 2133; The Ark,"One , Two , Three , Four",Himself,Devon Bostick,2 Trikru archers Several Trikru warriors including Tris (alongside Raven and Monty) 300 Trikru warriors (alongside Raven and Clarke) Dr. Lorelei Tsing (caused) 3 Mountain Weather Guards Himself,Male,Chemist Gunner Leader of the Mount Weather Delinquents (former),Sky People The 100 Bellamy's Militia Resistance Against A.L.I.E. (former) A.L.I.E.'s Cult (former),Unnamed Father † (mentioned) Unnamed Mother † (mentioned) Dane Jordan † (grounder ancestor) Monty Green † (best friend) Maya Vie † (love interest),16 (S1-2) 17 (S3-4)
Jeremiah,https://the100.fandom.com/wiki/Jeremiah,https://static.wikia.nocookie.net/thehundred/images/c/c7/705_Jeremiah.jpeg/revision/latest/scale-to-width-down/268?cb=20200622181125,Welcome to Bardo,Alpha (current) Sanctum (current),,Jerry (by Murphy) Jer (by Murphy),The Dying of the Light (flashback),Transcended,,Seven,,Adam Lolacher,,Male,,Sanctumites The Faithful (former),Lee (son) [ 1 ],
Jill Yaworski,https://the100.fandom.com/wiki/Jill_Yaworski,https://static.wikia.nocookie.net/thehundred/images/3/30/Jill_Yaworski_%28Day_Trip%29.png/revision/latest?cb=20250829044950,Pilot,Earth (current) The Ark (former) The camp,,,The Four Horsemen (mentioned),Unknown,,One,,Unknown,,Female,,Sky People The 100,,16-18
John Mbege,https://the100.fandom.com/wiki/John_Mbege,https://static.wikia.nocookie.net/thehundred/images/7/77/John_Mbege-pilot.jpg/revision/latest?cb=20140404201637,Pilot,Earth The Ark (former) The Camp,Slit Throat,,His Sister's Keeper Join or Die (flashback),Deceased,,"One , Three",Unknown Grounder,Aaron Miko,,Male,,Sky People The 100 Bellamy's Militia,,17/18
John Murphy,https://the100.fandom.com/wiki/John_Murphy,https://static.wikia.nocookie.net/thehundred/images/7/71/716_promo_17_Murphy_crop.jpg/revision/latest/scale-to-width-down/268?cb=20210425173439,Pilot,The Ark (former) Earth (current) The Camp (former; banished) Arkadia (former) Becca's Island (former) Second Dawn Bunker (current) Go-Sci Ring (former) Shallow Valley (former) Eligius IV (former) Alpha (former) Sanctum (former),Seaweed toxin (revived by Cillian ),Murphy (surname) Fleimkepa ( Flamekeeper ) Cockroach Murph (by Raven ) Daniel Prime Holiness Hero Murphy (by Raven) Thor (by Raven ),The Last War,Alive,,"One , Two , Three , Four , Five , Six , Seven",Bellamy Blake (under influence of Red Sun toxin),Richard Harmon,Charlotte (indirectly) Derek (indirectly) 2 Delinquents (indirectly) Connor Myles Roz Rankin (alongside Emori ) Several Eligius Prisoners (alongside Emori and Echo ) Dozens of Eligius Prisoners (caused),Male,"Leader of the Sanctumites (former) Lieutenant in Bellamy's Militia (former) Fleimkepa (Flamekeeper, by ruse, former) Prime (former; by ruse)",Finalkru Delinquents Sky People Jaha's followers (former) Resistance Against A.L.I.E. Spacekru Primes (former) Sanctumites,Alex Murphy † (father) Unnamed Mother † Karl Murphy † (grounder ancestor) Emori (fiancée),"17 (S1-4) 23 (S5-7) 148 (chronologically, S6)"
Jones,https://the100.fandom.com/wiki/Jones,https://static.wikia.nocookie.net/thehundred/images/0/0a/JonesFullCrop.jpg/revision/latest?cb=20140510045408,Earth Kills,Earth (current) The Ark (former) The Camp,,,We Are Grounders (Part 2) Join or Die (flashback),Deceased,"September 13, 2131",One Three (flashback),Grounders,Shane Symons,,Male,Gunner,Sky People The 100,,18 [ 1 ]
Jordan Green,https://the100.fandom.com/wiki/Jordan_Green,https://static.wikia.nocookie.net/thehundred/images/d/d3/Jordan_in_the_Last_Season_Finale.png/revision/latest/scale-to-width-down/268?cb=20210311234834,Damocles (Part 2),Eligius IV (former) Alpha (former) Sanctum (former) Bardo (former) Earth (current) Second Dawn Bunker (former),,,The Last War,Alive,"May 10, 2158; Eligius IV","Five , Six , Seven",,Shannon Kook Neal Kai Chung (infant),,Male,,Finalkru Wonkru Sanctumites (former),Monty Green † (father) Harper McIntyre † (mother) Hannah Green † (grandmother) Unnamed grandfathers † (mentioned) Anna Rae Green † (grounder ancestor) Delilah Workman † (former love interest) Hope Diyoza (girlfriend),26 (biologically) 123 (chronologically)
Minor Characters,https://the100.fandom.com/wiki/Joroum,,,,,,,,,,,,,,,,,
Josephine Lightbourne,https://the100.fandom.com/wiki/Josephine_Lightbourne,https://static.wikia.nocookie.net/thehundred/images/b/be/602_Josephine_Crop.png/revision/latest/scale-to-width-down/268?cb=20240712140406,Red Sun Rising,Earth (former) Eligius III (former) Sanctum (former),Throat slit with an axe (prime; later brought back to life multiple times by using hosts with Nightblood ) Drugged and pushed out of a window (VII) Consciousness destroyed,Josephine II Josephine VII Josephine VIII Josephine Prime Josie Clarke Griffin Hurricane Josie (by Murphy ),Matryoshka (consciousness) Blood Giant (hallucination),"Deceased , 2281 ; Alpha",2020s,"Six , Seven",Russell Lightbourne I (prime; while he was in an eclipse-induced psychosis) Kaylee Lee VII (VII) Clarke Griffin (consciousness),"Sara Thompson (I, Prime) Skylar Radzion (II, first host) Gwynyth Walsh (VII, sixth host) Eliza Taylor (VIII, last host)",Kaylee Lee VII Isaac Tai Jr. Lee Family (indirect),Female,Biologist Prime,Mission Team Alpha (former) Sanctumites Primes Wonkru (by ruse; former),Russell Lightbourne † (father) Simone Lightbourne † (mother) Unnamed Grandfather † Unnamed Aunt † Gabriel Santiago † (former boyfriend),20s (as of arrival to Alpha ) 250-260s (chronologically) Late 60s or Early 70s (body of her previous host) 24 (body of her last host Clarke Griffin )
The Judge,https://the100.fandom.com/wiki/Judge,https://static.wikia.nocookie.net/thehundred/images/3/30/716_Judge_as_Abby.png/revision/latest/scale-to-width-down/268?cb=20240712135409,The Last War,Another plane of existence,,God (by Bill Cadogan ) Callie Cadogan Lexa Abby Griffin,The Last War,Transcended,,Seven,,Iola Evans (as Callie Cadogan ) Alycia Debnam-Carey (as Lexa ) Paige Turco (as Abby Griffin ),Countless species that failed the test including the Bardoans,,Judge of other species,Transcendents,,
Juel,https://the100.fandom.com/wiki/Juel,https://static.wikia.nocookie.net/thehundred/images/1/1a/3x14_Juel_-_City_of_Light.png/revision/latest/scale-to-width-down/268?cb=20170818041721,Join or Die,,,,Red Sky at Morning,Unknown,,Three,,Megan Danso,,Female,,Trikru Resistance Against A.L.I.E. (former) A.L.I.E.'s Cult (former),,
Justin Bishop,https://the100.fandom.com/wiki/Justin_Bishop,https://static.wikia.nocookie.net/thehundred/images/6/68/Justin_Bishop_%28Pilot%29.png/revision/latest/scale-to-width-down/268?cb=20250828195522,Pilot,Earth (current) The Ark (former) The camp,,,Pilot,Unknown,,One,,Unknown,,Male,,Sky People The 100,,16-18
Justin Giles,https://the100.fandom.com/wiki/Justin_Giles,https://static.wikia.nocookie.net/thehundred/images/c/cb/Justin_Giles_%28Pilot%29.png/revision/latest/scale-to-width-down/256?cb=20250828195603,Pilot,Earth (current) The Ark (former) The camp,,,Murphy's Law,Unknown,,One,,Unknown,,Male,,Sky People The 100,,16-18
Minor Characters,https://the100.fandom.com/wiki/Kahlan,,,,,,,,,,,,,,,,,
Kara Cooper,https://the100.fandom.com/wiki/Kara_Cooper,https://static.wikia.nocookie.net/thehundred/images/d/d6/Shifting_Sands_-_Cooper_crop.jpg/revision/latest/scale-to-width-down/268?cb=20200516231802,Red Queen,Earth (current) The Ark (former) Arkadia (former) Second Dawn Bunker (former),Parasitic worms,,A Sort of Homecoming (flashback),"Deceased , 2156; Second Dawn Bunker",2100s; The Ark,Five,Bellamy Blake Clarke Griffin,Kyra Zagorsky,,Female,Hydroponic farm manager Octavia's Guard,Sky People Wonkru,Unnamed husband † Unnamed father †,
Karina,https://the100.fandom.com/wiki/Karina,https://static.wikia.nocookie.net/thehundred/images/2/2d/KarinaShallow.jpg/revision/latest/scale-to-width-down/268?cb=20230314220318,Exit Wounds,Earth Shallow Valley (former) Second Dawn Bunker (former) Polis (former),Shot,,Acceptable Losses,Deceased,,Five,Kara Cooper Octavia Blake (ordered),Jenna Berman,,Female,,Louwoda Kliron Kru Wonkru (former),,20s
Kath Colonna,https://the100.fandom.com/wiki/Kath_Colonna,https://static.wikia.nocookie.net/thehundred/images/c/cc/Kath_Colona_%28Day_Trip%29.png/revision/latest/scale-to-width-down/268?cb=20250829062355,Pilot,Earth (current) The Ark (former) The camp,,,The Four Horsemen (mentioned),Unknown,,One,,Unknown,,Female,,Sky People The 100,,16-18
Katherine Wigzell,https://the100.fandom.com/wiki/Katherine_Wigzell,https://static.wikia.nocookie.net/thehundred/images/6/6d/Katherine_Wigzell_%28Murphy%27s_Law%29.png/revision/latest?cb=20250829001132,Pilot,Earth (current) The Ark (former) The camp,,,Murphy's Law,Unknown,,One,,Unknown,,Female,,Sky People The 100,,16-18
Katie Stano,https://the100.fandom.com/wiki/Katie_Stano,https://static.wikia.nocookie.net/thehundred/images/8/84/Katie_Stano_%28Pilot%29.png/revision/latest/scale-to-width-down/268?cb=20250828195507,Pilot,Earth (current) The Ark (former) The camp,,,Twilight's Last Gleaming,Unknown,,One,,Unknown,,Female,,Sky People The 100,,16-18
Kaylee Lee,https://the100.fandom.com/wiki/Kaylee_Lee,https://static.wikia.nocookie.net/thehundred/images/1/16/603_Kaylee.png/revision/latest/scale-to-width-down/268?cb=20190612214351,Red Sun Rising,Earth (former) Alpha (former) Sanctum (former),Stabbed in the neck (VII) Deleted ( Mind Drive ),Hijacker ( Raven & Diyoza ) LeeLee (by Josephine ) Kaylee Prime Kaylee Lee VII Kay (by Miranda Mason ) Princess Lee,Nevermind (flashback),Deceased,2030-2040; Earth (prime) 2237; Sanctum (VII resurrection),Six,Russell Lightbourne (Prime) Josephine Lightbourne VIII (VII) Simone Lightbourne VI ( Mind Drive ),Sarah-Jane Redmond (host),Josephine Lightbourne VII,Female,Prime Pilot,Primes Sanctumites Eligius Corporation (former) Mission Team Alpha (former),Victor Lee † (father) Faye Lee † (mother) Daniel Lee † (brother) Isaac † (love interest),65 (body of last host) 240-250 (chronologically)
Keenan Mykulak,https://the100.fandom.com/wiki/Keenan_Mykulak,https://static.wikia.nocookie.net/thehundred/images/2/2b/KeenanCropS2_2x01.jpg/revision/latest/scale-to-width-down/268?cb=20141206165343,The 48,"Earth , Mount Weather",Radiation exposure,,Long Into an Abyss,Deceased,,Two,Dr. Lorelei Tsing and Cage Wallace,Emily Haine,,Female,Docent at Mount Weather,Mountain Men,,Unknown
Kirsch,https://the100.fandom.com/wiki/Kirsch,https://static.wikia.nocookie.net/thehundred/images/8/8d/705_Kirsch_-_Copy.jpg/revision/latest/scale-to-width-down/268?cb=20200622181020,Welcome to Bardo,Bardo,Stabbed and impaled to death,,Nakara (episode),Deceased,,Seven,Echo,Kyle Warren,,Male,M-Cap Operator,Disciples,,20s
Klara,https://the100.fandom.com/wiki/Klara,https://static.wikia.nocookie.net/thehundred/images/7/70/705_Klara.jpg/revision/latest/scale-to-width-down/268?cb=20200920115130,Adjustment Protocol,Sanctum,Self-immolation,,Welcome to Bardo,Deceased,,"Six , Seven",Herself,Cassandra Ebner,,Female,,Sanctumites The Faithful,,30s
Knight,https://the100.fandom.com/wiki/Knight,https://static.wikia.nocookie.net/thehundred/images/3/3d/702_Knight_crop.png/revision/latest/scale-to-width-down/268?cb=20200604144542,False Gods,Earth (former) Second Dawn Bunker (former) Eligius IV (former) Alpha (current),Devoured by the Sanctum bugs,,Blood Giant,Deceased,,Seven,Sanctum bugs Emori (caused),Xavier de Guzman,,Male,Warrior,Wonkru Sangedakru,,
Kwame,https://the100.fandom.com/wiki/Kwame,https://static.wikia.nocookie.net/thehundred/images/7/75/709_Kwame.png/revision/latest/scale-to-width-down/268?cb=20200719001029,The Flock,Bardo (former),,,The Last War,Transcended,,Seven,,Alex Barima,1 member of Wonkru,Male,Disciple,Disciples,,
Kyle Wick,https://the100.fandom.com/wiki/Kyle_Wick,https://static.wikia.nocookie.net/thehundred/images/f/f3/PromoWick_2x14.jpg/revision/latest/scale-to-width-down/267?cb=20150220201426,The Calm,Earth (current) Arkadia (former) The Ark (former),Unknown,,Blood Must Have Blood (Part 2),Deceased,,"One , Two",,Steve Talley,4 Mount Weather Guards,Male,Engineer,Sky People,Unnamed mother Raven Reyes (ex-girlfriend),20's-30's
Layla,https://the100.fandom.com/wiki/Layla,https://static.wikia.nocookie.net/thehundred/images/6/63/611_Layla.png/revision/latest/scale-to-width-down/268?cb=20190724132308,Ashes to Ashes,COC Territory (former) Alpha Sanctum,Throat slit,,The Blood of Sanctum,Deceased,,Six,Tory,Megan Danso,,Female,,Children of Gabriel,Xavier † (brother),
Lee,https://the100.fandom.com/wiki/Lee,https://static.wikia.nocookie.net/thehundred/images/5/50/Lee.png/revision/latest/scale-to-width-down/268?cb=20150228063039,Reapercussions,Mount Weather,Radiation poisoning,,Blood Must Have Blood (Part 2),Deceased,,Season Two,Clarke Griffin and Bellamy Blake Monty Green (indirectly),Nick Hunnings,,Male,Mount Weather Guard,Mountain Men,,20s or 30s
Lee (Sanctumite),https://the100.fandom.com/wiki/Lee_(Sanctumite),https://static.wikia.nocookie.net/thehundred/images/5/56/705_Lee_-_Crop.png/revision/latest/scale-to-width-down/267?cb=20200820162030,Welcome to Bardo,Sanctum (current) Alpha (current),,,Blood Giant,Transcended,,Seven,,Max Archibald,,Male,,Sanctumites,Jeremiah (father),6-8
Levitt,https://the100.fandom.com/wiki/Levitt,https://static.wikia.nocookie.net/thehundred/images/c/ce/Levitt_716.png/revision/latest/scale-to-width-down/268?cb=20210807195845,Welcome to Bardo,Bardo (former) Earth (current),,Mr. Levitt Disciple Levitt,The Last War,Alive,Unknown; Bardo,Seven,,Jason Diaz,,Male,Memory Capture operator (former) Janitor (former) Member of the Disciple Cipher Team (former) Double agent for Octavia Blake,Finalkru Wonkru (former) Disciples (former),Octavia Blake (girlfriend),Early 30s
Lexa,https://the100.fandom.com/wiki/Lexa,https://static.wikia.nocookie.net/thehundred/images/c/c9/Lexa_in_Season_3.jpg/revision/latest/scale-to-width-down/267?cb=20220122002345,Fog of War,Earth Polis,Blood loss due to gunshot wound (body) Destruction of the Flame (consciousness),Heda ( Commander in Trigedasleng ) Commander of the Blood Heir to Bekka Pramheda Leksa kom Trikru (Lexa of the Woods Clan ) Clarke’s girlfriend (by John Murphy ),Thirteen (physical) Perverse Instantiation (Part 2) (City of Light) The Dying of the Light (flashback),"Deceased , 2150; Polis",2128,"Two , Three , Seven",Titus (unintentional) Raven Reyes and Gabriel Santiago (consciousness),Alycia Debnam-Carey,Finn Collins (ordered) Gustus Quint (indirectly) 250 Grounders & Sky People in Tondc (indirectly) Ice Nation Ambassador Queen Nia At least 8 members of A.L.I.E.'s Cult (in the City of Light ),Female,Commander of the 12 Clans Commander's novitiate (former) Anya 's second (former),Trikru Nightbloods Coalition (founder) Resistance Against A.L.I.E. (through the Flame ),Clarke Griffin (girlfriend) Costia † (late girlfriend),20-22
Lieutenant Graco,https://the100.fandom.com/wiki/Lieutenant_Graco,https://static.wikia.nocookie.net/thehundred/images/0/0b/Graco_crop_1x08.png/revision/latest/scale-to-width-down/268?cb=20150613010405,Day Trip,The Ark,Exodus ship explosion,,Unity Day,Deceased,,One,Mountain Men,Artine Brown,Commander Shumway,Male,Ark Guard,Sky People Sydney's Rebels,,
Lincoln,https://the100.fandom.com/wiki/Lincoln,https://static.wikia.nocookie.net/thehundred/images/6/6a/S2-cast-photos-lincoln.jpg/revision/latest/scale-to-width-down/267?cb=20160804023904,Twilight's Last Gleaming,Earth His Cave (former) Arkadia (former),Shot in the head,The Grounder The Reaper Linkon kom Trikru Brother (by Nyko ),Stealing Fire (physical) Demons (corpse) Welcome to Bardo (flashback),"Deceased , February, 18th 2150; Arkadia",,"One , Two , Three",Charles Pike,Ricky Whittle,Unnamed Sky Person Cage Wallace,Male,Warrior/Scout (former) Arkadia Guard (revoked),Trikru (exiled) Delinquents Sky People (former) Kane's Faction,Unnamed father Octavia Blake (girlfriend),20s
Lindo,https://the100.fandom.com/wiki/Lindo,https://static.wikia.nocookie.net/thehundred/images/5/52/716_promo_pic_Lindo_crop.jpg/revision/latest/scale-to-width-down/268?cb=20220326135006,The Dark Year,Earth (former) Second Dawn Bunker (former) Eligius IV (former) Alpha (current) Sanctum (current),,,The Last War,Transcended,,"Five , Seven",,Max Montesi,,Male,,Trikru Wonkru,,
Lisa Warren,https://the100.fandom.com/wiki/Lisa_Warren,https://static.wikia.nocookie.net/thehundred/images/0/0c/Lisa_Warren_%28Earth_Kills%29.png/revision/latest?cb=20250830211234,Pilot,Earth (current) The Ark (former) The camp,,,The Four Horsemen (mentioned),Unknown,,One,,Unknown,,Female,,Sky People The 100 Bellamy's Militia,,16-18
Lorelei Tsing,https://the100.fandom.com/wiki/Lorelei_Tsing,https://static.wikia.nocookie.net/thehundred/images/5/5a/DrTsingCrop.jpg/revision/latest/scale-to-width-down/268?cb=20141126122132,The 48,"Mount Weather , Earth",Radiation poisoning,Doctor,Rubicon,Deceased,,Two,Bellamy Blake Jasper Jordan Dante Wallace (indirectly),Rekha Sharma,Keenan Mykulak Many Grounders and several Delinquents,Female,Medical Doctor Chief Medical Officer [ 1 ],Mountain Men,,Unknown
Lorenza,https://the100.fandom.com/wiki/Lorenza,https://static.wikia.nocookie.net/thehundred/images/2/2e/707_Lorenza.png/revision/latest/scale-to-width-down/267?cb=20200702143138,The Queen's Gambit,Bardo,,,Etherea,Transcended,,Seven,,Tina Grant,,Female,Stone Conductor,Disciples,,40s
Luca,https://the100.fandom.com/wiki/Luca,https://static.wikia.nocookie.net/thehundred/images/0/03/706_Luca_Crop_1.png/revision/latest/scale-to-width-down/268?cb=20200625142234,Nakara,"Sanctum , Alpha",,,Blood Giant (physical) The Dying of the Light (flashback),Transcended,,Seven,,Dylan Kingwell,,Male,,Children of Gabriel,Unnamed parents †,
Luna,https://the100.fandom.com/wiki/Luna,https://static.wikia.nocookie.net/thehundred/images/0/02/Luna_Join_or_Die.png/revision/latest/scale-to-width-down/268?cb=20170919102423,Join or Die,Earth Floukru's Oil Rig (former) Arkadia (former) Becca's Island (former),Stabbed in the stomach from behind (during Final Conclave ),Luna kom Floukru Natblida Commander ’s novitiate Number 8,"Die All, Die Merrily","Deceased , 2150; Polis",2126-2129,"Three , Four",Octavia Blake,Nadia Hilker,Her brother Captain Derrick Roan Guara Mezi,Female,Leader of Floukru Commander 's novitiate (former),Nightbloods (former) Resistance Against A.L.I.E. (only briefly during the events on the oil rig) Floukru,Unnamed brother † Derrick (lover) † Adria (daughter figure) †,21-24
Macallan,https://the100.fandom.com/wiki/Macallan,https://static.wikia.nocookie.net/thehundred/images/f/ff/ImageMacallanCrop3x01.jpeg/revision/latest/scale-to-width-down/268?cb=20160109161153,Wanheda (Part 1),Earth (former) The Ark (former) Arkadia (former) Second Dawn Bunker (former) Eligius IV (former) Sanctum (former),,,Wanheda (Part 1),Likely transcended [ 1 ] [ 2 ],,Three,,Shawn Mendes,,Male,,Sky People Wonkru,,
Madi Griffin,https://the100.fandom.com/wiki/Madi_Griffin,https://static.wikia.nocookie.net/thehundred/images/9/95/A_Sort_of_Homecoming_-_Madi_Griffin.jpg/revision/latest/scale-to-width-down/268?cb=20200911003629,Praimfaya,Earth (former) Shallow Valley (former) Second Dawn Bunker (former) Eligius IV (former) Alpha (former) Sanctum (former) Bardo (former),,Little Nightblood (by Clarke) Child from Hell (by Clarke) Hobbit (by Murphy) Madi kom Wonkru (by Octavia) Madi kom Louwoda Kliron Kru Heda ( Commander ) Heir to Bekka Pramheda Successor to Leksa Kom Trikru My Baby (by Clarke),The Last War,Transcended,"2143-2144; Shallow Valley , Earth","Four , Five , Six , Seven",,"Imogen Tear ("" Praimfaya "") Lola Flanery ( S5 - S7 ) Lina Renna (young child)",Four Eligius Prisoners Faye Lee 's last host Miranda's lover Miranda Mason VIII,Female,Octavia 's Second (former) Commander of Wonkru (former) Student (former),Louwoda Kliron Kru Nightbloods Spacekru Wonkru,Unnamed Parents † Clarke Griffin (adoptive mother) Abby Griffin † (adoptive grandmother) Jake Griffin † (adoptive grandfather) Picasso (former pet),"6 (at the beginning of S5) 12 [ 1 ] (biologically, end of S4-7) 137 (chronologically, end of S5-7)"
Major Byrne,https://the100.fandom.com/wiki/Major_Byrne,https://static.wikia.nocookie.net/thehundred/images/d/dc/Major_Byrne.png/revision/latest/scale-to-width-down/268?cb=20150131043628,Inclement Weather,Earth The Ark (former) Arkadia (former),Severed arm/blood loss,Major,Survival of the Fittest,Deceased,,Two,Pauna (mutant gorilla),Kendall Cross,,Female,Captain of Camp Jaha Guard,Sky People,,
Marcus Kane,https://the100.fandom.com/wiki/Marcus_Kane,https://static.wikia.nocookie.net/thehundred/images/b/b2/609_Marcus_Kane_I.png/revision/latest/scale-to-width-down/267?cb=20200406204040,Pilot,Earth (former) The Ark (former) Arkadia (former) City of Light (former) Polis (former) Second Dawn Bunker (former) Shallow Valley (former) Eligius IV (former),Stabbed several times in the abdomen and bit in the neck (I) Floated (II),Kane Councilman Chancellor pro tempore Chancellor Mr. Chancellor Chancellor Kane Marcus of the Sky People Ambassador Uncle Marcus Marcus Kane II Newest Prime,What You Take With You (physical) A Sort of Homecoming (flashback),"Deceased , 2281; Eligius IV (I/II)",2107; The Ark,"One , Two , Three , Four , Five , Six",Michael Vinson (I) Indra (assisted suicide; II) Himself (suicide; II),Henry Ian Cusick (I; S1 - S6 ) Greyston Holt (II; S6 ),"320 Sky People ( The Culling ) Tristan 364 Sky People ( The Second Culling ) (indirectly) ~400 members of Wonkru (indirectly, informed McCreary of Wonkru's and Echo's plan) Himself (suicide assisted by Indra )",Male,Councilman (former) Chancellor pro tempore of the Ark (former) Chancellor of Camp Jaha (former) Chancellor of Arkadia (former) Skaikru Ambassador (former) Member of Osleya's Council (former),Sky People Coalition His Faction Resistance Against A.L.I.E. (former) A.L.I.E.'s Cult (former) Wonkru,Vera Kane † (mother) Abigail Griffin † (girlfriend),"42-43 (S1-4) 48-49 (S5-6) 173-174 (chronologically, S6) 30s (body of his last host, Gavin )"
Maria,https://the100.fandom.com/wiki/Maria,https://static.wikia.nocookie.net/thehundred/images/3/38/Maria_%28Murphy%27s_Law%29.png/revision/latest/scale-to-width-down/268?cb=20250828220640,Pilot,Earth (current) The Ark (former) The Camp,,,His Sister's Keeper,Unknown,,One,,Unknown,,Female,,Sky People The 100,,16-18
Mark Black,https://the100.fandom.com/wiki/Mark_Black,https://static.wikia.nocookie.net/thehundred/images/2/28/Mark_Black_%28Pilot%29.PNG/revision/latest/scale-to-width-down/268?cb=20200926130910,Pilot,Earth (current) The Ark (former) The camp,,,Pilot,Unknown,,One,,Unknown,,Male,,Sky People The 100,,16-18
Mark and Peter Colton,https://the100.fandom.com/wiki/Mark_and_Peter_Colton,https://static.wikia.nocookie.net/thehundred/images/c/cf/Unseen_character.png/revision/latest/scale-to-width-down/268?cb=20160831044715,Gimme Shelter,Earth (former) Arkadia (former) The Ark (former) The Camp (Peter; former),Radiation exposure,,Gimme Shelter,Deceased,,Four,Black rain,"Peter Fleming (Mark, voice only)",,Male,,Sky People The 100 (Peter),,Unknown (Mark) 12-19 (Peter)
Masayo Takada,https://the100.fandom.com/wiki/Masayo_Takada,https://static.wikia.nocookie.net/thehundred/images/8/88/Masayo_Takada_%28Contents_Under_Pressure%29.png/revision/latest/scale-to-width-down/268?cb=20250829044930,Pilot,Earth (current) The Ark (former) The camp,,,Contents Under Pressure,,,One,,Unknown,,Female,,Sky People The 100,,16-18
Maya Vie,https://the100.fandom.com/wiki/Maya_Vie,https://static.wikia.nocookie.net/thehundred/images/3/3f/Maya.jpg/revision/latest/scale-to-width-down/268?cb=20160314173644,The 48,"Mount Weather , Earth",Radiation poisoning,Melty Girl (by Josephine ),Blood Must Have Blood (Part 2) (physical) Nevermind (hallucination),Deceased,,"Two , Six",Clarke Griffin Bellamy Blake Monty Green (indirectly),Eve Harlow,Sgt. Lovejoy (indirectly),Female,Medical assistant,Mountain Men Delinquents Resistance Against Harvest Project,Vincent Vie † (father) Unnamed Mother † Jasper Jordan † (boyfriend),18
Mel,https://the100.fandom.com/wiki/Mel,https://static.wikia.nocookie.net/thehundred/images/e/e7/MelCrop.jpg/revision/latest/scale-to-width-down/268?cb=20141128015210,Many Happy Returns,The Ark (former) Earth (former) Arkadia (former),,,Human Trials,Unknown (either deceased or transcended),,Two,,Tanaya Beatty,,Female,,Sky People,,Unknown
Minor Characters,https://the100.fandom.com/wiki/Mentioned-Only_Characters,,,,,,,,,,,,,,,,,
Michael Vinson,https://the100.fandom.com/wiki/Michael_Vinson,https://static.wikia.nocookie.net/thehundred/images/f/fb/5x09_Vinson_Crop.png/revision/latest/scale-to-width-down/268?cb=20190702010002,Shifting Sands,Earth (current) Shallow Valley (former) Eligius IV (former) Asteroid Mining Penal Colony (former),Electrocuted to death with his shock collar,,Damocles (Part 1),Deceased,2000s; Earth,Five,Abigail Griffin,Mike Dopud,Multiple unnamed people [ 1 ] (pre-apocalypse) Two Eligius prisoners Marcus Kane I,Male,,Eligius Prisoners,,
Mike Bogdanovic,https://the100.fandom.com/wiki/Mike_Bogdanovic,https://static.wikia.nocookie.net/thehundred/images/d/de/Delinquent_featured_in_Pilot.PNG/revision/latest/scale-to-width-down/268?cb=20201105103731,Pilot,Earth (current) The Ark (former) The camp,,,Murphy's Law,Unknown,,One,,Unknown,,Male,,Sky People The 100,,16-18
Miles Shaw,https://the100.fandom.com/wiki/Miles_Shaw,https://static.wikia.nocookie.net/thehundred/images/7/78/5x01_Miles_Shaw.jpg/revision/latest?cb=20200108124052,Eden,"Alpha (former) Earth (former) Saginaw, Michigan, US (former) Shallow Valley (former) Eligius IV (former)",Radiation exposure,Shaw Lieutenant,Sanctum,"Deceased , 2281 ; Alpha",mid 2020s; Earth,"Five , Six",Radiation shield,Jordan Bolger,2 Eligius Prisoners Virgil,Male,US Navy SEAL (former) Pilot (former),Wonkru Eligius Corporation (former) Eligius Prisoners (former) Spacekru,Raven Reyes (girlfriend),"20s (biologically) 130s (chronologically, during S5) 260s (chronologically, end of S5)"
Minor Characters,https://the100.fandom.com/wiki/Minor_Characters,,,,,,,,,,,,,,,,,
Miranda Mason,https://the100.fandom.com/wiki/Miranda_Mason,https://static.wikia.nocookie.net/thehundred/images/a/a1/Miranda_IX.png/revision/latest/scale-to-width-down/268?cb=20240712141914,Red Sun Rising,Earth (former) Eligius III (former) Alpha (former) Sanctum (former) Eligius IV (former),Shot (prime) Stabbed in the neck (VIII) Floated (IX),Miranda VIII Miranda IX Miranda Prime,The Blood of Sanctum,"Deceased , 2281 ; Eligius IV",,Six,Madi Griffin (VIII) Clarke Griffin (IX),Lucia Walters (VIII) Kat Ruston (IX),,Female,Prime Doctor,Primes Sanctumites Mission Team Alpha (former) Eligius Corporation (former),Caleb Mason † (husband) Jasmine Mason † (daughter),250-290's (chronologically) Mid 40s (body of her previous host) 30s (body of her last host)
Miss Lucy,https://the100.fandom.com/wiki/Miss_Lucy,https://static.wikia.nocookie.net/thehundred/images/7/7e/Miss_Lucy.jpg/revision/latest/scale-to-width-down/268?cb=20180518191310,Twilight's Last Gleaming,The Ark,Unknown,,Contents Under Pressure,Deceased,,One,,Jane Craven,,Female,,Sky People,Reese Lemkin (dependent),
Monty Green,https://the100.fandom.com/wiki/Monty_Green,https://static.wikia.nocookie.net/thehundred/images/b/ba/Monty_season_5.jpg/revision/latest/scale-to-width-down/268?cb=20180530215924,Pilot,Earth (former) The Ark (former) The Camp (former) Mount Weather (former) Arkadia (former) Becca's Island (former) Go-Sci Ring (former) Shallow Valley (former) Second Dawn Bunker (former) Eligius IV (former),Unknown (presumably of old age),Mr. Green Dad (by his son ),Damocles (Part 2) (physical) Nevermind (hallucination),"Deceased , around 2206 ; onboard Eligius IV",,"One , Two , Three , Four , Five , Six",,Christopher Larkin,"Several Trikru warriors including Tris (indirectly; alongside Jasper and Raven) 1 Mount Weather guard Around 350 remaining inhabitants of Mount Weather (indirectly) 8 members of A.L.I.E.'s Cult (consciousness; alongside Raven Reyes ) Hannah Green (physical and consciousness) Several Azgeda slavers at Farm Station (alongside Bellamy Blake , Bryan , Harper and Nathan Miller ) Dakiva (alongside Bellamy Blake , Bryan , Harper and Nathan Miller ) Tybe (caused)",Male,Engineer Agriculture Scientist Arkadia Guard (former),Wonkru The 100 Sky People Pike's Faction (former) Kane's Faction Resistance Against A.L.I.E. Spacekru,Hannah Green † (mother) Unnamed Father † (mentioned) Anna Rae Green † (grounder ancestor) Jasper Jordan † (best friend; brother figure) Harper McIntyre † (life partner) Jordan Green (son),Under 18 (S1-4) 23-24 (end of S4) 70s-80s (end of S5)
Myles,https://the100.fandom.com/wiki/Myles,https://static.wikia.nocookie.net/thehundred/images/a/af/Myles1x11.png/revision/latest/scale-to-width-down/268?cb=20140607153634,The Calm,Earth (current) The Ark (former) The Camp,Asphyxiation,,We Are Grounders (Part 1),Deceased,,Season One,John Murphy,Brendan Meyer,,Male,Gunner,Sky People The 100,,15-17
Nate Miller,https://the100.fandom.com/wiki/Nate_Miller,https://static.wikia.nocookie.net/thehundred/images/b/b2/716_promo_16_Miller_crop.jpg/revision/latest/scale-to-width-down/268?cb=20210423190044,Contents Under Pressure,Earth (current) The Ark (former) The Camp (former) Mount Weather (former) Arkadia (former) Becca's Island (former) Second Dawn Bunker (former) Eligius IV (former) Alpha (former) Sanctum (former) Bardo (former),,Nate Miller,The Last War,Alive,,"One , Two , Three , Four , Five , Six , Seven",,Jarod Joseph,"Several Grounders 1 Mount Weather guard 1 Azgeda warrior Several Azgeda slavers at Farm Station (alongside Bellamy , Monty , Bryan and Harper )",Male,Bellamy's Militia (former) Arkadia Guard (former) Wonkru Guard (former),Sky People The 100 Kane's Faction Resistance Against A.L.I.E. Wonkru Finalkru,David Miller † (father) Raine Miller † (grounder ancestor) Bryan † (ex-boyfriend) Eric Jackson (boyfriend),"17 or 18 ( S1 - S4 ) 24 ( S5 ) 149 (chronologically, S6 - S7 )"
Nelson,https://the100.fandom.com/wiki/Nelson,https://static.wikia.nocookie.net/thehundred/images/9/91/712_Nelson.jpg/revision/latest/scale-to-width-down/268?cb=20200813223613,Ashes to Ashes,"Sanctum , Alpha",Shot in the head,Sachin (birth name),The Stranger,Deceased,,"Six , Seven",Sheidheda,Lee Majdoub,,Male,Leader of a COG unit Leader of the Children of Gabriel,Children of Gabriel,Paula (mother) Zahir † (father),
Nia,https://the100.fandom.com/wiki/Nia,https://static.wikia.nocookie.net/thehundred/images/1/1a/304_nia_preview.jpg/revision/latest/scale-to-width-down/267?cb=20201128020027,Ye Who Enter Here,Earth,Speared,Ice Queen Queen Nia Highness,Ashes to Ashes (flashback),"Deceased , 2150; Polis",,"Three , Six",Lexa,Brenda Strong,Costia 49 Sky People in Mount Weather,Female,Queen of the Ice Nation (former),Azgeda,Roan † (son) Theo † (father),
Nikki,https://the100.fandom.com/wiki/Nikki,https://static.wikia.nocookie.net/thehundred/images/2/27/Nikki_7x03.jpg/revision/latest/scale-to-width-down/268?cb=20200626161711,From the Ashes,Earth (former) Shallow Valley (former) Eligius IV (former) Alpha (former) Sanctum (former) Bardo (former),,Niks (by Hatch) Honey bunny (by Hatch) Machine Gun Annie Convict (by Sheidheda ),The Last War,Transcended,,Seven,,Alaina Huffman,2 cops Bank robbery hostages (alongside Hatch ),Female,Leader of the Eligius Prisoners Prisoner (former) Bank robber (former),Eligius Prisoners Sheidheda (former) Wonkru,Hatch † (husband),
Niylah,https://the100.fandom.com/wiki/Niylah,https://static.wikia.nocookie.net/thehundred/images/c/c2/Niylah_in_the_Last_Season_Finale.png/revision/latest/scale-to-width-down/268?cb=20210311234142,Wanheda (Part 1),Earth (current) Her Trading Post (former) Arkadia (former) Second Dawn Bunker (current) Eligius IV (former) Alpha (former) Sanctum (former) Bardo (former),,,The Last War,Alive,,"Three , Four , Five , Six , Seven",,Jessica Harmon,,Female,Trading Post Worker (former) Medical Assistant,Trikru Resistance Against A.L.I.E. (only briefly during the events at her post) Sky People Wonkru Finalkru,Unnamed Trikru Father † Unnamed Azgeda Mother †,
Nygel,https://the100.fandom.com/wiki/Nygel,https://static.wikia.nocookie.net/thehundred/images/2/29/Murphy%27s_Law_033_%28Nygel%29.png/revision/latest/scale-to-width-down/268?cb=20160901160534,Murphy's Law,The Ark,,,Murphy's Law,Deceased,,One,,Saidah Arrika Ekulona,,Female,Culinary Tech In charge of black market,Sky People,,
Nyko,https://the100.fandom.com/wiki/Nyko,https://static.wikia.nocookie.net/thehundred/images/f/f4/Nyko.jpg/revision/latest/scale-to-width-down/268?cb=20141029195144,Inclement Weather,Earth,Shot in the back multiple times (blood loss),,A Lie Guarded,Deceased,,"Two , Three , Four",A.L.I.E. 's drone,Ty Olsson,,Male,Healer,Trikru,,
Obika,https://the100.fandom.com/wiki/Obika,https://static.wikia.nocookie.net/thehundred/images/5/52/505_Obika.png/revision/latest/scale-to-width-down/268?cb=20230302020652,The Chosen,Earth Second Dawn Bunker Polis,Parasitic worms,,Shifting Sands,Deceased,,"Four , Five",Parasitic worms,Christopher Jordan Judge,,Male,Warrior,Azgeda Wonkru,,30s
Octavia Blake,https://the100.fandom.com/wiki/Octavia_Blake,https://static.wikia.nocookie.net/thehundred/images/5/53/A_Sort_of_Homecoming_-_Octavia_Blake.jpg/revision/latest/scale-to-width-down/268?cb=20200911003413,Pilot,Earth (current) The Ark (former) The Camp (former) Arkadia (former) Polis (former) Second Dawn Bunker (former) Eligius IV (former) Alpha (former) Sanctum (former) Skyring (former) Bardo (former),,O (by Bellamy Blake ) Girl under the floor Grounder Pounder Sky Girl Okteivia kom Skaikru (Octavia of the Sky People ) Pocahontas Okteivia kom Trikru (Octavia of the Woods Clan ) Skairipa (Death from Above) Osleya (Champion) Queen of the Grounders (by Murphy ) Blodreina (Red Queen) Queen of Cannibals (by Bellamy Blake ) Aunty O (by Hope Diyoza ) Miss Blake,The Last War,Alive,2132; The Ark,"One , Two , Three , Four , Five , Six , Seven",,Marie Avgeropoulos Olivia Steele-Falconer (child) Paloma Kwiatkowski ( Blodreina double),"Several Grounders and Mount Weather guards Charles Pike Ilian (mercy kill) Luna 364 Sky People (indirectly, ordered to get them out) ~400 members of Wonkru (indirectly, ordered them to march on Shallow Valley) Tosh",Female,Indra 's second (former) Warrior (former) Assassin (former) Osleya / Blodreina (leader of Wonkru ; former),Finalkru The 100 Sky People (former) Grounders Trikru (former) Kane's Faction Resistance Against A.L.I.E. Wonkru (founder) Disciples (feigned),Bellamy Blake † (maternal half-brother) Unnamed Father † Aurora Blake † (mother) Tracy Blake † (grounder ancestor) Lincoln † (former boyfriend) Indra (mother figure) Hope Diyoza (niece figure) Charmaine Diyoza † (sister figure) Echo (declared family) Clarke Griffin (declared family) Levitt (boyfriend),"17 (S1–4) 23 (S5-6) 33-34 (end of S6-7) 158-159 (chronologically, end of S7)"
Olivier Grard,https://the100.fandom.com/wiki/Olivier_Grard,https://static.wikia.nocookie.net/thehundred/images/7/74/Olivier_Grard_Pilot.png/revision/latest/scale-to-width-down/268?cb=20250828193754,Pilot,Earth (current) The Ark (former) The camp,Battle with the Grounders]],,His Sister's Keeper,Deceased,,One,,Unknown,,Male,,Sky People The 100 Bellamy's Militia,,16-18
Ontari,https://the100.fandom.com/wiki/Ontari,https://static.wikia.nocookie.net/thehundred/images/2/20/Ontari.jpg/revision/latest/scale-to-width-down/268?cb=20160209081137,Watch the Thrones,Earth Polis City of Light (former),Brain damage from being struck in the head with a pipe,Heda ( Commander in Trigedasleng ) Ice Nation Commander (by Roan ) Heir to Bekka Pramheda,Perverse Instantiation (Part 2) (physical) Echoes (corpse),Deceased 2150; Polis,,Three,Thelonious Jaha A.L.I.E. (ordered),Rhiannon Fish,Nightbloods from her Conclave (including Aden ) Titus (indirectly),Female,Commander of the 12 Clans (by ruse; former),"Azgeda Coalition (by ruse, former) A.L.I.E.'s Cult (former)",,
Orlando,https://the100.fandom.com/wiki/Orlando,https://static.wikia.nocookie.net/thehundred/images/b/bb/704_Orlando.jpeg/revision/latest/scale-to-width-down/268?cb=20200612020814,The Garden,Bardo (former) Skyring (former) Nakara (current),Hanged himself,Master Orlando,The Queen's Gambit (corpse),Deceased,,Seven,Himself Echo (caused),Darren Moore,,Male,Level 12 Disciple (former),Disciples (former),,40s
Osias,https://the100.fandom.com/wiki/Osias,https://static.wikia.nocookie.net/thehundred/images/1/1c/Osias2_2x4.png/revision/latest/scale-to-width-down/268?cb=20150722054227,Many Happy Returns,Earth,,,Many Happy Returns,Unknown (presumably deceased ),,Two,,Chad Riley,,Male,Nomad,His family Nomadic Grounders,Sienna (wife) Zoran (son),
Otan,https://the100.fandom.com/wiki/Otan,https://static.wikia.nocookie.net/thehundred/images/6/63/Otan_3x05.PNG/revision/latest/scale-to-width-down/268?cb=20160219080042,Rubicon,Earth (former) Dead Zone (former) City of Light (former),Shot,,Hakeldama,Deceased,,"Two , Three",Shawn Gillmer,Mik Byskov,,Male,,Nomadic Grounders A.L.I.E.'s Cult,Emori (sister),18/19
Otis,https://the100.fandom.com/wiki/Otis,https://static.wikia.nocookie.net/thehundred/images/d/d6/706_Otis_-_big_crop.png/revision/latest/scale-to-width-down/268?cb=20200625150015,Nakara,Earth (former) Second Dawn Bunker (former) Eligius IV (former) Sanctum (current) Alpha (current),Shot,Otis,Blood Giant,Deceased,2110-2120; ( Earth ),Seven,Disciples Bill Cadogan (ordered),Josh Collins,,Male,Warrior,Wonkru Sangedakru,,30-40 155-165 (chronologically)
Paul Slater,https://the100.fandom.com/wiki/Paul_Slater,https://static.wikia.nocookie.net/thehundred/images/4/4b/Delinquent_Paul_Slater_in_Murphy%27s_Law.PNG/revision/latest/scale-to-width-down/268?cb=20200926134054,Pilot,Earth (current) The Ark (former) The camp,,,Contents Under Pressure,Unknown,,One,,Unknown,,Male,,Sky People The 100 Bellamy's Militia,,16-18
Paula,https://the100.fandom.com/wiki/Paula,https://static.wikia.nocookie.net/thehundred/images/8/81/707_Paula.png/revision/latest/scale-to-width-down/267?cb=20200702140750,The Queen's Gambit,Sanctum (current) Alpha (current),,Paula,The Stranger,Transcended,,Seven,,Deni DeLori,,Female,,Sanctumites The Faithful,Zahir † (husband) Nelson † (son),50s-60s
Paxton McCreary,https://the100.fandom.com/wiki/Paxton_McCreary,https://static.wikia.nocookie.net/thehundred/images/0/0d/5x09_-_Paxton_McCreary.jpg/revision/latest/scale-to-width-down/268?cb=20180709235355,Eden,Earth Asteroid Mining Penal Colony (former) Eligius IV (former) Shallow Valley,Head stomped in,Graveyard Mass murderer (by Madi),Damocles (Part 2),"Deceased , 2156; onboard Gagarin",1990s; Earth,Five,Clarke Griffin,William Miller,Captain Stevens Wayne Szybanks Several prisoners from Diyoza's group 5 Wonkru members,Male,Mob/cartel enforcer (former) [ 1 ] Leader of a faction of Eligius prisoners,Crime syndicate (former) Eligius Prisoners,Hope Diyoza (daughter),Mid-40s (biologically) Mid-160s (chronologically)
Penn,https://the100.fandom.com/wiki/Penn,https://static.wikia.nocookie.net/thehundred/images/f/f5/710_Penn.jpg/revision/latest/scale-to-width-down/268?cb=20200731130941,Reapercussions,Earth (former) Tondc (former) Second Dawn Bunker (former) Eligius IV (former) Alpha (current) Sanctum (current),,,The Last War,Transcended,,"Two , Seven",,Luc Roderique,Reapers 1 Mount Weather Guard 1 Children of Gabriel member,Male,Warrior,Trikru Wonkru,,Unknown
Peri Gordon,https://the100.fandom.com/wiki/Peri_Gordon,https://static.wikia.nocookie.net/thehundred/images/4/43/3x07_Peri_Gordon.png/revision/latest/scale-to-width-down/268?cb=20160314231901,Thirteen,Earth,Destruction of Polaris,Doctor,Thirteen,Deceased,,Three,Alpha Station Becca (indirectly and unintentionally),Yasmine Aker,,Female,Lab assistant [ 1 ] Scientist,Infinity Corporation Polaris,,20s [ 1 ]
Picasso,https://the100.fandom.com/wiki/Picasso,https://static.wikia.nocookie.net/thehundred/images/1/12/701_Picasso_crop.png/revision/latest/scale-to-width-down/268?cb=20200916162515,The Children of Gabriel,The Palace (former) The Farmhouse (former) Earth (current),,,The Last War,Alive,,"Six , Seven",,Picasso,,Female,,Finalkru Sanctumites ( transcended ) Nightbloods (presumably),Russell Lightbourne † (former owner) Simone Lightbourne † (former owner) Clarke's friends (owners) Madi Griffin (former owner),
Priya Desai,https://the100.fandom.com/wiki/Priya_Desai,https://static.wikia.nocookie.net/thehundred/images/8/87/6x12_Priya_the_7th_crop.jpg/revision/latest/scale-to-width-down/268?cb=20200307013927,Red Sun Rising,Earth (former) Alpha (former) Sanctum (former),Shot (prime) Stabbed (VII) Mind Drive smashed,Priya VII Priya Prime Mother (by Ryker),Adjustment Protocol,Deceased,,Season Six,Russell Lightbourne (prime) Blythe Ann Workman (VII) Russell Lightbourne (Mind Drive),Ashleigh LaThrop (VII),,Female,Prime Mechanic Engineer,Primes Sanctumites Mission Team Alpha (former) Eligius Corporation (former),Ryker Desai † (son),260-290's (chronologically) 21 (body of her last host)
Quint,https://the100.fandom.com/wiki/Quint,https://static.wikia.nocookie.net/thehundred/images/7/7b/Quint.png/revision/latest/scale-to-width-down/268?cb=20150131043240,Survival of the Fittest,Earth,Wounded by Lexa to be attacked by Pauna,,Survival of the Fittest,Deceased,,Season Two,Pauna Lexa (indirectly),Graham Shiels,,Male,Warrior,Trikru,Unnamed brother †,
Minor Characters,https://the100.fandom.com/wiki/Rafel,,,,,,,,,,,,,,,,,
Randy Smith,https://the100.fandom.com/wiki/Randy_Smith,https://static.wikia.nocookie.net/thehundred/images/9/9a/Randy_Smith_%28Twilight%27s_Last_Gleaming%29.png/revision/latest?cb=20250829001159,Pilot,Earth (current) The Ark (former) The camp,,,Twilight's Last Gleaming,Unknown,,One,,Unknown,,Male,,Sky People The 100,,16-18
Raven Reyes,https://the100.fandom.com/wiki/Raven_Reyes,https://static.wikia.nocookie.net/thehundred/images/2/2d/Raven_crow.jpg/revision/latest/scale-to-width-down/268?cb=20240405164343,Earth Skills,The Ark (former) Earth (current) The Camp (former) Arkadia (former) City of Light (former) Becca's Island (former) Go-Sci Ring (former) Shallow Valley (former) Eligius IV (former) Alpha (former) Sanctum (former) Bardo (former),Frozen to death (temporarily; revived),"Little Bird (by Nygel ) Reyes (by Sinclair , Murphy and Sheidheda ) Ms. Morality (by Murphy ) McCreary's Guest (by Hatch ) Baby (by Abby ) Honey (by Abby )",The Last War,Alive,"2131, Mecha Station , The Ark","One , Two , Three , Four , Five , Six , Seven",Herself (temporarily; revived),Lindsey Morgan,Several Trikru warriors including Tris (alongside Jasper and Monty) 300 Trikru warriors (alongside Clarke and Jasper) Ice Nation assassin 8 members of A.L.I.E.'s Cult (consciousness; alongside Monty Green ) Hannah Green (consciousness; alongside Monty Green ) A.L.I.E. 2.0 (terminated) Hatch (indirectly caused) 3 Eligius Prisoners (indirectly caused) 7 Disciples Captain Meredith,Female,Mechanic Zero-G Mechanic (former) Pilot,Finalkru Wonkru (former) The 100 (honorary member) Sky People A.L.I.E.'s Cult (former) Resistance Against A.L.I.E. Spacekru,"Unnamed mother † (mentioned) Finn Collins † (ex-boyfriend) Kyle Wick † (ex-boyfriend) Miles Shaw † (late boyfriend) Jacapo Sinclair † (father figure) Abigail Griffin † (declared family, mother figure) Echo (declared sister) Clarke Griffin (declared family)","19 (S1-4) 24 (S5-7) 149 (chronologically, S6-7)"
Rebecca Lee,https://the100.fandom.com/wiki/Rebecca_Lee,https://static.wikia.nocookie.net/thehundred/images/3/39/Rebecca_Lee_%28Pilot%29.png/revision/latest/scale-to-width-down/268?cb=20250828211354,Pilot,Earth (current) The Ark (former) The camp,,,Twilight's Last Gleaming,Unknown,,One,,Unknown,,Female,,Sky People The 100,,16-18
Red,https://the100.fandom.com/wiki/Red,https://static.wikia.nocookie.net/thehundred/images/5/5a/Red.jpg/revision/latest/scale-to-width-down/268?cb=20170209005817,Earth Skills,The Ark,Exodus ship explosion,,Unity Day,Deceased,,One,Mountain Men,Ben Cotton,,Male,Mechanic,Sky People Diana Sydney,,
Reese Cadogan,https://the100.fandom.com/wiki/Reese_Cadogan,https://static.wikia.nocookie.net/thehundred/images/1/1c/Reese_Cadogan_708_crop.jpg/revision/latest/scale-to-width-down/268?cb=20200703184357,Thirteen,Earth Second Dawn Bunker,,Greese (by his sister ),Anaconda,Unknown (presumably deceased),,"Three , Five , Seven",,Adain Bradley,Becca Franko,Male,Disciple,Second Dawn (former) Disciples (former),Bill Cadogan † (father) Grace Cadogan † (mother) Callie Cadogan † (sister) Unnamed grandfather † Unnamed Grandmother,
Rex,https://the100.fandom.com/wiki/Rex,https://static.wikia.nocookie.net/thehundred/images/7/7e/706_Rex.png/revision/latest/scale-to-width-down/267?cb=20200625142310,Nakara,"Sanctum , Alpha",,,Blood Giant,Transcended,,Seven,,Sean Quan,,Male,,Sanctumites,Unnamed mother Unnamed father Possible younger brother,
Minor Characters,https://the100.fandom.com/wiki/Rhanda,,,,,,,,,,,,,,,,,
Richards,https://the100.fandom.com/wiki/Richards,https://static.wikia.nocookie.net/thehundred/images/4/4c/Richards_2x14.png/revision/latest/scale-to-width-down/268?cb=20150605035457,Survival of the Fittest,The Ark (former) Earth (former) Arkadia (former),Eaten by Giant Lamprey,,Blood Must Have Blood (Part 2),Deceased,,Season Two,Thelonious Jaha,James Pizzinato,,Male,Camp Jaha Guard,Sky People Jaha's followers,,
Riley,https://the100.fandom.com/wiki/Riley,https://static.wikia.nocookie.net/thehundred/images/e/ef/RileyDNR.png/revision/latest/scale-to-width-down/268?cb=20170427205134,Heavy Lies the Crown,Earth (current) The Ark (former) Arkadia (current),Drug Overdose,,The Other Side,Deceased,,Four,Himself,Ben Sullivan,Tybe Himself,Male,,Sky People,,
Rivo,https://the100.fandom.com/wiki/Rivo,https://static.wikia.nocookie.net/thehundred/images/d/dc/CapturedGrounder_2x03.jpg/revision/latest/scale-to-width-down/268?cb=20141123232041,Reapercussions,Earth (current),,,Human Trials,Unknown (presumably deceased),,Season Two,,Colin Lawrence,,Male,Warrior,Trikru,,
Roan,https://the100.fandom.com/wiki/Roan,https://static.wikia.nocookie.net/thehundred/images/4/46/4x05_Roan_Crop.png/revision/latest/scale-to-width-down/268?cb=20190729050958,Wanheda (Part 1),Earth Polis (former) Becca's Island (former),Black rain (indirectly) Drowned in fountain (during Final Conclave ),Prince Roan King Roan Haihefa (King in Trigedasleng ) Keeper of the Flame (self-proclaimed) Highness Sire,"Die All, Die Merrily (physical) From the Ashes (hallucination)","Deceased , 2150 ; Polis",2120s-2130s; Earth,"Three , Four , Seven",Luna,Zach McGowan,Three Azgeda Warriors Anat Fio,Male,King of Azgeda Head of the Coalition (acting; former) Flamekeeper (acting; former) Prince of Azgeda (former) Bounty Hunter (former),Azgeda (formerly banished by Lexa ) Resistance Against A.L.I.E. Coalition (former),Queen Nia † (mother) King Theo † (grandfather),
Robert,https://the100.fandom.com/wiki/Robert,https://static.wikia.nocookie.net/thehundred/images/a/a7/Robert_%28Sic_Semper_Tyrannis%29.PNG/revision/latest/scale-to-width-down/268?cb=20230303173103,How We Get to Peace,,Stabbed with a pickaxe,,Sic Semper Tyrannis,Deceased,,Five,Paxton McCreary,Jeremy Jones,,Male,,Eligius Prisoners,,40s
Robert Stanhope,https://the100.fandom.com/wiki/Robert_Stanhope,https://static.wikia.nocookie.net/thehundred/images/9/9b/Robert_Stanhope_%28Pilot%29.PNG/revision/latest?cb=20200926131035,Pilot,Earth (current) The Ark (former) The camp,,,Contents Under Pressure,Unknown,,One,,Unknown,,Male,,Sky People The 100 Bellamy's Militia,,16-18
Rock Line Thief,https://the100.fandom.com/wiki/Rock_Line_Thief,https://static.wikia.nocookie.net/thehundred/images/e/e6/4x07_Boudalan_thief.png/revision/latest/scale-to-width-down/268?cb=20170323214151,Gimme Shelter,Earth Becca's Island,Radiation poisoning,""" Baylis """,God Complex,Deceased,,Four,Eric Jackson Abigail Griffin Emori (indirectly),Bradley Stryker,,Male,,Boudalankru,,
Roma Bragg,https://the100.fandom.com/wiki/Roma_Bragg,https://static.wikia.nocookie.net/thehundred/images/f/fd/RomaFullCrop.png/revision/latest/scale-to-width-down/268?cb=20140510150100,Twilight's Last Gleaming,Earth The Ark (former) The Camp,Spear to the chest,,His Sister's Keeper Join or Die (flashback),Deceased,,One Three (flashback),Grounders,Celia Reid,,Female,,Sky People The 100 Bellamy's Militia,Unnamed parents,17
Rose,https://the100.fandom.com/wiki/Rose,https://static.wikia.nocookie.net/thehundred/images/1/12/6x03_Rose.png/revision/latest/scale-to-width-down/267?cb=20190515143957,Red Sun Rising,Sanctum,Shot in the chest,,The Face Behind the Glass,Deceased,2274; Sanctum,Six,Tosh,Amélie Eve,,Female,Future host of Jasmine Mason,Sanctumites Nightbloods Primes,Unnamed Father Unnamed Mother,7
Roz Rankin,https://the100.fandom.com/wiki/Roz_Rankin,https://static.wikia.nocookie.net/thehundred/images/a/ae/5x03_Rankin.jpg/revision/latest/scale-to-width-down/268?cb=20180509232438,Sleeping Giants,Earth (current) Shallow Valley (former) Eligius IV (former),Bomb explosion,,Exit Wounds,Deceased,,Five,Emori John Murphy,Elfina Luk,,Female,Prisoner,Eligius Prisoners,,30s-40s
Russell Lightbourne,https://the100.fandom.com/wiki/Russell_Lightbourne,https://static.wikia.nocookie.net/thehundred/images/6/63/Russell_610_crop.jpg/revision/latest/scale-to-width-down/268?cb=20200320013826,Red Sun Rising,Earth (former) Eligius III (former) Alpha (former) Sanctum (former) Eligius IV (former),Consciousness destroyed,Russell Prime Russell VII Holiness The King [ 1 ] Zeus (by Ryker ) Lord (by Alyssa ),From the Ashes,"Deceased , 2281 ; Sanctum","1990s-2000s, Earth","Six , Seven",Sheidheda (consciousness) Clarke Griffin (consciousness; caused),JR Bourne (last host) Sean Maguire (prime),Simone Lightbourne I Josephine Lightbourne I Faye Lee I Caleb Mason I Miranda Mason I Jasmine Mason I Ryker Desai I Tai Sr. Abigail Griffin Jade Sierra Bryson Layla (indirectly) Tory (indirectly) Several unnamed Sanctumites (indirectly) Priya Desai (consciousness),Male,King of Sanctum (former) [ 1 ] Prime Mission Team Alpha leader (former) Astronomer (former),Eligius Corporation (former) Mission Team Alpha (former) Primes Sanctumites,Simone Lightbourne † (wife) Josephine Lightbourne † (daughter) Unnamed father † Unnamed sister †,Mid 40s (as of Eligius III 's arrival) 285-290's (chronologically) Late 40s (body of his final host)
Ryder,https://the100.fandom.com/wiki/Ryder,https://static.wikia.nocookie.net/thehundred/images/6/64/Ryder.jpg/revision/latest/scale-to-width-down/268?cb=20150818091526,Remember Me,Earth,,,Bodyguard of Lies,Unknown,,Two,,Glenn Ennis,,Male,Warrior/Bodyguard,Trikru,,
Ryker Desai,https://the100.fandom.com/wiki/Ryker_Desai,https://static.wikia.nocookie.net/thehundred/images/8/86/6x04_Ryker.png/revision/latest/scale-to-width-down/268?cb=20190522180516,Red Sun Rising,Earth (former) Alpha (current) Sanctum (current),Stabbed in the stomach (IX),Ryker IX Ryker Prime,Adjustment Protocol (corpse),"Deceased (body, 2281 ; Sanctum ) Dormant ( Mind Drive )",2020s-2030's; Earth,Six,Russell Lightbourne I (prime) Echo (IX),Thomas Cocquerel (IX),,Male,Engineer Mechanic Prime,Eligius Corporation (former) Mission Team Alpha (former) Sanctumites Primes,Priya Desai † (mother),10's (prime) 20's (last host) 206 (when he got last body)
Sasha Walgrove,https://the100.fandom.com/wiki/Sasha_Walgrove,https://static.wikia.nocookie.net/thehundred/images/c/cf/Unseen_character.png/revision/latest/scale-to-width-down/268?cb=20160831044715,The 100,Earth (current),,,Homecoming,Deceased,,,,,,Female,,Earthborns,Unnamed mother † (mother) Max Walgrove (father) Wells Jaha (boyfriend),
Seiku,https://the100.fandom.com/wiki/Seiku,https://static.wikia.nocookie.net/thehundred/images/7/75/4x06_Seiku.png/revision/latest/scale-to-width-down/268?cb=20170604015924,Echoes,,Stabbed,,We Will Rise,Deceased,,Four,"Esop and Anat, the Azgeda traitors",Jarett John,,Male,,Azgeda,,
Semet,https://the100.fandom.com/wiki/Semet,https://static.wikia.nocookie.net/thehundred/images/2/2f/3x06_Semet.png/revision/latest/scale-to-width-down/268?cb=20160313174705,Bitter Harvest,Earth,Stabbed in the throat,,Thirteen,Deceased,,Three,Titus,Zak Santiago,,Male,Chieftain of Rendon [ 1 ],Trikru,Unnamed brother † Unnamed wife † Unnamed sons †,
Seth Kettrick,https://the100.fandom.com/wiki/Seth_Kettrick,https://static.wikia.nocookie.net/thehundred/images/0/0a/Delinquent_has_wrist_band_removed_%28Earth_Skills%29.PNG/revision/latest/scale-to-width-down/268?cb=20201106113510,Pilot,Earth (current) The Ark (former) The camp,,,Pilot,Unknown,,One,,Unknown,,Male,,Sky People The 100,,16-18
The Lovejoy Family,https://the100.fandom.com/wiki/Sgt._Lovejoy_and_Little_Lovejoy,https://static.wikia.nocookie.net/thehundred/images/2/27/Lovejoy2_2x11.png/revision/latest/scale-to-width-down/268?cb=20150523212826,Coup de Grâce,Earth ( Mount Weather ),Strangled (Sgt. Eric Lovejoy) Radiation poisoning (son),,Coup de Grâce,Deceased,Mount Weather,Two,Bellamy Blake Maya Vie and Echo (indirectly) (Sgt. Eric Lovejoy) Clarke Griffin and Bellamy Blake Monty Green (indirectly) (Son),Eric Breker (Sgt. Lovejoy) Liam O'Neill (son),,Male,Mount Weather Guard (father) Student (son),Mountain Men,,Unknown (Sgt. Eric Lovejoy) approx. 5-7 (son)
Sgt. Scott,https://the100.fandom.com/wiki/Sgt._Scott,https://static.wikia.nocookie.net/thehundred/images/b/b2/Sgt._Scott.jpg/revision/latest?cb=20150107220718,Fog of War,,,,Fog of War,Deceased,,Two,Reapers,Warren Belle,,Male,Camp Jaha Guard,Sky People,,
Shalia Edl,https://the100.fandom.com/wiki/Shalia_Edl,https://static.wikia.nocookie.net/thehundred/images/8/88/Earth_Skills.png/revision/latest/scale-to-width-down/268?cb=20250828060758,Pilot,Earth (current) The Ark (former) The Camp,,,Earth Skills,Unknown,,One,,Unknown,,Male,,Sky People The 100,,16-18
Shawn Gillmer,https://the100.fandom.com/wiki/Shawn_Gillmer,https://static.wikia.nocookie.net/thehundred/images/a/a4/3x05_Shawn_Gillmer.PNG/revision/latest/scale-to-width-down/268?cb=20160219080014,Watch the Thrones,The Ark (former) Earth Arkadia,Stabbed,,Fallen,Deceased,,Three,Octavia Blake,Shaine Jones,Otan,Male,Arkadia Guard,Sky People Pike's Faction,Unnamed son †,
Shay,https://the100.fandom.com/wiki/Shay,https://static.wikia.nocookie.net/thehundred/images/8/8e/3x14_Shay.png/revision/latest/scale-to-width-down/268?cb=20160506153909,Red Sky at Morning,Floukru's Oil Rig,Arrow,,Red Sky at Morning,Deceased,,Three,Sea Captain A.L.I.E. (indirectly),Nesta Cooper,,Female,,Floukru Resistance Against A.L.I.E. (only briefly during the events on the oil rig),,17 - 18
Sheidheda,https://the100.fandom.com/wiki/Sheidheda,https://static.wikia.nocookie.net/thehundred/images/c/c7/712_Sheidheda_II_Crop.png/revision/latest/scale-to-width-down/268?cb=20200829171210,Memento Mori,Earth (former) Polis (former) Sanctum (former) Bardo (current),Tyrannicide (original body) Blown up with a sonic cannon (Russell's host body),Sheidheda (Dark Commander in Trigedasleng ) Heda (Commander in Trigedasleng ) It Creature (by Indra ) That Thing (by Gaia ) The Demon Monster Russell Lightbourne Russell Prime The Prisoner Russ (by Murphy ) Malachi kom Sangedakru (Malachi of the Desert Clan) Cyclops (by Emori ) Heda ( Commander in Trigedasleng ) High King of Sanctum (by himself),The Last War,"Deceased , 2281 ; Bardo",,"Six , Seven",His fourth Flamekeeper (original body) Indra (Russell's host body),Dakota Daulby Lola Flanery (while possessing Madi Griffin ) JR Bourne,3 Flamekeepers Russell Lightbourne Indra 's father (caused) Approx. 30 of the Sanctumites All of the Children of Gabriel aside from Luca Nelson Gabriel Santiago 12 Disciples,Male,Commander (former) Commander of Wonkru (former) Leader of Sanctum (former),Sangedakru Madi Griffin (former) Wonkru Eligius Prisoners Disciples (former),,
Shoana,https://the100.fandom.com/wiki/Shoana,https://static.wikia.nocookie.net/thehundred/images/8/85/711_Shoana.png/revision/latest/scale-to-width-down/268?cb=20200813162217,Etherea,Bardo,,,The Stranger,Transcended,Unknown; Bardo,Seven,,Sunita Prasad,,Female,Memory Capture operator Member of the Disciple Cipher Team,Disciples,,30s
Shumway,https://the100.fandom.com/wiki/Shumway,https://static.wikia.nocookie.net/thehundred/images/b/b6/Shumway100.jpg/revision/latest/scale-to-width-down/268?cb=20210130201021,Pilot,The Ark,Wrists slit,,Day Trip,Deceased,,Season One,Lieutenant Graco Diana Sydney (ordered),Terry Chen,Aurora Blake,Male,Commander of the Ark Guard (former) Lieutenant (former),Sky People Sydney's Rebels,,Mid 30's
Sienna,https://the100.fandom.com/wiki/Sienna,https://static.wikia.nocookie.net/thehundred/images/3/3e/2x04_SienneCrop.jpg/revision/latest/scale-to-width-down/267?cb=20141126012537,Many Happy Returns,Earth,Unknown,,Many Happy Returns,Deceased,,Two,,Luvia Petersen,,Female,Mother,Her family Nomadic Grounders,Zoran (son) Osias (husband),
Sierra,https://the100.fandom.com/wiki/Sierra,https://static.wikia.nocookie.net/thehundred/images/8/83/Sierra_6x08_crop.jpg/revision/latest/scale-to-width-down/268?cb=20190801000944,The Old Man and the Anomaly,Sanctum Eligius IV (former),Mind wiped,,Adjustment Protocol,Deceased,,Six,Russell Lightbourne,Kat Ruston,,Female,Sanctum Guard,Sanctumites Primes,Gavin † (husband),30s
Simone Lightbourne,https://the100.fandom.com/wiki/Simone_Lightbourne,https://static.wikia.nocookie.net/thehundred/images/7/7f/612_Simone_in_the_body_of_Abby.png/revision/latest/scale-to-width-down/268?cb=20210808204358,Red Sun Rising,Earth (former) Eligius III (former) Alpha (former) Sanctum (former) Eligius IV (former),Axed to death (prime) Stabbed in the throat with a broken chalice (VI) Floated (VII),The Queen Simone VI [ 1 ] Simone VII Simone Prime Mrs. Lightbourne Dr. Lightbourne,The Blood of Sanctum,"Deceased , 2281 ; Eligius IV",1990s-2000s; Earth,Six,Russell Lightbourne I (prime) Tai Sr. (VI) Clarke Griffin (VII),Chelah Horsdal (prime) Tattiawna Jones (VI) Paige Turco (VII),Lee Family (minds erased) Gavin (mind wiped),Female,Prime Queen of Sanctum (former) Medical Doctor (former),Primes Sanctumites Mission Team Alpha (former) Eligius Corporation (former),Russell Lightbourne † (husband) Josephine Lightbourne † (daughter),Mid 40s (as of arrival to Alpha ) 285-290's (chronologically) Late 30s (VI) 46 (VII)
Minor Characters,https://the100.fandom.com/wiki/Sindri,,,,,,,,,,,,,,,,,
Sterling,https://the100.fandom.com/wiki/Sterling,https://static.wikia.nocookie.net/thehundred/images/7/79/Reapercussions_031_%28Sterling%29.png/revision/latest/scale-to-width-down/268?cb=20160911160426,Unity Day,Earth The Ark (former) Delinquents' Camp (former) Arkadia (former),Fell from a cliff,,Many Happy Returns,Deceased,,"One , Two",,Keenan Tracey,,Male,Gunner (former),Sky People The 100,,Under 18
Stuart Lennox,https://the100.fandom.com/wiki/Stuart_Lennox,https://static.wikia.nocookie.net/thehundred/images/5/59/Stuart_Lennox_%28pilot%29.png/revision/latest/scale-to-width-down/268?cb=20250828195442,Pilot,Earth (current) The Ark (former) The camp,,,Twilight's Last Gleaming,Unknown,,One,,Unknown,,Male,,Sky People The 100,,16-18
Tarik,https://the100.fandom.com/wiki/Tarik,https://static.wikia.nocookie.net/thehundred/images/c/cd/TarikShallow.jpg/revision/latest/scale-to-width-down/268?cb=20230314220058,Exit Wounds,Earth Shallow Valley (former) Second Dawn Bunker (former) Polis (former),Asphyxiation,,Acceptable Losses,Deceased,,Five,Indra,David Lennon,,Male,,Louwoda Kliron Kru Wonkru (former),,20s
Thelonious Jaha,https://the100.fandom.com/wiki/Thelonious_Jaha,https://static.wikia.nocookie.net/thehundred/images/b/b8/404_Jaha.jpg/revision/latest/scale-to-width-down/268?cb=20190105043721,Pilot,Earth (former) Second Dawn Bunker (former) The Ark (former) Arkadia (former) Becca's Island (former) City of Light (former),Blood loss / Perforated liver,Jaha Chancellor Chancellor Jaha Bringer of the Key (by Echo) Uncle Theo (by Ethan Hardy ),Red Queen (physical) Welcome to Bardo (flashback),"Deceased , 2150; Second Dawn Bunker",2102; The Ark,"One , Two , Three , Four , Five",Azgeda Warrior,Isaiah Washington,Overseen executions as Chancellor on the Ark Jake Griffin (ordered) 320 Sky People ( The Culling ) Craig Richards Ontari 364 Sky People ( The Second Culling ) (indirectly),Male,Engineer (former) Chancellor of the Ark (former) Preacher for A.L.I.E. (former),Sky People His Followers A.L.I.E.'s Cult (former) Wonkru,Unnamed wife † Wells Jaha † (son) Iman Jaha † (grounder ancestor) Ethan Hardy † (dependent),47
Minor Characters,https://the100.fandom.com/wiki/Theo,,,,,,,,,,,,,,,,,
Tim Bartlett,https://the100.fandom.com/wiki/Tim_Bartlett,https://static.wikia.nocookie.net/thehundred/images/5/52/Tim_Bartlett.PNG/revision/latest?cb=20160430064614,Pilot,Earth (current) The Ark (former),,,The Four Horsemen (mentioned),Unknown,,One,,Uncredited,,Male,,Sky People The 100,,16/17
Titus,https://the100.fandom.com/wiki/Titus,https://static.wikia.nocookie.net/thehundred/images/9/91/307_Titus_preview.jpg/revision/latest/scale-to-width-down/268?cb=20201126044355,Wanheda (Part 2),Earth Polis,Suicide (slit throat) ; Polis; 2150,Fleimkepa ( Flamekeeper in Trigedasleng ) Teacher (by Lexa ),Stealing Fire,Deceased,,Three,Himself,Neil Sandilands,Semet Lexa (unintentional) Himself,Male,Fleimkepa (to five Commanders ; former),Grounders Coalition,,
Minor Characters,https://the100.fandom.com/wiki/Tomac,,,,,,,,,,,,,,,,,
Tor and Reese Lemkin,https://the100.fandom.com/wiki/Tor_and_Reese_Lemkin,https://static.wikia.nocookie.net/thehundred/images/d/dd/Twilight%27s_Last_Gleaming_079_%28Tor%29.png/revision/latest/scale-to-width-down/268?cb=20160903142816,Twilight's Last Gleaming,The Ark,The Culling (Tor),,Twilight's Last Gleaming,Deceased (Tor) Unknown (presumed deceased) (Reese),,One,,Mac Brandt (Tor) Lilah Fitzgerald (Reese),,Male (Tor) Female (Reese),,Sky People,Tor Lemkin † (father) Reese Lemkin (daughter) Unnamed wife/mother † (deceased),Late 30s-Early 40s (Tor) 9 (Reese)
Tosh,https://the100.fandom.com/wiki/Tosh,https://static.wikia.nocookie.net/thehundred/images/4/4d/604_Tosh_crop.png/revision/latest/scale-to-width-down/268?cb=20200125161102,The Children of Gabriel,Sanctum,Neck broken,,The Face Behind the Glass,Deceased,,Six,Octavia Blake,Kaylah Zander,Rose,Female,,Children of Gabriel,,
Trey,https://the100.fandom.com/wiki/Trey,https://static.wikia.nocookie.net/thehundred/images/9/94/705_Trey_6.png/revision/latest/scale-to-width-down/268?cb=20200619010156,The Blood of Sanctum,Alpha (current) Sanctum (current),,,Blood Giant,Transcended,,"Six , Seven",,Tom Stevens,,Male,Adjuster,Sanctumites The Faithful,,30s
Trina and Pascal,https://the100.fandom.com/wiki/Trina_and_Pascal,https://static.wikia.nocookie.net/thehundred/images/7/7a/Earth_Kills_011_%28Trina_and_Pascal%29.png/revision/latest/scale-to-width-down/268?cb=20160831140801,Earth Kills,Earth (current) The Ark (former) The Camp,Acid Fog,,Earth Kills,Deceased,,One,Mountain Men (indirectly),Chloe Babcook,,,,Sky People Delinquents,,Under 18
Tris,https://the100.fandom.com/wiki/Tris,https://static.wikia.nocookie.net/thehundred/images/7/74/The_Calm_058_%28Tris%29.png/revision/latest/scale-to-width-down/268?cb=20160907215710,The Calm,Earth,Collapsed lung and sepsis,,The Calm,Deceased,,One,Jasper Jordan Monty Green (caused) Raven Reyes (caused),Alison Thornton,,Female,Anya 's Second,Anya Trikru,Unknown,11-13
Tristan,https://the100.fandom.com/wiki/Tristan,https://static.wikia.nocookie.net/thehundred/images/e/ea/TristanS2.jpg/revision/latest/scale-to-width-down/268?cb=20140925133253,We Are Grounders (Part 1),Earth,Shot through the back and the head,,The 48,Deceased,,"One , Two",Marcus Kane,Joseph Gatt,,Male,General,Trikru,,
Tristan (Second Dawn),https://the100.fandom.com/wiki/Tristan_(Second_Dawn),https://static.wikia.nocookie.net/thehundred/images/0/0d/708_Tristan_the_Second_Dawn_member.png/revision/latest/scale-to-width-down/268?cb=20200810002339,Thirteen,Earth Second Dawn Bunker,,Tristan,Anaconda,Deceased,,"Three , Seven",,Craig Arnold,,Male,Disciple,Second Dawn (former) Disciples (former),,
Tybe,https://the100.fandom.com/wiki/Tybe,https://static.wikia.nocookie.net/thehundred/images/1/18/4x02_Tybe.png/revision/latest/scale-to-width-down/267?cb=20170209204422,Heavy Lies the Crown,Earth Farm Station,Beaten,,Heavy Lies the Crown,Deceased,,Four,"Grounders , Riley Monty Green (indirectly)",Darcy Laurie,Monty Green 's father,Male,Chief,Azgeda,,
Uzac,https://the100.fandom.com/wiki/Uzac,https://static.wikia.nocookie.net/thehundred/images/8/82/3x04_Broadleaf_ambassdor.PNG/revision/latest/scale-to-width-down/268?cb=20160212092641,Watch the Thrones,Earth,,,Fallen,Unknown (either Deceased or Transcended ),,Three,,Christian Sloan,,Male,Ambassador,Yujleda,,
Vera Kane,https://the100.fandom.com/wiki/Vera_Kane,https://static.wikia.nocookie.net/thehundred/images/4/49/Vera_Kane.png/revision/latest/scale-to-width-down/268?cb=20161104210938,Murphy's Law,The Ark,A shard of glass in her stomach,,Unity Day,Deceased,,One,Diana Sydney,Christine Willes,,Female,Caretaker of the Eden Tree Religious Leader,Sky People,Marcus Kane † (son),
Victor Lee,https://the100.fandom.com/wiki/Victor_Lee,https://static.wikia.nocookie.net/thehundred/images/8/8e/6x02_Hijacker-2.png/revision/latest/scale-to-width-down/268?cb=20210812225112,Red Sun Rising,Earth (former) Alpha (former) Sanctum (city-state) (former),Shot (VII) Deleted ( Mind Drive ),Victor Lee Victor Prime Victor Lee VIII,Red Sun Rising,Deceased,2000-2010; Earth (prime),Season Six,Charmaine Diyoza (VIII) Simone Lightbourne (consciousness),Uncredited,,Male,Prime,Primes Sanctumites Mission Team Alpha (former) Eligius Corporation (former),Faye Lee † (wife) Kaylee Lee † (daughter) Daniel Lee † (son),40's (VII)
Minor Characters,https://the100.fandom.com/wiki/Vik,,,,,,,,,,,,,,,,,
Vincent Vie,https://the100.fandom.com/wiki/Vincent_Vie,https://static.wikia.nocookie.net/thehundred/images/b/bb/Resurrection_030_%28Vincent%29.png/revision/latest/scale-to-width-down/268?cb=20161026122536,Resurrection,Mount Weather,Shot in the head,,Blood Must Have Blood (Part 1),Deceased,,Two,Mount Weather Guard,Ian Tracey,,Male,Mount Weather Resident,Mountain Men Resistance Against Harvest Project,Maya Vie † (daughter) Unknown Wife †,Late 30s to Early 40s
Wells Jaha,https://the100.fandom.com/wiki/Wells_Jaha,https://static.wikia.nocookie.net/thehundred/images/0/01/Wells_Jaha.jpg/revision/latest/scale-to-width-down/268?cb=20150110235818,Pilot,The Ark (former) Earth Skybox (former) The Camp,Stabbed in the throat,Prince Chancellor (by Bellamy Blake ) Chancellor of Earth (by John Murphy ),Earth Kills (physical) Inclement Weather (hallucination) DNR (archive footage),"Deceased , 2149; Earth (outside Delinquents' Camp )",2132; The Ark,"One , Two",Charlotte,Eli Goree Ty Benefield (child),,Male,Botanist,Sky People The 100,Thelonious Jaha † (father) Unnamed mother † Iman Jaha † (grounder ancestor) Clarke Griffin (best friend),17
Whitman,https://the100.fandom.com/wiki/Whitman,https://static.wikia.nocookie.net/thehundred/images/2/26/2x13_Whitman_crop.png/revision/latest/scale-to-width-down/268?cb=20150523212540,Rubicon,Mount Weather,Shot,,Resurrection,Deceased,,Two,Clarke Griffin,Rob Hayter,,Male,Mount Weather Guard (ground unit; scout/sniper),Mountain Men,,Mid 30s
Will Park,https://the100.fandom.com/wiki/Will_Park,https://static.wikia.nocookie.net/thehundred/images/a/ad/Will_Park_%28Unity_Day%29.PNG/revision/latest?cb=20200926131000,Pilot,Earth (current) The Ark (former) The camp,,,Unity Day,Unknown,,One,,Unknown,,Male,,Sky People The 100,,16-18
Willa,https://the100.fandom.com/wiki/Willa,https://static.wikia.nocookie.net/thehundred/images/6/66/4x02_Willa.png/revision/latest/scale-to-width-down/268?cb=20170209152944,Heavy Lies the Crown,,Bled to death,,Heavy Lies the Crown,Deceased,,Four,Ilian A.L.I.E. (indirectly),Jana Mitsoula,,Female,Farmer Mother,Trishanakru,Ilian † (son) Unnamed husband † Unnamed son †,
Gabriel Santiago,https://the100.fandom.com/wiki/Xavier,https://static.wikia.nocookie.net/thehundred/images/6/64/The_100_S7_Gabriel.jpeg/revision/latest/scale-to-width-down/268?cb=20200603161739,Red Sun Rising,Earth (current) Mission Team Alpha Camp (former) The Verge (former) Alpha (former) Sanctum (former) Skyring (former) Bardo (former),Cancer (prime) Old age (previous host) Stabbed in the back and several times in the abdomen (last host),Doctor Dr. Santiago Gabriel II Gabriel Prime The Old Man The Demon Gabriel The Demon (by Tory) Prime Number 13 (by Diyoza) Grandpa (by Diyoza) Errand boy Doc Xavier,A Sort of Homecoming,"Deceased , 2281 ; Second Dawn Bunker",Earth,"Six , Seven",Sheidheda (last host),"Ian Pala (I, Prime) Donald Heng (II, first host) Chuku Modu (last host)",Brooke Eduardo Clarke Griffin (temporarily; revived) A.L.I.E. 2.0 (permanently destroyed) Spirit of the Commanders,Male,Geneticist Prime (former) Leader of the Children of Gabriel Member of the Disciple Cipher Team (feigned),Children of Gabriel Wonkru Eligius Corporation Mission Team Alpha (former) Primes (former) Sanctumites Disciples (feigned),Unnamed grandmother † Unnamed mother † Josephine Lightbourne † (former girlfriend),"20's (2045) Mid-40s (2070) 96 (body of his previous host) 30s (body of his last host, Xavier)"
Minor Characters,https://the100.fandom.com/wiki/Zahir,,,,,,,,,,,,,,,,,
Zev,https://the100.fandom.com/wiki/Zev,https://static.wikia.nocookie.net/thehundred/images/b/b4/613_Zev.png/revision/latest/scale-to-width-down/268?cb=20200128153844,The Blood of Sanctum,Sanctum (current) Alpha,Stabbed with a candlestick,,The Flock,Deceased,,"Six , Seven",Sheidheda Indra (indirectly),Miles Chalmers,,Male,Adjuster,Sanctumites The Faithful,Daniel Lee † (boyfriend),20s-30s
Zoe Monroe,https://the100.fandom.com/wiki/Zoe_Monroe,https://static.wikia.nocookie.net/thehundred/images/1/12/Bitter_Harvest_032.png/revision/latest/scale-to-width-down/268?cb=20160824184319,His Sister's Keeper,Earth The Ark (former) The Camp (former) Arkadia,Toxic smoke,,Join or Die,"Deceased , 2150 ; Trikru village near Arkadia",,"One , Two , Three",Trikru villagers Octavia Blake (indirectly),Katie Stuart,,Female,Gunner (former) Arkadia Guard,Sky People The 100 Pike's Faction,,Under 18
Zoran,https://the100.fandom.com/wiki/Zoran,https://static.wikia.nocookie.net/thehundred/images/8/83/Many_Happy_Returns_035_%28Zoran%29.png/revision/latest/scale-to-width-down/268?cb=20160912210041,Many Happy Returns,Earth,Unknown (presumably Second Nuclear Apocalypse ),None,Many Happy Returns,Deceased,,Two,,Finn Wolfhard,,Male,Nomad,His family Nomadic Grounders,Sienna (mother) Osias (father),Unknown
