char_id,name,franchise,regime,page_url,auto_is_dead,state,infobox_fields,death_sentences,text_excerpt,stratum
e6288a6c8d09,Dunkleosaurus,Jurassic Park,status,https://jurassicpark.fandom.com/wiki/Dunkleosaurus,,dropped,,,"Dunkleosaurus is a genetically modified mosasaur/fish hybrid of Mosasaurus and Dunkleosteus in Jurassic World: The Game. Games Jurassic World: The Game See: Dunkleosaurus/JW: TG Dunkleosaurus is a legendary surface hybrid that can be created in the game. It became creatable for the player's park on November 20th, 2018. Navigation ja:ダンクレオサウルス Category:Animals Category:Mosasaurus Pages Category:Dunkleosteus Pages Category:Hybrids Category:Reptile Hybrids Category:Fish Hybrids Category:Fictional Creatures Category:Carnivores",status:dropped
ec7cef0a3fef,Kholwa Abantu,Alien vs Predator,status,https://avp.fandom.com/wiki/Kholwa_Abantu,,dropped,species: Human | gender: Male,,"Governor Kholwa Abantu was a member of the United Nations. In 2186, Abantu commanded the United Nations Interstellar Settlement Corps' Great Mother Mission, a humanitarian effort launched to reestablish contact with the lost Far Spinward Colonies. During the mission, Abantu was headquartered on the flagship UNCSS Ìyánlá. Appearances Category:Building Better Worlds characters Category:Humans Category:Politicians",status:dropped
86ddf59f94ae,Falah,Lost,status,https://lostpedia.fandom.com/wiki/Falah,,dropped,Actor: Xavier Alaniz,,"Falah was a political prisoner in Sayid's flashbacks. He was held in one of the Iraqi Republican Guard prisons, and interrogated by Sayid through torture, to obtain information about his involvement with a Shi'a insurgent group against the old Iraqi regime. Trivia ""Falah"" is probably not the name of the prisoner, since Falah means a ""Villager"" in Arabic. Most probably, Sayid uses this name in addressing him to refer to the prisoner's own humble origin, for further humiliation. de:Falah es:Falah fr:Falah it:Falah pl:Falah pt:Falah ru:Фалах Category:Characters Category:Season 1 characters Falah Category:Sayid's flashback characters Category:Arabic characters Category:Episodic characters",status:dropped
d668b312d5ec,Babette's dancer 01 (Two Boats and a Lifeguard),Boardwalk Empire,status,https://boardwalkempire.fandom.com/wiki/Babette's_dancer_01_(Two_Boats_and_a_Lifeguard),,dropped,Actor: Drew Humphrey,,"Babette's dancer 01, played by co-star Drew Humphrey, is a supporting character in ""Two Boats and a Lifeguard"". He is dancing at Babette's Supper Club on the night of Jimmy Darmody's victory party. Appearances",status:dropped
e98396e3519d,George Smith,The Wire,status,https://thewire.fandom.com/wiki/George_Smith,,dropped,seasons: 3,,George Smith is a major and the commander of the Narcotics Unit in the Baltimore Police Department. Biography Background Smith replaced Raymond Foerster as the commander of the Narcotics Unit when Foerster is promoted to commander of the Criminal Investigations Division in 2004. Season 3 Major Howard Colvin of the Western District approaches Smith for help pursuing drug organizations. He finds Smith's records a disappointingly slim collection of rap sheets. Smith tells him there is no one looking at high end drug cases because Deputy Commissioner Rawls is directing their efforts to street work. Production Appearances *Uncredited appearance. References Category:Characters Category:Minor Characters Category:Season 3 Characters Category:Police,status:dropped
4976a2deaf9f,Karla Faye Gideon,Marvel Cinematic Universe,status,https://marvelcinematicuniverse.fandom.com/wiki/Karla_Faye_Gideon,,dropped,species: Human | gender: Female | actor: Drea de Matteo | status: In Custody,,"Karla Faye Gideon is a former nurse who, having given her bladed finger nails, began a killing spree which ended when she became an Index subject. Having her hands locked in metal shackles gave Gideon a grudge against S.H.I.E.L.D. and when presented with the chance to gain revenge with Calvin Zabo, Gideon eagerly joined the Slicing Talons. However, during their very first battle against S.H.I.E.L.D., Zabo was snatched away and Gideon fought Bobbi Morse who knocked out and arrested Gideon. Biography Early Life Placed on the Index |Gideon's S.H.I.E.L.D. Index file Karla Faye Gideon worked as a nurse, when she became involved in an abusive relationship. Desperate to defend herself, Gideon grafted scalpel blades into her fingers and used them to kill her abusive boyfriend. The murder caused Gideon to snap, and she went on a brief killing spree before being finally apprehended by S.H.I.E.L.D. placing her on the Index. S.H.I.E.L.D. placed Gideon under watch, encasing her fingers in shackl",status:dropped
282f6d105e72,Emily Morgan,Prison Break,status,https://prisonbreak.fandom.com/wiki/Emily_Morgan,,dropped,played by: Regan Licciardello,,"Emily Morgan is the daughter of Gretchen Morgan and General Jonathan Krantz and younger half-sister of Lisa Tabak. She is currently under the guardianship of Gretchen's sister, Rita, who she believes to be her mother. In order to get Gretchen to find a buyer for Scylla, Donald Self orders T-Bag to take Emily and Rita hostage, although T-Bag eventually has a change of heart and lets them leave. While Gretchen has left Emily in Rita's care, in truth she considers Emily the most important person in the world to her. Following the fall of The Company and her imprisonment, Gretchen, despite imprisonment, now hopes to see her. Category:Living characters Category:Prison Break characters Category:Season 4 characters",status:dropped
9673c3b63da8,Donalda,James Bond 007,status,https://jamesbond.fandom.com/wiki/Donalda,,dropped,,,"Donalda is the niece of May, who takes over her duties as Bond's housekeeper in the 2013 James Bond Novel Solo by William Boyd. Biography Early Life After her aunt May's reluctant retirement, She suggested Donalda be given her job as James Bond's housekeeper at his flat in Chelsea. She apprenticed with May for an interim period of two weeks and took over duties seamlessly. Solo After Bond had gone away on business, he called Donalda to the Cafe Picasso on King's Road, where he revealed that he believed the flat was being watched and did not want anyone to know he was back in town. Together they discussed his cover story and housekeeping notes regarding money before he asked Donalda to return to the flat and unlatch the back window. Donalda went back to the flat. Donalda found the subterfuge exciting and went back to the flat. She unlatched the window and went to the kitchen when everything went black. She had been attacked by an unknown assailant and suffered a two inch cut on the b",status:dropped
529bbd8b73f4,Lio Convoy TFP,Transformers,status,https://transformers.fandom.com/wiki/Lio_Convoy_TFP,,dropped,species: Cybertronian | gender: Male,,"Lio Convoy, sometimes referred to as Leo Prime is an Autobot Leader and Great Convoy. History Arms Micron Toy bio Following the restoration of Cybertron, Lio Convoy ascended to the rank of Great Convoy, and became a member of the ruling body of Cybertron. After a time, Great Lio Convoy sensed the awakening of Unicron in another dimension, and travelled across the multiverse to this world. Finding that the native Autobots and Decepticons had already dealt with the threat of Unicron, Great Lio Convoy—now using the name ""Leo Prime""—elected to stay on this world for a time to ensure that Unicron did not reawaken, refraining from involving himself in the combat between the native Transformers. In the new body he wears in this universe, he is armed with an ancient sword that draws power straight from his Energon Matrix, though apparently unbeknownst to him, it, like the weapons of many other Transformers in this universe, is secretly an Arms Micron named L.P. Using this weapon, Leo P",status:dropped
546dc295ae6b,Hastu,Avatar,status,https://james-camerons-avatar.fandom.com/wiki/Hastu,,dropped,species: Na'vi | gender: Male | first: ''Avatar: Frontiers of Pandora'' | portrayed: Brian Doe Chua,,"Hastu is a Na'vi of the Kame'tire clan in Avatar: Frontiers of Pandora. Background Hastu is haunted by the disappearance of his mother, leaving him with his father Reyzu. He finds it difficult to fit in with the other young Kame'tire, but he likes to run with a crowd, which means he gets into trouble trying to be one of the gang. He has a crush on Keylu, who is drawn to him because she knows what it's like to lose a parent, although it's easier for her to just stay friends and keep things simple. Avatar: Frontiers of Pandora Quests Uwol's Shadow pl:Hastu ru:Хасту Category:Avatar: Frontiers of Pandora Characters Category:Na'vi Category:Kame'tire Members",status:dropped
7461bce443f1,Ramona,Sons of Anarchy,status,https://sonsofanarchy.fandom.com/wiki/Ramona,,dropped,appearances: 1 episode (see below) | portrayed by: Alejandra Flores,,"Ramona was Hector Salazar's aunt on the FX original series Sons of Anarchy. Played by American actress Alejandra Flores, Ramona appears only on the episode in the series' third season. Biography Season 3 Appearances Category:Characters Category:Season 3 Characters Category:One-shot characters Category:Alive",status:dropped
27b899fa77b0,Fairies,Supernatural,status,https://supernatural.fandom.com/wiki/Fairies,,dropped,status: Extant | actor: Various,"Although never shown, it is hinted by Sam and Clive Dylan that there are much more than two wicked witches, such as weaker ones among the two sisters' minions, and an unknown coven that was murdered by The Wizard of Oz and possessed powerful magical objects, like The Inner Key Of Oz. Not much is known about it although Garth claims to have killed a tooth fairy in his first case as a hunter. Upon his death Dorothy Baum kept his head as a tribute to his sacrifice.","Fairies, also called Ultra-Terrestrials, are mischievous supernatural creatures that come in a variety of forms. They can only be seen by those who have been to their realm or if they choose to be seen. It is revealed that they are the cause of UFO sightings and other ""extraterrestrial"" encounters around Earth. There are many theories about the reason they abduct people - one of them being to bring people to Avalon so they can service Oberon, King of Fairies.Clap Your Hands If You Believe Characteristics thumb|225px|right|Marion gives Sam and Dean a primer on fairies. Fairies come in many forms, and have been described as ""magical and mischievous beings from the realm next door"". This realm, Avalon, is considered another dimension or reality. Fairies have been classified into two groups - one consisting of light fairies and the other dark ones. However, there have not been many details about identifying fairy classes. Fairies, despite having different types, have some form of society",status:dropped
e029e00d6e32,Tax,The Hunger Games,status,https://thehungergames.fandom.com/wiki/Tax,,dropped,gender: Male,,"Tax was the male trainer at the archery station in the Training Center.Catching Fire, Chapter 16 Biography When Tax saw that the standing targets were way too easy for Katniss Everdeen, he threw fake birds into the air which Katniss shot. Katniss took down each bird without fail, so he decided to throw more birds for increased difficulty. When Katniss hit five in one throw, everyone in the Training Center stared at her and the room fell silent. Their faces showed a mixture of envy, hatred and admiration. Tax's fate is unknown in the Second Rebellion, as he was not mentioned again. References de:Tax fr:Tax es:Tax Category:People from the Capitol Category:Males Category:Catching Fire characters",status:dropped
a056713297ce,Mrs. Curry,DC Extended Universe,status,https://dcextendeduniverse.fandom.com/wiki/Mrs._Curry,,dropped,species: Human | gender: Female | status: Erased from existence | actor: Rosie Ede,,"Mrs. Curry is the wife of Tom Curry. Biography When Barry Allen called Tom Curry to ask if his wife was the Queen of Atlantis, Curry looked at his wife, who was watching television, stating that she wasn't. Relationships Family Tom Curry - Husband Allies Arthur - Pet References es:Sra. Curry Category:The Flash Characters Category:Humans Category:Females",status:dropped
a9ca1aaefc68,Ronald Dominique,Dexter,status,https://dexter.fandom.com/wiki/Ronald_Dominique,,dropped,status: '''Incarcerated''' | gender: '''Male''' | seasons: '''Dexter: Resurrection (mentioned)''' | actor: '''N/A''',"Ronald Joseph Dominique (born 9 January 1964), known as The Bayou Strangler, is an American serial killer and rapist who murdered at least 23 men and boys in the state of Louisiana between 1997 and 2006. Following his conviction, the Federal Bureau of Investigation (FBI) stated that Dominique's was the most significant serial homicide case in the country over the past two decades in terms of both death toll and duration.","Ronald Joseph Dominique (born 9 January 1964), known as The Bayou Strangler, is an American serial killer and rapist who murdered at least 23 men and boys in the state of Louisiana between 1997 and 2006. On September 23, 2008, Dominique was found guilty and sentenced to several terms of life imprisonment without parole for his crimes. Following his conviction, the Federal Bureau of Investigation (FBI) stated that Dominique's was the most significant serial homicide case in the country over the past two decades in terms of both death toll and duration. Background Ronald Joseph Dominique, born Jan. 9, 1964, in Thibodaux, Louisiana, lived a quiet, seemingly unremarkable life. He was the youngest of six children, and his parents were poor laborers who lived in a trailer park located on the outskirts of the city. During his school years, Dominique was known for his melancholic temperament, lack of communication skills and weight problems. These, coupled with his low self-esteem and poor",status:dropped
f39d41c43e78,Lester Abel,Westworld,status,https://westworld.fandom.com/wiki/Lester_Abel,,dropped,species: Host | gender: Male,,"Lester ""Rowdy"" Abel is a character on HBO's Westworld. He is a First Generation Host desgined by Arnold Weber at the Argos Initiative. Background TBA Season One ""The Adversary"" Bernard checked out the the 47 First Generation Hosts desgined by Arnold in an alphabetical order. Lester Abel was the first one, just before Dolores Abernathy. Personality TBA Relationships TBA Notes TBA Category:Characters Category:Male characters Category:Hosts Category:Unseen Characters",status:dropped
4206134b9158,Mitch,Fast & Furious,status,https://fastandfurious.fandom.com/wiki/Mitch,,dropped,actor: Jimmy Tatro | gender: Male,,"Mitch is a street racer who is romantically interested in Echo. History In Los Angeles, Mitch pulls up to Tony Toretto, Echo, Cisco Renaldo and Frostee Benson, declaring himself the king of the road. Mitch is interested in Echo, although she does not reciprocate. Mitch has added rockets to the back of his car, but despite this, Tony believes he can beat him, clarifying that according to his cousin Dominic Toretto, the type of driver mattered more than the type of car. Tony proposes they have a street race, with the loser washing the other's car. The race ends with Mitch winning, although he finds himself unable to stop once he activates the rockets and ends up crashing as a result. Mitch, an eligible racer for SH1FT3R, is later tracked by Tony and Frostee to outside a taco cart. Tony arrives with a bucket and soap to honor his agreement to wash Mitch's car, although Mitch attempts to postpone it, citing he could get an important call at any time. As Tony distracts Mitch, Frostee ste",status:dropped
2f3db1711711,Rick and Ryan,Breaking Bad / Better Call Saul,status,https://breakingbad.fandom.com/wiki/Rick_and_Ryan,,dropped,Portrayed by: Jason Sklar (Ryan)Randy Sklar (Rick) | Gender: Male,,"Rick and Ryan are the owners of ABQ in Tune, a music store in Albuquerque, New Mexico. History Better Call Saul Season 3 Jimmy goes to ABQ in Tune with his film crew to try to convince the owners to buy the production of an advertisement. Rick and Ryan express doubts that Jimmy is worth their money. They are prepared to abandon the shoot, forcing Jimmy to agree to film their commercial for free. While preparing to film another commercial at the music store, Jimmy gets into a disagreement with Rick and Ryan about pricing. Rick and Ryan offer him $450 for the rights to the commercial, while Jimmy demands $6500 and seven more commercials. When they refuse to pay him, Jimmy instructs Joey to keep his camera rolling and pointed at him. Jimmy drops a drumstick to the ground and, after confirming the owners refuse to pay, ""slips"" on the drumstick, falling flat on his back. He then begins his blackmail scheme: Rick and Ryan buy him the remaining seven commercials and offer him a guitar sign",status:dropped
95c04edf4c59,Queen Maeve's Sword,The Boys,status,https://the-boys.fandom.com/wiki/Queen_Maeve's_Sword,,dropped,status: Lost,,"Queen Maeve's Sword is a sword wielded by the former superhero, Queen Maeve. History Queen Maeve began using a sword during her time with the Seven, as the team's statue depicts her wielding the blade.Cherry However, she was not physically seen using the sword until Dawn of the Seven.Payback She began training with her sword to fight Homelander, whose mental state had become increasingly unstable.Glorious Five Year Plan An icon of Maeve with her sword appeared on Emma Meyer's bong.First Day In the Comics Gallery References Category:Items Category:Weapons",status:dropped
57b121fcf2bc,Hagar,Mission: Impossible,status,https://missionimpossible.fandom.com/wiki/Hagar,,dropped,species: Human | gender: Male | status: Arrested,,"Hagar is a U.S. Navy diver. He was secretly a Doomsday cultist. According to Ethan Hunt, Hagar spent too much time of his life on the internet. Biography Appearances Mission: Impossible – The Final Reckoning References Category:Male Characters Category:Villains Category:Mission: Impossible – The Final Reckoning characters Category:Antagonists",status:dropped
de82a79104bb,Gudrid,Vikings,status,https://vikings.fandom.com/wiki/Gudrid,,dropped,actor: Noella Brennan | seasons: Season 6 | first: ''Lost Souls'' | last: ''The Last Act'',,Gudrid is a Viking settler who travels west with her husband Naad and Ubbe's crew Biography Season 6 Her son is lost at sea. Appearances Category:Characters Category:Female Characters Category:Season 6 Characters Category:Vikings,status:dropped
89c2858912e5,Mrs. Hunkins,Ozark,status,https://ozark.fandom.com/wiki/Mrs._Hunkins,,dropped,,,"Mrs. Hunkins is a minor character on Ozark. She is the wife of Mr. Hunkins and the pair are both looking for a financial adviser to guide them with their money. The pair visited many different advisers before meeting with Marty Byrde and Bruce Liddell. Throughout The Series In Sugarwood, Mrs. Hunkins and her husband make their first and only appearance in the series. The pair are both interested in investing in a property and after interviewing many different financial advisers off-screen they meet with Marty Byrde, they seem interested but want to ensure that they can trust the person they decide upon. After passively aggressively bickering with each other whilst a distracted Marty gives some advice, Bruce enters. He explains that their business is too busy to take on new clients but explains a possible way in which the Hunkins could become clients, this was possibly a selling technique to get the couple on-board and is indeed successful. Relationships Mr. Hunkins ""He does this ",status:dropped
3bf57c2d5ea4,Uvidus,Spartacus,status,https://spartacus.fandom.com/wiki/Uvidus,,dropped,first: S4E1: Dominus | status: Actve | actor: Cameron Rhodes,,Uvidus is Aedile of Capua and husband of Horatia. Appearance Personality House of Ashur References Category:Characters Category:Male Category:Roman Category:Rich people Category:Upper Class Category:Politician Category:Married Category:Supporting Character,status:dropped
64b53d3b7379,Zach Staenberg,The Matrix,status,https://matrix.fandom.com/wiki/Zach_Staenberg,,dropped,,,"Zach Staenberg is an American film editor, best known for his work in the Matrix Trilogy. Matrix Films The Matrix The Matrix Reloaded The Matrix Revolutions Category:Editors Category:Crew Category:Crew of The Matrix Category:Crew of The Matrix Reloaded Category:Crew of The Matrix Revolutions",status:dropped
9346a8d4f465,Brilliant Chang,Peaky Blinders,status,https://peakyblinders.fandom.com/wiki/Brilliant_Chang,,dropped,born: 1886,He was a Chinese restaurateur and drug dealer who was implicated in supplying the drugs that killed Freda Kempton in 1922.,"Brilliant Chang is a Chinese supplier of opium to the Peaky Blinders. Character History Background Brilliant Chang is a Chinese gangster. Series 5 · 1929 He is first seen waiting in line at The Garrison to meet with Thomas and Arthur Shelby, while at the same time sending a prostitute associate to Finn Shelby's office. During the meeting, it is revealed that Chang sent the associate to hold an advantage to discuss with the Shelbys about business with the Chinese and the opium they provide. When Finn is released, he comes barging into the meeting threatening to shoot Chang. Arthur, Aberama Gold, and a few others arrive to collect a cargo of opium from Chang at the dock, but they get ambushed by the Irish Titanic mob and find Chang injured. A shootout ensues, but the mob eventually retreat. Real Life Brilliant Chang is based on the real person Brilliant ""Billy"" Chang, born Chan Nan. He was a Chinese restaurateur and drug dealer who was implicated in supplying the drugs th",status:dropped
efcf7872c91b,Ives family,Stranger Things,status,https://strangerthings.fandom.com/wiki/Ives_family,,dropped,status: Extant,,"The Ives family resided in a rural area of Indiana, near the town of Hawkins. The family is central to the mystery of the Hawkins National Laboratory and the origins of Eleven. Family members Family member Status NotesTerry Ives Alive (Catatonic) Sister of Becky and biological mother of Jane. A former subject of Project MKUltra at Hawkins National Laboratory.Becky Ives Alive Sister of Terry and aunt of Jane. She serves as Terry's primary caretaker.Jane Ives Unknown Daughter of Terry and niece of Becky. Born Jane Ives, she was abducted at birth by Dr. Martin Brenner and designated as ""011."" History The Ives family was thrust into tragedy in the early 1970s when Terry Ives participated in the Project MKUltra experiments under Dr. Martin Brenner. During this time, Terry became pregnant with Jane. Following Jane's birth, the lab staff staged a cover-up, claiming Terry had suffered a late-term miscarriage. Terry spent years unsuccessfully suing the government to recover her ",status:dropped
174657b5d6ce,Masayo Takada,The 100,status,https://the100.fandom.com/wiki/Masayo_Takada,,dropped,gender: Female | actor: Unknown | seasons: One,,"Masayo Takada is a minor character in the first season. She is one of the delinquents sent to Earth to see if it is survivable for humans. Her first appearance is in Pilot on one of the screens in Earth Monitoring Station. Throughout the Series |Season One= In Pilot, Masayo's name is seen on one of the screens in the Earth Monitoring Station. In His Sister's Keeper, Masayo listens to Bellamy's speech about finding Octavia. She also watches the search party leave but does not join in the search. The next morning Masayo witnesses the search party for Octavia return with an injured Finn. In Contents Under Pressure, Masayo shelters from the storm in the dropship. Later when Raven successfully contacts The Ark she can be seen celebrating.",status:dropped
caf0da03cd5b,Conchoraptor,Jurassic Park,status,https://jurassicpark.fandom.com/wiki/Conchoraptor,,dropped,,,"was an oviraptorid dinosaur from the late Cretaceous Period of what is now Asia. Its name reflects the hypothesis that oviraptorids, rather than preying primarily upon eggs as had been traditionally thought, may have been specialized to feed on mollusks. Conchoraptor can grow up to 3.3-6.6 feet in length. Jurassic Park franchise Conchoraptor was featured in the Jurassic Park Institute now available to browse on Dinopedia. Games Jurassic Park III: Park Builder Conchoraptor is one of the carnivorous dinosaurs that appears in Jurassic Park III: Park Builder. Navigation Category:Animals Category:Dinosaurs Category:Theropods Category:Oviraptorids Category:Animals of Asia Category:Mesozoic Animals Category:Cretaceous Animals Category:Omnivores Category:Jurassic Park III: Park Builder Animals Category:Jurassic Park Institute Animals",status:dropped
3b3a06266e2f,Lori Clayton,Alien vs Predator,status,https://avp.fandom.com/wiki/Lori_Clayton,,dropped,species: Human | gender: Female,,Lori Clayton was a corporate liaison on the Weyland-Yutani Corporation exploratory vessel . Appearances Category:Business owners and executives Category:Chariot of the Gods characters Category:Humans Category:Weyland-Yutani employees,status:dropped
c5195b37eb94,Sarah's lover,Lost,status,https://lostpedia.fandom.com/wiki/Sarah's_lover,,dropped,,,"Sarah's lover is the person for whom Sarah Wagner left her former husband, Jack. He is first mentioned when Sarah tells Jack she is leaving him and says, ""I've been seeing someone -- someone else."" During the divorce, Jack becomes obsessed with learning ""the name of the man that is with my wife."" The relationship between Sarah and her lover presumably resulted in a pregnancy. ar:حبيب سارة شيبارد fr:Amant de Sarah nl:Minnaar van Sarah Shephard ru:Любовник Сары Шепард Category:Flashback Characters Category:Jack's flashback characters Category:Characters Category:Unnamed characters Category:Season 3 characters Category:Episodic characters Category:Characters portrayed by unknown actors",status:dropped
c04d1b5d0081,Crying Husband,Boardwalk Empire,status,https://boardwalkempire.fandom.com/wiki/Crying_Husband,,dropped,Actor: Allen Jared,,"Crying Husband was a supporting character in the series pilot ""Boardwalk Empire"" played by co-star Allen Jared. On the eve of prohibition he attended Babette's Supper Club with his wife. The crowd counts down to midnight, black balloons are released and the band restarts playing. The couple are sobbing together at the bar. Category:Season 1 Category:Atlantic City",status:dropped
2e04ff48a894,John Spamanto,The Wire,status,https://thewire.fandom.com/wiki/John_Spamanto,,dropped,actor: Jeffrey Pratt Gordon | seasons: 2,,"John ""Johnny Fifty"" Spamanto is a homeless man and a former cargo checker for IBS Local 1514. Biography Background He received his nickname for drinking over fifty beers on his 25th birthday and is often seen drinking in Delores's bar. Season 2 Spamanto assists Nick and Ziggy in stealing from the docks for The Greek. He refuses to get involved in the drug trade with Nick and Ziggy. Spamanto was interviewed by a grand jury as part of the investigation in to smuggling at the docks but gave very little information and escaped uncharged. Season 5 In 2008, during a scene where Det. Jimmy McNulty, under the pretense of investigating the false homeless serial killings, is walking among a group of homeless men gathered under a bridge. At one point he asks a man sitting with a dog, ""Does he bite?"" and the man replies, ""He's got teeth don't he?"" That man was clearly an older and more haggard version of Spamanto, presumably a brief epilogue to one of the central themes of season 2 regarding th",status:dropped
60d37fcb200c,Betty Carver,Marvel Cinematic Universe,status,https://marvelcinematicuniverse.fandom.com/wiki/Betty_Carver,,dropped,species: Human | gender: Female | status: Fictional,,"Betty Carver is a fictionalized version of Peggy Carter, and a character in the radio serials about Captain America that were made popular in the years after World War II. History In The Captain America Adventure Program, Carver was a triage nurse. In every episode, she encountered Adolf Hitler and had to be saved by Captain America while finding time to do work on her sewing machine. She loved Captain America and was the last to speak to him before he disappeared into the sea of Japan. Peggy Carter hated how this character was portrayed, constantly asking who the writer was when she heard this character talk. Angie Martinelli auditioned for this part but failed to get it, with it going to Arlene French. The general public did not know that Betty Carver was a fictionalized version of Carter. Relationships Allies Peggy Carter - Role Captain America - Boyfriend Enemies Adolf Hitler Trivia The character of Betty Carver took her name from Betty ""Betsy"" Ross, a Golden Age character tha",status:dropped
4bd7538f923f,Seth Hoffner,Prison Break,status,https://prisonbreak.fandom.com/wiki/Seth_Hoffner,,dropped,played by: Blaine Hogan,"Post-Death 
Michael Scofield felt guilty for Cherry's death. He appeared season 2 in archive footage in a montage of bad things caused by T-Bag.Category:Criminals
Category:Theodore Bagwell's gang
Category:Season 1 characters
Category:Deceased characters
Hoffner, Seth
Hoffner, Seth ""Cherry""
Category:LGBT characters
Category:Characters of unknown sentences","Serving 8 years at Fox River State Penitentiary for Vehicular Invasion and Kidnapping, Seth Hoffner was quickly given the nickname Cherry and forced into a sexual relationship with T-Bag. Seth appealed to Michael for help, Michael refused to get involved since T-Bag was aware of Michael's escape plan. Shortly thereafter, Seth committed suicide by hanging himself, causing Michael to feel guilty. Appearances Trivia Cherry's name is likely inspired by Seth Hoffman, a Prison Break writer and director. Sarah Wayne Callies mentions this in Episode 7 of Prison Breaking with Sarah and Paul. Post-Death Michael Scofield felt guilty for Cherry's death. He appeared season 2 in archive footage in a montage of bad things caused by T-Bag.Category:Criminals Category:Theodore Bagwell's gang Category:Season 1 characters Category:Deceased characters Hoffner, Seth Hoffner, Seth ""Cherry"" Category:LGBT characters Category:Characters of unknown sentences",status:dropped
eb717b2ea6c4,Avincia Torres,James Bond 007,status,https://jamesbond.fandom.com/wiki/Avincia_Torres,,dropped,portrayed: Jess Digi (Uncredited),,"Avincia Torres is a Brazilian intelligence operative. The character appeared in the 2015 video-game James Bond: World of Espionage. Biography Avincia's unorthodox manner may put off some people, but once she embarks on a task, it is done with skill and precision. A master of disguises, Avincia is as likely to be found dressed as a candy striper, as in a military uniform.In-game agent dossier, James Bond: World of Espionage. Notable for being dyslexic, she has skills in deception, hand-to-hand combat and invention, and is multi-lingual, speaking Portugese, English and Spanish. The character offers a reduced clothing cost, with a +10% critical chance using a steel club and +2% total offence using chain and blade. She is an ""uncommon agent"" (green) and can be levelled to level 15. Gallery References Category:James Bond Characters Category:Game Characters Category:World of Espionage Characters Category:Female Characters Category:Brazilians Category:Allies Category:Agents Category:Intel",status:dropped
e80b5f1f58bb,Rear Axle,Transformers,status,https://transformers.fandom.com/wiki/Rear_Axle,,dropped,species: humans | gender: Males | first: Bumblebee's Night Off | last: Bumblebee's Night Off,,"Rear Axle is a glam-rock band, who play a lot of songs about fighting for justice and never giving up. What the band doesn't know is that Bumblebee is one of their biggest fans. History Bumblebee first learned of Rear Axle on his first trip to Earth. Since then, he became one of their most devoted fans. Denny Clay was also an aficionado of the band. Transformers Robots in Disguise Season 2 During his second mission on Earth, Bumblebee headed to the Crown City Rumbledome as part of a stakeout. Bumblebee was quite excited to go while the other Autobots and Denny (who sadly had to stay behind to as he had a prior appointment with Crackpot Carl). Russell Clay is reluctantly pressed into service wit Bee and they both wounded up facing off against Bisk, who had crashed the same concert to try and steal a soundboard. Bumblbeee and Bisk wound up brawling on stage in front of the band, who believed that the combatants were just humans in elaborate costumes. The band gave Bumblebee the boost he",status:dropped
04624a1c73c7,Batista,Avatar,status,https://james-camerons-avatar.fandom.com/wiki/Batista,,dropped,species: Human | gender: Male | portrayed: Bumper Robinson | first: ''James Cameron's Avatar: The Game'' | last: ''James Cameron's Avatar: The Game'',,"Batista is a character in :James Cameron's Avatar: The Game. Background Batista is one of the SecOps's top explosive specialists. If it goes BOOM, it probably has Batista's fingerprints on it. Nicknamed Boom Boom, Batista secured his reputation soon after arriving on Pandora when he was assigned to dislodge a floating rock from a planned transport route. Determined to make more of the task, Batista set his explosives to dislodge a large swath of floating rocks that drifted into a collage of mountains high above the roadway now known colloquially as Batista's Pass. He wears Titan Armor. Personality Of all the RDA SecOps characters, Batista seems to be the most lighthearted and upbeat of them all, as evidenced by his optimistic, gung-ho attitudes and tone when talking to Ryder. For example, when giving Ryder orders to kill Swawta, a Na'vi leader in the Plains of Goliath, Batista jokes, ""I need you to make Swawta go TATA!"" Also, upon killing Swawta and reporting this success back to Bat",status:dropped
9a3787fe9a7f,Pierced Girl,Sons of Anarchy,status,https://sonsofanarchy.fandom.com/wiki/Pierced_Girl,,dropped,appearances: 1 episode (see below) | portrayed by: Kami Jones,,"Pierced Girl is an unnamed girl with a lot of piercings on the FX original series Sons of Anarchy. Played by American actress Kami Jones, Pierced Girl appears only on the episode in the series' second season. Biography Background Season 2 Appearances Category:Characters Category:One-shot characters Category:Season 2 Characters Category:Alive",status:dropped
1187e6d965c1,Hopkins Family,Supernatural,status,https://supernatural.fandom.com/wiki/Hopkins_Family,,dropped,status: Extinct | actor: Kelly Sullivan,"The Hopkins Family was left extinct when Mary killed Joan in order to destroy the Akrida. Known Members
Joan's parents  - Joan's parents who were killed by monsters. Joan's brother  - Joan's brother who was killed by monsters.","The Hopkins Family is an extinct family of hunters. History The Hopkins Family has a history of being hunters that's even longer than the Campbell Family who they would work with sometimes. This history goes back to before 1673 when Joan Hopkins was born. Eventually, the family fell to monsters, including Joan's parents, brother and husband, leaving Joan as the only surviving member. Driven insane by consuming monster essences, Joan would eventually be banished from the world by hunters and the Men of Letters and become the Akrida Queen. In 1972, upon meeting John Winchester, Mary and Samuel Campbell, Joan mentioned the history that the Campbells and the Hopkins had together. Although Samuel had never heard of the family, Joan explained that her family line had ended with Joan a long time ago. As a result of the family's history together, Mary was able to find information on the Hopkins Family and Joan in the Campbell Family's history books. The Hopkins Family was left extinct when ",status:dropped
113af3844989,Dr. Wane,The Hunger Games,status,https://thehungergames.fandom.com/wiki/Dr._Wane,,dropped,gender: Male,,"Dr. Wane was a doctor who worked at the Capitol Hospital. He took care of Coriolanus Snow and Clemensia Dovecote. Biography After Clemensia Dovecote was attacked by snake mutts, Dr. Wane was one of the doctors who treated her and administered the antidote. He reassured Coriolanus Snow, who had been there at the time of the attack, and suggested that he return home. Dr. Wane later treated Coriolanus himself after the bombing of the Capitol Arena, which had occurred during the tour for the tributes and mentors of the 10th Hunger Games. He sent Coriolanus's cousin and grandmother home before giving Coriolanus a quick checkup and explaining his injuries. When asked about Lucy Gray Baird, Dr. Wane responded that he didn't know what had happened to her and told Coriolanus to get rest. A few days afterward, he heard that Clemensia had visited Coriolanus in the night, so he talked to his patient and said that he could visit her. After lunch, Dr. Wane released Coriolanus. References Categ",status:dropped
5483fe9ae800,Richie,DC Extended Universe,status,https://dcextendeduniverse.fandom.com/wiki/Richie,,dropped,species: Human | gender: Male | status: In Custody | actor: Ryan Watson,,"RichieWonder Woman 1984 Spanish dubbing was a member of a quartet of robbers who attempted to rob Southfields Mall in 1984. Biography Heist at Southfields Mall In 1984, he and his partners attacked the Southfields Mall in Fairfax County, Virginia. When the cops arrived, he then perches above the void the little girl and while her partners show their sensitivities to ask not to do this and it is that Wonder Woman intervened and which puts them in a state of harm. Relationships Allies Southfields Mall Robbers Enemies Fairfax County Police Department Wonder Woman Kelly - attempted to kill References Category:Wonder Woman 1984 Characters Category:Humans Category:Villains",status:dropped
881c58aaf5c2,Joe Jensen,Dexter,status,https://dexter.fandom.com/wiki/Joe_Jensen,,dropped,gender: '''Male''' | status: '''Incarcerated''' | actor: '''Mike Foy''' | seasons: '''Season Seven''',"History 

 1998

When he was twelve, Joe helped his best friend, Bobby Hamilton, set their school's gym on fire, in which Bobby was inadvertently killed. Summary 

""Helter Skelter"" (killing spree starts)

The first arson victim is thought by arson investigator Phil Bosso to have died by self-incineration (a form of suicide). At the second crime scene (in an elevator), Dexter Morgan notices that a void is present in the soot and suggests that someone was responsible for the man's death.","Joe Jensen aka The Phantom Arsonist is a character in Season Seven of the Showtime series DEXTER. He was a killer who burned his victims alive. Dexter Morgan dubbed Jensen as ""The Phantom Arsonist"" after he noticed a void in the scorched area surrounding the first two victims, with the name ""Bobby"" mysteriously written in soot. The next case is the Brain Surgeon Case. History 1998 When he was twelve, Joe helped his best friend, Bobby Hamilton, set their school's gym on fire, in which Bobby was inadvertently killed. When the fire was over, Joe was caught by the police and sent to a juvenile facility for six years, while blaming Bobby for it. During his time at juvie, he would often fight with the other children. 2000 Two years after his imprisonment, Joe set his roommate's bunk on fire. His privileges were suspended for two months and he was forced to live in an individual room with higher supervision. 2006 Joe was sent to a psychiatric facility for six years. 2011 He ",status:dropped
c1272a1fb925,Bartender (The Original),Westworld,status,https://westworld.fandom.com/wiki/Bartender_(The_Original),,dropped,status: Reused | species: Host | gender: Male | actor: Bradford Tatum | seasons: 1,He is always killed by Hector Escaton  during the raid of the Saloon.,"{{DISPLAYTITLE:Bartender (The Original)}} The Bartender is character in HBO's Westworld. He serves as the Bartender at the Mariposa Saloon, the saloon and brothel of Sweetwater]. He is always killed by Hector Escaton during the raid of the Saloon. This host was later repurposed as Peter Abernathy. He is played by Bradford Tatum. ru:Бармен (Оригинал) Category:Hosts Category:Characters Category:Male characters",status:dropped
584ea7c782c7,Carter Verone,Fast & Furious,status,https://fastandfurious.fandom.com/wiki/Carter_Verone,,dropped,"actor: Cole Hauser | gender: Male | status: Incarcerated | born: April 12, 1968 Buenos Aires, Argentina","Brian and Roman soon learned from Monica that Verone planned to have them killed after they delivered the package and consequently devised a plan to thwart him, which included disposing his two bodyguards.","Carter Verone is a ruthless former Argentine-American drug lord who worked for Almeida Drug Cartel and was targeted by U.S. Customs due to his drug operations and later arrested after Brian O'Conner and Roman Pearce went undercover with aid from undercover U.S. Customs agent Monica Fuentes. Biography 2 Fast 2 Furious Carter Verone was born on April 12, 1968 in Buenos Aires, Argentina. He was exceedingly rich and owned many properties including a mansion, boat yard, and trailer park. He's also hired a high amount of people under his employ including bodyguards and go to thugs Enrique and Roberto. Also under his employ was Monica Fuentes, who was an undercover U.S. Customs agent who it is suggested he has a sexual relationship with. Verone puts out the word that he needed drivers to deliver a package and subsequently has Monica employ Brian Earl Spilner (O'Conner) and Roman Pearce as the drivers; however, Monica and U.S. Customs tell them to infiltrate his drug ring as drivers to facili",status:dropped
5d99e201d721,Linda Sullivan,Breaking Bad / Better Call Saul,status,https://breakingbad.fandom.com/wiki/Linda_Sullivan,,dropped,Portrayed by: Holly Kaplan,,"Linda Sullivan is an archaeologist. History Better Call Saul Season 5 As one of Jimmy McGill's stall tactics against Mesa Verde evicting Everett Acker, he plants pottery shards in the ground outside his house. Linda and an archaeology team are brought in to investigate the shards and tells the construction crew that a full sweep of the property could take several days. Category:Articles needing expansion Category:Living Characters Category:Season 5 Characters (Better Call Saul) Category:One-Off Characters Category:Characters",status:dropped
79ac493ee15b,Elizabeth,The Boys,status,https://the-boys.fandom.com/wiki/Elizabeth,,dropped,species: Human | gender: Female | actor: Julia Dyan-Porter,,Elizabeth was one of The Deep's potential wives. He ultimately went with Cassandra Schwartz.,status:dropped
1a2d3b59b9b6,The Entity,Mission: Impossible,status,https://missionimpossible.fandom.com/wiki/The_Entity,,dropped,species: Artificial Intelligence | status: Captured,"IMF director Theodore Brassel then caught track of Davian's activities, and sent Lindsey Farris (Ethan Hunt's protege) to find Davian, only to result in her death planted by a micro explosive. Shortly after Hunt and Meade killed both men, (and avenging Farris). As Benji and Luther grappled with the bomb, Gabriel and his right-hand woman Paris killed Otto, only to find he did not have the real key on him.","The Entity, formerly known as the Rabbit's Foot, is the main antagonist of the Mission: Impossible franchise, serving as one of the main antagonists (alongside Gabriel Martinelli) of the 2023 global blockbuster action/spy thriller film Mission: Impossible - Dead Reckoning and the main antagonist of it's 2025 sequel Mission: Impossible - The Final Reckoning. Prior to its creation, it was known as the Rabbit's Foot, a weaponized item which black arms dealer Owen Davian attempted to find and sell to terrorist groups for the highest bidder, until Ethan Hunt stole it in Shanghai and gave it to the IMF in 2006, ending Davian's plans. Many years later, it transformed into the Entity, an advanced, self-aware, rogue AI capable of penetrating cyber-security and predicting probable futures. Governments around the world compete to control it, searching for two connected keys, while the IMF also searched for the keys, aiming to destroy the Entity to prevent further sabotage. With the ability to in",status:dropped
606923737dd7,Aethelflaed,Vikings,status,https://vikings.fandom.com/wiki/Aethelflaed,,dropped,status: Deseased | born: 822,,"Lady Aethelflaed of Mercia is the Daughter of Alfred the Great king of the Saxon, king of Wessex and Mercia, and his wife Elsewith of Northumbria, and Half-daughter of Edward the Elder Biography Personality Relationships Quotes Trivia Category:Characters Category:Female Characters Category:Anglo-Saxons Category:Christians Category:Wessexians Category:Mercians Category:Princesses Category:House of Wessex",status:dropped
f8cc68b1608b,Mr. Hunkins,Ozark,status,https://ozark.fandom.com/wiki/Mr._Hunkins,,dropped,,,"Mr. Hunkins is a minor character on Ozark. He is the husband of Mrs. Hunkins and the pair are both looking for a financial adviser to guide them with their money. The pair visited many different advisers before meeting with Marty Byrde and Bruce Liddell. Throughout The Series In Sugarwood, Mr. Hunkins and his wife make their first and only appearance in the series. The pair are both interested in investing in a property and after interviewing many different financial advisers off-screen they meet with Marty Byrde, they seem interested but want to ensure that they can trust the person they decide upon. After passively aggressively bickering with each other whilst a distracted Marty gives some advice, Bruce enters. He explains that their business is too busy to take on new clients but explains a possible way in which the Hunkins could become clients, this was possibly a selling technique to get the couple on-board and is indeed successful. Relationships Mrs. Hunkins ""Well I kinda d",status:dropped
941e70346f1b,Spartacus,Spartacus,status,https://spartacus.fandom.com/wiki/Spartacus,,dropped,"first: S1E01: The Red SerpentS2E01: FugitivusS3E01: Enemies of Rome | last: S3E10: Victory | status: Succumbed to Wounds Inflicted by Marcus Licinius Crassus' Men | actor: Andy Whitfield (Season 1)Liam McIntyre (Season 2, Season 3)","His other titles include ""The Thracian"", ""The Bringer of Rain"", ""The Slayer of Theokoles"", ""The Slayer of The Shadow of Death"", ""The Rebel King"" and ""King Spartacus"". This more impulsive side related to his wife of would never completely leave him until he took revenge on every roman responsible for Sura's slavery and death. After Sura dies in his arms, Spartacus has to find new meaning in life, and he does embracing the belief on fate that Sura had.","For the TV franchise, see Spartacus (TV Franchise). Spartacus (real name unknown) is a Thracian warrior who becomes a famous Gladiator in the Arena, later to build a legend upon himself during the Third Servile War. For the first season, he served as a gladiator in Batiatus' Ludus under the direction of Doctore and rivaled the then-Champion of Capua Crixus. Later, he and many of the gladiators broke free from captivity and began an armed rebellion against Rome. He is the eponymous character and main protagonist of the series, rising from nothing to an arena champion, only to abandon it to fight for the freedom of all slaves. His other titles include ""The Thracian"", ""The Bringer of Rain"", ""The Slayer of Theokoles"", ""The Slayer of The Shadow of Death"", ""The Rebel King"" and ""King Spartacus"". Appearance In the beginning of the series, when Spartacus was still a free man, he had long brown hair, but after becoming a slave, his hair was closely cropped. His life as a gladiator caused him ",status:dropped
45f647358ce9,Lilly Wachowski,The Matrix,status,https://matrix.fandom.com/wiki/Lilly_Wachowski,,dropped,"born: December 29, 1967",,"Lilly Wachowski (born December 29, 1967), is an American film director, writer and producer, most famous for co-creating the The Matrix series together with her sister Lana Wachowski. For the larger part of their careers, Lilly and Lana had worked together in tandem and were always credited as a team since their directing debut in 1996. After creating the web TV series Sense8, they have both started working their own solo projects starting with the 2nd season of Sense8 for Lana on 2016 and with Work in Progress for Lilly on 2019. Lilly is one of four sisters and was born to her mother Lynne Luckinbill (maiden name) and her father Ron Wachowski. Her other three sisters are Lana, Laura, and Julie. Julie is a screenwriter and novelist and assistant coordinator in the Wachowskis' film Bound.Bound. Directed by The Wachowskis, distributed by Gramercy Pictures and Summit Entertainment, 1996. Early Life Lilly Wachowski graduated from Whitney Young High School in 1985.Miller, Mark (November 1",status:dropped
f314b8946123,Atlantic Mackerel,Jurassic Park,status,https://jurassicpark.fandom.com/wiki/Atlantic_Mackerel,,dropped,,,"The (Scomber scombrus), also known as the Boston mackerel, Norwegian mackerel, Scottish mackerel, or just mackerel, is a species of mackerel that inhabit the temperate waters of the Mediterranean Sea, the Black Sea, and the northern Atlantic Ocean. It is a highly commercial fish that is sought after for its meat, being strong in flavor and high in oil content and omega-3 fatty acids among other nutrients. Its body is elongated, steel-blue marked with wavy black lines dorsally and silvery-white ventrally, in addition to a long and pointed snout. It has two spiny dorsal fins, two pectoral fins, and small caudal and anal fins. History Jurassic World: Camp Cretaceous Season 4 A pod of Atlantic mackerel was passing by the yacht that the Nublar Six used as they finally escaped Isla Nublar. Trivia In reality, the Atlantic mackerel isn't native to the Pacific Ocean, which is the location of Isla Nublar and the first season of the fourth season of Jurassic World: Camp Cretaceous. Naviga",status:dropped
bd8b7bbf26b1,Maxim Solokov,Alien vs Predator,status,https://avp.fandom.com/wiki/Maxim_Solokov,,dropped,species: Human | gender: Male,,"Maxim Solokov was a contractor and operator of the ICS Contractor's Coalition. Though Solokov maintained a public image of assisting in the settlement of Independent Core System Colonies worlds, his business interests ran the gamut from legitimate to illegal. Around 2187, Solokov's wife Katya attempted to leave him with their sons Dimitriy and Mikhail in tow. Seeking asylum in the United Americas, Katya was questioned by United States Colonial Marine Corps Sergeant Alec Brand concerning Maxim's purported role in developing bombs containing a dangerous alien pathogen. The rumors were solidly debunked, though Katya was nonetheless sentenced to a stint on prison world Nungal 734 in a UA bid to intimidate Maxim. Katya and her children were subsequently freed and taken to a safe world by Brand and his team; despite their actions, Brand and the others were demoted and assigned to Hygieia Colony on the moon BG-791. It was thereafter speculated that the lenient sentence had been levied due to",status:dropped
37cffc8e154c,Dominique,Lost,status,https://lostpedia.fandom.com/wiki/Dominique,,dropped,Actor: Sandra Le Bat,,"The frenchwoman Dominique is the wife of Philippe, and the mother of Sophie and Laurent. She is seen only in a deleted flashback scene. External links Dailymotion video - deleted scene de:Dominique es:Dominique fr:Dominique it:Dominique pl:Dominique pt:Dominique ru:Доминик Category:Characters Category:Season 2 characters Category:Wives Category:Mothers Dominique Category:Boone and Shannon's flashback characters Category:French characters Category:Episodic characters",status:dropped
69fc09e379d3,Babette's Dancer 09 (Anastasia),Boardwalk Empire,status,https://boardwalkempire.fandom.com/wiki/Babette's_Dancer_09_(Anastasia),,dropped,Actor: William Ward,,"Babette's Dancer 09 (Anastasia), played by co-star William Ward, is a supporting character in ""Anastasia"" and ""Two Boats and a Lifeguard"". He is dancing at Babette's Supper Club for Nucky Thompson's birthday party in 1920. He is at Babette's again for Jimmy Darmody's victory party in ""Two Boats and a Lifeguard"" in June 1921. He is at Nucky's 1922 New Year's Eve party in ""Resolution"". Appearances",status:dropped
8b46dad21547,Michael Crutchfield,The Wire,status,https://thewire.fandom.com/wiki/Michael_Crutchfield,,dropped,"actor: Gregory L. Williams | seasons: 3, 4, 5","When Omar Little was murdered, Crutchfield was the detective assigned to work the case.","Michael Crutchfield is a veteran detective in the Homicide Unit of the BPD. Biography Season 3 He was the primary detective at the murder that took place in Major Colvin's ""free zone"" and withheld the investigation at Colvin's request. Colvin then helped create a ""dunker"" case having his suspect turned in after threatening the drug dealers in the ""free zone"". Season 4 Crutchfield played a bigger role appearing with Vernon Holley getting an identification of Omar Little as a murder suspect from Old Face Andre. When Detective Moreland wanted to re-examine the case, Crutchfield displayed his anger over Bunk wanting to reverse one of his clearances. Crutchfield then promised to reverse a clearance of Bunk's as payback for going back on a solved case. When Sergeant Carver left a message for Bunk, Crutchfield deliberately threw it away, causing a lengthy delay in the discovery of the bodies being left all over the City by the Stanfield Organization. Crutchfield ended season four investigat",status:dropped
bda5b2626776,Rudy,Marvel Cinematic Universe,status,https://marvelcinematicuniverse.fandom.com/wiki/Rudy,,dropped,species: Human | gender: Male | actor: Neal Kodinsky | status: In Custody,,"Rudy is the owner of 1337 Connect and a supporter of the Flag Smashers. Biography Shelter for Flag Smashers Firmly believing in the Flag Smashers' cause, Rudy let them stay at 1337 Connect when they were in the need of a shelter in Munich, and also provided them with food. Rudy told Karli Morgenthau that her people were becoming a legend, as more and more people were talking about them as a freedom fighters fighting for the greater cause, comparing them with . Rudy assured Morgenthau that people admire them and their goals, so the Flag Smashers would be able to find support wherever they need. Rudy then let Morgenthau and the Flag Smashers to the room they prepared for them, saying that they can stay for as much as they need. |Rudy is interrogated by Captain America and Battlestar Rudy's affiliation with the Flag Smashers was eventually uncovered, so the Global Repatriation Council deployed Captain America and Battlestar with the Munich police unit to investigate. The police stormed ",status:dropped
82f1571aa506,Tommy Day,Prison Break,status,https://prisonbreak.fandom.com/wiki/Tommy_Day,,dropped,played by: Jeff Fenter,,"Tommy Day was a house-sale man and met Sophia Lugo about James Whistler. Biography Season 3 Tommy did call Sophia Lugo, when he said that Whistler had another house. Sophia did met Tommy at the house and Tommy did let her alone. Appearances Category:Season 3 characters Category:Living characters Day, Tommy",status:dropped
69053379273e,Tom Mills,James Bond 007,status,https://jamesbond.fandom.com/wiki/Tom_Mills,,dropped,portrayed: ''Unknown'',,"Tom Mills is a American intelligence operative, formerly employed by the Central Intelligence Agency and later hired by MI6. The character appeared in the 2015 video-game James Bond: World of Espionage. Biography After his exile from the CIA, Tom did everything he could to obliterate his records, knowing that the files had been planted by an organization which needed to disrupt trust in the US overseas security organization. Unable to regain security clearance in the US, he approached MI6 who were willing to give him a chance, especially due to his extremely useful skill set.In-game agent dossier, James Bond: World of Espionage. He has skills in firearms, stealth and surveillance, and is multi-lingual, speaking English, Spanish and Russian. The character offers a damage bonus during Alliance Wars and provides a 1% chance to spend no energy in missions using Hollowpoint ammunition, along with a 7% damage bonus during Alliance Wars using tuxedo disguises. He is an ""uncommon agent"" (gre",status:dropped
8490d1a078f8,Trickout,Transformers,status,https://transformers.fandom.com/wiki/Trickout,,dropped,species: Cybertronian (Mini-Con) | gender: Male | first: Defrosted,,"Trickout is one of Soundwave's subordinate Mini-Cons. Transformers: Robots in Disguise Season 3 History In Defrosted, Soundwave dispatched Trickout through a GroundBridge, ordering him to find more Decepticon Hunters. In The Great Divide, Trickout managed to grab Sideswipe's weapon while the Autobots were busy being inadvertently merged, and returned it to Soundwave. Category:Transformers Robots in Disguise 2015 Category:Cybertronian Category:Mini-Cons Category:Males Category:Characters Category:No Voice Actor Category:Robots in Disguise Season 3 Character Category:Activator Mini-Cons Category:Transformers_Robots in Disguise 2015 Autobot Category:Robots in Disguise Mini-Cons",status:dropped
5f079d2c145f,Fulson,Avatar,status,https://james-camerons-avatar.fandom.com/wiki/Fulson,,dropped,species: Human | gender: Female | portrayed: Tara Sands | first: ''James Cameron's Avatar: The Game'',She earned her first command when her Commanding Officer was killed by a pack of viperwolves while off-site on a solo trek.,"Commander Fulson is a Navy officer and the head of Camp Zulu in the Grave's Bog sector. Background She arrived on Pandora over five years ago and moved quickly through the ranks. She earned her first command when her Commanding Officer was killed by a pack of viperwolves while off-site on a solo trek. She stepped in as a leader, and very quickly showed improvements in the camp structure. She's never looked back since. Avatar: The Game During Able Ryder's deployment to Grave's Bog in his search for harmonic crystals and a willow tree, they encounter Commander Fulson in Camp Zulu after a raid on a Na'vi village; she is amused when she learns of Ryder's mission, saying ""What will the Corps (RDA) think of next"". Fulson orders Ryder to assist in the defense of Camp Zulu against a small herd of sturmbeest and a large force of Na'vi warriors. With Ryder's help, Fulson's SecOps troops are able to kill all of the attackers. However, Fulson tells Ryder that the base is detecting readings of a",status:dropped
e9f4d773141a,Nomad,Sons of Anarchy,status,https://sonsofanarchy.fandom.com/wiki/Nomad,,dropped,appearances: 1 episode (see below) | portrayed by: Mancow Muller,,"Nomad is a member of the Nomads on the FX original series Sons of Anarchy. Played by American actor Mancow Muller, Nomad appears only on the episode in the series' second season. Biography Background Season 2 Appearances Category:Characters Category:One-shot characters Category:Season 2 Characters Category:Alive",status:dropped
6fa39a25adea,Kappa,Supernatural,status,https://supernatural.fandom.com/wiki/Kappa,,dropped,status: Extant | actor: None,,"Kappa are a helpful type of specter that originates from Japan. They protect humans from harm in exchange for food. History Originally believed to be attacking the people in a small town, Sam and Dean happened to be stuck in. The brothers investigated and thought it was an aquatic demon called a ""Yam"" but after more investigation it was uncovered that creature was not harming anyone, it was actually saving lives. It had protected a couple from a car accident, saved a man from a fatal heart attack and saved a group of hunters from both a landslide and a lightning strike. It took food from all the people it saved and had a particular fondness for sweets. After Sam tells the towns people that the creature was actually helping them, they all agree to stop hunting it and let it be free. Physical Appearance They are covered with scales, and have webbed hands and feet with sharp claw like fingers. Humanoid but turtle and frog-like in appearance, they also have big eyes and a large toothy s",status:dropped
c0a3a65c6727,Pontius,The Hunger Games,status,https://thehungergames.fandom.com/wiki/Pontius,,dropped,gender: Male,,"Pontius was a young boy who talked to Lucy Gray Baird when she was in the Capitol Zoo. He had a younger sister named Venus. Biography Pontius was among a group of small children clustered near the bars of the monkey house, where the tributes of the 10th Hunger Games were located. When Coriolanus Snow walked over and asked the children if they would like to meet Lucy Gray, Pontius was eager for the opportunity, having seen her on Capitol TV. He shook hands with Lucy Gray and told her about his sister.The Ballad of Songbirds and Snakes, Chapter 4 Etymology was a Roman governor that served under Emperor Tiberius, known for presiding over Jesus' trial and crucifixion. References Category:The Ballad of Songbirds and Snakes characters Category:Males Category:People from the Capitol",status:dropped
0acd2f820b88,Dru-Zod (Flashpoint),DC Extended Universe,status,https://dcextendeduniverse.fandom.com/wiki/Dru-Zod_(Flashpoint),,dropped,species: Kryptonian | gender: Male | status: Erased from Existence | actor: Michael Shannon,"Zod was the first and last great enemy of the heroine Supergirl, who was destined to always be killed by him in every timeline. After the implosion of Krypton and seeing that their planet had been destroyed, Zod declared the Black Zero his new flagship and began searching the universe, eventually intercepting the starcraft of newborn Kal-El, whom he murdered believing he housed the Codex within his cells. At that, Zod revealed that he had found and executed the newborn Kal-El in search of the Growth Codex, which was actually found in Kara's cells.","General Dru-Zod was a Kryptonian war criminal and the former leader of the Warrior Guild who later founded the Sword of Rao, with the goal of having possession of the Growth Codex to preserve his race. Having survived the destruction of his native planet of Krypton after escaping with his followers in the Black Zero, he viewed his life purpose to be the successful re-establishment of Krypton on another planet; Earth. Zod was the first and last great enemy of the heroine Supergirl, who was destined to always be killed by him in every timeline. Biography Early Life Dru-Zod was born on the distant planet Krypton, in the huge capital megacity of Kandor, with him being genetically engineered as a commanding leader and fierce warrior. He was one in a long line of warriors all who served in the Kryptonian Warrior Guild, rising to the rank of general (leader of the entire guild). Fighting for Krypton Murdering Kal-El In 1980, General Dru-Zod led a Kryptonian rebel faction known as the Swor",status:dropped
89d01ba6db2b,Fiona Kemp,Dexter,status,https://dexter.fandom.com/wiki/Fiona_Kemp,,dropped,status: '''Incarcerated''' | gender: '''Female''' | actor: '''Julie Ann Emery''' | seasons: '''Season Three''',"She was obsessed with a man named Jack Rice, whom she killed when he rejected her advances.","Fiona Camp is a character in Season Three of Showtime's series DEXTER. She was obsessed with a man named Jack Rice, whom she killed when he rejected her advances. Summary ""All in the Family"" From the moment that Fiona laid eyes on Jack Rice at the coffee shop where she worked, she believed they were meant for each other. She imagined they were in a relationship, and began to stalk him. When Jack rejected Fiona's advances, she bludgeoned him with a statue in his home. She then set up the scene to look like the murder had been committed by a robber who was responsible for several similar crimes in the area. When questioned by the police, Fiona was extremely emotional and presented herself as Jack's fiance. With the help of a fake photo of her and Jack together, she initially avoided suspicion. Dexter soon discovered that the blood spatter did not match someone who was the height of the alleged killer, but fit perfectly for someone of Fiona's height. Debra then confronted Fiona, ",status:dropped
e2e5d5459e88,Kate (Awakening),Westworld,status,https://westworld.fandom.com/wiki/Kate_(Awakening),,dropped,species: Host | actor: Brina Palencia (voice) | seasons: ''Westworld Awakening'' | gender: Female,"As a result, she killed Hank in an attempt to spare him from more suffering. The voice tells her to leave, but Kate's motor functions get frozen so she can't escape and gets killed according to her narrative. Rockwell killed by the killer.","{{DISPLAYTITLE:Kate (Awakening)}} Kate Wesson is the main playable protagonist of VR game Westworld Awakening. She is voiced by Brina Palencia. Biography Background She's a first generation host, who had attained sentience inside the Mesa. In her current build, she is known as Kate Wesson. She had been mostly murder victims in her previous builds, which she had been named ""Kate Hellman"", ""Katherine Riley"", ""Kate Turner"", ""Kate Owens"". In her first role after the park opened 30 years ago, which she had been named ""Katie Birch"" at the time, she was married to Hank and was called ""the lady with the white shoes"" by Old Bill. She, Hank, and Old Bill had a Wild West performance in alternate Sweetwater. She achieved sentience during that time, and tried to escape with Hank, but was unsuccessful. As a result, she killed Hank in an attempt to spare him from more suffering. Plot Westworld Awakening ""Rabbit's Snare"" Kate goes to collect her inheritance from her great-uncle Avery Biltmore's est",status:dropped
a59b6b6f7bc9,Roscoe,Fast & Furious,status,https://fastandfurious.fandom.com/wiki/Roscoe,,dropped,gender: Male,,"Roscoe is a loyal dog that the children found or more accurately he found them. He was eventually adopted by Ms. Nowhere. He was introduced in ""The Fugitives"". Biography Hosted by Ms. Nowhere Roscoe appeared before Ms. Nowhere and Frostee when they tried to retrieve Rollie and Nacho's list. Initially, Ms. Nowhere mistook Roscoe for a vicious watchdog, but he was shown to be very friendly. Roscoe later followed the team to their truck and Ms. Nowhere decided to adopt him. Mexico City During the trip to Mexico City, Roscoe ran to Ms. Nowhere bringing her French fries. As Ms. Nowhere infiltrated Moray's party, Roscoe was in the truck with Frostee watching and even licking the screen when he saw a chocolate fountain. After the van ran out of gas, Roscoe was left behind as the team fled from the police in their cars. He was later shown barking at Nacho and Rollie on security footage when they tried to steal the truck much to the team's laughs. Relationships Allies Ms. Nowhere (owner) ",status:dropped
fab2c5107fb2,LKUDI,Breaking Bad / Better Call Saul,status,https://breakingbad.fandom.com/wiki/LKUDI,,dropped,Portrayed by: ''Unseen character'',,"LKUDI was a criminal listed in Dr Caldera’s black book, that later came under the employment of Saul Goodman after he acquired the book. Category:Characters With Unknown Fates Category:Criminals Category:Unseen Characters Category:Characters whose names are unknown Category:Better Call Saul Characters Category:Jimmy McGill's Contacts",status:dropped
76524dfb89a8,Erin,The Boys,status,https://the-boys.fandom.com/wiki/Erin,,dropped,species: Human | gender: Female,,"Erin is a character in the animated anthology series, The Boys Presents: Diabolical. The Boys Presents: Diabolical In ""Boyd in 3D"", Erin is a celebrity Vought scientist who gives Boyd Dune a sample of his ""Envision"" cream to make himself better looking. Gallery Photos Videos References Category:Female Characters Category:The Boys Presents: Diabolical Characters Category:Humans",status:dropped
2e1aeb35fc33,Willy Armitage,Mission: Impossible,status,https://missionimpossible.fandom.com/wiki/Willy_Armitage,,dropped,gender: Male,,"William ""Willy"" Armitage was a professional weightlifter, a mechanical engineer, and an agent of the Impossible Missions Force. He belonged to, and was usually recruited for, the missions accepted, and carried out, by ""The Director's Own Mission Team."" Abilities left|thumb|William Armitage's first IMF dossier. Armitage's dossier stated that he had established world records as a weightlifter. The missions often called for him to lift heavy objects and make the act look easy, such as when he would smuggle a fellow agent into a mission area inside a suitcase. In addition to heavy lifting, he was a skilled unarmed combatant; in the ""reenactment"" of one mission, he devised, or at least employed, a blood choke that rendered a full-grown man unconscious within seconds of application. Armitage participated even in missions that did not require brute strength, most often as a driver. Other ""post-declassification mission reenactments"" depicted him displaying skill in such things as painting, ",status:dropped
f7a7aa943cad,Osric,Vikings,status,https://vikings.fandom.com/wiki/Osric,,dropped,actor: Seán McGillicuddy | seasons: Season 6 | first: ''The Lord Giveth'' | last: ''The Last Act'',,Osric is Bishop Aldulf's second-in-command. Biography Season 6 Coming soon... Appearances Category:Characters Category:Male Characters Category:Season 6 Characters Category:Christians Category:Anglo-Saxons Category:Wessexians,status:dropped
6d0e32c013e7,Liz,Ozark,status,https://ozark.fandom.com/wiki/Liz,,dropped,gender: Female,"She was killed in the first episode of the series. Category:Characters
Category:Deceased","is a minor character in the series, Ozark. She was killed in the first episode of the series. About Liz was Bruce's fiancée and realtor. She gets shot by Del while using the bathroom. Category:Characters Category:Deceased",status:dropped
9a2606bf56b9,Melitta,Spartacus,status,https://spartacus.fandom.com/wiki/Melitta,,dropped,first: S0E01: Past Transgressions | last: S0E05: Reckoning | status: Accidentally Poisoned by Lucretia | actor: Marisa Ramirez,"The Shadow of Death
When Oenomaus fights Theokoles in the arena, Melitta watches as her husband fights valiantly against the large Greek. Oenomaus proves himself Theokoles' greatest challenge, but is on the brink of death against him. Seeing her husband close to death Melitta cries out.","is the wife of Oenomaus and servant in Batiatus' Ludus. She appears exclusively in Spartacus: Gods of the Arena. Appearance Melitta is a beautiful woman with long black hair, olive skin, and large, distinct hazel-colored eyes. Being a body slave, she wears better attire than the other slaves, as well as discrete slave collars around her ankles that resemble jewlery. Personality Melitta has proven to be a ""round"" character. Despite being a slave to Batiatus and Lucretia, Melitta works diligently to please her masters. She cares about those around her enough to offer advice to the other slave girls, yet keeps a cool temperament with soft humor mixed with respect. She bears even greater loyalty to her husband, Oenomaus, encouraging him when he sulks for not being chosen as Batiatus' champion, and giving him hope when he despairs. She also has feelings for Gannicus, despite being married. The Shadow of Death When Oenomaus fights Theokoles in the arena, Melitta watches as her husband fig",status:dropped
884db156504b,Lana Wachowski,The Matrix,status,https://matrix.fandom.com/wiki/Lana_Wachowski,,dropped,"born: June 21, 1965",,"Lana Wachowski (born June 21, 1965) is an American film director, writer and producer, famous for creating the The Matrix franchise together with sister Lilly Wachowski. Following the success of The Matrix, they went on to write and produce a number of other films, including V for Vendetta (2006) Speed Racer, Cloud Atlas (2012) and Jupiter Ascending (2015). They also co-created the web TV series Sense8 (2015) but Lana started working separately from Lilly starting the 2nd season of the series with Lana staying. Lana alone served as director, co-writer and producer for The Matrix Resurrections.‘Matrix 4’ Officially a Go With Keanu Reeves, Carrie-Anne Moss and Lana Wachowski (EXCLUSIVE), accessed on 2019-08-21 See also The Wachowskis References Category:Directors Category:The Matrix Category:The Matrix Reloaded Category:The Matrix Revolutions Category:The Matrix Comics Category:The Animatrix",status:dropped
c3ae05d89dbe,Bahariasaurus,Jurassic Park,status,https://jurassicpark.fandom.com/wiki/Bahariasaurus,,dropped,,,"(meaning ""Bahariya lizard"") is a genus of theropod dinosaur that lived in North Africa during the Late Cretaceous period around 95 million years ago. Very little is known about Bahariasaurus as only a small number of hipbones have been found. Even those were lost, however, when Allied bombs destroyed the German museum where the bones were housed during WWII. A number of these bones were found by German paleontologists shortly before WWI. In the early 1930's they were named Bahariasaurus and identified as coming from a huge carnivore. WWI ended the original search for the specimen and WWII destroyed what had been found. Some scientists have suggested that Bahariasaurus may have been part of the Tyrannosauridae family. However, no Tyrannosauroid has been recorded in Africa. Others believe that Deltadromeus should be a junior synonym of Bahariasaurus.Most of the information comes from Jurassic Park Institute. Link Jurassic Park Franchise Bahariasaurus was featured in the Jurassic Park I",status:dropped
aa44b35cf5a0,Martina Willamar,Alien vs Predator,status,https://avp.fandom.com/wiki/Martina_Willamar,,dropped,species: Human | gender: Female,,Martina Willamar was a security officer and member of the pirate organization Gorham's Marauders. Appearances Category:Building Better Worlds characters Category:Gorham's Marauders,status:dropped
42d6c457574f,Chinese ambassador,Lost,status,https://lostpedia.fandom.com/wiki/Chinese_ambassador,,dropped,Actor: George Kee Cheung,,"The Chinese ambassador received a panda bear plush doll from Jin, as a congratulations for his newborn grandson. Jin gave him a message from Mr. Paik, stating that they looked forward to doing business in China. The ambassador told Jin to inform Mr. Paik that he would be in touch. He then returned to the hospital room to show the bear to his grandson. ru:Китайский посол Category:Characters Category:Season 4 characters Category:Flashback Characters Category:Jin and Sun's flashback characters Category:Unnamed characters",status:dropped
17ac3306b049,Deuces bouncer 1,Boardwalk Empire,status,https://boardwalkempire.fandom.com/wiki/Deuces_bouncer_1,,dropped,Actor: Anthony DeVito,,"Deuces bouncer 1, played by Anthony DeVito, is an unnamed minor character in . Biography Background He works for Chicago mob boss Johnny Torrio at the Four Deuces brothel. Season 3 He admits Dean O'Banion to a meeting with Johnny Torrio. O'Banion gives Torrio flowers for Mrs. Torrio and the bouncer takes them away. When O'Banion provokes Al Capone, Torrio orders him thrown out. The bouncers restrain Capone and hustle O'Banion into the street. Relationships Johnny Torrio: Employer Al Capone: Associate Jake Guzik: Associate Dean O'Banion: Associate Memorable Quotes Appearances Category: Chicago Category: Gangsters Category: Season 3",status:dropped
87648d3369bc,Anthony Colicchio,The Wire,status,https://thewire.fandom.com/wiki/Anthony_Colicchio,,dropped,"actor: Benjamin Busch | seasons: 3, 4, 5",,"Anthony ""Tony"" Colicchio is a former officer in Sergeant Ellis Carver's DEU squad in the Western District of Baltimore City. Biography Season 3 He was often partnered with fellow squad members Thomas ""Herc"" Hauk and Lloyd ""Truck"" Garrick. Colicchio is part of the operation that resulted in the shooting of Officer Dozerman. Along with the rest of the squad, Colicchio is involved in policing drug tolerant zones set up by his district commander Major Colvin without the knowledge of his superiors. It is Colicchio who inspires the name ""Hamsterdam"" after citing Amsterdam's liberal drug laws as a metaphor for Colvin's new policies. As Colicchio is zealously committed to using brute force to fight the war on drugs, he describes the drug-free zones as ""moral midgetry."" Season 4 Colicchio remains and Carver tried to bring him around to his new way of doing things - getting to know the street dealers and cultivating informants. Colicchio takes part in Lieutenant Marimow's failed raids in the W",status:dropped
f9bbcde4f6df,Hellcat,Marvel Cinematic Universe,status,https://marvelcinematicuniverse.fandom.com/wiki/Hellcat,,dropped,species: Human | gender: Female | actor: Rachael TaylorCatherine Blades (young)Audrey Grace Marshall (young) | status: In Custody,"Following Simpson's death, she began using his Combat Enhancer Inhaler to avoid feeling powerless. Kilgrave Returns
Helping Jessica Jones
|Walker has a meeting with Zack and Nicole|left

For six months after the supposed death of Kilgrave, Walker had not heard a word from Jessica Jones, making her feel shut out. To make sure Jessica hadn't died, Walker kept tabs on her.","Patricia ""Trish"" Walker is a former model and child TV star, former successful radio talk show host, and the adoptive sister of Jessica Jones. She was the star of It's Patsy becoming known as Patsy Walker. By overcoming her past as an abused child star that led to a drug addiction, Walker became instrumental in Jones' quest to stop Kilgrave, while also engaging in a failed relationship with Will Simpson. Walker became envious of her sister having powers and putting them to waste. Following Simpson's death, she began using his Combat Enhancer Inhaler to avoid feeling powerless. When the inhaler stopped working, Walker turned to Karl Malus, the man who had given her sister powers in the first place. Walker forced Malus to perform an experimental surgery that despite almost killing her, granted her powers and with them became a vigilante known as Hellcat, helping Jones to track down villains, but eventually lost her way, becoming a killer herself. Walker was finally stopped by Jones and",status:dropped
e568cdec6036,Wes Herman,Prison Break,status,https://prisonbreak.fandom.com/wiki/Wes_Herman,,dropped,played by: Joel Stoffer,,Wes Herman was a character in Breakout Kings. Biography Breakout Kings Appearances Out of the Mouth of Babes category:Living characters Category:Breakout Kings characters Category:Characters,status:dropped
9bc2e3b90e37,Pablo Cervantes,James Bond 007,status,https://jamesbond.fandom.com/wiki/Pablo_Cervantes,,dropped,portrayed: ''Unknown'',,"Pablo Cervantes is a Venezuelan intelligence operative who appeared in the 2015 video-game James Bond: World of Espionage. Biography Having trekked across more of the Americas than any other man alive, Pablo knows the mountains as well as the rivers and the cities as well as the jungles. His network of contacts reaches from Punta Arenas to Albuquerque. His preferred weapon is a serrated steel boomerang that can decapitate a man at forty feet.In-game agent dossier, James Bond: World of Espionage. Notable for being afflicted by malaria, he has skills in survival, hand-to-hand combat and piloting, and is multi-lingual, speaking Spanish, English and Quechua. The character offers a chance to perform an attack with no stamina cost and provides a +10 total defence bonus using C4 explosives and +2 stamina using snow-climbing gear. He is an ""uncommon agent"" (green) and can be levelled to level 15. Gallery References Category:James Bond Characters Category:Game Characters Category:World of E",status:dropped
0f45ec5ccd43,Butch,Transformers,status,https://transformers.fandom.com/wiki/Butch,,dropped,species: Human | gender: Male | first: More than Meets the Eye,,"Butch is a human child who lives in Crown City. He plays football with Russell and Hank. Transformers Robots in Disguise History Season 1 Butch made his first appearance in More than Meets the Eye. Butch was playing football with Hank and the other kids when Russell came in. Butch recognized him as the kid who lived in the scrapyard and invited Russell to play in the game. Butch introduced Russell to Hank and told him that her real name was Henrietta. Hank ribbed him with the football and claimed that his real name is Cynthia. Despite losing the first game, the trio managed to beat their opponents in the rematch. In One of Our Mini-Cons Is Missing, Butch threw Russell a football that went above Russell's height, which Butch hassled him for not catching it. However, Russell stood up to Butch by stating he threw it too high for him to catch. As Russell stands up for himself, Hank was by his side as he told Butch. Butch realized it was a bad throw and promised the next one would be perf",status:dropped
06a1bbe7dda4,Tukru,Avatar,status,https://james-camerons-avatar.fandom.com/wiki/Tukru,,dropped,species: Na'vi | gender: Male | portrayed: Richard Young | first: ''Avatar: Frontiers of Pandora'',,"Tukru is a Na'vi of the Zeswa clan in Avatar: Frontiers of Pandora. He is an artist who also cares for zakru. Background Tukru's most cherished memories are of growing up among the painters of zakru, playing 'war paint' with other kids, throwing fistfuls of powdered pigments to each other among the looming masses of the sleeping beasts. To him, the zakru felt like mountains. It was as though his mock fights with the other children were set among valleys, ravines, and tall cliffs that ended up adorned by the colorful patterns imprinted by their projectiles. He found in the creativity of those early games his calling, and in their rambunctiousness he developed his character. Fond of zangke, wrestling, and the most rowdy of celebrations in The Circle (the clan home), Tukru lives and breathes partying whenever he is not painting. He has had frequent fights with his daughter Noka'pe. Avatar: Frontiers of Pandora Quests The Celebration Mural Trivia His name is Na'vi for ""spear"". NPC cha",status:dropped
f7b4b5753be2,Niner 1,Sons of Anarchy,status,https://sonsofanarchy.fandom.com/wiki/Niner_1,,dropped,appearances: 1 episode (see below) | portrayed by: Phillipos Haile,,"Niner #1 is a member of the One-Niners street gang on the FX original series Sons of Anarchy. Played by Hispanic actor Phillipos Haile, Niner #1 appears only on the episode in the series' seventh, and final, season. Biography Season 7 Appearances Category:Characters Category:One-Niners Category:One-shot characters Category:Season 7 Characters Category:Unknown",status:dropped
908689f151cf,Wraith,Supernatural,status,https://supernatural.fandom.com/wiki/Wraith,,dropped,status: Extant | actor: Various,"However, when the wraith is killed, the venom loses its effect. Invulnerability - Wraiths cannot be killed by conventional means, they can be killed by silver or severe head trauma. With one wraith, just getting stabbed in the side with silver killed him as the blow didn't even touch his heart.","Wraiths are a type of monster that feed on human brain fluids and can infect them with high doses of dopamine. One appeared as monster of the week in the episode Sam, Interrupted, in which a wraith was feeding on psychiatric asylum patients. In Mommy Dearest, Eve incorporated some wraith traits into her Jefferson Starship hybrid monsters. A third known wraith preferred attacking psychics. Characteristics Wraiths feed on brain fluids, which can be extracted through a spike located in its wrists. They introduce it in a weak spot behind the ear to easily get to the victim's brain. Wraiths can use it as a weapon, but it seems to be easy to break. Victims with their brain fluids sucked out are left with completely dried brains. thumb|225px|A Wraith's retractable wrist spike. It is shown that the best survival site for a wraith would be a psychiatric asylum, as it is the perfect place to feast on a regular basis—not only the patients' brains, soaked in dopamine, are delicious, but no one ",status:dropped
0dfa3668432d,Pliny Harrington,The Hunger Games,status,https://thehungergames.fandom.com/wiki/Pliny_Harrington,,dropped,gender: Male,"When Lamina was killed, Pup cried out in shock.","Pliny ""Pup"" Harrington was a male resident of the Capitol and a student of the Academy. He was one of 24 top-performing seniors at the Academy selected to be a mentor for the 10th Hunger Games. He was assigned the female tribute from District 7, Lamina. Biography His father was a naval commander who watched the waters off District 4. Though his nickname ""Pup"" was given to distinguish him from his father, his father had nevertheless given him a crew cut and shined shoes to try to mold him in his own image. Even so, Pup was a natural slob who would do things like picking a piece of ham out of his braces and flicking it to the floor. He did not think much of his tribute, and was unable to get anything out of Lamina during a mentor-tribute session, revealing that she cried for fifteen minutes straight and that he didn't think that District 7 had prepared her for a hangnail, let alone the Games.The Ballad of Songbirds and Snakes, Chapter 6 He also failed to prepare her for the interviews.",status:dropped
316a8e873772,Nora Allen (Flashpoint),DC Extended Universe,status,https://dcextendeduniverse.fandom.com/wiki/Nora_Allen_(Flashpoint),,dropped,species: Human | gender: Female | status: Erased from Existence | actor: Maribel Verdú,"However, this was retconned in Flash: Rebirth when Professor Zoom traveled back in time to Barry Allen's childhood and murdered Nora to get revenge on him.","Nora Allen is the wife of Henry Allen and the mother of Barry Allen. Biography Meeting Henry Allen At some point, Nora met Henry Allen, whom she would later marry. They both gave birth to their only son, Barry Allen in 1995. Raising Barry Allen Shop at the Supermarket In 2004, Nora Allen and her young son Barry were shopping at a Central City supermarket. There, Nora was going through a box of cereal when an adult version of her son traveled back in time and placed a can of tomatoes in her shopping cart without her knowing about it. As a consequence, Nora continued her life together with her husband Henry for several years, watching her son grow and supporting her by offering her motherly love. Having Dinner with the Family When Barry turned 18, Nora helped her son decorate his new apartment. On September 29, 2013, Nora was preparing lunch when she was surprised by a strangely dressed Barry with cropped hair. As Nora watched her change her, Henry came over to comment that Barry",status:dropped
d5bcd2f3a81e,William Suff,Dexter,status,https://dexter.fandom.com/wiki/William_Suff,,dropped,status: '''Incarcerated''' | gender: '''Male''' | seasons: '''Dexter: Resurrection (mentioned)''' | actor: '''N/A''',"William Lester Suff (born Bill Lee Suff; 20 August 1950) is an American serial killer who tortured and killed at least thirteen women in Riverside County, California, from 1986 to 1991, earning nicknames such as the Riverside Prostitute Killer and the Lake Elsinore Killer, as some of his victims were dumped in Lake Elsinore. Years earlier, in 1973, he murdered his two-month-old daughter in Texas, a crime for which he had only served ten years of a seventy-year sentence. He forced her to carry out his orders under threat of death.","William Lester Suff (born Bill Lee Suff; 20 August 1950) is an American serial killer who tortured and killed at least thirteen women in Riverside County, California, from 1986 to 1991, earning nicknames such as the Riverside Prostitute Killer and the Lake Elsinore Killer, as some of his victims were dumped in Lake Elsinore. Years earlier, in 1973, he murdered his two-month-old daughter in Texas, a crime for which he had only served ten years of a seventy-year sentence. Background Suff's parents had five children, of which he was the eldest. Nothing special happened during his childhood, but Suff proved gifted at playing music. Although not popular, Suff made friends easily. Suff's mother was very domineering and had a strong influence over her husband. This is how Suff understood that he could get what he wanted by coercing others. In 1960, at the age of 10, his parents separated after accusing each other of infidelity. Suff's mother even went so far as to become a prostitute, thu",status:dropped
645f82cfd5c9,Hank (Awakening),Westworld,status,https://westworld.fandom.com/wiki/Hank_(Awakening),,dropped,species: Host | actor: Noshir Dalal (voice) | seasons: ''Westworld Awakening'' | gender: Male,"Biography
Background
He's a first generation host, in his current build, he is a serial killer known as Hank Harper, also known as the ""Sweetwater Slasher"", determined to avenge his family's death by wiping out the Biltmore family, which Kate is the last member of. Plot
Westworld Awakening
""Rabbit's Snare""
Following his loop, Hank breaks into the Biltmore Manor and kills Eric Rockwell just before Kate Wesson comes over to collect her inheritance. After some chase, he stabs her fatally with a hook to avenge his family's death.","{{DISPLAYTITLE:Hank (Awakening)}} Hank is the main antagonist of VR game Westworld Awakening. Biography Background He's a first generation host, in his current build, he is a serial killer known as Hank Harper, also known as the ""Sweetwater Slasher"", determined to avenge his family's death by wiping out the Biltmore family, which Kate is the last member of. He's also know as Hank Butler, Handsome Hank in his previous builds. When he was Handsome Hank 30 years ago, he was married to Kate and achieved sentience with her. Plot Westworld Awakening ""Rabbit's Snare"" Following his loop, Hank breaks into the Biltmore Manor and kills Eric Rockwell just before Kate Wesson comes over to collect her inheritance. After some chase, he stabs her fatally with a hook to avenge his family's death. In another host rotation, the chase repeats, but this time two guests intervene and shoot Hank fatally just as he's about to kill Kate again. In the next host rotation, after Aaron Lyle boosts his bullet ",status:dropped
ab09b1c1d04f,Sudarikov,Fast & Furious,status,https://fastandfurious.fandom.com/wiki/Sudarikov,,dropped,gender: Male | actor: Fred Tatasciore,,"Sudarikov is a Russian oligarch and high-end arms dealer. History Sudarikov sold high-end arms and weapons, and possessed a certain set of encrypted codes that Shashi Dhar was interested in, although he refused to sell it to Shashi. At some point, Sudarikov traveled from Russia to Los Angeles. Leaving his apartment building, he was encountered by Shashi, who drove up to him in his Macallister Motors Superfin, informing Sudarikov that it is a rare, one of a kind car. Noting that Sudarikov was impressed by the car, especially due to its rarity, Shashi allowed Sudarikov to take the car for a spin, sitting in the passenger seat. Sudarikov drove recklessly throughout the streets, using the car's harpoon mechanism to snare a police car and drag it behind them, which led to a police chase. Sudarikov manages to evade them and returns to his apartment building, where Shashi offers to trade Sudarikov the car for the codes, although Sudarikov notifies Shashi that he only led Shashi on so that ",status:dropped
391684f1d4cb,Mrs. Ryman,Breaking Bad / Better Call Saul,status,https://breakingbad.fandom.com/wiki/Mrs._Ryman,,dropped,Portrayed by: Joni Bovill,,"Mrs. Ryman is a cyclist assisting Mr. Ryman. History Better Call Saul Season 6 The couple return to their house, where a group of heavily armed men wearing body armor—henchmen for Gus—are milling about. One of the men sits at a makeshift surveillance station in the Rymans' living room, closely monitoring CCTV feeds of Gus's house. At night, Mrs. Ryman returns to the Ryman Residence and pulls her car into the garage. She gets out of her car and opens the trunk of the vehicle, from which a grinning Mike, who was hiding curled up inside, emerges. Appearances Better Call Saul Category:Season 6 Characters (Better Call Saul) Category:Living Characters Category:Members of Gustavo Fring's Drug Empire Category:Better Call Saul Exclusive Characters",status:dropped
1e7f162fc76f,Ghost,The Boys,status,https://the-boys.fandom.com/wiki/Ghost,,dropped,species: Supe | gender: Female | status: Corporeal (Immortal) | seasons: ''DB'' | actor: Asjha Cooper,"However, Homelander shows up and kills everyone immediately, except for Ghost due her total intangibility.","is a character in the animated anthology series, The Boys Presents: Diabolical. She's featured in the episode, ""An Animated Short Where Pissed-Off Supes Kill Their Parents"". The Boys Presents: Diabolical ""Episode 2"" Ghost, like all supes, was experimented on at birth by Vought International with Compound V. She gained the power to be a ghost where she can float through walls, unfortunately her power was too unstable making her unable to feel, touch and eat while also leaving her in the nude. Her parents, disappointed, dumped her at the Red River Assisted Living For the Gifted Child, where parents dump their kids with “shit powers”. At the center, she became friends with other kids like Mo-Slo, Boombox, Fang, Kingdom, Aqua Agua, Big, Human Tongue, Picante Balls and Flashback. She and her friends find out about Compound V and that they were man-made, realizing that their parents injected them with Compound V to make them famous superheroes so they could get rich off of them, but then a",status:dropped
d243b6cb6e26,The Great Paris,Mission: Impossible,status,https://missionimpossible.fandom.com/wiki/The_Great_Paris,,dropped,gender: Male,"Apparent background
Also, when he was actually learning stage magic, his teacher, called “Meerghan,” shot and killed his own assistant, who he believed had become Paris's lover.","""The Great"" Paris was an actor, a magician and a master of disguise who was a member of the Impossible Missions Force. He appeared in Seasons 4 and 5, taking over from Rollin Hand in this capacity. (Martin Landau and Barbara Bain had resigned from the cast after ""Archive"" 3.) He was acted out by the late Leonard Nimoy, who had become most famous for his role as Mr. Spock on Star Trek. Personal life History and real name Though little is definitely known of him that can be independently corroborated using what little declassified information about him is currently available, Paris is believed to have been born in Cleveland, Ohio. It has been claimed that his father drove his mother away because he believed her unfit to rear their son. But it is not known whether this is true, and Paris was known to have disagreed with those statements himself. There is also some question about whether ""Paris"" is his real name, what his family name is, and if it is not ""Paris,"" then the question arises",status:dropped
0a77d4076c28,Edward,Vikings,status,https://vikings.fandom.com/wiki/Edward,,dropped,status: Deseased | born: 820,,Edward the Elder king of the Saxons is the illegitimate son of Elsewith and Bjorn ironside. Biography Personality Relationships Quotes Trivia Category:Characters Category:Male Characters Category:Anglo-Saxons Category:Wessexians Category:Princes Category:Kings Category:Christians Category:House of Wessex,status:dropped
c245365e7176,Blonde Hooker,Ozark,status,https://ozark.fandom.com/wiki/Blonde_Hooker,,dropped,,,"The Blonde Hooker is a minor character on Ozark. She appeared in one of Marty Byrde's fantasy in Sugarwood after he learned of his wife's affair. Throughout The Series In Sugarwood, the Blonde Hooker appeared in a fantasy of Marty's. After finding out that his wife, Wendy, had been cheating on him, Marty drove to a remote part of town where there was an influx of hookers. Marty imagined having oral sex with the woman, as revenge for his wife's actions. However, it was soon revealed to be a fantasy, and that the woman didn't actually look like his fantasy, nor did they engage in oral sex. Relationships Marty Byrde Within Marty's fantasy the Blonde Hooker and he have a very intimate relationship. Unlike Wendy, the hooker appreciated everything Marty provided for his wife and children. The two got very close and engaged in oral sex until Marty's fantasy was disturbed by the 'real' blonde hooker. In reality the two share a very brief interaction and have no bond. Category:Characters",status:dropped
8f38ee591abc,Thyra,Spartacus,status,https://spartacus.fandom.com/wiki/Thyra,,dropped,first: Spartacus: Blood and Sand (game) | last: Spartacus: Blood and Sand (game),,"Thyra was a Norse gladiatrix, who appears only in the Spartacus: Blood and Sand iPhone game. Thyra is a Dimachaeri, a gladiator that uses two weapons. Video Games In the Spartacus: Blood and Sand iPhone game, Thyra is one of the playable characters, however she must be unlocked before she can be used. Her weapons are twin sickles. Trivia Although not a part of the television series, Thyra is the first female gladiator to be shown in any type of Spartacus related media. The name Thyra is a Norse name for girls which means 'God'. Although Thyra is a gladiatrix, women did not partake in Gladiatorial games until the rule of Emperor Nero. Category:Female Category:Gladiator Category:Dimachaeri Category:Norse Category:Article stubs",status:dropped
5f28a87b9262,Old Man,The Matrix,status,https://matrix.fandom.com/wiki/Old_Man,,dropped,,"After an intense fight, the old man is later killed when Agent Smith is run over by a train while trying to kill Neo.","This article is about The Matrix character. For the character in A Sword of a Different Color, see Unnamed Old Man. The Old Man was a Bluepill squatting at the Subway Station where Neo and Agent Smith fought. History The Old Man was an unfortunate Bluepill just lying back in the shadows of the Subway Station, nursing himself with a bottle of alcohol in hand, when his attention is pulled in by the ringing of a telephone booth and of the trio approaching it, namely, Neo, Morpheus, and Trinity. He is then highly bewildered when he witnesses Morpheus vanish after picking up the ringing handset. Elsewhere, Agent Smith had been pursuing the three Redpill operatives and was scanning the Matrix for any abnormalities after Neo and Trinity helped rescue Morpheus from the Agents' confinement. When the Agent is alerted to the old man's reactions, he immediately takes possession of the old man's body and was quick to engage Trinity and Neo. However, Trinity is able to exit just moments before",status:dropped
c729fd39dc87,Aragosaurus,Jurassic Park,status,https://jurassicpark.fandom.com/wiki/Aragosaurus,,dropped,,,"is an extinct genus of sauropod dinosaur that lived in Spain during the Early Cretaceous period. Scientists have uncovered just enough of Aragosaurus to figure out that it was a large plant-eater similar to Camarasaurus. It would have had a rather large, square skull and a fairly short neck for a sauropod. Study of Aragosaurus fossils indicate that it is almost identical in many ways to, Camarasaurus, its North American cousin. The evidence gleaned from these fossils indicates that it may have been slightly more gracile.Most of the information comes from Jurassic Park Institute. Link Jurassic Park Franchise Aragosaurus was featured in the Jurassic Park Institute now available to browse on Dinopedia. References Navigation Category:Animals Category:Dinosaurs Category:Sauropods Category:Animals of Europe Category:Mesozoic Animals Category:Cretaceous Animals Category:Herbivores Category:Jurassic Park Institute Animals",status:dropped
0ae6ba24ecb1,Kirke Tanner,Alien vs Predator,status,https://avp.fandom.com/wiki/Kirke_Tanner,,dropped,species: Human | gender: Female,,"Kirke Tanner was a miner and a Firstborn member of the –worshiping cult known as the Children of the Two Divines. As of 2184, Tanner was working at the Sonderdatch Mine on the Grandhi Moon. Appearances Category:Colonial Marines Operations Manual characters Category:Humans Category:Miners Category:Xenomorph cultists",status:dropped
c81c04002275,Nguyen,Lost,status,https://lostpedia.fandom.com/wiki/Nguyen,,dropped,,,"Nguyen is a surname that appeared on the lighthouse dial, and may be one of Jacob's candidates. His or her ""number"" is 19. Trivia Hồ Chí Minh was born Nguyen and used various names throughout his life. ru:Нджуен Category:Jacob's candidates Category:Season 6 characters Category:Unseen Candidates",status:dropped
d24c254c5bc4,Arthur Lasch,Boardwalk Empire,status,https://boardwalkempire.fandom.com/wiki/Arthur_Lasch,,dropped,Actor: David L. Townsend,,"Arthur Lasch, played by co-star David L. Townsend, is a supporting character in ""Two Boats and a Lifeguard"". He is friends with Louise and meets Angela Darmody when Louise brings her to a party. He works as a dancer. Appearances Category:Season 2 Category:Atlantic City Category:Performers",status:dropped
d31a9a1cd171,Torret,The Wire,status,https://thewire.fandom.com/wiki/Torret,,dropped,"actor: Derren M. Fuentes | seasons: 1, 2, 3","Season 2
He appeared leading the raid on the Franklin Terrace towers when a nine year old child was accidentally shot and killed by a stray round in a shootout between drug dealers. He was present with Rawls finding the body of drug addict Johnny Weeks who was then taken to the morgue in a squad car as a means of preventing the media from linking the death to the ""Hamsterdam"" experiment.","Lieutenant Torret is the commander of the Quick Response Team in the Tactical Division of the BPD. Biography Season 1 He first appeared in Season 1 leading the search for Savino Bratton and then commanding the unit to surround Avon Barksdale's strip club during his arrest. Season 2 He appeared leading the raid on the Franklin Terrace towers when a nine year old child was accidentally shot and killed by a stray round in a shootout between drug dealers. In that raid he had the unit arrest everyone in ""The Pit"" as he assumed them a suspect for being around that area. Season 3 In Season 3, he appeared at the rank of Major commanding QRT and Tactical units city wide no longer actively participating in the raids. He helped plan and lead the raid to shut down ""Hamsterdam"" at the orders of Deputy Rawls. He was present with Rawls finding the body of drug addict Johnny Weeks who was then taken to the morgue in a squad car as a means of preventing the media from linking the death to the ""Hams",status:dropped
ca7f53769232,Headpool,Marvel Cinematic Universe,status,https://marvelcinematicuniverse.fandom.com/wiki/Headpool,,dropped,species: Zombified Mutant | gender: Male | actor: Geoff Redknap (puppeteer) | status: Zombified,,"Wade Winston Wilson is a zombified mutant mercenary dubbed Deadpool who only consists of a flying head, giving him the fitting name of Headpool. A member of the Deadpool Corps, Headpool was tasked to stop Deadpool and Wolverine from reaching his boss, Cassandra Nova. However, they ceased fighting once Peter Wisdom interfered. Biography Pruned Wade Wilson was a zombified mercenary who went by the name Deadpool and became friends with Peter Wisdom. The Time Variance Authority deemed Deadpool a threat to the Multiverse and sent him to the Void, where he met other Deadpool Variants who formed the Deadpool Corps. Attack on Earth-10005 |Headpool arrives in Earth-10005 Headpool and the rest of the Deadpool Corps were sent to Earth-10005 by Cassandra Nova to prevent Deadpool and Wolverine from reaching her and the Time Ripper, so she could use it to destroy the Multiverse. Shortly after the arrival of Dogpool and her owner, Nicepool, the rest of the Corps arrived via an Inter-Dimensional P",status:dropped
bf541f445ad0,Barman,Prison Break,status,https://prisonbreak.fandom.com/wiki/Barman,,dropped,played by: Hector Atreyu Ruiz,,"A Barman served Howard Scuderi and Sara Tancredi some drinks. Whilst Sara was flirting with Howard in order to obatain the Scylla card, the Barman said that Howard wasn't interested in her, so he offered her up on a drink. He served on a bar in a hotel in Las Vegas. Biography Season 4 This Barman gave Sara and Howard something to drink. When Sara was flirting with Howard, it failed. The barman revealed that he ""liked men"". Later, this barman was seen in the background and could have been seen laughing when Sucre was sitting next to Scuderi. Appearances Five the Hard Way Trivia He is credited at serienguide.org as Bartenderserienguide.org. Notes and references Category:Living characters Category:Prison Break characters Category:Season 4 characters Category:Characters",status:dropped
794398add225,Dr. Derange,James Bond 007,status,https://jamesbond.fandom.com/wiki/Dr._Derange,,dropped,portrayed: Julian Holloway,,"Dr. Derange is a fictional insane scientist who first appeared in the 1991 animated television series James Bond Jr. and the accompanying 1992 Marvel comic-book series of the same name. He is one of the series' primary antagonists and is often paired alongside fellow S.C.U.M. member Skullcap. Character biography An evil scientist with long black hair, Dr. Derange speaks with a French accent and has an insane passion for all kinds of radioactive materials, mainly plutonium. According to the novelization, ""The Eiffel Target"", Derange is part man and part machine. He is by far the most frequently appearing villain in the series, appearing in at least sixteen episodes. He is also featured in most of the spin-off material. Appearances The Eiffel Missile A Race Against Disaster The Inhuman Race It's All in the Timing Fountain of Terror Deadly Recall Red Star One Invaders from S.C.U.M. A Deranged Mind The Last of the Tooboos The Emerald Key Canine Caper Weather or Not Between a Rock and a H",status:dropped
097bb2393921,Bob TFP,Transformers,status,https://transformers.fandom.com/wiki/Bob_TFP,,dropped,species: Human | gender: Male | first: Adventures in Bumblebee-Sitting!,,"Bob is a security guard. Transformers: Robots in Disguise Bob was guarding a carnival near Crown City when he heard the elephants getting upset. He was on the radio to someone when he found that the elephant pen had been broken into, however he didn't get much further as the beasts stampeded thanks to some encouragement from Quillfire, and Bob was forced to dive out of the way. Category:Humans Category:Transformers Robots in Disguise 2015 Character Category:Transformers Robots in Disguise 2015 Category:Minor Characters Category:Minor Characters Category:Males Category:Robots in Disguise Humans",status:dropped
33bd4c4149ed,Zamhil,Avatar,status,https://james-camerons-avatar.fandom.com/wiki/Zamhil,,dropped,species: Na'vi | gender: Female | first: ''Avatar: Frontiers of Pandora'' | portrayed: Bridget Ogundipe,,"Zamhil is a Na'vi of the Kame'tire clan in Avatar: Frontiers of Pandora. Background Zamhil is a devoted hunter, but these days she spends much of her time as Anufi's caretaker. Over time, Zamhil has come to understand Anufi and her needs, becoming protective of her when visitors arrive. Zamhil is friends with Heykinak, and Zamhil encourages her to plan more and take fewer risks. Avatar: Frontiers of Pandora Quests Homecoming: Speaking to Zamhil begins this quest. The player must find Keylu, Reyzu/Setral, Uwol, and a storyteller. These quests include Stories Old and New, The Gentle Giant, Uwol's Shadow and Flavor of the Past. Gallery pl:Zamhil ru:Замхил Category:Avatar: Frontiers of Pandora Characters Category:Na'vi Category:Kame'tire Members",status:dropped
826c5813001e,FBI Agent,Sons of Anarchy,status,https://sonsofanarchy.fandom.com/wiki/FBI_Agent,,dropped,appearances: 1 episode (see below) | portrayed by: Jim Dowd,,"FBI Agent is an agent working for the Federal Bureau of Investigation on the FX original series Sons of Anarchy. Played by American actor Jim Dowd, FBI Agent appears only on the episode in the series' second season. Biography Background Season 2 Appearances Category:Characters Category:Law Enforcement Category:One-shot characters Category:Season 2 Characters Category:Alive",status:dropped
0a9dc44e8b6b,Hanscum Family,Supernatural,status,https://supernatural.fandom.com/wiki/Hanscum_Family,,dropped,species: Humans,"Donna Hanscum (The Trap) - Alternate future version of Donna, killed when monsters took over the Earth and erased from existence due to timeline change.","The Hanscum family is a group of individuals related by blood, surrogate relationships and legal wise, with backgrounds in monster hunting and law enforcement. Relations Immediate Donna Hanscum - The sheriff of Stillwater and hunter ally of the Winchesters. She learned of the supernatural world through her counter with Phistaco. Donna Hanscum (The Trap) - Alternate future version of Donna, killed when monsters took over the Earth and erased from existence due to timeline change. Donna Hanscum (reverse universe) Alternate universe Donna, who met Sam and Dean early on in their hunting career. Donna Hanscum (Apocalypse World) - Alternate universe Donna, her birth up to the point before meeting Sam and Dean is identical to main universe Donna. Unnamed parent - The father or mother and guardian of Donna, and the brother/sister of Uncle Wally. Unnamed sibling - The brother or sister of Donna (Main universe), father/mother of Donna's niece Wendy, and son or daughter of parent. D",status:dropped
b74d40ae3bbf,Iphigenia Moss,The Hunger Games,status,https://thehungergames.fandom.com/wiki/Iphigenia_Moss,,dropped,gender: Female,"Clemensia Dovecote told Coriolanus Snow that this was Iphigenia's revenge on her father, but did not provide any further details.The Ballad of Songbirds and Snakes, Chapter 16

When Sol emerged in the arena, Iphigenia began to send every bit of food she could, but her tribute was killed by a trident to the throat from Coral, the female tribute from District 4. After he hunted one of 's sacred stags, the goddess prevented the troops from reaching Troy unless King Agamemnon killed Iphigenia as a human sacrifice to the gods.","Iphigenia Moss was a female resident of the Capitol and a student of the Academy. She was one of 24 top-performing seniors at the Academy selected to be a mentor for the 10th Hunger Games. She was assigned the female tribute from District 5, Sol.The Ballad of Songbirds and Snakes, Chapter 7 Biography Her father oversaw the Agriculture Department, which controlled the flow of food around Panem. She was considered ""forgettable,"" and despite her father's job, always seemed to be on the verge of malnutrition. She gave her school lunches to classmates and even blacked out on occasion. Clemensia Dovecote told Coriolanus Snow that this was Iphigenia's revenge on her father, but did not provide any further details.The Ballad of Songbirds and Snakes, Chapter 16 When Sol emerged in the arena, Iphigenia began to send every bit of food she could, but her tribute was killed by a trident to the throat from Coral, the female tribute from District 4. Afterwards, she spoke briefly with Lepidus Malmse",status:dropped
6b9e42e99cc6,Iris West (Flashpoint),DC Extended Universe,status,https://dcextendeduniverse.fandom.com/wiki/Iris_West_(Flashpoint),,dropped,species: Human | gender: Female | status: Erased from Existence | actor: Kiersey Clemons (CGI),,"Iris West was a classmate of Barry Allen whom she arranged a date with. Biography Date with Barry Allen In 2013, Iris West was set to go on a date with her economics classmate, Bartholomew Allen, who rushed to get ready until he was visited by a future version of himself, telling him about his upcoming date with Iris, but when it started to rain, Barry became frustrated at having to cancel the date with Iris. Relationships Allies Barry Allen † - Classmate and date References External Links Category:The Flash Characters Category:Humans Category:Students Category:Mentioned Only Characters Category:Females",status:dropped
99139985df32,Nikki Wald,Dexter,status,https://dexter.fandom.com/wiki/Nikki_Wald,,dropped,gender: '''Female''' | status: '''Incarcerated''' | actor: '''Alicia Lagano''' | seasons: '''Season Four''',"She and her boyfriend, Johnny Rose, were responsible for a series of robberies and two murders, thus dubbed the ""Vacation Murderers."" Nikki also killed Johnny.","Nikki Wald is a character in Season Four of the Showtime series DEXTER. She and her boyfriend, Johnny Rose, were responsible for a series of robberies and two murders, thus dubbed the ""Vacation Murderers."" Nikki also killed Johnny. Description Nikki is a young woman with long, brown wavy hair. She wears a sleeveless yellowish green top underneath an unzipped, pink long-sleeve jacket atop a set of short blue jeans with what appears to be brown shoes. Personality She is an unstable individual who can react violently, due in part to her meth addiction. This is apparent when she learns about Johnny's syphilis and multiple partners, and ends up killing him. After he's dead, Nikki hallucinates that she is still in the hotel with Johnny, and continues to angrily talk to his dead body. History Nikki first met Johnny Rose in high school and they began a shoplifting spree (before the fourth season). They were eventually caught and she testified against him for a reduced sentence. Later, John",status:dropped
657c8a524ac5,Settlers,Westworld,status,https://westworld.fandom.com/wiki/Settlers,,dropped,"species: Host | gender: Male and Female characters | actor: Various | seasons: Season One, Season Two",,"The settlers of Westworld are hosts who portray the civilian settlers of the Wild West, and are the broadest faction of the Westworld park. Description They include the people of the four main towns (Sweetwater, Las Mudas, Pariah, Escalante), settlers on family farms and ranches, prospectors and outdoor workers, shopkeepers, business owners and staff, and local law enforcement. Outwardly, the hosts of this faction show a wide range of various ethnic ancestries and occupational backgrounds. Aside from consisting of roughly even numbers of male and female characters, the Settlers seem to be the only faction other than the Ghost Nation to include child characters. As civilian characters, most of these hosts are unarmed, or at most armed with small personal defence handguns (e.g. revolvers among some townsmen, Maeve's derringer). The most heavily armed settler characters are those working for law enforcement, such as sheriffs (e.g. Pickett, Reed), their deputies (Rogers, Roe), posse ",status:dropped
a1556be8c428,Cisco Renaldo,Fast & Furious,status,https://fastandfurious.fandom.com/wiki/Cisco_Renaldo,,dropped,gender: Male | actor: Jorge Diaz,"The five men used Skeleton Key for their own benefit, but not trusting one of them to possess it, built the vault and the five keys to lock the weapon away, and killed Shashi's parents to keep secret the existence of Skeleton Key. thumb|250px|left|Tony rejects Shashi's invitation
Now in possession of the Skeleton Key helmet, Shashi announces that he would build a new world and destroy the fortunes of those five men, and that he would go after one of them, Cleve Kelso, as he was the one who murdered his parents. San Rafaela was pure, and kind to everyone; but she was killed when assassins killed her father, as she was caught in the crossfire.","Cisco Renaldo is a mechanic and a member of Tony Toretto's Crew who is described as the muscle and the sweetheart. History Season 1 ""Born a Toretto"" In Los Angeles, Cisco is hanging out with friends Echo and Frostee Benson when they notice Tony Toretto driving up to them in a muscle car. Tony informs them that the car is a ten-second car and that he is about to beat the record his cousin Dominic Toretto set on that very street, and by doing so becoming the next greatest street racer. His friends remind Tony that he has said the same thing in the past, only to not succeed. A car then pulls up, driven by a street racer named Mitch, who is interested in Echo, although she does not reciprocate. Mitch has added rockets to the back of his car, but despite this, Tony believes he can beat him, clarifying that according to Dom, the type of driver mattered more than the type of car. Tony proposes they have a street race, with the loser washing the other's car. The race ends with Mitch winning",status:dropped
f32e05caa1f2,Parks Supervisor,Breaking Bad / Better Call Saul,status,https://breakingbad.fandom.com/wiki/Parks_Supervisor,,dropped,Portrayed by: Frank Deal | Gender: Male,,"The Parks Supervisor supervises community service at Albuquerque. History Season 3 The supervisor picks up the community service convicts and takes them in a van under a highway overpass to pick up litter. At the end of the half day, Jimmy finds that his supervisor only logged thirty minutes out of his four hour shift; the supervisor cites Jimmy's prohibited use of his phone. Jimmy tries to argue the point, but doesn't find support from the others in his group. A member of the work group, Freddy, asks the supervisor if he can take time off to visit his sick daughter in the hospital. The supervisor authorizes him to leave but warns him that he will not be credited with the hours he has worked. Freddy accepts the deal proposend by Jimmy: for $700, Jimmy will make sure that Freddy can leave without losing his hours. Jimmy then lies on the ground to rest his back and the supervisor immediately reappears. Jimmy threatens file a lawsuit against him for various, detailed reasons if he refu",status:dropped
d264a9771bd1,Vik,The Boys,status,https://the-boys.fandom.com/wiki/Vik,,dropped,species: Human | gender: Male | actor: Kumail Nanjiani,,"is a character in the animated anthology series, The Boys Presents: Diabolical and Season 3 of The Boys. The Boys Presents: Diabolical In ""Boyd in 3D"", Vik is a celebrity Vought scientist who gives Boyd Dune a sample of his ""Envision"" cream to make himself better looking. Gallery Photos Videos References Category:Male Characters Category:The Boys Presents: Diabolical Characters fr:Vik Category:Vought International Employees",status:dropped
f3a1ceae6500,Doug Robert,Mission: Impossible,status,https://missionimpossible.fandom.com/wiki/Doug_Robert,,dropped,gender: Male,,"Dr. Douglas ""Doug"" Robert, also believed to have been named Dr. Douglas Robert Lang, was a doctor and an Impossible Missions Force agent. Personality Doug had great confidence in his own skills and his professional ethics. He became the only field agent ever to win an argument with James Phelps (Peter Graves). In the ""declassified mission"" ""The Rebel,"" Phelps had sustained a severe bullet wound in one arm. Doug refused to let it go untreated, despite Phelps's insistence that other things took precedence. In the end, Phelps sat down and allowed Doug to work, receiving only a glare in return when he urged the physician to hurry it up. Even in his short on-screen time with the IMF, for unknown reasons, Doug repeatedly used aliases with the surname ""Lang."" Abilities Jim would call upon Doug for missions that required administering medical treatment to field agents or safely incapacitating targets. In Doug's final appearance, ""Encore,"" Doug anesthetized elderly mobster Thomas Kroll (Wil",status:dropped
a56dd6a1f80f,Leof,Vikings,status,https://vikings.fandom.com/wiki/Leof,,dropped,actor: Brendan McCormack | seasons: Season 6 | first: ''It's Only Magic'' | last: ''The Last Act'',,Leof is a soldier in King Alfred's army. Biography Season 6 Coming soon... Appearances Category:Characters Category:Season 6 Characters Category:Male Characters Category:Wessexians Category:Anglo-Saxons Category:Christians,status:dropped
b0a17f06f8fa,Spinotasuchus,Jurassic Park,status,https://jurassicpark.fandom.com/wiki/Spinotasuchus,,dropped,,,"Spinotasuchus is a genetically modified dinosaur/crocodyliform hybrid of Spinotahraptor (Spinoraptor in Jurassic World: The Game) and Kaprosuchus. Games Jurassic World: Alive See: Spinotasuchus/JW: A Spinotasuchus is a legendary fierce hybrid that can be created in the game since Version 1.3. Jurassic World: The Game See: Spinotasuchus/JW: TG Spinotasuchus appears as a super rare superhybrid carnivore in Jurassic World: The Game. Since Spinotahraptor is not present in the game, it is a hybrid of Spinoraptor and Kaprosuchus S-DNA. References Navigation Category:Animals Category:Spinosaurus Pages Category:Utahraptor Pages Category:Kaprosuchus Pages Category:Spinoraptor Pages Category:Hybrids Category:Reptile Hybrids Category:Dinosaur Hybrids Category:Fictional Creatures Category:Carnivores ja:スピノタスクス",status:dropped
30ba9547f879,Gaius,Alien vs Predator,status,https://avp.fandom.com/wiki/Gaius,,dropped,species: Synthetic | gender: Masculine programming,,"Gaius was a ""Platinum Edition"" Walter series synthetic assigned to the United Nations Interstellar Settlement Corps colony ship UNCSS Ìyánlá. Gaius served as a liaison between the Ìyánlá and exploration teams during the UNISC's Great Mother Mission. Appearances Category:Building Better Worlds characters Category:Synthetics",status:dropped
0113378d1f90,Mysterious Figure,Lost,status,https://lostpedia.fandom.com/wiki/Mysterious_Figure,,dropped,Actor: Rob Kyker,,"A mysterious figure, originally thought to be Jacob, was seen for a split second by Locke in Jacob's cabin on Day 89 . Another figure, possibly the same one, was later seen by Hurley, two days later. Day 89 (Season 3) Benjamin Linus took John Locke to see Jacob at a cabin deep in the jungle. Before arriving at the cabin, Locke discovered a ring of ash surrounding the perimeter. This ash appeared identical to that used by the Others to protect the Temple from the Man in Black in Season 6. On entering, Ben and Locke found the room initially appeared empty, but as Locke prepared to leave the Cabin, he heard a voice whisper, ""Help me."" Believing the voice to be a deception on Ben's part, Locke turned on his flashlight. Immediately the cabin began to shake, jars of liquid flew across the room and the lamp was knocked over and set aflame. Ben grabbed an apparently empty rocking chair, telling ""Jacob"" that he had had his fun and needed to stop, before he was thrown against the wall b",status:dropped
ae8d0bb4e352,Jazz Dancer 10,Boardwalk Empire,status,https://boardwalkempire.fandom.com/wiki/Jazz_Dancer_10,,dropped,Actor: Jenelle Lynn Randall,,"Jazz Dancer 10, played by co-star Jenelle Lynn Randall, is a supporting character in ""Home"". They are part of a group of revellers enjoying the performance of Mamie Smith at a Northside bar owned by Chalky White. Appearances Category: Season 1",status:dropped
c94974314935,Maui,The Wire,status,https://thewire.fandom.com/wiki/Maui,,dropped,actor: Lance Irwin | seasons: 2,,"Maui is a cargo checker in IBS Local 1514 who had a relationship with Beatrice Russell. Biography Season 2 Russell reconnected with Maui to secure information about smuggling from the docks. He refused to inform on his fellow union men but told her to check the port's computer system for information. Maui disliked Ziggy, playing various tricks on him, culminating with Maui humiliating Ziggy by forcing him on top of a container and stranding him there. His nickname comes from the Polish word ""mały"" - the little one. Maui observed as Frank Sobotka's dead body was pulled from the Patapsco River. Production Appearances Category:Characters Category:Season 2 Characters Category:Stevedores Category:International Brotherhood of Stevedores",status:dropped
4d9589192d64,Watcher (Fiction),Marvel Cinematic Universe,status,https://marvelcinematicuniverse.fandom.com/wiki/Watcher_(Fiction),,dropped,species: Watcher | gender: Male | status: Fictional,,", known as Watcher is a fictional character created by Timely Comics. Biography While creating a comic book, Timely Comics conceived of the character, Watcher, a supernatural being. Trivia Despite the existence of Watcher in the Marvel Cinematic Universe, this fictional version was created by Timely Comics without any knowledge of the real being. Gallery References External Links Category:Characters Category:The Fantastic Four: First Steps Characters Category:Watchers Category:Males Category:No Hair Category:Fictional Characters",status:dropped
9ee2daff6f3f,Blue Philips,Prison Break,status,https://prisonbreak.fandom.com/wiki/Blue_Philips,,dropped,,,"Blue Philips is the lawyer from Washington sent by Kellerman of Michael Scofield and Lincoln Burrows to help Sara out. Biography Prison Break - The Final Break Appearances Category:Lawyers Category:Living characters Category:Season 4 characters Philips, Blue",status:dropped
f0a5d07a783a,Q (Phil Proctor),James Bond 007,status,https://jamesbond.fandom.com/wiki/Q_(Phil_Proctor),,dropped,portrayed: Phil Proctor,,"Major Boothroyd (also known by the initial ""Q"") was the quartermaster of the Secret Intelligence Service (SIS/MI6). Biography From Russia with Love (video game) To be added Gallery Screenshots Promotional See also Major Boothroyd (Literary) Major Boothroyd (Peter Burton) Q (Desmond Llewelyn) Q (John Cleese) Q (Ben Whishaw) Q (Geoffrey Bayldon) Q (Alec McCowen) Q (Gregg Berger) Q (Peter Capaldi) Q (Julian Sands) Q (Dynamite) References Category:James Bond Characters Category:Game Characters Category:From Russia with Love (game) Characters Category:Allies Category:Male Characters Category:British Category:SIS Personnel Category:Quartermasters Category:Inventors Category:2000s Game Characters",status:dropped
db57f079fb75,Razorpaw,Transformers,status,https://transformers.fandom.com/wiki/Razorpaw,,dropped,species: Cybertronian Unknown | gender: Male | first: Cover Me,,"Razorpaw is a Decepticon who resembles a puma. He is able to drain energon from his victims as he takes it to gain energy for himself. He is allied with Swelter and Glacius, which he is shown to have little to no appreciation for their aid. Transformers: Robots in Disguise History Season 2 As one of the many Decepticons on Earth, Razorpaw teamed up with Swelter and Glacius. Hanging out in a desert region, Razorpaw was irritably (due to his body running low on energon) alerted by Swelter and Glacius to a group of Autobots hunting for them, and set his sights on capturing the weakest of the team. Razorpaw and his Mini-Cons followed them to a nearby military base, where Razorpaw was able to find Optimus and Windblade from up top a structure. He pounced on Windblade and Optimus tried to interfere. Aided by the fact that she thought he was actually after Optimus, Razorpaw revealed it was Windblade who was the weakest and that he was after her as he was able to weaken then started to drain",status:dropped
7883a896d99a,Karmong,Avatar,status,https://james-camerons-avatar.fandom.com/wiki/Karmong,,dropped,species: Na'vi | gender: Female | first: ''Avatar: Frontiers of Pandora'' | portrayed: Maiko Munroe,"Tragically, her mother died on a hunt when she was young, but Karmong still feels that she is near when she rides.","Karmong is a Na'vi of the Zeswa clan in Avatar: Frontiers of Pandora. Background At an early age Karmong took after her mother, a brave hunter who was known for her prowess on a direhorse. Tragically, her mother died on a hunt when she was young, but Karmong still feels that she is near when she rides. While Karmong admires the skill and care of those who tend to the zakru, she finds them too slow for her taste; and in turn, she feels like a bad member of her clan. As such, she finds any excuse to travel on her own. She has been friends with Tamu since childhood, and he helps her deal with tasks within the clan. As a result, she stands up for him when he is uncomfortable standing up for himself. Avatar: Frontiers of Pandora Karmong can be found at the Welcoming Hand Zeswa camp in the center of The Stone Hold domain of the Upper Plains. Quests All's Fair (The Sky Breaker): Karmong is frustrated by her sister Tu'kari and Tamu. She believes they are too proud to admit their feelings f",status:dropped
ee9d7a589d22,Joey Noone,Sons of Anarchy,status,https://sonsofanarchy.fandom.com/wiki/Joey_Noone,,dropped,appearances: 1 episode (see below) | portrayed by: Israel Broussard,,"Joey Noone is the biological son of Venus Van Dam on the FX original series Sons of Anarchy. Played by American actor Israel Broussard, Joey appears only on the episode in the series' sixth season. Biography Background Season 6 Appearances Category:Characters Category:One-shot characters Category:Season 6 Characters Category:Alive",status:dropped
e3670c6a4883,Demons,Supernatural,status,https://supernatural.fandom.com/wiki/Demons,,dropped,status: Extant Extinct | actor: Various,"Demons are the result of human souls going to Hell and being tortured until no humanity is left in them, thus turning into demons - dark, malicious spirits that revel in pain, chaos, and death. Tom, for example, tested the fake Colt by shooting his demonic ""sister"" Meg.Salvation When pitted against other demons due to their individual goals, Ruby, Crowley, and Meg herself have killed their own kind without pause or remorse. Azazel, for example, referred to Meg and Tom as his ""children"" and was angered when Sam and Dean exorcised Meg and killed Tom (Devil's Trap).","Demons are malevolent spiritual entities that are considered the direct opposites to angels. They are created from human souls who have endured prolonged extreme torture in Hell. Via this process, they become corrupted, extremely evil, and also very powerful. Similar to Angels, they are spiritual entities and therefore require a vessel to fully interact with the physical world, though they are able to roam around in their smoke form. The species as a whole functions as the series' primary antagonists and are the most recurring supernatural creatures in the series. Characteristics thumb|275px|left|A painting of demons. Demons are the result of human souls going to Hell and being tortured until no humanity is left in them, thus turning into demons - dark, malicious spirits that revel in pain, chaos, and death. According to Ruby, most demons forget what it means to be human. Some have even forgotten that they were once human. In general, demons engage in torture and destruction because i",status:dropped
9d12ae152fdb,Burton,The Hunger Games,status,https://thehungergames.fandom.com/wiki/Burton,,dropped,gender: Male,,"Captain Burton was a soldier from District 13 who accompanied Boggs and Gale Hawthorne on the mission to infiltrate the Capitol and rescue Peeta Mellark, Annie Cresta, and Johanna Mason from the Training Center.The Hunger Games: Mockingjay - Part 1 Trivia left|thumb Burton's name and picture are briefly visible on a computer screen in The Hunger Games: Mockingjay - Part 1, beneath that of Gale Hawthorne. References Category:Rebels Category:People from District 13 Category:Males Category:Mockingjay characters",status:dropped
78c4ef90a9b8,Captain Cold,DC Extended Universe,status,https://dcextendeduniverse.fandom.com/wiki/Captain_Cold,,dropped,species: Human | gender: Male | status: In Custody | actor: Bruce Thomas,"Using upgraded weaponry, Captain Cold nearly kills The Flash, but ends up destroying Cyborg’s lower half instead.","Leonard Snart, also known as Captain Cold is a criminal who used a gun, based on a cyclotron, which emitted blasts of ice and cold. He is the Flash's nemesis and got stopped by him when trying to assault the Central City Bank. Biography Assault on Central City Bank Looking to pull off a robbery, Captain Cold visited the Central City Bank. After assaulting the receptionist, Cold terrorized the crowd, subsequently kidnapping people, which prompted the police to call Flash to inform him about the bank robbery. While Snart was explaining to a police officer how his freeze gun worked before using it against him, Flash arrived and defeated him, leading to his arrest and being put in a car. Changed Timeline When Barry Allen travelled back, he changed the timeline returning to his therapy with Iris West. When Captain Cold robbed the bank and Flash was notified, he informed the police that Blue Beetle would take care of it, with the latter quickly arriving to fight Captain Cold. Equipment Capta",status:dropped
875317a2919d,Edmund Kemper,Dexter,status,https://dexter.fandom.com/wiki/Edmund_Kemper,,dropped,,"Years earlier, at the age of 15, Kemper had murdered his paternal grandparents. Found sane and guilty at his trial in 1973, Kemper requested the death penalty for his crimes. He took great delight in torturing and killing cats; one of them he stabbed to death.","Edmund Emil Kemper III (born December 18, 1948) a.k.a. ""The Co-Ed Killer"" or ""The Co-Ed Butcher"", is a European-American rapist and necrophiliac, ephebophilic, and cannibalistic serial/spree killer active in the early 1970s. His murders coincided with those of another California serial killer, Herbert Mullin. Most of his victims were European-American females. He was convicted of murdering seven European-American women and one girl between May 1972 and April 1973. Years earlier, at the age of 15, Kemper had murdered his paternal grandparents. Kemper was nicknamed the ""Co-ed Killer"", as most of his non-familial victims were White American female college students hitchhiking in the vicinity of Santa Cruz County, California. Most of his murders included necrophilia, decapitation, dismemberment and possibly cannibalism. Found sane and guilty at his trial in 1973, Kemper requested the death penalty for his crimes. Capital punishment was suspended in California at the time, and he instead r",status:dropped
4048f069a783,Maya,Westworld,status,https://westworld.fandom.com/wiki/Maya,,dropped,species: Virtual Human | actor: Ariana DeBose | seasons: 4 | gender: Female,,"Maya is Christina's roommate and friend who she created in her virtual world. Gallery This gallery is automatically generated and contains images in the category ""Images of "". Images added to that category turn up in the gallery after a short time. namespace = File category = Images of Maya format = allowcachedresults = true Appearances Season 4 ""The Auguries"" ""Well Enough Alone"" ""Generation Loss"" ""Zhuangzi"" ""Que Sera, Sera"" Category:Female characters Category:Human",status:dropped
de81e7e290cf,Enrique,Fast & Furious,status,https://fastandfurious.fandom.com/wiki/Enrique,,dropped,actor: Mo Gallini | status: Incarcerated | gender: Male,,"Enrique is a hired hand for Carter Verone who was tasked to observe Brian O'Conner and Roman Pearce during their job to deliver several stashes of drug money to Verone. Biography Working for Carter Verone Enrique was a hired accomplice of Carter Verone who worked alongside Roberto and Monica Fuentes, the latter being an undercover U.S. Customs agent. He was seen when Verone hired several street racers for an audition race to get a package from one of Verone's boatyards in exchange for employment under Verone. It was also known that he does not know how to drive. He was later in charge of observing Brian O'Conner and Roman Pearce. On one occasion, he and Roberto kept tabs on Roman and Brian while they were at Tej's Garage. Annoyed by this, Roman pretended to clean their car's windshield before lighting it ablaze. Later, he and Roberto confronted Roman and Brian over the act and searched their boat before Verone broke up the fight, stating that he and Roberto would be escorting t",status:dropped
2c1e4fe7d91f,Aro,Breaking Bad / Better Call Saul,status,https://breakingbad.fandom.com/wiki/Aro,,dropped,Portrayed by: ''Unseen character'',,"Aro was a criminal listed in Dr Caldera’s black book, who later came under the employment of Saul Goodman after he acquired the book. He apparently got eighteen months in prison, and was eventually released in November of 2004. Category:Characters With Unknown Fates Category:Criminals Category:Unseen Characters Category:Characters whose names are unknown Category:Jimmy McGill's Contacts",status:dropped
19cc91f1b302,Tiffany,The Boys,status,https://the-boys.fandom.com/wiki/Tiffany,,dropped,species: Human | gender: Female,,"is a character in the animated anthology series, The Boys Presents: Diabolical. The Boys Presents: Diabolical Tiffany is best friends with Bree. They are both mean and take advantage of Sky, asking her to help them get marijuana to smoke. Gallery Photos Videos References Category:Female Characters Category:The Boys Presents: Diabolical Characters fr:Tiffany Category:Drug Users/Abusers Category:Unfinished Articles",status:dropped
5024b1c07c42,Ira Green,Mission: Impossible,status,https://missionimpossible.fandom.com/wiki/Ira_Green,,dropped,gender: Male,,Ira Green worked for the IMF by doing his job as a medical doctor and not asking too many questions.Operation Rogosh Appearances Operation Rogosh References Category:Mission: Impossible (1966) Characters Category:IMF agents Category:Male Characters,status:dropped
ebd4242d8167,Galan,Vikings,status,https://vikings.fandom.com/wiki/Galan,,dropped,actor: Oliver Price | seasons: Season 6 | first: ''It's Only Magic'' | last: ''The Last Act'',,Galan is a soldier in King Alfred's army. Biography Season 6 Coming soon... Appearances Category:Characters Category:Male Characters Category:Season 6 Characters Category:Wessexians Category:Christians Category:Anglo-Saxons,status:dropped
401e13beb331,Gorgonops,Jurassic Park,status,https://jurassicpark.fandom.com/wiki/Gorgonops,,dropped,,,"(from Greek Γοργών 'Gorgon' and ὤψ 'eye, face', literally ""Gorgon eye"" or ""Gorgon face"") is an extinct genus of therapsid which lived about 260-254 million years ago, during the Late Permian. It was a typical representative of the clade Gorgonopsia, the dominant predators of their day, which in the largest forms grew to over 3 meters long. Games Jurassic World: Alive See: Gorgonops/JW: A Gorgonops is featured in the game as a rare cunning therapsid since Update 2.3. Navigation ja:ゴルゴノプス Category:Animals Category:Synapsids Category:Therapsids Category:Gorgonopsians Category:Gorgonops Pages Category:Animals of Africa Category:Paleozoic Animals Category:Permian Animals Category:Carnivores",status:dropped
ba661b18c176,Killer Croc Xenomorph Hybrid,Alien vs Predator,status,https://avp.fandom.com/wiki/Killer_Croc_Xenomorph_Hybrid,,dropped,species: Xenomorph/Human/Crocodile | gender: Hermaphroditic,,"The Killer Croc Xenomorph was a hybrid that appeared only in Batman/Aliens II. Its creation was the result of biomatter taken from Killer Croc. Unlike the other hybrids created by Dr. Fortune to whom she had added her DNA that were loyal and controlled by her, the Killer Croc hybrid hadn't had her DNA added to it and was uncontrollable, murdering its 'creator' with a Headbite upon encountering her. Appearances Batman/Aliens II Category:Xenomorph variants Category:Non-canon articles Category:Articles Needing Cleanup Category:Antagonists Category:Hybrids Category:Xenomorph hybrids Category:Xenomorph individuals Category:Stubs Category:Altered Xenomorphs Category:DC Universe characters Category:Batman/Aliens II characters",status:dropped
5ed977fa8667,Kyker (DHARMA Initiative),Lost,status,https://lostpedia.fandom.com/wiki/Kyker_(DHARMA_Initiative),,dropped,,"He or she may have been killed along with other members of the DHARMA Initiative in the Purge, or may have left the island sometime between 1977 and The Purge.","Kyker was a DHARMA Initiative crew, and the director of the Arrow Orientation film. He or she may have been killed along with other members of the DHARMA Initiative in the Purge, or may have left the island sometime between 1977 and The Purge. On the Island 1977 Kyker was working as a director for the Arrow orientation film along with Dr. Pierre Chang, Jay, Bracken, Mike, Fern, Aaron, and the other crews. It's unknown if he or she was presented at the set. Trivia Kyker was named after the property master of the series, Rob Kyker. The Lost Encyclopedia stated that Kyker was the video assistant of the Arrow Orientation film, but actually he or she was the director, and the video assistant was either Jay or Aaron. Category:DHARMA Initiative Staff Category:Unseen Characters Category:Season 5 characters Category:Unknown Status Characters",status:dropped
f492a1853740,Kathleen Thompson,Boardwalk Empire,status,https://boardwalkempire.fandom.com/wiki/Kathleen_Thompson,,dropped,Actor: Cheyenne Busch,"Relationships
Eli Thompson - Father
June Thompson - Mother
Nucky Thompson - Uncle (deceased)
Ethan Thompson - Grandfather (deceased)
Michael Thompson - Brother
Patrick Thompson - Brother
Brian Thompson - Brother
Dermott Thompson - Brother
Nora Thompson - Sister
Anne Thompson - Sister
Edith Thompson - Sister

Appearances

Category:Season 2
Category:Atlantic City
Category:Children
Category:Irish people","Kathleen Thompson is a supporting character in ""Battle of the Century"". She is the fourth daughter of Eli and June Thompson; she has seven siblings including Michael, Patrick, Anne and Brian. She is played by Cheyenne Busch. Season 2 She is seen at the funeral of her grandfather Ethan Thompson. (""Battle of the Century"") Season 3 She warmly welcomes her father Eli when he returns home after sixteen months in prison for election rigging. Relationships Eli Thompson - Father June Thompson - Mother Nucky Thompson - Uncle (deceased) Ethan Thompson - Grandfather (deceased) Michael Thompson - Brother Patrick Thompson - Brother Brian Thompson - Brother Dermott Thompson - Brother Nora Thompson - Sister Anne Thompson - Sister Edith Thompson - Sister Appearances Category:Season 2 Category:Atlantic City Category:Children Category:Irish people",status:dropped
90f64760da87,Royce's Assistant,The Wire,status,https://thewire.fandom.com/wiki/Royce's_Assistant,,dropped,actor: Tamieka Chavis | seasons: 4,,Royce's Assistant is a assistant to former Baltimore City Mayor Clarence Royce. Biography Season 4 She is having an extramarital affair with Clarence Royce. Detective Hauk walks in on her performing fellatio on the Mayor. Hauk ultimately remains silent and Royce buys his continued confidence with a promotion to Sergeant. Production Appearances *Uncredited appearance. Category:Characters Category:Season 4 Characters,status:dropped
1b944cc592ff,Thing (Fiction),Marvel Cinematic Universe,status,https://marvelcinematicuniverse.fandom.com/wiki/Thing_(Fiction),,dropped,species: Human | gender: Male | status: Fictional,,"Benjamin J ""Ben"" Grimm is a fictional character known as Thing in The Fantastic Four Power Hour television cartoon. Biography To be added Equipment Vehicles Fantasticar: To be added Other Equipment Fantastic Four Uniforms: To be added Relationships Allies Fantastic Four - Teammates Johnny Storm/Human Torch Reed Richards/Mister Fantastic - Best Friend Sue Storm/Invisible Woman H.E.R.B.I.E. Harvey Elder/Mole Man - Former Enemy Enemies Super-Adaptive Android Dragon Man Super-Apes Ivan Kragoff/Red Ghost Peotor Miklho Igor Bentley Wittman/Wizard Phillip Masters/Pupper Master Esteban de Pablo/Diablo References Category:Characters Category:The Fantastic Four: First Steps Characters Category:Comic Characters Category:Humans Category:Males Category:No Hair Category:Brown Eyes Category:Fictional Characters",status:dropped
1231e7ba8965,Jos E. Racen,Prison Break,status,https://prisonbreak.fandom.com/wiki/Jos_E._Racen,,dropped,,,Jos E. Racen is a man who worked for Fox River around 1939. It's possible that he was one of the founders of Fox River with A.L. Bowen. His name can be seen here at 7:32. Category:Fox River Staff Category:Prison Break - The Conspiracy characters Category:Unseen Characters Category:Characters,status:dropped
fa78570b270d,James Bond (From Russia with Love video game),James Bond 007,status,https://jamesbond.fandom.com/wiki/James_Bond_(From_Russia_with_Love_video_game),,dropped,portrayed: Sean Connery,,"Commander James Bond CMG is a Senior Operational Officer of the Double-O Section, an ultra-covert Black Ops unit within the Secret Intelligence Service (SIS/MI6). As an agent of MI6, Bond holds cryptonym ""007"". The '00' prefix indicates his discretionary licence to kill in the performance of his duties. He was created and developed by the British author and former naval intelligence officer Ian Fleming. Biography From Russia with Love (video game) To be added Gallery Screenshots Promotional Behind the Scenes See also James Bond (Personality and Traits) From Russia with Love (video game) James Bond (Literary) James Bond (Sean Connery) James Bond (George Lazenby) James Bond (Roger Moore) James Bond (Timothy Dalton) James Bond (Pierce Brosnan) James Bond (Daniel Craig) James Bond (Toby Stephens) James Bond (Others) References Category:James Bond Characters Category:Game Characters Category:James Bonds Category:From Russia with Love (game) Characters Category:Bond Family Category:Ma",status:dropped
37007cb9d98d,Arnold,Transformers,status,https://transformers.fandom.com/wiki/Arnold,,dropped,species: Human | gender: Male | first: As the Kospego Commands!,,"Arnold believes in legendary creatures and is easily intimidated, making him a perfect minion for a Decepticon. He also has a flair for the dramatic. History Arnold once thought the Kospego was a myth, but one day in the woods, he encountered Thunderhoof and mistook the Decepticon for the creature. Thunderhoof ordered Arnold and some others to gather the items he needed to build a space bridge. He and two other minions visited the scrapyard near Crown City to obtain the last components needed, but were unable to purchase a generator. Despite this failure, Arnold and the other followers completed the space bridge, only to be confronted by two more legendary creatures called, ""Sideswingo"" and ""Bumbeego."" The two newcomers announced that they had come to punish the Kospego, and Arnold and the others fled. They later returned to the woods, hoping to find Sideswingo and Bumbeego for guidance and wisdom as they crept into the woods. Out bird watching, Arnold and the group he was with were ",status:dropped
39bc93a7e518,Maria Leon,Avatar,status,https://james-camerons-avatar.fandom.com/wiki/Maria_Leon,,dropped,species: Human | gender: Female | first: ''Avatar: Pandora Rising'',,"Maria Leon is one of the controllable commanders from RDA side in Avatar: Pandora Rising mobile game. Biography Maria Leon, RDA Archeologist, seeks one thing when she digs: forgotten truths. Believing that answers to current or future problems may lay within the past, Maria went to Pandora and began to search the moon's soil for answers to not only the mysteries of the Na'vi, but maybe some answers to help save the Earth as well.https://images.vfl.ru/ii/1601349239/c8be73b7/31775331.jpg References ru:Леон Category:Avatar: Pandora Rising Characters Category:Humans Category:RDA Staff Category:MiningOps Category:Class: Miner",status:dropped
d1c20d1d896f,Latino Man,Sons of Anarchy,status,https://sonsofanarchy.fandom.com/wiki/Latino_Man,,dropped,appearances: 1 episode (see below) | portrayed by: Carlos E. Campos,,"Latino Man is man of Hispanic origin on the FX original series Sons of Anarchy. Played by American actor Carlos E. Campos, Latino Man appears only on the episode in the series' seventh, and final, season. Biography =Season 7 Appearances Category:Characters Category:One-shot characters Category:Season 7 Characters Category:Alive",status:dropped
6447ddfba799,Werewolf,Supernatural,status,https://supernatural.fandom.com/wiki/Werewolf,,dropped,status: Extant | actor: Various,"On another hand, Madison defensively killed a stalker when she felt that the man was becoming too invasive with respect to her privacy.Heart

Pure-blood Werewolves
Werewolves that are closer to the Alpha up to the fourth generation are referred to as Purebloods.Bitten Their human side retains more control over their animal side, and they can remember afterwards what happens during their transformation. Following her death, transformation patterns appeared to have shifted back to full moon only, as Sam and Dean were later surprised to be dealing with werewolves outside the full moon. Invulnerability - Werewolves cannot be killed by most conventional means and weapon.","Lycanthropes, mainly known as Werewolves, are a race of partially-human supernatural creatures, able to morph into a combination of human and wolf, that have been encountered by hunters such as Sam and Dean Winchester. It has been stated that werewolves and skinwalkers are cousins and that mice can be infected by werewolves as well. In the early stages it can sometimes be cured with a transfusion of live blood from the sire werewolf.Ladies Drink Free thumb|Werewolf biology as described in Bobby Singer's Guide to Hunting. Characteristics Werewolves are humanoid carnivores, the ultimate combination of wolves and humans. They feed on prey found nearby, which, due to the increase of urban areas, are mostly people. When they devour the flesh of a victim they leave a recognizable trace on the prey: they always eat the heart, although they do sometimes eat more of the body. The transformation only occurs after one bites a victim, the way werewolves continue the spread of lycanthropy. However",status:dropped
c301477e9bb0,Vipsania Sickle,The Hunger Games,status,https://thehungergames.fandom.com/wiki/Vipsania_Sickle,,dropped,gender: Female,"After Lucy Gray Baird killed Treech with a snake mutt she'd hidden in her skirt, Vipsania was escorted away by Lepidus Malmsey of Capitol News. Its most prominent female members were his descendants, including the  of the emperor ; she was exiled with her son and died of starvation.","Vipsania Sickle was a female resident of the Capitol and a student of the Academy. She was one of 24 top-performing seniors at the Academy selected to be a mentor for the 10th Hunger Games. She was assigned the male tribute from District 7, Treech.The Ballad of Songbirds and Snakes, Chapter 7 Biography Coriolanus Snow, wanting a guitar for his tribute, Lucy Gray Baird, to use for a performance at her interview, asked his classmates if they could lend one. The best result he got was a ""maybe"" from Vipsania. Coriolanus feared a trap, as Vipsania had inherited her aunt Agrippina's love of competition. He told her that she was a lifesaver, but secretly continued to search, finally securing a guitar from his neighbor Pluribus Bell.The Ballad of Songbirds and Snakes, Chapter 11 During the games, her tribute, Treech, snatched two water bottles that were sent as sponsor gifts for another tribute, Dill, who had failed to claim them. Vipsania commented that this was good thinking, as it saved ",status:dropped
127f3730c54b,El Chapulín Colorado,DC Extended Universe,status,https://dcextendeduniverse.fandom.com/wiki/El_Chapulín_Colorado,,dropped,species: Human | gender: Male | status: Fictional | actor: Roberto Gómez Fernández,,"El Chapulin Colorado is the superhero and protagonist of his . Biography El Chapulin Colorado was the protagonist of the television comedy of the , which Rudy Reyes grew up watching. Rudy developed a custom-made hacking device, which he named El Chapulín, after the character. When Jenny Kord and Jaime Reyes went to Kord Tower to steal Ted Watch, Rudy used El Chapulín to hack the security system and play the show's intro over the feeds. The broadcast featured El Chapulin Colorado hosting his show in stop motion, highlighting his great cunning and agility. Equipment Chipote Chillón: El Chapulin Colorado is the possessor of the powerful weapon, which requires being more agile than a turtle, stronger than a mouse and nobler than a lettuce to be worthy. Trivia In the comics, El Chapulín Colorado made a brief cameo in Action Comics #820, drawn by Carlos D'anda, where the character appears running away from danger, leaving Superman to handle a situation. Behind the Scenes Director Angel M",status:dropped
6ece6e2e841b,Salvatore Perrone,Dexter,status,https://dexter.fandom.com/wiki/Salvatore_Perrone,,dropped,status: '''Incarcerated''' | gender: '''Male''' | seasons: '''Dexter: Resurrection (mentioned)''' | actor: '''N/A''',,"Salvatore Perrone, a Staten Island salesman, dubbed ""John Doe Duffel Bag,"" was arrested in connection with a series of shopkeeper slayings, following tips to police from Brooklyn residents who recognized him in video recorded near two of three shopkeeper slayings in Brooklyn. He had been sought in connection with the murders of three Brooklyn, N.Y., shopkeepers -- all of whom were of Middle Eastern descent, senior police officials said. He had connections with the clothing business -- and possibly once had a clothing store -- and reportedly carried merchandise in his duffel bag, law enforcement sources said. Clothing was used to cover the bodies of the murder victims, police have said. Footage, captured by a bakery across the street from victim Isaac Kadare’s Flatbush store, shows Salvatore Perrone shuffling by around 7:02 p.m. on 2 Aug. 2012, carrying a large black duffel bag that prosecutors have called his “kill kit.” Kadare’s body was found later that night, shot in the face and ",status:dropped
9782f279a0d7,Brian Ames,Westworld,status,https://westworld.fandom.com/wiki/Brian_Ames,,dropped,"gender: Male | seasons: 2 | birth: August 7, 1980 Atlanta, GA",,Brian Ames is an actor who plays Jacobson in HBO's Westworld. Websites: https://www.imdb.com/name/nm0024683/ https://twitter.com/iambrianames Category:Cast,status:dropped
89cc60281907,João Alemeida,Fast & Furious,status,https://fastandfurious.fandom.com/wiki/João_Alemeida,,dropped,actor: Joseph Melendez | gender: Male | status: Incarcerated,,"João Alemeida is a corrupt chief of the Civil Police of Rio de Janeiro who was on the payroll of corrupt businessman and drug kingpin, Hernan Reyes. Biography Encountering Luke Hobbs When Luke Hobbs and his team arrived in Rio de Janeiro to arrest Dominic Toretto and his crew for being suspected as the murderers of several DEA agents during a train heist, João and several members of the Rio police force oversaw his arrival. Approaching Hobbs, he consoles him on the loss of a few of his men and informs him on why it was necessary to bring more manpower to apprehend the two suspects connected to the train attack; Dominic and Brian O'Conner, to which Hobbs revealed that Brian was a former cop who defected and Dominic was a fugitive wanted for several past crimes and prison escapes. When Hobbs requested that Elena Neves assist him and his team, Hobbs dismissed João as he knew he was corrupt and that Elena was one of the few cops that wasn't under Hernan's payroll or couldn't be bribe",status:dropped
4f3919d67a17,Francis Scheff,Breaking Bad / Better Call Saul,status,https://breakingbad.fandom.com/wiki/Francis_Scheff,,dropped,Portrayed by: James E. Dowling,,"Francis Scheff is an employee at Hamlin, Hamlin & McGill. History Better Call Saul Season 1 Jimmy McGill enters HMM and greets Francis by complimenting his hair as ""well-groomed as always"". Francis, along with many other employees at HHM, clap when Chuck McGill finally enters HHM again after being house-ridden for a year and a half. Once Jimmy gives HHM the case on Sandpiper Crossing, Francis is assigned with the task of putting together teams to travel out of state. Season 2 Francis reads out the documents requested by Sandpiper Crossing to Jimmy, Kim Wexler and other employees. Francis listens to Jimmy talk about how much success he has had with the elders. Season 3 Francis attends a meeting with Howard Hamlin and fellow employees at HHM. He reminded Howard for third-party subpoenas, as he leaves. Francis warmly greets Chuck following the announcement of his departure from HHM. Season 4 Francis is briefly seen attending Chuck's funeral. Jimmy recommends Francis to Gera",status:dropped
84807f485302,Areola,The Boys,status,https://the-boys.fandom.com/wiki/Areola,,dropped,species: Poop | gender: Female | actor: Awkwafina,,"is a character in the animated anthology series, The Boys Presents: Diabolical. The Boys Presents: Diabolical Areola is a poop that Sky pooped out after taking Compound V. Gallery Photos Videos References Category:Female Characters Category:The Boys Presents: Diabolical Characters",status:dropped
931da04b5867,Barney Collier,Mission: Impossible,status,https://missionimpossible.fandom.com/wiki/Barney_Collier,,dropped,gender: Male,,"Barnard Collier, better known by the nickname of ""Barney"" was an IMF technologist who usually did the ""dirty work"" of the missions, usually in partnership with William ""Willy"" Armitage. The President of Collier Electronics, a NASA contractor, in civilian life, he was usually the builder and user of the specialized devices that the mission teams used during missions. In the course of employing such devices, he often found himself down under a house or some such place. He was skilled at television signals,Pilot listening devices,Operation Rogosh model rocketry,Memory and pyrotechnics.Pilot Collier had been married and was a father. (This had motivated IMF Director James ""Jim"" Phelps, who himself was anti-marriage because of the potential danger it could cause IMF agents or their families, to attempt to dismiss him from the IMF, but Phelps's predecessor as IMF Director, Daniel David ""Dan"" Briggs, had overruled his successor on this point because no other personnel with Collier's qualific",status:dropped
af4f8908b714,Thorbjorn,Vikings,status,https://vikings.fandom.com/wiki/Thorbjorn,,dropped,actor: Noah Syndergaard | seasons: Season 6,,Thorbjorn is a Viking warrior in Kattegat. Biography Season 6 Coming soon... Appearances Category:Characters Category:Male Characters Category:Season 6 Characters Category:Vikings Category:Viking Warriors Category:Norwegian,status:dropped
f28f9da61d43,Eotyrannus,Jurassic Park,status,https://jurassicpark.fandom.com/wiki/Eotyrannus,,dropped,,,"is a genus of tyrannosaur from the Early Cretaceous in what is now England. Rivaling with Baryonyx and Neovenator, Eotyrannus live in an ecosystem where it prey on Pelorosaurus, Acanthopholis, Hypsilophodon, and Iguanodon. It is possibly the descendant of Proceratosaurus since it lived here before and while some go to Asia, others stayed here where they evolve after the climate change. Jurassic Park Franchise Eotyrannus was illustrated by Timothy Bradley in the Dinopedia of the Jurassic Park Institute, but hasn't received a dino card before its closure in 2006. However, it would reveive a profile in the website Dinosaur Earth on Dinopedia. Navigation Category:Animals Category:Dinosaurs Category:Theropods Category:Tyrannosauroids Category:Animals of Europe Category:Mesozoic Animals Category:Cretaceous Animals Category:Carnivores Category:Jurassic Park Institute Animals",status:dropped
89b94706bea3,Beta and Alpha,Alien vs Predator,status,https://avp.fandom.com/wiki/Beta_and_Alpha,,dropped,species: Synthetic | gender: 'Male' | status: Active | actor: Keith Silverstein (voice),,"Beta and Alpha were a pair of Integer-series Combat Androids. They were manufactured by Seegson and served aboard the UAS Endeavor. Characteristics and Traits Owing to the expendable nature of Integer-series Synthetics, Beta and Alpha possessed more basic traits to that of typical androids. Beta possessed a cap with the USCM logo on it. He had the moniker 'tinman' sprayed on the front of his armor. He also sported a small smiley sticker, with the phrase 'what me worry?' written around it. On the back of his vest was the term 'artificial person', the latter word being humorously crossed out and replaced with 'badass'. Alpha possessed a black beanie. He had a small icon with a red cross over it, tally marks around the cross. Beside it, the words 'heavy metal marine'. Behind his vest were the words 'marine machine' sprayed on. Gameplay Beta and Alpha serve as the default teammates for the player. If only two players are present in a team, either synth will be the third teammate. Both ",status:dropped
60e26cf9405b,Amira,Lost,status,https://lostpedia.fandom.com/wiki/Amira,,dropped,Actor: Anne Bedian,"Sami beat him severely, and would have killed him, but Amira prevented him from finishing the job.","Amira was the wife of Sami, appearing in Sayid's flashbacks. Life When living in Iraq, Amira was tortured by Sayid while he was working for the Republican Guard. Her torture involved being scalded with hot oil, which left permanent scars on her arms and hands. Her husband told Sayid that she was forced to confess to something (harboring enemies of the state) she did not do. Sami and Amira later moved to Paris, France. Together they opened up a restaurant, Le Jardin Croissant Fertile, with Amira in charge of the kitchen. When living in Paris, Amira one day glimpsed Sayid working in a restaurant and instantly recognized him as her former interrogator. Her husband lured Sayid into their restaurant, pretending to offer him a job as chef. He chained Sayid to a floor grate and refused to let him go until he admitted what he had done to Amira. Sayid admitted to being a torturer in the Republican Guard, but said that he had never seen Amira and wouldn't hurt a woman. Sami beat him severe",status:dropped
a29aefc0da17,Hooker 1,Boardwalk Empire,status,https://boardwalkempire.fandom.com/wiki/Hooker_1,,dropped,Actor: Leslie Henstock,,"Hooker 1 (played by Leslie Henstock) is a supporting character in the episode ""Gimcrack & Bunkum"". She is a prostitute hired by Nucky Thompson to provide entertainment for his guests Harry Daugherty, Jess Smith and Charles Kenneth Thorogood. She accompanies Thorogood when he is asking for oysters and tells Thompson's butler Eddie Kessler to get ""big ones"". Category:Season 2 Category:Atlantic City Category:Prostitutes",status:dropped
96e4c779fcff,Anthony Little,The Wire,status,https://thewire.fandom.com/wiki/Anthony_Little,,dropped,,"History
Background
In 1985, a nine-year-old Omar, his brother Anthony Little, and an unidentified older boy planned and executed the robbery of a man at a bus stop.","""No-Heart"" Anthony Little was the older brother of notorious Baltimore stickup man Omar Little. History Background In 1985, a nine-year-old Omar, his brother Anthony Little, and an unidentified older boy planned and executed the robbery of a man at a bus stop. Omar questioned the value of robbing the man and then forced the older boy at gunpoint to return the stolen money. Anthony expressed bemusement at Omar's actions. The unidentified boy told Anthony that Omar was not ""cut out"" for their line of work. In the early 1990s, after bungling a jewelry store heist, Anthony was pursued by the Baltimore Police Department. Unable to serve a prison sentence, Anthony shot himself in the chest. He survived the suicide attempt and only received a contact wound. After this incident, he earned the derisive nickname ""No Heart"" Anthony. Production Appearances Notes Category:Characters Category:Unseen Characters Category:Incarcerated",status:dropped
9ef33d227b8b,Entropy,Marvel Cinematic Universe,status,https://marvelcinematicuniverse.fandom.com/wiki/Entropy,,dropped,species: Cosmic Entity | gender: Male | status: Existing,"Biography
Entropy came into existence at the dawn of time along with Eternity, Death, and Infinity. The walls of the Temple Vault on Morag displayed Entropy, Infinity, Death and Eternity surrounding the Infinity Stones. Relationships
Family
Eternity - Father
Eon - Brother
Infinity - Aunt
Death - Aunt
Nicholas Scratch † - Cousin

Trivia
In the comics, Entropy is one of Eternity's children.","Entropy is one of the cosmic entities in the universe. Biography Entropy came into existence at the dawn of time along with Eternity, Death, and Infinity. The walls of the Temple Vault on Morag displayed Entropy, Infinity, Death and Eternity surrounding the Infinity Stones. Relationships Family Eternity - Father Eon - Brother Infinity - Aunt Death - Aunt Nicholas Scratch † - Cousin Trivia In the comics, Entropy is one of Eternity's children. He is part of a trio consisting of Explosion (represents the Big Bang), Gravitation (represents the ), and Entropy (represents the ). Entropy in the Marvel Cinematic Universe appears to have replaced Oblivion in the classic quartet of Eternity, Infinity, Death, and Oblivion. In the comics, Entropy is a minor character who only appeared in a single comic story prior to Guardian of the Galaxy's release. Behind the Scenes Concept art was made of Entropy using the Orb to kill beings. References External Links Category:Characters Category:Mentio",status:dropped
f5350dd063c1,Unnamed Correction Officer,Prison Break,status,https://prisonbreak.fandom.com/wiki/Unnamed_Correction_Officer,,dropped,,,"This unnamed Correction Officer was sleeping when Tom Paxton was trying to get away from the place where he was. Biography Prison Break - The Conspiracy When Tom Paxton was walking away, he saw this unnamed man. When Paxton opened the door, this man did awake. Appearances Category:Prison Break - The Conspiracy characters Category:Characters Category:Fox River Corrections Officers Category:Living characters",status:dropped
a09e6b1a92b4,Dang Nattuggla,James Bond 007,status,https://jamesbond.fandom.com/wiki/Dang_Nattuggla,,dropped,portrayed: Katryn Kruger (Uncredited),,"Dang Nattuggla is a fictional Danish intelligence operative and MI6 intern who appeared in the 2015 video-game James Bond: World of Espionage. Game biography Child of a Danish subversive and an American drug smuggler, Dang spent much of her formative years between the anarchist commune of Christiania in Denmark and a housing squat in Detroit. As a result of her exposure to the constant troubles that plagued those communities, Dang decided to apply herself in school and work towards a better government rather than to overturn existing structures, even if they were imperfect.In-game agent dossier, James Bond: World of Espionage. A recent intern in MI6, she is notable for an insecure personality and has skills in operations, stealth and acrobatics. She is multi-lingual, speaking Danish, Dutch, English, and German. The character offers a chance to perform a mission action with zero energy cost and provides a +5 Energy bonus using armored cars and +10 bonus to total offense using luxury se",status:dropped
e99dca80baee,Octopunch (Primax),Transformers,status,https://transformers.fandom.com/wiki/Octopunch_(Primax),,dropped,species: Cybertronian | gender: Male | status: Varies between continuities,,Articles must be written by and for this site. Please refer to site policies: Transformers Wiki:Policies#Plagiarism Category:Pretenders Category:Decepticons Category:Mayhem Attack Squad Category:Cybertronian Category:Male Transformers,status:dropped
12cf0c57d4c5,Namtet,Avatar,status,https://james-camerons-avatar.fandom.com/wiki/Namtet,,dropped,species: Na'vi | gender: Male | portrayed: Daniel Matmor | first: ''Avatar: Frontiers of Pandora'',,"Namtet is a Na'vi of the Kame'tire clan in Avatar: Frontiers of Pandora. Background Namtet is the leader of the Kame'tire storytellers' group. The group acts out the stories brought from other clans and traditionally, the Sarentu. Since the loss of the Sarentu, the storytelling arts of the Kame'tire have struggled to stay alive, and the lack of new stories makes Namtet feel invisible and worthless. He is determined to rebuild this performance art and believes it will bring life back to the clan. Avatar: Frontiers of Pandora Quests The Dark Theater ru:Намтет pl:Namtet Category:Avatar: Frontiers of Pandora Characters Category:Na'vi Category:Kame'tire Members",status:dropped
7ff8bd8aa4b1,Porn Girl Doctor,Sons of Anarchy,status,https://sonsofanarchy.fandom.com/wiki/Porn_Girl_Doctor,,dropped,appearances: 1 episode (see below) | portrayed by: Jenna Jameson,,"Porn Girl Doctor is a porn star dressed in a doctor's robe on the FX original series Sons of Anarchy. Played by American actress Jenna Jameson, she appears only on the episode in the series' seventh, and final, season. Biography Background Season 7 Appearances Category:Characters Category:One-shot characters Category:Season 7 Characters Category:Alive",status:dropped
d477585047d8,Redcaps,Supernatural,status,https://supernatural.fandom.com/wiki/Redcaps,,dropped,status: Extant,,"Redcaps are a type of fairy. Physical Appearance It's unknown what they truly look like, but they can take on human form. They wear hats dipped in the blood of their victims. Powers and Abilities Super strength - Redcaps are extremely strong, being able to overpower humans with extreme ease. One Redcap easily threw around Dean in a cell and Dean wasn't strong enough to fight back and only survived because Sam used the fairy banishing spell to send the Redcap away. Teleportation - Redcaps can teleport from one place to another in the blink of an eye, and therefore are very hard to catch. Invisibility - All fairies are invisible and can only be seen if they want to or by those who have been to Avalon. Shapeshifting - Redcaps can shapeshift into humans to hide their true forms and blend in with other humans. Known Redcaps Unnamed Redcap Appearances Season 6 Clap Your Hands If You Believe Category:Species Category:Creatures Category:Fairies Category:One-Episode Species Category:Season 6 c",status:dropped
797c0899cea3,Florus Friend,The Hunger Games,status,https://thehungergames.fandom.com/wiki/Florus_Friend,,dropped,gender: Male,"He was assigned the female tribute from District 2, Sabyn.The Ballad of Songbirds and Snakes, Chapter 4

Ultimately, Florus fared poorly, as Sabyn escaped following a bombing of the Capitol Arena, then died in a fall trying to leap over a wall.The Ballad of Songbirds and Snakes, Chapter 10

Etymology
Florus's name most likely comes from the poet, author, and/or historian .","Florus Friend was a male resident of the Capitol and a student of the Academy. He was one of 24 top-performing seniors at the Academy selected to be a mentor for the 10th Hunger Games. He was assigned the female tribute from District 2, Sabyn.The Ballad of Songbirds and Snakes, Chapter 4 Ultimately, Florus fared poorly, as Sabyn escaped following a bombing of the Capitol Arena, then died in a fall trying to leap over a wall.The Ballad of Songbirds and Snakes, Chapter 10 Etymology Florus's name most likely comes from the poet, author, and/or historian . Trivia Florus has no lines in The Ballad of Songbirds and Snakes and is mentioned only on the sheet listing the names of the mentors of the tributes that appears throughout the title. References de:Florus Friend fr:Florus Friend ru:Флор Френд Category:Males Category:The Ballad of Songbirds and Snakes characters Category:Mentors Category:People from the Capitol Category:Mentors in the 10th Hunger Games Category:Academy students",status:dropped
fb90db0e4b3b,Dark Flash,DC Extended Universe,status,https://dcextendeduniverse.fandom.com/wiki/Dark_Flash,,dropped,species: Metahuman | gender: Male | DOD: Outside Space-Time | status: Erased from Existence | actor: Ezra Miller,"Bartholomew Henry ""Barry"" Allen was a future version of Barry Allen after many repeated attempts to prevent the death of his Justice League friends at the hands of General Zod, transforming into a dark menacing being named Dark Flash. Biography 
Battle at Edwards Air Force Base
Becoming Dark Flash

After the death of the Justice League during the Battle at Edwards Air Force Base at the hands of Dru-Zod and the Sword of Rao, Barry emerged as an alternate version of himself, making thousands of attempts inside the Chronobowl to save his friends, but everytime he traveled to the past, he was nailed by several fragments of the suits of the members of the Sword of Rao, causing him to deform along with his suit, taking on a monstrous appearance and reaching old age after his failed attempts, put","Bartholomew Henry ""Barry"" Allen was a future version of Barry Allen after many repeated attempts to prevent the death of his Justice League friends at the hands of General Zod, transforming into a dark menacing being named Dark Flash. Barry received his powers from his Earth-1 counterpart, and reveals that he purposefully pushed Earth-1 Barry out of the Speed Force to ensure his creation. He waits patiently inside the Speed Force until Earth-1 Barry and his past self enter the Chronobowl, where his past self starts resetting the timeline over and over in the hopes of saving Supergirl and Batman, starting the loop that will transform him into Dark Flash. Dark Flash reveals to Earth-1 Barry and his past counterpart that he is his future self, and has figured out that killing Earth-1 Barry will allow him to finally save them and win the fight against Zod. However, his past version realizes this and sacrifices himself to save Earth-1 Barry, which leads to him being erased from existence. B",status:dropped
801a793bd900,Dennis Rader,Dexter,status,https://dexter.fandom.com/wiki/Dennis_Rader,,dropped,status: '''Incarcerated''' | gender: '''Male''' | seasons: '''Dexter:Resurrection (mentioned)'''',"Dennis Lynn Rader (born 9 March 1945), better known as the BTK Killer, the BTK Strangler, or simply BTK, is an American serial killer who murdered at least ten people in Wichita and Park City, Kansas, between 1974 and 1991. Although he occasionally killed or attempted to kill men and children, Rader typically targeted women.","Dennis Lynn Rader (born 9 March 1945), better known as the BTK Killer, the BTK Strangler, or simply BTK, is an American serial killer who murdered at least ten people in Wichita and Park City, Kansas, between 1974 and 1991. Although he occasionally killed or attempted to kill men and children, Rader typically targeted women. His victims were often attacked in their homes, then bound, sometimes with objects from their homes, and either suffocated with a plastic bag or manually strangled with a ligature. In a series of crimes that terrorized Wichita residents in the mid-to-late 1970s, Rader also initiated a series of taunting letters he sent to police and media outlets, describing his crimes in detail and referring to himself as BTK (for ""bind, torture, kill""). In addition, he stole keepsakes from his female victims, including underwear, driver's licenses, and personal items. In 1979, BTK suddenly went quiet, and despite an exhaustive investigation, the case grew into one of the most in",status:dropped
49130bd649dd,Dunleavy,Westworld,status,https://westworld.fandom.com/wiki/Dunleavy,,dropped,species: Host,"After he was ""killed"", his unit was taken over by Major Craddock. He led them to a farm house, where the other Confederados were then all killed and reacitvated as followers of Dolores Abernathy.","Lieutenant Dunleavy is a character in HBO's Westworld. He is a member of the Confederados. Background Dunleavy was lieutenant by the Confederados. After he was ""killed"", his unit was taken over by Major Craddock. Season Two ""Reunion"" He was being repurposed at the Sector 19 Remote Refurbishment Facility, when Wyatt's gang arrived. Dolores Abernathy demanded Technician Phil to reactivate Dunleavy, so that he can take them to his former unit, now being lead by Major Craddock. He led them to a farm house, where the other Confederados were then all killed and reacitvated as followers of Dolores Abernathy. Personality Like most Confederados, Dunleavy was most likely also quite violent and a warmonger. Relationships TBA Gallery Category:Characters Category:Male characters Category:Hosts Category:Confederados",status:dropped
90c08563692c,Palindrome,Fast & Furious,status,https://fastandfurious.fandom.com/wiki/Palindrome,,dropped,gender: Male | actor: Paul Wight,,"Palindrome is a character first seen in Season 4 and have return in Season 5. History The Fugitives At headquarters, Palindrome mentions to Gary and Julius how Ms. Nowhere is the highest-value target he has had to chase down in a long time. He then explains how he tried to interrogate Frostee’s associate, about Ms.Nowhere and her team, but she just wouldn’t crack. He asks the two men for information that could help him track down Ms. Nowhere. So Julius eventually tells Palindrome that Ms. Nowhere is a Saggitarius, but reads more Scorpio due to her resourceful yet distrustful nature. He then goes onto say how Ms. Nowhere’s favorite color is khaki. But Gary interjects by saying it used to be khaki but now it’s black. Further questioning her former employees, Palindrome eventually finds out one of Ms. Nowhere’s safehouses. Upon seeing him face to face, Ms. Nowhere tells Tony Toretto and his crew, that Palindrome is the best of the best and an unstoppable tracker. She compares him to s",status:dropped
695e67443a38,Native American Man,Breaking Bad / Better Call Saul,status,https://breakingbad.fandom.com/wiki/Native_American_Man,,dropped,Portrayed by: Saginaw Grant,,"The Native American Man is a Navajo man who lives in the Tohajiilee Indian Reservation. History Breaking Bad Season 5B After Walter White is unable to use his car, he buys the Native American's car, despite it not being for sale. Trivia Via TwitterThomas Schnauz: ""It's not the same actor, wasn't meant to be the same character. I wasn't involved in picking the vehicle parked outside."", Thomas Schnauz said that Joseph Prado, seen in the episode , and the native American man who sells his vehicle to Walter White during the episode , are not the same. Beyond the fact that the two characters are not played by the same actor (and although it has happened before, like with Jodi Nichols), fans have identified that the two Native Americans each own a Chevrolet C-10 (although both have different colors and wheels). Schnauz says this was not intentional and that he was not consulted on the choice of Joseph Prado's vehicle. Therefore, it is just a coincidence. It could be possible th",status:dropped
129be0ac06ac,Tina Mitchell,The Boys,status,https://the-boys.fandom.com/wiki/Tina_Mitchell,,dropped,species: Human | gender: Female | actor: Joanne Reece | seasons: 1,,Tina Mitchell is child protective services worker and a work colleague of Marvin Milk. Biography References Category:Characters Category:Season One Characters Category:Minor Characters Category:The Boys (TV series) Characters Category:Humans Category:Alive,status:dropped
c72928bdd587,Jasmine Curry,Mission: Impossible,status,https://missionimpossible.fandom.com/wiki/Jasmine_Curry,,dropped,gender: Female | status: Injured,,Jasmine Curry was a character in the 2003 video game Mission: Impossible - Operation Surma. Category:Characters Category:Female Characters Category:Stubs,status:dropped
c0baa5c2133c,Ichthyovenator,Jurassic Park,status,https://jurassicpark.fandom.com/wiki/Ichthyovenator,,dropped,,,"is an extinct genus of spinosaurid theropod dinosaur that lived in Laos during the Early Cretaceous period. Games Jurassic World: Primal Ops see Ichthyovenator/JW: PO Ichthyovenator appeared as a rare dinosaur in the Baryonyx family that could be rescued in the game. Jurassic World Play Ichthyovenator was among the animals in the Jurassic World: Dominion toyline that were added to the app. Jurassic World: Alive see Ichthyovenator/JW: A Ichthyovenator appears in Jurassic World: Alive as an omega fierce dinosaur. It was released in Update 3.1Jurassic World Alive 3.1 Patch Notes , specifically during the Spelling Bee event. Toys Jurassic World: Dominion The Ichthyovenator appears in a toy line based on , as part of the ""Roar Strikers"" assortment released in September. This is the first time it has ever physically appeared in any Jurassic Park toy set. References Navigation Category:Animals Category:Dinosaurs Category:Theropods Category:Spinosaurids Category:Animals of Asia Cate",status:dropped
720561ec2743,Unidentified expedition member,Alien vs Predator,status,https://avp.fandom.com/wiki/Unidentified_expedition_member,,dropped,species: Human | gender: Male,,"A member of a Weyland-Yutani Corporation expedition team explored the laboratory of the renegade synthetic David on Planet 4 in 2117. The explorer recorded evidence of David's experiments, and analyzed an egg located on the premises; while doing so, the explorer was attacked by the parasite within. Appearances David's Lab: Last Signs of Life Gallery 150px Category:Humans Category:Weyland-Yutani employees Category:Xenomorph victims",status:dropped
8bd1d17ae362,British priest,Lost,status,https://lostpedia.fandom.com/wiki/British_priest,,dropped,Actor: Glenn Cannon,,"A British priest took Charlie's confession about having ""relations"" with girls he didn't know. The priest told Charlie that giving into temptations was a matter of choice, and that it was this choice that we experience throughout our lives. This sentiment would later be echoed on the island, with Charlie saying that he has ""made his choice"" when he burns the last of his heroin stash (in other words, his temptation/addiction). Trivia Glenn Cannon, the actor who portrays the priest, also appears as the Old Scooter Man in . ar:القس البريطاني fr:Prêtre Anglais ru:Британский священник Category:Characters Category:Season 1 characters British Priest Category:Charlie's flashback characters Category:Religion or occult Category:Unnamed characters Category:British characters Category:Episodic characters",status:dropped
f97ff5a08374,Chester Mueller,Boardwalk Empire,status,https://boardwalkempire.fandom.com/wiki/Chester_Mueller,,dropped,Actor: Unknown,"Relationships
Nelson Van Alden: Father (deceased)
Sigrid: Mother
Abigail Van Alden: Half-sister

Memorable Quotes
""Waaaah""

Appearances

Category: Chicago
Category: Children
Category: Season 3","Chester Mueller, played by an unidentified performer, is the child of Nelson Van Alden and Sigrid, posing as George Mueller and wife. Biography Season 3 He is born in Cicero, Illinois, USA in 1922. His father is fugitive murderer and former prohibition agent Nelson Van Alden, who is living in Cicero and posing as a salesman. The family rent a small apartment in the town. Relationships Nelson Van Alden: Father (deceased) Sigrid: Mother Abigail Van Alden: Half-sister Memorable Quotes ""Waaaah"" Appearances Category: Chicago Category: Children Category: Season 3",status:dropped
26d403779c65,Stephen Demper,The Wire,status,https://thewire.fandom.com/wiki/Stephen_Demper,,dropped,actor: Doug Roberts,,"Stephen E. Demper is the former State's Attorney for Baltimore City, who served from 2002 to 2006. Biography Season 1 In 2002, Demper was the State's Attorney for Baltimore City. He was the boss of Assistant State's Attorneys Rhonda Pearlman and Ilene Nathan. Demper was widely regarded as being more interested in preserving his elected position than pursuing justice. Pearlman fell out of his favor when a detail she is working with begins to investigate campaign donations made by drug dealers. Season 3 In 2004, he was criticized by Ervin Burrell for refusing to chance a ""whodunit"" case as a means of helping the police department make convictions that stick. State Delegate Watkins was dissatisfied with Demper but Mayor Royce wouldn't replace him due to his loyalty. Season 4 In 2006, Royce threatened to drop him from the party ticket if Demper does not go along with Royce's plans to interfere with the Carcetti campaign. Demper lost his bid for re-election to black candidate Rupert Bond",status:dropped
b7dd8b92a281,Mother Teresa,Marvel Cinematic Universe,status,https://marvelcinematicuniverse.fandom.com/wiki/Mother_Teresa,,dropped,species: Human | gender: Male | actor: Ron Fehmiu | status: In Custody,,"Mother Teresa is a leader of the Albanian Syndicate who was arrested thanks to the information provided by Wilson Fisk. He gained this nickname due to a huge tattoo of the actual in his back. Biography Kingpin's Betrayal Arrest of the Albanian Syndicate |Mother Teresa being arrested by FBI agents Mother Teresa was the nickname of one of the key leaders of the Albanian Syndicate. When Wilson Fisk decided to make a deal with the FBI to get out of Rikers Island, he gave up key evidence about Mother Teresa and the Albanian Syndicate, resulting in Ray Nadeem leading a team of agents to arrest Mother Teresa and his allies. Abilities Master Tactician: Mother Teresa was the leader of the Albanian Syndicate, gaining a reputation due to the tattoo on his back resembling Mother Teresa. He was sought out by the FBI and eventually caught because Wilson Fisk sold him out. Relationships Allies Albanian Syndicate - Subordinates Enemies Wilson Fisk FBI Ray Nadeem † Gallery References Category:",status:dropped
1d40498dd4c5,Debra Jean Belle,Prison Break,status,https://prisonbreak.fandom.com/wiki/Debra_Jean_Belle,,dropped,played by: Kristin Malko,,"Debra Jean Belle is a student at St. Louis Tech who helped Tweener in his escape. Biography Season 2 Early life Little is known about her family except the fact that her father is an Air Force Colonel. Meeting Tweener Debra Jean posted an ad requesting someone to share ride expenses with to Utah. Tweener, one of the Fox River 8, in an effort to reach Utah to recover Westmoreland's five million dollars, responds to Debra Jean's ad. Debra Jean does show some initial suspicion but they wane and she becomes infatuated with him. Once Debra Jean Belle learns who Tweener is, she aids in his escape by ""taking a walk"" and leaving her car keys behind. Debra Jean Belle's only other appearance is after Tweener's capture by Mahone. Tweener, supposedly leading Mahone and his team of FBI agents to Michael Scofield, instead leads them to Debra Jean Belle's family home. Personality Debra Jean is proven to have quite a sense of humour.In her ad, it reads: Driving Home to Utah ""Don't Laugh"" Looking f",status:dropped
0a011a2cee79,Alexander Sechenov,James Bond 007,status,https://jamesbond.fandom.com/wiki/Alexander_Sechenov,,dropped,portrayed: Ryan McKenzie,,"Alexander Sechenov (Russian: Александр Сеченов) is a fictional MI6 mole within the FSB of Russia. The character appeared in the 2015 video-game James Bond: World of Espionage, during its From Russia with Love story-line. Game biography After years of complex interaction with the authorities, the paranoid Alexander Sechenov was finally turned in a video game chatroom to use his skills to assist MI6 in the capture of a Chechen terrorist. Despite his unsavoury habits, MI6 deemed him useful enough to keep out of Russian prison and has been utilizing him as a mole within the Federal Security Service of the Russian Federation (FSB).In-game agent dossier, James Bond: World of Espionage. During the early missions of the From Russia with Love story-line 007 meets with Sechenov to confirm the authenticity of a mysterious hash key he had obtained. He confirms that the key is genuine (although not Russian), increasing the value of a cypher to decrypt the message offered by Russian defector, Tatia",status:dropped
9875e2209892,Hank (Henrietta),Transformers,status,https://transformers.fandom.com/wiki/Hank_(Henrietta),,dropped,species: Human | gender: Female | first: More than Meets the Eye,,"Hank lives in Crown City. She likes to play football and basketball. Her real name is Henrietta, but she seems to not like it when people call her by that name. Transformers Robots in Disguise History Season 1 In More than Meets the Eye, Hank was playing with Butch and other kids at the football field. Russell, came to play with the kids and Hank recognized the helmet Russell was wearing, stating it belonged to Bronko Kowalski. When Butch revealed her real name to Russell, Hank pushed the football in Butch's side and told Russell that Butch's real name was Cynthia. After Russell joined their team and lost, Russell was so disappointed that he left them. Hank followed Russell back the scrapyard where she met up with him and Russell's dad. She recognized the car behind them and gave Russell back the helmet he dropped then she invited him to take part in playing football the next day. Following practice, she stopped by the scrapyard again to give Russell a pep talk and she also admired t",status:dropped
f4726f929567,Trina Shen,Avatar,status,https://james-camerons-avatar.fandom.com/wiki/Trina_Shen,,dropped,species: Human | gender: Female | first: ''Avatar: Pandora Rising'',,"Trina Shen is one of the controllable commanders from RDA side in Avatar: Pandora Rising mobile game. Biography Trina Shen was a scrappy and resourceful street urchin who scavenged junkyards for technological bits and bobs in order to build and code her own software. She used this software to parse RDA food supply transit schedules that she would ""interrupt"" for her own benefit. Once she was caught, she was able to convince the RDA of her worth, which led to them placing her in a work-release program to pay off her debts. Years later, she's still working with the RDA and has risen through the SciOps ranks as a senior robotics engineer.https://images.vfl.ru/ii/1585107601/c8a74ebd/29994079.jpg She can be seen frequently holding the hot end of a soldering iron. References ru:Шен Category:Avatar: Pandora Rising Characters Category:Humans Category:RDA Staff Category:SciOps Category:Class: Scientist",status:dropped
367cf4884ddb,PSNI Lieutenant,Sons of Anarchy,status,https://sonsofanarchy.fandom.com/wiki/PSNI_Lieutenant,,dropped,appearances: 1 episode (see below | portrayed by: Robert Neary,,"PSNI Lieutenant is a Lieutenant for the Police Service of Northern Ireland on the FX original series Sons of Anarchy. Played by American actor Robert Neary, he appears only on the episode in the series' third season. Biography Background Season 3 ""Lochan Mor"" Appearances Category:Characters Category:One-shot characters Category:Season 3 Characters Category:Alive",status:dropped
c3b0eb8fcbfc,Tinks,Supernatural,status,https://supernatural.fandom.com/wiki/Tinks,,dropped,status: Extant,"Diminutive Size - Used mostly as a advantage since that they also can fly, it is very difficult to hit them, however it is also a weakness since they can be trapped in microwaves for example, and killed very easily once captured.","Tinks are a type of fairy. Physical Appearance At first, they appear to just be hovering orbs of bright light, but they are actually little beings that are naked, beautiful women with wings that shine like tinkles. It seems that they can get really angry when someone noted that they are naked, as Dean Winchester did and the Tink began to attack him - though it is possible that it was sent to attack him in the first place. Powers and Abilities Flight - They can fly and move very quickly through the air using their wings. Super strength - They are exceptionally strong for being very small, being able to knock grown-men around. Invisibility - All fairies are invisible and can only be seen if they want to or by those who have been to Avalon. Diminutive Size - Used mostly as a advantage since that they also can fly, it is very difficult to hit them, however it is also a weakness since they can be trapped in microwaves for example, and killed very easily once captured. For some reason Tink",status:dropped
f3bfddbeb2dc,District 12 doctor,The Hunger Games,status,https://thehungergames.fandom.com/wiki/District_12_doctor,,dropped,gender: Female,,"The District 12 doctor is a doctor who worked at a clinic on the Peacekeepers' base in District 12 around the time of the 10th Hunger Games. Biography When Coriolanus Snow returned from the woods with a snake bite he believed was deadly, he told this doctor that he received it when he stopped to tie his shoes on his way to the gym, and a snake came out of nowhere to attack him. The doctor remarked that the rain brings them out and asked Snow if he got a good look at it. When Snow answered in the negative and asked if he was going to die, she informed him that the snake was not venomous, and did not even have fangs. When he expressed confusion and said he'd vomited, she attributed his reaction to panic.The Ballad of Songbirds and Snakes, Chapter 30 The doctor then said the bite would be sore for several days, and it would probably scar. She cleaned it, gave him several shots and a bottle of pills, and told him to come back the following day to check on it. When Snow replied that he ",status:dropped
28a3ed60803e,Kilowog,DC Extended Universe,status,https://dcextendeduniverse.fandom.com/wiki/Kilowog,,dropped,species: Bolovaxian | gender: Male,,"Kilowog was a member of the intergalactic Green Lantern Corps. Powers and Abilities Powers Green Ring-Bearer: As a Green Lantern, Kilowog was able to create green, hard-light constructs to use as weapons against enemies. Construct Generation: Utilizing his Power Ring, Kilowog was able to manifest weapons out of green-hued energy harnessed from his willpower. Flight: With the ring, Kilowog was able to fly throughout space sectors and within planetary atmospheres. Abilities Indomitable Will: As a Green Lantern, Kilowog possessed tremendous willpower. Equipment Power Ring: As a Green Lantern, Kilowog possessed a ring that allowed him to create constructs out of green-hued energy harnessed from his willpower. Relationships Allies Green Lantern Corps Tomar-Re Gallery Trivia Kilowog and Tomar-Re were intended to appear in a post-credits scene for Justice League, appearing in some of the initial concept artworks, but was ultimately scrapped.Justice League: Deleted post-credits scene REVE",status:dropped
f19da7fae744,Victor Torres,Dexter,status,https://dexter.fandom.com/wiki/Victor_Torres,,dropped,actor: '''None''' | seasons: '''Season Six''' | status: '''Incarcerated''' | gender: '''Male''',"Apparently, Victor worked for Sam at his body shop after he was paroled, but then he killed a young woman. It is likely that Victor is serving a heavy sentence in prison, if not on death row. Sam continues to regret the death of the poor girl and reaches out to her family to help as much as he can.","Victor Torres is a character in Season Six of the Showtime series DEXTER He is an ex-convict turned murderer. Summary ""Once Upon a Time..."" Angel Batista mentions him to Brother Sam when questioning him about Omar Rivera. Apparently, Victor worked for Sam at his body shop after he was paroled, but then he killed a young woman. It is likely that Victor is serving a heavy sentence in prison, if not on death row. Sam continues to regret the death of the poor girl and reaches out to her family to help as much as he can. Victim Unnamed 19-year-old girl Related Pages Brother Sam Omar Rivera Category:Characters Category:Season 6 characters Category:Minor Characters Category:Unseen Characters Category:Murderers Category:Brother Sam's Ex-Cons Category:Ex-Cons and Parolees Category:Incarcerated Category:Indexter Category:Alive",status:dropped
76e00e5903a0,Todd,Westworld,status,https://westworld.fandom.com/wiki/Todd,,dropped,species: Human | gender: Male | actor: Mason McCulley | seasons: ''The Maze'',,"Todd was a Guest that visited Westworld. Biography Riding with the Gang He and another guest joined Hector Escaton's gang. The night the Man in Black saved Hector Escaton from prison, he thanked the man, since the Foundation he owned apparently saved his sister's life. Later he and his friend went to Sweetwater along Escaton's gang. They started shooting Union Soldiers. As families started approaching the town, Ashley Stubbs gave the order to jam their weapons. They were ""arrested"" for the night. Personality Todd seemed to be one of the guests that enjoyed more violent activities, for which he and his friend joined up with Hector Escaton and his gang of outlaws. Relationships TBA Gallery TBA Notes TBA ru:Тодд Category:Characters Category:Male characters Category:Guests Category:Human",status:dropped
8d212c0d8b09,Echo,Fast & Furious,status,https://fastandfurious.fandom.com/wiki/Echo,,dropped,actor: Charlet Chung | gender: Female,"The five men used Skeleton Key for their own benefit, but not trusting one of them to possess it, built the vault and the five keys to lock the weapon away, and killed Shashi's parents to keep secret the existence of Skeleton Key. thumb|250px|Tony rejects Shashi's invitation
Now in possession of the Skeleton Key helmet, Shashi announces that he would build a new world and destroy the fortunes of those five men, and that he would go after one of them, Cleve Kelso, as he was the one who murdered his parents. San Rafaela was pure, and kind to everyone; but she was killed when assassins killed her father, as she was caught in the crossfire.","Margaret ""Echo"" Pearl is a talented artist, eco-engineer, street racer, and a member of Tony Toretto's Crew. History Season 1 ""Born a Toretto"" In Los Angeles, Echo is hanging out with Cisco Renaldo and Frostee Benson when they notice Tony Toretto driving up to them in a muscle car. Tony informs them that the car is a ten-second car and that he is about to beat the record his cousin Dominic Toretto set on that very street, and by doing so becoming the next greatest street racer. His friends remind Tony that he has said the same thing in the past, only to not succeed. A car then pulls up, driven by a street racer named Mitch, who is interested in Echo, although she does not reciprocate. Mitch has added rockets to the back of his car, but despite this, Tony believes he can beat him, clarifying that according to Dom, the type of driver mattered more than the type of car. Tony proposes they have a street race, with the loser washing the other's car. The race ends with Mitch winning, al",status:dropped
e9a78a4724e2,Duncan Springer,Breaking Bad / Better Call Saul,status,https://breakingbad.fandom.com/wiki/Duncan_Springer,,dropped,Portrayed by: Eston Elliott,,Duncan Springer is a senior student at Mayfield High School. History Season 4 Duncan was one of the potential applicants to receive a scholarship from HHM's scholarship committee. Appearances Better Call Saul Category:Living Characters Category:Season 4 Characters (Better Call Saul) Category:One-Off Characters,status:dropped
087e7bc2fc86,Tiom Rordan,Star Wars,dod_only,https://starwars.fandom.com/wiki/Tiom_Rordan,1.0,dead,birth: circa 17 ABY | death: circa 40 ABY | species: Human | gender: Male,"His fiancée was devastated following his death, which also cost her the rest of her squadron.Legacy of the Force: Fury

Behind the scenes
Tiom Rordan has appeared in two Star Wars works thus far in the form of two Star Wars: Legacy of the Force novels, Legacy of the Force: Exile and Legacy of the Force: Fury, both written by Aaron Allston.","Tiom Rordan was a Human male who served as a starfighter pilot in the Galactic Alliance during the Second Galactic Civil War. Stationed aboard the frigate Mawrunner, he began dating Syal Antilles, to the tacit disapproval of her father, Wedge Antilles. After less than a year of dating, they decided to be married after the end of the war. However, when the Galactic Alliance Second Fleet, including Mawrunner, was ordered to accompany the Galactic Alliance Chief of State to negotiations with the Confederation, the Confederation activated the Centerpoint Station superweapon, obliterating the Second Fleet and killing Rordan. His fiancée was devastated following his death, which also cost her the rest of her squadron.Legacy of the Force: Fury Behind the scenes Tiom Rordan has appeared in two Star Wars works thus far in the form of two Star Wars: Legacy of the Force novels, Legacy of the Force: Exile and Legacy of the Force: Fury, both written by Aaron Allston. His name was not revealed unti",dod_only:dead
dec2daea5e6b,Westenberg,Harry Potter,dod_only,https://harrypotter.fandom.com/wiki/Westenberg,1.0,dead,"died: Summer, 1997 | species: Human | gender: Male","He and his wife were found murdered in their cellar in the summer of 1997.""Divulgado roteiro COMPLETO de Relíquias da Morte: Parte 1 - FULL Deathly Hallows: Part 1 script released″ on Oclumencia.com.br.","Mr WestenbergClosed captions for the deleted scene ""The Burrows Shed"" on the Blu-ray of . (d. 1997) was an English wizard who lived in the north of England. Biography He and his wife were supporters of the Order of the Phoenix and had, on occasion, provided shelter for its members. He and his wife were found murdered in their cellar in the summer of 1997.""Divulgado roteiro COMPLETO de Relíquias da Morte: Parte 1 - FULL Deathly Hallows: Part 1 script released″ on Oclumencia.com.br. Appearances Notes and references fr:Mr Westenberg pl:Pan Westenberg Category:1997 deaths Category:English individuals Category:Males Category:Married individuals Category:Murder victims Category:Order of the Phoenix allies Category:Second Wizarding War casualties Category:Westenberg family Category:Wizards",dod_only:dead
1e300f97b14d,Violet Austman,Indiana Jones,dod_only,https://indianajones.fandom.com/wiki/Violet_Austman,1.0,dead,"gender: Female | birth: March 4, 1900 | death: February 8, 1929 New York City, New York, USA","In this moment of utter despair, Violet committed suicide by stepping out of the window of their apartment on the 15th floor.Anthony Fokker - The Flying Dutchman 

 Sources 
 Anthony Fokker - The Flying Dutchman 

 Notes and references 

Category:Canadians
Category:Historical figures
Category:Deceased","Violet Austman was the second wife of Anthony Fokker. Biography In July 1927, Violet Austman married Anthony Fokker. The two settled in an apartment on Manhattan's upscale Riverside Drive. But almost as soon as they wed, their marriage began to fall apart. He was always playing the act of being the eccentric multimillionaire Tony Fokker, while Violet began to suffer from depression. In December 1928 she checked into New York's Presbyterian Hospital, where she remained for six weeks and Fokker rarely visited her. On the day she left the hospital, he sent his driver to pick her up. When Fokker finally got home that evening, he was preoccupied, and went right to sleep. In this moment of utter despair, Violet committed suicide by stepping out of the window of their apartment on the 15th floor.Anthony Fokker - The Flying Dutchman Sources Anthony Fokker - The Flying Dutchman Notes and references Category:Canadians Category:Historical figures Category:Deceased",dod_only:dead
21bf03e984c8,Willem Frey,Game of Thrones,dod_only,https://gameofthrones.fandom.com/wiki/Willem_Frey,1.0,dead,"Birth: The Twins, the Riverlands | Death: 303 ACThe Twins, the Riverlands","Game of Thrones: Season 7
He is supposedly murdered, along with his other male family members, by Arya, in retaliation for the Red Wedding.","Ser Willem Frey was a member of House Frey and a knight whose wedding was celebrated with a tournament. Biography Game of Thrones: Season 2 Alton Lannister recalls squiring for Jaime at a tournament, the same day Willem's wedding was held. Game of Thrones: Season 3 A Riverlands traveller tells Locke that he saw Jaime fight in a tournament at Willem Frey's wedding. Game of Thrones: Season 7 He is supposedly murdered, along with his other male family members, by Arya, in retaliation for the Red Wedding. Family In the books In A Song of Ice and Fire, there is a character named Willem Frey, but he is a young grandson of Lord Walder Frey, the second son of Cleos Frey (the analogous character of Alton Lannister) and Jeyne Darry. This ""Willem Frey"" is only ten years old, thus was never married. He serves as a page at Ashemark. He has not made an appearance in the books so far, only mentioned in the appendices. Appearances References Notes External links Category:Individuals ment",dod_only:dead
8244c1468b6c,Frór,Lord of the Rings,dod_only,https://lotr.fandom.com/wiki/Frór,1.0,dead,birth: TA 2552 | death: TA 2589 | actor: Brett Beattie,"He was slain with his father when a Cold-drake invaded the doors of the mountain palace. However, the greater part of Durin's Folk followed the youngest brother Grór to the Iron Hills., Appendix A, ""Durin's Folk""

In adaptations
In , it is revealed that Frór, along with a number of other deceased dwarves, were brought back to life as dwarf-wights in Thikil-gundu, ""The Steel Keep"" (the in-game version of Dáin's halls), and now stalk the halls of the Steel Keep.","Frór (TA 2552 – TA 2589) was a Dwarf of the Ered Mithrin (the Grey Mountains) and was of the line of Durin. Biography He had an older brother, Thrór, and a younger brother, Grór. He was the second son of Dáin I. Frór spent his short life in the Grey Mountains. He was slain with his father when a Cold-drake invaded the doors of the mountain palace. Shortly after they were laid to rest in the tombs of the mountain halls, and the kingship was passed on to Frór's older brother Thrór. Durin's Folk then resolved to abandon the Grey Mountains. It was Thrór who founded the kingdom of the Lonely Mountain and led a portion of his people there. However, the greater part of Durin's Folk followed the youngest brother Grór to the Iron Hills., Appendix A, ""Durin's Folk"" In adaptations In , it is revealed that Frór, along with a number of other deceased dwarves, were brought back to life as dwarf-wights in Thikil-gundu, ""The Steel Keep"" (the in-game version of Dáin's halls), and now stalk the hal",dod_only:dead
b9bf197bb360,Stone-Eyed Sam,Pirates of the Caribbean,dod_only,https://pirates.fandom.com/wiki/Stone-Eyed_Sam,1.0,dead,"gender: Male | died: Before the early 1700s, Isla Esquelética | first: ''The Coming Storm''","The inhabitants of the whole city, including Sam, died exactly where they were.Jack Sparrow: The Coming Storm, pp. Appearances
Jack Sparrow: The Coming Storm  
Jack Sparrow: The Siren Song 
Jack Sparrow: The Sword of Cortés 
Jack Sparrow: The Timekeeper
Jack Sparrow: Dance of the Hours

Notes and references

de:Stone-Eyed Sam
es:Sam Ojo de piedra
it:Stone-Eyed Sam
ru:Каменный глаз Сэм

Category:Deceased individuals
Category:Males
Category:Pirate captains
Category:Resurrected individuals
Category:Swordsmen","Stone-Eyed Sam was a pirate captain in the Caribbean during the Age of Piracy. As the owner of the Sword of Cortés, a legendary and all powerful weapon, Sam became the scourge of Panama and ruled as a pirate king over a majestic city on Isla Esquelética. He hid a cache of treasure in his pirate kingdom on Isla Esquelética, later uncovered by young Captain Jack Sparrow and the crew of the Barnacle. Biography Pirate career Not much is known about Sam's early life except that he engaged in piracy in the Caribbean, and eventually rose up to the position of a leader among the pirates as captain and king. Through uncertain means, Sam lived his pirate life without a left eye, and so when he put a finely polished onyx orb in the empty eye socket, he became known as Stone-Eyed Sam.Jack Sparrow: The Coming Storm, pp. 101-103 During his pirate career, Stone-Eyed Sam performed at least one successful attack against the Spanish colony of Panama, an act that earned him the nickname the scourge of ",dod_only:dead
dda20d5768a8,Korba,Dune,dod_only,https://dune.fandom.com/wiki/Korba,1.0,dead,death: 10210 AG | last: ''Dune Messiah''(1969),Korba was killed by Stilgar after his complicity in the conspiracy was discovered.,"For the adaptation equivalents, see Korba/1984 film and Korba/2000 miniseries [d. 10210 AG] was a Fremen follower of Paul ""Muad'Dib"" Atreides, the supposed Mahdi. Beginning his rise to power as one of the original Fedaykin who Paul trained in the Weirding Way during the Desert War, he served as a commander in the Battle of Arrakeen in 10193 AG which allowed Paul to usurp Shaddam Corrino IV and become the Padishah Emperor and led to the Fremen waging a twelve-year galactic jihad in his name. After the Battle of Arrakeen, Korba was given the title of Panegyrist, becoming an important member of Paul's Qizarate and rose to the additional title of Priest by the year 10208 AG. It was at this point that Korba turned against his Mahdi, becoming embroiled in a conspiracy to martyr the Emperor, a conspiracy whose leading instigators also included Princess Irulan Corrino, Paul's wife in name only, Reverend Mother Gaius Helen Mohiam, Spacing Guild Steersman Edric, and Scytale, a Face Dancer. K",dod_only:dead
a8333a1f73c3,Rowena King,The Twilight Saga,dod_only,https://twilightsaga.fandom.com/wiki/Rowena_King,1.0,dead,died: 1933 (killed by Royal Hale) | species: Human | gender: Female,"Rowena watched in amusement as they beat him near death. Personality
From Stephenie Meyer's description, Rowena was an even crueler person than her male counterpart, Royce; while the man was cruel, he at least harbored desire for Rosalie Hale, whereas Rowena was ice cold toward Royal.http://thenovl.com/post/132954122509/is-rosalies-vampire-origin-story-still-going-to The NOVL Stephenie's Answer

Mentioned in
Life and Death: Twilight Reimagined

References

Category:Mentioned characters
Category:Deceased characters
Category:Humans","Rowena King was a human who lived during the Great Depression. She was the daughter of a criminal lord, and had a secret boyfriend in the enemy syndicate. When she was engaged to Royal Hale, she had her boyfriend kill him. Royal, after becoming a vampire, returned for revenge. Her Twilight Saga counterpart is Royce King II. Biography Rowena's father was a powerful criminal lord. Unbeknownst to her father, Rowena had a secret relationship with the son of the enemy syndicate. When her father announced Royal Hale as Rowena's fiancé, she pretended to show affection. She told her boyfriend about her engagement. One night, the boyfriend had his mafia colleagues corner Royal then proceeded to beat him. Rowena watched in amusement as they beat him near death. As Royal lay battered and dying in the street, Carine Cullen found him and bit him to save his life, turning him into a vampire. After discovering his immense superhuman power, Royal reaped revenge on his attackers. He was carrying the ",dod_only:dead
67a97464d57e,Unidentified clone trooper captain (Hoth),Star Wars,dod_only,https://starwars.fandom.com/wiki/Unidentified_clone_trooper_captain_(Hoth),1.0,dead,"death: c. 21 BBY, Hoth | species: Human | gender: Male",The captain was killed in the ensuing skirmish.,"A clone trooper captain accompanied Representative Jar Jar Binks and Jedi Master Obi-Wan Kenobi on a diplomatic mission during the Clone Wars. Biography Following the diplomatic negotiations, the clone trooper captain accompanied Kenobi and Binks back to Coruscant. En route, their ship was attacked by a Confederate squadron, and they crash-landed on the ice planet of Hoth. The captain was killed in the ensuing skirmish. Appearances Notes and references Category:Clone trooper captains",dod_only:dead
a407dc810e22,Quong Po,Harry Potter,dod_only,https://harrypotter.fandom.com/wiki/Quong_Po,1.0,dead,born: 1443 | died: 1539 (aged 95–96) | species: Human | gender: Male,,"Quong Po (1443–1539) was a Chinese wizard and dragonologist, who studied the Chinese Fireball breed and discovered the magical uses of their powdered eggs. Behind the scenes In the Norwegian version of , he is identified as Chong Po. Appearances Notes and references de:Quong Po es:Quong Po fi:Quong Po fr:Quong Po it:Quong Po pl:Quong Po ru:Квонг По Category:1443 births Category:1539 deaths Category:Bronze Chocolate Frog Cards Category:Chinese individuals Category:Dragonologists Category:Males Category:Wizards",dod_only:dead
287f1b708f47,Louis XIV,Indiana Jones,dod_only,https://indianajones.fandom.com/wiki/Louis_XIV,1.0,dead,gender: Male | birth: 1638 | death: 1715,,"Louis XIV was a king of France. Biography One story held that King Louis XIV was the twin of a man that was imprisoned for over forty years at Château d'If off the coast of France to prevent his taking the throne. In 1914, Indiana Jones and his companions discovered that a descendent of Louis's brother had risen to the top of the Marseilles underworld intent on reestablishing and reclaiming the French monarchy for his family's line. Appearances Masters of the Louvre Young Indiana Jones and the Gypsy Revenge Notes and references External links Category:French Category:Historical figures Category:Political leaders",dod_only:dead
f497d98b16f1,Stark soldier (Valar Morghulis),Game of Thrones,dod_only,https://gameofthrones.fandom.com/wiki/Stark_soldier_(Valar_Morghulis),1.0,dead,"Death: 299 ACThe Riverlands | Appearances: ""Valar Morghulis"" | DeathEp: ""Valar Morghulis"" | Actor: Michael Shaeffer","She kills him and his companions, giving two of them quick deaths. They presume the women were killed by Northmen, as the sign reveals, though it is uncertain by whose order; Jaime and Cleos guess it could have been Jonos Bracken, Marq Piper, Beric Dondarrion or Roose Bolton.","A Stark soldier is a soldier sworn to House Stark. Biography Background He is fighting for House Stark in the Riverlands during the War of the Five Kings. Game of Thrones: Season 2 Brienne is escorting Jaime from Riverrun to King's Landing to exchange him for the daughters of Catelyn. She stops when she sees the bodies of three women hanging in a tree. One of them has a sign around her neck saying they lay with lions. Jaime mentions that they were probably tavern girls who had relations with Lannister soldiers. Jaime confronts Brienne with the charge that this atrocity was committed by her side. She reminds him that she doesn't fight for the Starks, she has given fealty to Lady Catelyn. When they hear the three Northern soldiers coming, Jaime says to free his hands, but Brienne ignores him. The Stark soldier is accompanying Tom and another man. Brienne tells the men that she is transporting a criminal to Riverrun for justice. Jaime adopts a lower class accent and says he stole a pig",dod_only:dead
e1eebfb512ac,Ornil,Lord of the Rings,dod_only,https://lotr.fandom.com/wiki/Ornil,1.0,dead,birth: Sometime before FA 495 | death: Sometime after FA 495 | gender: Unknown,"86

 History 
After Gwindor's death during the Battle of Tumhalad, Túrin started to rush back to Nargothrond, gathering any survivors of the battle in the process, including Ornil.","Ornil was an Nargothronder who met with Túrin after the Battle of Tumhalad., Vol. XI: The War of the Jewels, Part One: ""The Grey Annals"", §277, pg. 86 History After Gwindor's death during the Battle of Tumhalad, Túrin started to rush back to Nargothrond, gathering any survivors of the battle in the process, including Ornil. As leaves were falling from trees in a great wind, Ornil compared the changing of the seasons to the Fall of Nargothrond, causing Túrin to hasten his pace. Nothing else is known about Ornil. Etymology Ornil is a Sindarin name that might contain the word orn (""a tall tree"")Parma Eldalamberon, issue XVII: Words, Phrases and Passages in various tongues in The Lord of the Rings, pgs. 25, 50, 84""Ornil"" on eldamo.org and either a variant of -dil (""friend, lover"")Parma Eldalamberon, issue XVII: Words, Phrases and Passages in various tongues in The Lord of the Rings, pgs. 27, 152, 168""-dil"" on eldamo.org or -il (""feminine suffix""), Vol. V: The Lost Road and Other Writ",dod_only:dead
484044d63749,Jane Beckett,Pirates of the Caribbean,dod_only,https://pirates.fandom.com/wiki/Jane_Beckett,1.0,dead,gender: Female | died: 1710s | first: ''The Price of Freedom'' | last: ''The Price of Freedom'',"Cutler wanted her to move to his new home in Calabar once he was stationed there, but unfortunately, she died from a fever beforehand. Appearances
The Price of Freedom  

Notes and references

it:Jane Beckett

Category:Beckett family
Category:Deceased individuals
Category:English
Category:Females","Jane Beckett was the sister of Cutler Beckett, Bartholomew Beckett and Jonathan Beckett Jr., and the daughter of Jonathan Beckett Sr.. Biography When Cutler Beckett ran away to London because of his huge argument with his father, Jane gave him a small amount of money. She and Cutler wrote to each other several times, and he planned on inviting her to leave their family and live with him once he found a permanent position in the East India Trading Company. However, after a few years of service, Cutler was stationed in Nippon, on the other side of the world, and he could not ask Jane to make such a long and exhausting journey. Cutler wanted her to move to his new home in Calabar once he was stationed there, but unfortunately, she died from a fever beforehand. Behind the scenes Jane Beckett appears in the 2011 novel The Price of Freedom by A. C. Crispin. Appearances The Price of Freedom Notes and references it:Jane Beckett Category:Beckett family Category:Deceased individuals Cate",dod_only:dead
14927b142269,Granuk Harkonnen,Dune,dod_only,https://dune.fandom.com/wiki/Granuk_Harkonnen,1.0,dead,death: 10102 AG,He had killed every son but Gunseng to better his chances of dying quietly in bed. Granuk's death occurred within days.,"Not to be confused with the Emperor: Battle for Dune character Rakan Harkonnen Granuk Harkonnen (d. 10102 AG) was the father of Gunseng Harkonnen, and Vladimir Harkonnen's grandfather of whom was said that in his youth he had been ""the picture of his grandfather Granuk"". He had killed every son but Gunseng to better his chances of dying quietly in bed. Granuk succumbed to a nervous disease that reduced him to a skeleton, and barricaded himself in chambers behind protection only a tyrant would find inadequate. The mysterious poetic wanderer Reeve Benin called Granuk an an ""old swine"" who ""(...) had vices in number to match his jowls"" and mentioned that he ""(...) never smelled so foul a moral stench as that of his castle"". He gave his observations of several Great Houses and his first visit to Giedi Prime in his volume, ""Pearls Before Swine"". Gunseng, then twenty-three, seemed incapable of controlling the rowdy house. While his father lay on his deathbed, Gunseng knew his survival wa",dod_only:dead
f647ad9c9026,George Black,The Twilight Saga,dod_only,https://twilightsaga.fandom.com/wiki/George_Black,1.0,dead,died: 1999-2000 (in a car accident) | species: Human | gender: Male,"He died in a car accident when his children were still young. George died in a car accident sometime between 1999 and 2000. Adam and Aaron took their father's death so badly that they were unable to stay in La Push, as the reservation contained too many painful memories.","George Black is the late father of Adam, Aaron, and Julie Black and husband of Bonnie Black. He died in a car accident when his children were still young. His Twilight Saga counterpart is Sarah Black. Biography Little is known about George, as he was rarely mentioned in the story. George died in a car accident sometime between 1999 and 2000. Adam and Aaron took their father's death so badly that they were unable to stay in La Push, as the reservation contained too many painful memories. Julie, however, recovered faster because her brothers took care of her. She was younger, so she didn't remember her father much. Mentioned in Life and Death: Twilight Reimagined Category:Mentioned characters Category:Deceased characters Category:Quileute",dod_only:dead
d25a8f0afb3a,Punter,Star Wars,dod_only,https://starwars.fandom.com/wiki/Punter,1.0,dead,death: Sometime during the Imperial Era | species: Chadra-Fan | gender: Male,,"Punter was a male Chadra-Fan who worked on Gunda Mabin's Blazing Claw flagship Bloody Bones. He woke the captain to tell her that the ship was leaking Coaxium due to a leak in the reactor. She forced him to weld a deck plate to fix the leak, causing him to die from radiation exposure. Sources Star Wars: Smuggler's Guide Notes and references Category:Chadra-Fan Category:Males Category:Pirates",dod_only:dead
1f889dc96bf2,Albert Einstein,Harry Potter,dod_only,https://harrypotter.fandom.com/wiki/Albert_Einstein,1.0,dead,born: 14 March 1879 | died: 18 April 1955 | species: Human | gender: Male,,"Albert Einstein (14 March 1879 – 18 April 1955) was a German-born Muggle theoretical physicist known for his development of the . The back cover blurb on the book A Brief History of Time called its author Stephen Hawking ""the most brilliant theoretical physicist since Einstein."" - Chapter 4 (The Leaky Cauldron) Appearances Notes and references es:Albert Einstein pt-br:Albert Einstein Category:1879 births Category:1955 deaths Category:American individuals Category:Emigrants Category:German individuals Category:Males Category:Non-magic people Category:Physicists",dod_only:dead
2de60cc1507a,Chiang Kai-Shek,Indiana Jones,dod_only,https://indianajones.fandom.com/wiki/Chiang_Kai-Shek,1.0,dead,"gender: Male | birth: 31 October 1887Fenghua, China | death: 5 April 1975Taipei, Taiwan","Later in their adventures, U Paw commandeered a train containing some of Chiang's army, and killed Captain Lao-Tsing. Appearances
Indiana Jones and the Temple of Doom novel 
 
Indiana Jones: Thunder in the Orient 
Indiana Jones and the Infernal Machine  

Sources
The World of Indiana Jones

External links

Category:Chinese
Category:Chinese military personnel
Category:Historical figures
Category:Political leaders
Category:Deceased
Category:Generals","Chiang Kai-Shek was the Chinese military and political leader who led the national government of China from 1928 to 1947, and the government of the Republic of China (Taiwan) to 1975. In the 1930's, he was the military leader of the Kuomintang, the Chinese nationalist party, and served as President of the Republic of China at various times. He led the Chinese against the Japanese in the Second Sino-Japanese War, starting in 1937, but also sent forces to remove the warlords controlling various provinces of China. Biography Singer Willie Scott claimed to have been a personal dinner guest of Chiang Kai-Shek. In 1938, Chiang Kai-Shek's forces had already taken control of the warlord U Paw's province, earning her emnity. When she returned from looting Chanri-Ha, she discussed her hatred of Generalissimo Chiang, whom Indiana Jones had believed was a hero unifying China. Later in their adventures, U Paw commandeered a train containing some of Chiang's army, and killed Captain Lao-Tsing. Aft",dod_only:dead
0d61280556eb,Waif,Game of Thrones,dod_only,https://gameofthrones.fandom.com/wiki/Waif,1.0,dead,"Death: 303 ACBraavos | Appearances: 11 episodes | First: ""High Sparrow"" | Last: ""No One"" | DeathEp: ""No One"" | Actor: Faye Marsay'''Disguises'''Margaret Jackman Adam Turns","Later, Jaqen leads Arya into the basement of the building where the bodies of those who come to seek the mercy of a quick death are taken. Instead of assassinating the Thin man, Arya murders Ser Meryn Trant to avenge the death of Syrio Forel. The Waif comes the next day, disguised as a young man, and kills Lady Crane, who had been sheltering Arya.","The Waif was an acolyte of the Faceless Men serving in the House of Black and White in Braavos. Biography Background When playing the game of faces with Arya, the Waif claimed that prior to joining the Faceless Men she was the daughter of a widowed lord from Westeros who remarried another woman and produced a second daughter. Her jealous stepmother then tried to poison her. The woman who became the Waif discovered this plot and sought the help of the Faceless Men. She subsequently found her way to the House of Black and White. Since the point of the game of faces is to mix lies with the truth convincingly, it can be presumed that parts of her story were false and other parts were true. Game of Thrones: Season 5 thumb|Arya is accosted by the Waif. The Waif has a sour demeanor and low opinion of Arya Stark when she arrives at the House of Black and White. When Arya presumes to claim that she is ""no one""—a skill that the Faceless Men only achieve through dedicated training—the Waif beco",dod_only:dead
2a1132dcd32c,Hardang,Lord of the Rings,dod_only,https://lotr.fandom.com/wiki/Hardang,1.0,dead,birth: FA 470 | death: FA 501 | gender: Male,"After the death of the Halbar of Brethil, Handir, Hardang tried to supersede his cousin, Brandir, in acquiring the leadership of the Men of Brethil. He tried to flee from the burning structure, but was hit in the back by a spear while running away, and perished.","Hardang was a man, and Halbar of the Men of Brethil during the First Age. Biography Hardang was a descendant of Halmir of the House of Haleth. His father was Hundad, and his grandfather was Hundar. After the death of the Halbar of Brethil, Handir, Hardang tried to supersede his cousin, Brandir, in acquiring the leadership of the Men of Brethil. Many Haladin believed Brandir to be unfit to rule them, and therefore supported Hardang. Many people wanted Brandir's cousin Manthor to assume the role of Halbar instead. Unfortunately for him and his supporters, he was related to Brandir by a daughter, which meant that his kinship with Brandir was worth less in the eyes of the people. Hardang then won the vote, and became the Halbar of the Men of Brethil in FA 499. Upon becoming Halbar, Hardang chose Manthor to be the Captain of the Guards at the Crossings of Taeglin. Within two years of ruling Brethil, whispers of the return of Húrin began echoing throughout Brethil. Hardang harbored res",dod_only:dead
3b6e9ad4626c,Eric Brand,Pirates of the Caribbean,dod_only,https://pirates.fandom.com/wiki/Eric_Brand,1.0,dead,gender: Male | died: c. 1740 | first: ''Dead Men Tell No Tales''(2013 screenplay) | last: ''Dead Men Tell No Tales''(2013 screenplay),"When John Brand realized he had caused Eric's death, he swore revenge on Jack Sparrow. As he watched the pirate ship sinking, John saw his brother's dead body onboard, and he realized he had killed the only family he had left. Legacy

Eric's death left John as the only surviving member of their family.","Eric Brand was an English adventurer during the golden age of piracy. Originally a soldier in the British Royal Navy, Eric served aboard the Silent Mary under the command of his own brother, Captain John Brand. He was lost at sea when a cannon fire from a Spanish ship blew him overboard, but he was saved from drowning by the pirate crew of the Black Pearl. Eric eventually became a pirate himself, serving under Captain Jack Sparrow, until he gained command of his own ship. However, Eric's ship was attacked and destroyed by the Silent Mary. When John Brand realized he had caused Eric's death, he swore revenge on Jack Sparrow. Biography British Royal Navy Not much is known about Eric Brand's early life, except that he had a brother named John. Both brothers eventually joined the British Royal Navy, with John rising in ranks until he became the captain of a powerful warship, the Silent Mary. Eric, on the other hand, became a simple soldier, but served aboard the Mary as well, always clos",dod_only:dead
a84ab140cd49,Pruwet Richese,Dune,dod_only,https://dune.fandom.com/wiki/Pruwet_Richese,1.0,dead,birth: 19 AG | death: 28 AG | last: ''The Hidden Hand'' | portrayed: Charlie Hodson-Prior,,"Lord Pruwet Richese was the child of Ferdinand and Orla Richese. He was was betrothed to Ynez Corrino. Biography Pruwet was just nine years old when he was betrothed to Ynez Corrino in a deal their fathers arranged. Pruwet and his family traveled to the Corrinos for the ceremony. At the engagement ceremony, Ynez tried to get to know Pruwet, but he said they didn't need to talk as the ceremony was just a formality. At the engagement party, Pruwet revealed to Ynez that he had a thinking machine toy in his pocket. When it got free, Natalya Arat Corrino screamed, as the technology was prohibited. After seeing Ynez defend Pruwet, Javicco decided they could overlook it, though Ynez told Pruwet she'd stab him if he pulled anything like that after they were married and demanded he get rid of the toy. Despite this, Pruwet hid himself away and played with his toy. Desmond Hart found him and told him he had a great power, which he was using to win a war. That required sacrifice and he promised",dod_only:dead
4fe1d2725add,Francesco Solimena,The Twilight Saga,dod_only,https://twilightsaga.fandom.com/wiki/Francesco_Solimena,1.0,dead,"born: October 4, 1657; Canale di Serino, Italy | died: April 3, 1747 | species: Human | gender: Male","Life and Death: Twilight Reimagined
In the alternate story of Life and Death: Twilight Reimagined, Solimena painted a portrait of Sulpicia, Athenodora, Marcus, Mele, and Carine instead. Mentioned in
Twilight
Midnight Sun
Life and Death: Twilight Reimagined

External links
Francesco Solimena on Wikipedia

Category:Mentioned characters
Category:Deceased characters
Category:Humans","Francesco Solimena was a famous Italian painter who lived in the 17th century, during the Baroque era. Biography Twilight thumb|left|200px|Solimena's portrait of the Volturi. Francesco was an Italian painter who favored the Baroque style, and painted a portrait of Aro, Caius, Marcus, and Carlisle (who was living with the Volturi at the time). He especially enjoyed painting the Volturi leaders as gods due to their transcendent beauty. Carlisle kept one of his paintings when he traveled to the New World, which Edward showed Bella for the first time in Twilight (New Moon being the first time in the movies). Life and Death: Twilight Reimagined In the alternate story of Life and Death: Twilight Reimagined, Solimena painted a portrait of Sulpicia, Athenodora, Marcus, Mele, and Carine instead. Mentioned in Twilight Midnight Sun Life and Death: Twilight Reimagined External links Francesco Solimena on Wikipedia Category:Mentioned characters Category:Deceased characters Category:Humans",dod_only:dead
6e04534fb236,Cope Shykrill's brother,Star Wars,dod_only,https://starwars.fandom.com/wiki/Cope_Shykrill's_brother,1.0,dead,"death: before 25,008 BBY | species: Human | gender: Male",He died three years before the birth of Cope.,This Human male was the brother of the fallen Jedi Cope Shykrill. He died three years before the birth of Cope. Sources Jedi vs. Sith: The Essential Guide to the Force Category:Humans Category:Males,dod_only:dead
0252f7acd462,Ignatia Wildsmith,Harry Potter,dod_only,https://harrypotter.fandom.com/wiki/Ignatia_Wildsmith,1.0,dead,born: 1227 | died: 1320 (aged 92–93) | species: Human | gender: Female,"Death and post-mortem
200px|thumb|right|Ignatia Wildsmith immortalised on a Chocolate Frog Card
Wildsmith died in 1320, aged around 93.","Ignatia Wildsmith (1227–1320) was a witch and wizarding inventor, who was famously the creator of Floo powder. During her childhood, she attended Hogwarts School of Witchcraft and Wizardry, and was sorted into Ravenclaw. Biography Early life Ignatia Wildsmith was born in 1227, somewhere in the British Isles. In her youth, she attended Hogwarts School of Witchcraft and Wizardry from 1238 or 1239 to 1245 or 1246, where she was Sorted into Ravenclaw. One night, she was faced with a particularly challenging riddle from the eagle door knocker and had to spend two days sleeping in the corridor outside the Ravenclaw common room. Much later in the 1980s, Tulip Karasu and her friend guessed that this was when she first had the idea to create a method of travel that allowed people to get around doors. Adulthood After her graduation from Hogwarts, Wildsmith presumably studied further into Herbology and discovered the magical properties of the Floo plant. From it, she devised a magical powder,",dod_only:dead
6aff08125699,Walter Donovan,Indiana Jones,dod_only,https://indianajones.fandom.com/wiki/Walter_Donovan,1.0,dead,"gender: Male | birth: c. late 1870s-early 1880s | death: 1938Temple of the Sun, Canyon of the Crescent Moon, Republic of Hatay","Learning of Donovan's nature, Indy privately speculated that Donovan may have been the same anonymous collector who had offered to buy the Cross of Coronado from Panama Hat, in a bad state financially following the Great Depression, in exchange for the archaeologist's death earlier that year off the Portuguese coast before plans possibly changed due to his survival and the Grail diary's disappearance. Shortly afterwards, after a brief stop at an oasis, a surprise attack from the Brotherhood of the Cruciform Sword was launched, and though some of Donovan's men were killed, the Brotherhood was mostly wiped out, including Kazim. After the death of another soldier, Donovan demanded more 'volunteers' but with the subsequent arrival and capture of Jones and his allies, Donovan directed Indy to g","Walter Donovan was a wealthy American industrialist and collector of antiquities who allied himself with the Nazis in order to obtain the Holy Grail, which he sought for its fabled gift of immortality. Around 1938, Donovan hired Professor Henry Walton Jones, Senior in order to track down the missing part of his Grail tablet, a marker to the Grail's resting place, but when Jones learned that his Austrian assistant Elsa Schneider was in fact an enemy agent, the Nazis took him prisoner. Donovan subsequently hired Jones' son, Indiana, to continue his father's work. However, Jones eventually managed to free his father from Castle Brunwald and escape from Donovan's clutches. After the Joneses and their friends reached the Temple of the Sun in the Republic of Hatay behind Donovan and the Nazis, the industrialist shot the elder Jones to force his son into braving the traps protecting the relic. Donovan and Schneider followed him to the Holy Grail but found that there was a lethal final test:",dod_only:dead
e31da4d4317f,Mazor Alexi,Game of Thrones,dod_only,https://gameofthrones.fandom.com/wiki/Mazor_Alexi,1.0,dead,"Death: Century of BloodField of Crows, Kingdom of Sarnor","The chariots broke through the Dothraki cavalry, and the khalasar of Khal Haro fled the battle after Haro was killed.","Mazor Alexi was the last High King of the Kingdom of Sarnor. Biography When the Dothraki led by Khal Moro destroyed the city of Sathar, the Sarnori assembled under Alexi as their High King. Having gathered a large army to break the power of the Dothraki once and for all, the Sarnori met them in battle in what became known as the Field of Crows. The four Dothraki khals commanded nearly 80,000 horsemen, while the Sarnori had 100,000 foot soldiers, 10,000 armored riders, 10,000 light horsemen and 6,000 scythed chariots. The chariots broke through the Dothraki cavalry, and the khalasar of Khal Haro fled the battle after Haro was killed. When the chariots pursued the fleeing cavalry, Alexi and his armored riders followed, the foot soldiers behind them, and the Sarnori appeared victorious. However, the Dothraki had merely set a trap, and the fleeing horsemen turned and fire a volley of arrows at the Sarnori. Two khalasars attacked their flanks while another attacked from the rear, cutting ",dod_only:dead
859d47e68637,Longo Baggins,Lord of the Rings,dod_only,https://lotr.fandom.com/wiki/Longo_Baggins,1.0,dead,birth: TA 2860 (SR 1260) | death: TA 2950 (SR 1350) | gender: Male,,"Longo Baggins was the third child of Mungo and Laura Baggins and the uncle of Bilbo Baggins. Biography Longo married Camellia Sackville and as a result sired the Sackville-Baggins family with the birth of their son, Otho., Appendix C: Family Trees, Baggins of Hobbiton Translations Foreign LanguageTranslated nameArabicلونغو باجنزArmenianԼոնգո ԲագգինսAsturianLongo BolsonaBasqueLongo ZorrozabalBretonLongo Sac'hegCatalanLongo BolsónChinese隆戈·巴金斯ColognianLongo BüggelsCzechLongo PytlíkDanishLongo SækkerDutchLongo BalingsEstonianLongo PaunasteFinnishLongo ReppuliFrenchLongo SacquetGalicianLongo BulseiroGeorgianლონგო ბაგგინსGermanLongo BeutlinGreekΛόνγκο ΜπάγκινςHebrewלונגו באגינסHungarianZsákos LongoIcelandicLongo BaggiIrish GaelicLongo BaigínsJapaneseロンゴ・バギンズKorean롱고 배긴스KurdishLongo Torbikan (Kurmanji)LatvianLongo BaginssMacedonian CyrillicЛонго БаггинсNorwegianLongo Lommelun / Longo SkreppingPersianلونگو بگینزPortugueseLongo Bolseiro (Brazil)RussianЛонго ТорбинсSlovakLongo LazníkSloveni",dod_only:dead
c5c40b655531,Spanish Castaway,Pirates of the Caribbean,dod_only,https://pirates.fandom.com/wiki/Spanish_Castaway,1.0,dead,"gender: Male | born: Late 1400s, early 1500s | died: 1750, in a royal palace in Cádiz, Spain | first: ''On Stranger Tides'' | last: ''On Stranger Tides''","By the time Ferdinand realized that the Fountain of Youth was real, the sailor eased into a death that long awaited him. In the non-canonical LEGO Pirates of the Caribbean: The Video Game, the Ancient Sailor was resisting when King Ferdinand tried to take the logbook and died by breaking apart.LEGO Pirates of the Caribbean: The Video Game

Appearances
Pirates of the Caribbean: On Stranger Tides 
Pirates of the Caribbean: On Stranger Tides (junior novelization)
LEGO Pirates of the Caribbean: The Video Game 

Sources
Pirates of the Caribbean: On Stranger Tides
Pirates of the Caribbean: On Stranger Tides: The Visual Guide
Pirates of the Caribbean: On Stranger Tides (junior novelization)

Notes & references

de:Spanischer Schiffbrüchiger
it:Naufrago spagnolo
pl:Pradawny Żeglarz
it:Naufrago spa","This man was a Spanish sailor who sailed on the Santiago under the famous Conquistador Juan Ponce de León in the 1500s. Biography Ponce de León In the 16th century, the Santiago was sent to discover marvels of the New World. The sailor followed his captain, Juan Ponce de León, in the voyage. During a storm, the Santiago was stranded in uncharted island, hanging on the edge of the cliff. But Ponce de León and his men were able to explore through the wonders of the island, and eventually discovered the Fountain of Youth. Once at the Fountain, the sailor used the Chalices of Cartagena, along with the knowledge of the Profane Ritual, to absorb lives of several men, thus prolonging his life for more than 200 years. Through unknown circumstances, the Chalices were brought back on the wreck of the Santiago, with the corpse of Ponce de León. The sailor escaped from the island, taking the ship's log of the Santiago with him, and tried to return to civilization. However, he had no luck. Jour",dod_only:dead
21cd5ed6b644,Dominic Vernius,Dune,dod_only,https://dune.fandom.com/wiki/Dominic_Vernius,1.0,dead,birth: c. 10110 AG | death: 10174 AG | last: ''Dune:House Harkonnen''(2001),"Lady Shando was hunted down and executed by Sardaukar forces on Bela Tegeuse, while Dominic hid on Arrakis with some loyal men. Death
After many years, he decided to use the House Vernius' atomics to bomb Kaitain, repeating the fate of Salusa Secundus.","Dominic Vernius was the penultimate true Earl of House Vernius and of Ix. He married Lady Shando Balut, with whom he had his children: an illegitimate son named Tyros Reffa, and his legitimate children Rhombur and Kailea. History Service in Battle While still a young man, he lent Ixian forces to the Padishah Emperor Elrood IX to assist against the Ecazi Revolt and restore the Archduke Ferdinand Ecaz to the Mahogany Throne. It is during this time that he met and befriended Duke Paulus Atreides of Caladan. As a reward for his loyal service, the Emperor had expanded House Vernius' fief by including several more planets of the Alkaurops system, and became a popular and welcome guest to the Imperial court, balls and other events. Romance thumb|220px|Shando and Dominic - Dune: House Atreides No. 1 thumb|200px|right|Dominic Vernius - The Dune Board Game At one such celebration in Caladan, he met the Emperor's concubine, Shando Balut. They fell in love and produced an illegitimate (bastard",dod_only:dead
02fbe14267af,Riley Biers,The Twilight Saga,dod_only,https://twilightsaga.fandom.com/wiki/Riley_Biers,1.0,dead,"born: *October 8, 1986; Santa Fe, New Mexico (book) *April 10, 1990; Forks, Washington (movie) | died: *June 15, 2006 (killed by Seth Clearwater) (book) *June, 2010 (killed by Seth Clearwater) (movie) | species: Vampire | gender: Male","During the invasion, he stayed with Victoria and was killed by Seth Clearwater during the battle between the Cullens and the army. Riley remained a tool of Victoria's until his death in the battle. Being put in between the two of them, Riley chose Victoria and personally watched Diego being tortured to death.","Riley Biers was the first vampire created by Victoria when she formed an army to attack the Cullen family and Bella. He obtained Bella's scent for the newborns, and was the one that led the Seattle newborn army. Riley was told by Victoria that she loved him, but this was just a lie to get him to be on her side. During the invasion, he stayed with Victoria and was killed by Seth Clearwater during the battle between the Cullens and the army. He acted as the secondary antagonist in Eclipse and was always in the presence of his ""mate"", Victoria, the main antagonist of both New Moon and Eclipse. He is portrayed by Xavier Samuel in the movie adaptation of Eclipse. Biography Early life thumb|left|180px|Riley's excruciating transformation. Riley Biers was born in Santa Fe, New Mexico (Forks, Washington in the movie), and had lived in the Southwest along the Pacific coast. He reached the end of his freshman year at Oregon University when Victoria saw him. She was afraid that the Cullens woul",dod_only:dead
037b6f349c6d,Benits Stinex,Star Wars,dod_only,https://starwars.fandom.com/wiki/Benits_Stinex,1.0,dead,"birth: 75-100 BBY | death: 0 BBY, ''Death Star I'' | species: Human | gender: Male","He later became the chief architect and head of interior design and construction board the Death Star. Appearances
Coruscant Nights II: Street of Shadows 
Death Star 

Sources
The Complete Star Wars Encyclopedia

Category:Architects
Category:Death Star residents
Category:Humans
Category:Males
Category:Personnel of the Galactic Empire","Benits Stinex, also known as ""the Old Man"", was a well known architect who designed a series of apartments in the Manarai Hills district of the planet Coruscant. He later became the chief architect and head of interior design and construction board the Death Star. He was featured regularly in Beings Holozine. Despite his proficiency, while in the design process, Teela Kaarz altered some of his layouts for better accessibility and efficiency. Appearances Coruscant Nights II: Street of Shadows Death Star Sources The Complete Star Wars Encyclopedia Category:Architects Category:Death Star residents Category:Humans Category:Males Category:Personnel of the Galactic Empire",dod_only:dead
b033a2cfd472,Daisy Dodderidge,Harry Potter,dod_only,https://harrypotter.fandom.com/wiki/Daisy_Dodderidge,1.0,dead,born: 1467 | died: 1555 (aged 87-88) | species: Human | gender: Female,"She was featured on a Chocolate Frog Card after her death in 1555.Chocolate Frog Cards 

Etymology
The name ""Daisy"" is simply from the English word for the white flower, ultimately derived from Old English dægeseage meaning ""day eye"".","Daisy Dodderidge (1467–1555) was the witch who built the Leaky Cauldron in a successful attempt to create a gateway between the Muggle and wizarding worlds.Chocolate Frog Cards She was the original landlady of the pub, and the Leaky Cauldron soon became the primary entrance into Diagon Alley. She was featured on a Chocolate Frog Card after her death in 1555.Chocolate Frog Cards Etymology The name ""Daisy"" is simply from the English word for the white flower, ultimately derived from Old English dægeseage meaning ""day eye"". It was first used as a given name in the 19th century, at the same time many other plant and flower names were coined. Behind the scenes Daisy Dodderidge's Wizard of the Month entry and Chocolate Frog Card from the video games give her dates as 1467-1555. However, the version of her Chocolate Frog Card published by Wizards of the Coast list them as 1457-1555. In , her name on her Chocolate Frog Card is incorrectly labelled ""Damara Dodderidge"". Appearances Wi",dod_only:dead
8c9cff131327,Qin Shi Huang,Indiana Jones,dod_only,https://indianajones.fandom.com/wiki/Qin_Shi_Huang,1.0,dead,gender: Male | birth: 259 BC | death: 210 BC,"Imperial astrologers traveled to the impact site and discovered an inscription on the meteorite which foretold of the Emperor's death. While campaigning away from the capital, the emperor died in 210 BC, ending his reign. Legacy
After his death, Qin Shi Huang was buried in the completed tomb along with 20-30,000 people and thousands of his own fanatically loyal soldiers who would form the spirit army backbone of the Terracotta Army.Indiana Jones and the Emperor's Tomb Despite being widely known and revered by locals for centuries, the actual crypt for mausoleum of the Emperor himself went undiscovered and a full-scale excavation went uncommissioned and musing that he was forever lost unless any record exists about where he could be buried.","Qin Shi Huang (alternatively Ch'in Shih-huang-ti, Ch'in Shih Huang-ti or simply Shih Huang Ti) was the first Emperor of the Qin Dynasty and unified China. Biography Reign His first name meaning ""first"" and his last name being that of the three previous emperors,Indiana Jones and the Emperor's Tomb: 1935 Journal Qin Shi Huang was born in 259 BC. In 221 BC, he annihilated all opposition and declared himself First Emperor of unified China, which he did by centralizing ruling power into an autocracy to govern the feudal communities in 246 BC, beginning the Qin Dynasty and ending the ""The Period of Warring States"". His name meant ""First Supreme Emperor of Ch'in"".The Wall Although he was technically the ninth emperor to rule, Qin Shi Huang was the first to unify the country's seven states through military and agricultural reform, thus being considered the first since his self-proclamation. Shortly after his inauguration, he surrounded himself with an army of alchemists and astrologers whom ",dod_only:dead
51571faf0238,Axell Florent,Game of Thrones,dod_only,https://gameofthrones.fandom.com/wiki/Axell_Florent,1.0,dead,"Birth: At Brightwater Keep | Death: 301 ACDragonstone, Blackwater Bay, the Crownlands | Appearances: ""The Lion and the Rose"" | DeathEp: ""The Lion and the Rose"" | Actor: James McHale","Following the Renly's death, however, the Florents do not follow their Tyrell overlords and instead go over to Stannis, as Selyse Florent is the wife of Stannis.Season 2 Bluray: War of the Five Kings feature

Game of Thrones: Season 4
Ser Axell is burned at the stake by Melisandre on the beach of Dragonstone for refusing to renounce the Seven. Davos disapproves of Axell's death, saying Axell was Stannis's brother by law and that he chose to follow the gods of his fathers, which were the gods of Stannis's fathers too. He tells Davos bluntly that if it was up to him - Davos would have been executed alongside Alester.","Lord Axell Florent was the head of House Florent and brother of Queen Selyse, the wife of King Stannis Baratheon. Biography Background Ser Axell Florent is a member of House Florent of Brightwater Keep, a noble house sworn to House Tyrell of the Reach. House Florent follows their liege lords, House Tyrell, in pledging support to Renly Baratheon's claim to the Iron Throne at the onset of the War of the Five Kings. Following the Renly's death, however, the Florents do not follow their Tyrell overlords and instead go over to Stannis, as Selyse Florent is the wife of Stannis.Season 2 Bluray: War of the Five Kings feature Game of Thrones: Season 4 Ser Axell is burned at the stake by Melisandre on the beach of Dragonstone for refusing to renounce the Seven. He pleads to his sister and brother-in-law for mercy, to no avail. Davos disapproves of Axell's death, saying Axell was Stannis's brother by law and that he chose to follow the gods of his fathers, which were the gods of Stannis's fath",dod_only:dead
ad6be6c89dd7,Imin,Lord of the Rings,dod_only,https://lotr.fandom.com/wiki/Imin,1.0,dead,birth: YT 1050 | death: Unknown | gender: Male,,"Imin was an Elf of Cuiviénen. He was best known as the first Elf to awake and the first Elf-father. Biography Imin was awoken in Cuiviénen by the divine will of Eru Ilúvatar in the Years of the Trees. Along with Tata and Enel, he awoke twelve other Elves which took him as their lord. From there he founded the Minyar which later was called the Vanyar, and at some point became the husband of Iminyë. Imin and Iminyë had several descendants when Oromë arrived at Cuiviénen and invited the Elves to undertake the Great Journey. His descendant in the direct male line, from eldest son to eldest son, was Ingwë, who was invited to come to Aman as an ambassador of their people. Upon his return, a debate erupted between the ambassadors and the Elf-fathers, with Imin claiming sole authority, and wishing to refuse the Great Journey. Ingwë assumed leadership of the Minyar (who would thus become the Vanyar) as their king and led them on the journey to Valinor. Etymology He was called Imin, the ",dod_only:dead
c8567a98ed4d,Ho-Kwan,Pirates of the Caribbean,dod_only,https://pirates.fandom.com/wiki/Ho-Kwan,1.0,dead,"gender: Male | died: c. 1729, Isla de Pelegostos | first: ''Dead Man's Chest'' | last: ''Dead Man's Chest''","Ho-Kwan met his death while the crew of the Black Pearl made their escape from the Pelegostos. During the escape, the cage was destroyed when it plummeted down into a gorge and grotto, where all six men survived the fall, but Ho-Kwan met his own death afterwards. Although few people noticed the small continuity problem within the film, in which Ho-Kwan's death did not make the cut, it was more clearly seen in the deleted scene ""Six Became Five"" featured in Blu-ray releases beginning in 2011.","Ho-Kwan was a pirate during the Age of Piracy. By the time of the search of the Dead Man's Chest, Ho-Kwan was a crew member aboard the Black Pearl under Captain Jack Sparrow. He was among the crew who confronted Sparrow after his escape from the Turkish prison, and later captured by the Pelegostos, the native cannibal tribe of Isla de Pelegostos, who put the crew in cages made of bone. Ho-Kwan met his death while the crew of the Black Pearl made their escape from the Pelegostos. Biography Nothing is known about Ho-Kwan's life prior to becoming a pirate. At some point prior to the search for the Dead Man's Chest, Ho-Kwan joined Captain Jack Sparrow and the crew of the Black Pearl. Little is known of Ho-Kwan's early voyages with Captain Sparrow, but he was at least aware of Isla de Muerta, a hurricane, though was present as the British Royal Navy chased the Pearl all around the Atlantic Ocean. Following Jack Sparrow's escape from the Turkish Prison with a rolled piece of cloth, the pir",dod_only:dead
5ecd3e6ab3ed,Paulus Atreides,Dune,dod_only,https://dune.fandom.com/wiki/Paulus_Atreides,1.0,dead,birth: 10089 AG | death: 10154 AG | portrayed: Attila Grád Dune (2021 film) (likeness),"Although he hadn't perform for a year, he fought for an hour and killed the bull, to the admiration of the crowd. However, he was killed by a Salusan Bull in the bullring of the Plaza de Toros. Legacy
thumb|200x200px|Leto in front of the painting of his father
The bull was subsequently killed, and its head was mounted on the wall in the Dining Hall of Castle Caladan, (and later the Keep at Arrakeen), replete with the Old Duke's blood stains.","125px|link=Portal:ExpandedThis article or section refers to elements from Expanded DuneThere are separate pages for this subject as it appears in the other canons, the reasons for this are explained hereThe Old Duke as he appears in Original Dune Minotauros Atreides as he appears in the Dune Encyclopedia {{Quote|The populace must think their ruler is a greater man than they, else why should they follow him? Above all a leader must be a showman, giving his people the bread and circuses they require.<ref name = ""House Atreides CH7"">Dune: House Atreides - Chapter 7</ref>|Duke Paulus Atreides}} Paulus Atreides (10089 AG - 10154 AG), aka the Old Duke, was the son of Kean Atreides, grandson of Miklos Atreides, and the 25th Duke Atreides. Paulus married Helena Richese, and fathered a single son, Leto Atreides I. Paulus posthumously became the grandfather to Paul Atreides (who was named in his honor), and great-grandfather to Leto Atreides II (the God-Emperor) and Ghanima Atreides. Duke Paulu",dod_only:dead
244827d49658,Toshiro,The Twilight Saga,dod_only,https://twilightsaga.fandom.com/wiki/Toshiro,1.0,dead,"gender: Male | species: Vampire | born: Japan | died: December, 2012 (killed by Felix and Demetri)","While being interviewed at the Breaking Dawn - Part 1 movie premiere theater, he said that his character was a secret and will appear in the second movie.http://www.youtube.com/watch?v=xi6l9tnfARg Masami's interview

Appearances
Breaking Dawn - Part 2

References

ru:Тоширо
Category:Nomads
Category:Cullen witnesses
Category:Film-only characters
Category:Minor characters
Category:Deceased characters","Toshiro was a Japanese nomadic vampire who appeared in Breaking Dawn - Part 2 and a character created exclusively for the movie.http://www.breakingdawnmovie.org/meet-the-covens-interviews-from-comic-con/ He is portrayed by Masami Kosaka in the second movie adaptation. Biography Breaking Dawn thumb|left|200px|Toshiro caught in Alec's mist. Carlisle Cullen asked for Toshiro's aid when the Volturi threatened to destroy his family. The Volturi tracked him down in London, where he attempted to escape Alec's paralyzing vapor. Demetri and Felix subdued him long enough for the vapor to catch up, momentarily immobilizing him. When Aro interrogated him about Carlisle's plea for help, Toshiro told them he turned him down because he would never go against them. Aro read his thoughts to gather information. After claiming his knowledge and finding out that Carlisle was still expecting him, Aro walked away with Caius and Marcus while Felix and Demetri disposed of Toshiro. Physical appearance Tos",dod_only:dead
9a51ece6d8e3,Deron Cadoruso,Star Wars,dod_only,https://starwars.fandom.com/wiki/Deron_Cadoruso,1.0,dead,death: 3637 BBY Yavin 4 | species: Human | gender: Male,"During the Battle of Yavin 4, he and his men were killed during the fighting.","Deron Cadoruso was a male Human Mandalorian who lived during the Galactic War. He and his Mandalorians joined with the Order of Revan when Revan returned during the Galactic War. In honor of the friendship and loyalty between Mandalore the Preserver and Revan, Deron and his warriors wore red Mandalorian armor that was in the image of the Mand'alor. During the Battle of Yavin 4, he and his men were killed during the fighting. Behind the scenes Deron Cadoruso appeared as one of the bosses in ""Temple of Sacrifice"" in the video game Star Wars: The Old Republic, in the 2014 Digital Expansion Shadow of Revan. Deron's name is an anagram for Canderous Ordo. Appearances Star Wars: The Old Republic: Galactic Strongholds Star Wars: The Old Republic: Shadow of Revan Notes and references Category:Humans Category:Males Category:Mandalorians Category:Revanites",dod_only:dead
208a67fad014,Derwent Shimpling,Harry Potter,dod_only,https://harrypotter.fandom.com/wiki/Derwent_Shimpling,1.0,dead,born: 1912 | died: Before 1993 | species: Human | gender: Male,"Appearances

thumb|Derwent Shimpling as depicted on a silver Chocolate Frog Card
  
 
 
Wizard of the Month

Notes and references

de:Derwent Shimpling
fr:Derwent Shimpling
fi:Derwent Shimpling
it:Derwent Shimpling
pl:Derwent Shimpling
ru:Дервент Шимплинг
es:Derwent Shimpling
Category:1912 births
Category:Comedians
Category:Deceased individuals
Category:Green-eyed individuals
Category:Males
Category:Portraits
Category:Silver Chocolate Frog Cards
Category:Wizard of the Month
Category:Wizards","Derwent Shimpling (b. 1912) was a wizarding comedian. He once ate an entire Venomous Tentacula on a bet, and, though he survived, his skin was left purple. Biography Early life Shimpling was born in the year 1912. As a comedian Shimpling became a famed comedian, very popular for his daring sense of humour. Shimpling was also famous for making bets lightly. Once, he ate an entire Venomous Tentacula on a bet, and, though he survived, his skin was left permanently purple. Recognition He was also featured on a silver Chocolate Frog Card as part of the Famous Witches and Wizards Cards series, for his famous achievement. During the 1993–1994 school year at Hogwarts School of Witchcraft and Wizardry, a portrait of him guarded a secret room, the password to enter was ""Tummy-button"". Etymology Derwent means ""valley thick with oaks"". It was a village in Derbyshire that was drowned by the creation of the Ladybower Reservoir. Oaks usually symbolise strength and endurance, like how Derwent had ",dod_only:dead
0af28a111809,Feathers,Indiana Jones,dod_only,https://indianajones.fandom.com/wiki/Feathers,1.0,dead,gender: Male | death: 1937,"Appearances
Indiana Jones and the Arms of Gold

Sources
Indiana Jones: The Ultimate Guide

Notes and references

Category:Characters appearing in comics
Category:Deceased","""Feathers"" was the nickname given to an agent of Transatlantic Global Mining that masqueraded as one of the Soldiers of the Sun in 1937. Indiana Jones gave him the nickname because of the headdress he wore as part of the disguise. Out of his disguise and wielding a shotgun, Feathers later accompanied Major Claude Reed-Whitby alongside other company agents to retrieve the Chimu Taya Arms of Cuzco from Jones when the group was attacked by Incan warriors, and Feathers fell victim to one of their spears. Appearances Indiana Jones and the Arms of Gold Sources Indiana Jones: The Ultimate Guide Notes and references Category:Characters appearing in comics Category:Deceased",dod_only:dead
740f9ed4c0ae,Jack,Game of Thrones,dod_only,https://gameofthrones.fandom.com/wiki/Jack,1.0,dead,"Birth: In the North | Death: 299 AC near Winterfell | Appearances: ""A Man Without Honor"" | DeathEp: ""A Man Without Honor"" | Actor: Unidentified","Though Sansa offers to vouch for him, Theon cites his murder of Jack and Billy as one of the many reasons why he fears Jon will still most likely have him executed. Both boys are killed with their mother.","Jack was a Northern boy orphaned during the War of the Five Kings, and fostered by a shepherd near Winterfell. Biography Game of Thrones: Season 2 A shepherd reports Bran that he cannot tend to his flock with his three sons fighting in the south; Bran assigns him two orphan boys from the Winterstown named Billy and Jack. Winterfell is later seized by Theon, but Bran and Rickon escape along with Osha, Hodor, Summer, and Shaggydog. They pass close by to the shepherd's farm. Theon tracks them there and brutally questions the shepherd who denies having seen them, but Dagmer finds some walnut shells, which confirms their suspicions that they were there. Theon later returns to Winterfell with the charred corpses of two boys, claiming them to be the Stark boys. A few days later, however, Luwin spots Osha sneaking into the catacombs. Having accompanied Theon and his fellow Ironborn occupiers up to the point when they reached the shepherd's farm, Luwin quickly deduces that the corpses, which ",dod_only:dead
4a22fea1093b,Náin I,Lord of the Rings,dod_only,https://lotr.fandom.com/wiki/Náin_I,1.0,dead,birth: TA 1832 | death: TA 1981,"Biography

When his father was slain by the Balrog, Náin attempted to destroy it, but was himself killed the following year. Portrayals in adaptations

thumb||200px|left|Náin I in 
In , Prince Náin appears during a session play depicting the fall of Moria to Durin's Bane, in which he becomes the King after his father Durin VI is slain.","Náin I was the son of Durin VI and succeeded his father as King of Khazad-dûm. Biography When his father was slain by the Balrog, Náin attempted to destroy it, but was himself killed the following year. The remainder of Durin's Folk fled Khazad-dûm, and it became known as Moria, the 'black pit'. He was succeeded on the throne of Durin's Folk by his son Thráin I who fled to the Lonely Mountain., Appendix A: Annals of the Kings and Rulers, III: Durin's Folk He was the last true King of Khazad-dûm until Durin VII successfully reestablished the realm in the early Fourth Age, over 1200 years later and many years after the War of the Ring. Portrayals in adaptations thumb||200px|left|Náin I in In , Prince Náin appears during a session play depicting the fall of Moria to Durin's Bane, in which he becomes the King after his father Durin VI is slain. Inside Khazad-dûm, remnants of the Palace of Náin, built during his short one-year reign, can be found. Translations Foreign LanguageTransl",dod_only:dead
1d55701ec8ec,Silverback,Pirates of the Caribbean,dod_only,https://pirates.fandom.com/wiki/Silverback,1.0,dead,"gender: Male | died: 1700s, New Orleans | first: ''Silver'' | last: ''City of Gold''","Appearances
Jack Sparrow: Silver 
Jack Sparrow: City of Gold
Legends of the Brethren Court: Day of the Shadow 

Notes and references

de:Silverback
es:Silverback
it:Silverback
ru:Сильвербэк

Category:Deceased individuals
Category:Fleur de la Mort crew
Category:Males
Category:Mutineers
Category:Pirates
Category:Swordsmen","Silverback was a pirate during the early 18th century. He had a peg leg and a tooth that were made of crystal which he used to do magic. Unlike many pirates, Silverback both dressed and spoke like a gentleman. Using magic, Silverback was able to move people and objects, as well as read minds. Biography Not much was known about Silverback's early life. When Tim Hawk was still young, Silverback stole the Silver bullet from Tim's family and burned their house, killing Tim's parents. Later on, he joined Captain Laura Smith's crew aboard the Fleur de la Mort. He was later joined by Left-Foot Louis. Together, they became the ring leaders of a mutiny, but acted as if they hated each other to keep their plan a secret. Their mutiny was thwarted by Smith, Jack Sparrow, and the crew of the Barnacle. Silverback retreated to New Orleans with Louis and the two formed an alliance with Madame Minuit. He later combined with Louis and Minuit to form a giant three-headed serpent which was defeated by ",dod_only:dead
0f09975f751e,Shaddam Corrino IV,Dune,dod_only,https://dune.fandom.com/wiki/Shaddam_Corrino_IV,1.0,dead,birth: 10119 AG | death: Between 10210 AG & 10219 AG,"For adaption and Canon equivalents, see Shaddam Corrino IV (disambiguation)

Shaddam Corrino IV (10119 AGDune ""My father, the Padishah Emperor, was 72 [...] the year he encompassed the death of Duke Leto"" 10191 - 72 = 10119) was the 81st and final Padishah Emperor of the Corrino Empire. His wife Anirul died in 10176 AG. However, shortly after Leto took control of Arrakis, he and most of his army were soon slain as a result of a combined invasion by Sardaukar and Harkonnen forces.","For adaption and Canon equivalents, see Shaddam Corrino IV (disambiguation) Shaddam Corrino IV (10119 AGDune ""My father, the Padishah Emperor, was 72 [...] the year he encompassed the death of Duke Leto"" 10191 - 72 = 10119) was the 81st and final Padishah Emperor of the Corrino Empire. After pressuring Duke Leto Atreides and his Great House to relocate to Arrakis and take over its profitable spice production, Shaddam enlisted the House Harkonnen military and disguised legions of his own Sardaukar army to ambush his popular rival, crushing both him and his powerful military with the help of a treacherous insider. Years later, the Emperor was drawn to Arrakis to intervene in its ongoing Desert War in light of Siridar-Governor Rabban's failure to quell Fremen sabotage of spice production. In poetic irony, this led to his ambush when Duke Paul-Muad'Dib Atreides - now commander and messiah of a unified Fremen army - nuked the surrounding Shield Wall and overwhelmed his Sardaukar forces w",dod_only:dead
a05bfa603e10,Omar Jenks,The Twilight Saga,dod_only,https://twilightsaga.fandom.com/wiki/Omar_Jenks,1.0,dead,born: 1939 | died: 2006 (killed by the newborn army) | species: Human | gender: Male,"His death was noted in the newspapers, which mentioned him being a retired postman. Mentioned in
Eclipse

Category:Mentioned characters
Category:Deceased characters
Category:Humans","Omar Jenks was a victim of the Seattle newborn army during the murder rampage that terrorized the city of Seattle. His death was noted in the newspapers, which mentioned him being a retired postman. Mentioned in Eclipse Category:Mentioned characters Category:Deceased characters Category:Humans",dod_only:dead
28556849524c,Unidentified Bothan ambassador,Star Wars,dod_only,https://starwars.fandom.com/wiki/Unidentified_Bothan_ambassador,1.0,dead,death: c. 40 ABY | species: Bothan | gender: Male,"When a large number of True Victory Party members began to be assassinated by the Galactic Alliance Guard on Coruscant, he withdrew his delegation from the Senate in protest, which allowed the Law Enforcement Tools Provision to be passed. Shortly later he himself was assassinated, which caused Bothawui to recall its entire representation from Coruscant and prepare three cruiser fleets for Corellian service.","The Bothan ambassador was the head of Bothawui's delegation to the Galactic Alliance Senate. When a large number of True Victory Party members began to be assassinated by the Galactic Alliance Guard on Coruscant, he withdrew his delegation from the Senate in protest, which allowed the Law Enforcement Tools Provision to be passed. Shortly later he himself was assassinated, which caused Bothawui to recall its entire representation from Coruscant and prepare three cruiser fleets for Corellian service. Appearances Legacy of the Force: Tempest Category:Bothans Category:Galactic Alliance Senators Category:Males",dod_only:dead
273b87949e8d,Clara Thompson,Harry Potter,dod_only,https://harrypotter.fandom.com/wiki/Clara_Thompson,1.0,dead,died: Before 2008 | species: Human | gender: Female,"Appearances

  

Notes and references

Category:Brown-eyed individuals
Category:Deceased individuals
Category:Females
Category:Portraits
Category:Wizards
ru:Клара Томпсон","Clara Thompson was a witch whose portrait was hung on the ground-floor landing of Grand Staircase. Biography Clara attended Hogwarts School of Witchcraft and Wizardry ""dozens of years"" before the 2008–2009 school year when she spoke to an unidentified student. She often liked to reminisce about her days at Hogwarts or offer help to the students walking by her painting. Behind the scenes This portrait seems to have been based on that of Seraphina Bones that appears in the background of the , itself based on a 1890 portrait of Elsie Palmer (1873–1955), by , currently at . Appearances Notes and references Category:Brown-eyed individuals Category:Deceased individuals Category:Females Category:Portraits Category:Wizards ru:Клара Томпсон",dod_only:dead
5210416650fe,Burke J. Carter,Indiana Jones,dod_only,https://indianajones.fandom.com/wiki/Burke_J._Carter,1.0,dead,gender: Male | death: Africa,"Carter was a wealthy Connecticut industrialist who died in a mysterious hunting accident in Africa. Burke, a Weyland-Yutani corporate lawyer from James Cameron's 1986 film Aliens.Aliens

Sources
Raiders of the Lost Ark Sourcebook

Notes and references

Category:Businessmen & Industrialists
Category:Marshall College
Category:Deceased","Burke J. Carter was a wealthy Connecticut industrialist who died in a mysterious hunting accident in Africa. He left most of his estate to Marshall College, where a building he funded was dedicated to his name. Behind the scenes Burke J. Carter was created as part of background information on Marshall College in the Raiders of the Lost Ark Sourcebook. His name is a reference to Carter J. Burke, a Weyland-Yutani corporate lawyer from James Cameron's 1986 film Aliens.Aliens Sources Raiders of the Lost Ark Sourcebook Notes and references Category:Businessmen & Industrialists Category:Marshall College Category:Deceased",dod_only:dead
6385554d80c1,Smitty,Game of Thrones,dod_only,https://gameofthrones.fandom.com/wiki/Smitty,1.0,dead,"Death: 301 ACCastle Black, the Wall | Appearances: ""The Watchers on the Wall"" | DeathEp: ""The Watchers on the Wall"" | Actor: Unidentified","Biography
Game of Thrones: Season 4
thumb|right|Smitty falling to his death. At Jon's signal, Smitty shoots his arrow and pierces a wildling in the shoulder, causing him to fall down to his death. As the brother drops the rope, Smitty falls off the top of the wall to his death.","Smitty was a member of the Night's Watch. Biography Game of Thrones: Season 4 thumb|right|Smitty falling to his death. During the battle for the Wall, Smitty takes part in defending the Wall against Mance Rayder's forces. As the wildlings approach the wall and start to climb, Smitty and another brother repel down with their bows. At Jon's signal, Smitty shoots his arrow and pierces a wildling in the shoulder, causing him to fall down to his death. As the members of the Night's Watch send oil barrels down on the wildlings at the gate, one barrel gets trapped on the ramp, as it explodes it sends flaming rubble across the Wall, and a piece impales the brother holding Smitty's repel rope in the chest. As the brother drops the rope, Smitty falls off the top of the wall to his death. In the books In A Song of Ice and Fire, there is no character by this name. Appearances References Notes Category:Individuals appearing in Game of Thrones Category:Men of the Night's Watch Category:Smallfo",dod_only:dead
df795856121a,Indor,Lord of the Rings,dod_only,https://lotr.fandom.com/wiki/Indor,1.0,dead,"birth: Unknown, likely mid-First Age | death: FA 495 (presumed dead) | gender: Male",,"Indor was an Edain man of Dor-lómin, possibly of some importance. He and his daughter Aerin were closely related to Húrin Thalion. His fate is unknown, but he was presumed dead by FA 495 when Túrin, the son of Húrin, returned to Dor-lómin.The Children of Húrin, Narn i Chîn Húrin, The Tale of the Children of Húrin, XII: ""The Return of Túrin to Dor-lómin"" In other versions In earlier accounts, Indor was the son of Fengel, father of Peleg and grandfather of Tuor. However, J.R.R. Tolkien later gave this role to Galdor., Vol. IV: The Shaping of Middle-earth, chapter I: ""Prose Fragments Following the Lost Tales"" Translations Foreign LanguageTranslated nameAmharicኢንዶርArabicىندورArmenian ԻնդորAssameseইন্দোৰBelarusian Cyrillic ІндорBengaliইন্দোরBulgarian Cyrillic ИндорDariیندور GeorgianინდორიGreekΙνδωρGujaratiઈન્દોરHebrewאינדורHindiइनडोरKannadaಇಂದೋರ್KazakhИндор (Cyrillic) Ïndor (Latin)Kyrgyz CyrillicИндор Macedonian CyrillicИндорMalayalamഇൻഡോർMarathiइंदूरMongolian CyrillicИндорNepaleseइन्",dod_only:dead
3829aff9f078,Liang Dao,Pirates of the Caribbean,dod_only,https://pirates.fandom.com/wiki/Liang_Dao,1.0,dead,"gender: Male | died: Late 1710s, Hong Kong | first: ''Rising in the East'' | last: ''Rising in the East''","Death

When Jack Sparrow unwittingly set the opium den on fire during the battle between his side and the EITC agents, Liang Dao stampeded towards the exit along with Huntington and the rest of his men. Appearances
Legends of the Brethren Court: Rising in the East

Notes and references

de:Liang Dao
it:Liang Dao
ru:Лян Дао

Category:Chinese
Category:Deceased individuals
Category:Inhabitants of Singapore
Category:Pirate captains
Category:Pirate Lords","Liang Dao was the Pirate Lord of Singapore and the South China Sea before being overthrown by his brother, Sao Feng, with the help of Jack Sparrow and the crew of the Black Pearl. Biography Early Life At some point in his life, Liang Dao received his father's title as Pirate Lord and cord necklace Piece of Eight. During his time as Pirate Lord, his younger brother, Sao Feng, served under him as captain of the Empress, one of the ships in Liang Dao's fleet. Deceit of Mistress Ching As the threat of Benedict Huntington grew stronger in Asian waters, Liang Dao set up a meeting with Mistress Ching under the pretenses that they would discuss forging an alliance to take down their common enemy. Dao's true intent, however, had been to betray his fellow Pirate Lord at their rendezvous so he could take over her fleet. Sao Feng knew of Liang Dao's plan and would later use it to his advantage to settle his debt with Jack Sparrow. Deep Sea Opal During the time of the Shadow Lord's threat, Li",dod_only:dead
a142a0ecf8df,Dama,Dune,dod_only,https://dune.fandom.com/wiki/Dama,1.0,dead,death: 15240 AG,"Dama held Lucilla captive on Lampadas and ultimately killed her when she angered Dama. During the Battle of Junction, Dama was assassinated by Logno by means of Chaumurky in the presence of Darwi Odrade. Sabanda told her that she was a teacher of the young and Dama told her that all of the children on their planet had been killed by the Honored Matres.","[d. 15240 AG] was the Great Honored Matre during the War of the Sisterhoods. She was known as the ""Spider Queen"" among Bene Gesserit sisters and was a skilled strategist. Dama held Lucilla captive on Lampadas and ultimately killed her when she angered Dama. During the Battle of Junction, Dama was assassinated by Logno by means of Chaumurky in the presence of Darwi Odrade. Logno assumed her title of Great Honored Matre. Biography History Later in life, Dama wore an odious perfume, which served as a reminder of her flamebush from her homeland.Chapterhouse: Dune - Chapter 41: Floral identity marker for her own flamebush. Imagine that! But she is both sad and angry when she thinks of this. And she wonders why I bring it to attention. “Otherwise, the bush would not have accepted me,” Dama said. At some point prior to the Return of the Honored Matres, Dama lived on Dur, a planet without Futars.Chapterhouse: Dune - Chapter 26: She could almost imagine she had never left Dur, that there had b",dod_only:dead
b763e698125f,Denise,The Twilight Saga,dod_only,https://twilightsaga.fandom.com/wiki/Denise,1.0,dead,species: Human | gender: Female | died: Spring 2009 (killed by Victoria),"She screamed, completely horrified, and was killed seconds later. Appearances
New Moon film (deleted scene)

Category:Minor characters
Category:Film-only characters
Category:Deceased characters
Category:Humans
Category:New Moon","Denise was a woman who appeared in a deleted scene of the New Moon movie. Biography thumb|left|250px|Denise and Victoria. Denise and her husband, Michael, were attacked on their way through Forks. Their car was infiltrated by Victoria, and Denise got knocked out. When she came to, she tried to reach out to her husband, who was completely catatonic. Then he fell aside, showing a large bite mark on his neck. She screamed, completely horrified, and was killed seconds later. Physical appearance Denise had blond hair, blue eyes, and round facial features. Film portrayal thumb|150px|Erin Boyes Denise was portrayed by Erin Boyes in the New Moon movie. She later portrayed Anna-Marie Brandon in the segment The Mary Alice Brandon File. Appearances New Moon film (deleted scene) Category:Minor characters Category:Film-only characters Category:Deceased characters Category:Humans Category:New Moon",dod_only:dead
4f503942c67f,Del Meeko,Star Wars,dod_only,https://starwars.fandom.com/wiki/Del_Meeko,1.0,dead,"birth: Ten years before Iden Versio | death: 34 ABY, Pillio | species: Human | gender: Male","Following the Rebel Alliance's theft of the plans to the Death Star in the year 1 BBY, Meeko became an agent of Inferno Squad, a special forces unit led by Captain Iden Versio. The Emperor's death in 4 ABY resulted in the activation of Operation: Cinder; as part of the overall Contingency, its purpose was to ensure the annihilation of both the Empire and its enemies. With no further use for Meeko, Ren turned the veteran soldier over to Commander Gideon Hask—a First Order officer who once served with Meeko as an agent of Inferno Squad—who personally executed his former comrade.","Del Meeko was a human male native of Coruscant, the capital world of the Galactic Empire during the Imperial Era. During the reign of Emperor Sheev Palpatine, Meeko served in the Imperial Military as a stormtrooper, a shoretrooper with the military rank of sergeant, an Imperial Starfighter Pilot, and subsequently as the chief engineer of a Star Destroyer when holding the rank of Lieutenant Commander. Following the Rebel Alliance's theft of the plans to the Death Star in the year 1 BBY, Meeko became an agent of Inferno Squad, a special forces unit led by Captain Iden Versio. The Emperor's death in 4 ABY resulted in the activation of Operation: Cinder; as part of the overall Contingency, its purpose was to ensure the annihilation of both the Empire and its enemies. Inferno Squad was dispatched to Fondor with orders to retrieve satellites that were critical to the execution of Operation: Cinder. After completing their mission, Meeko was ordered to destroy the Emperor's Observatory on Pil",dod_only:dead
a316b79e3306,Unidentified insulting wizard,Harry Potter,dod_only,https://harrypotter.fandom.com/wiki/Unidentified_insulting_wizard,1.0,dead,died: Before 1995 | species: Human | gender: Male,"Behind the scenes
If he had a portrait at Hogwarts he may have died prior to 1995 as many portraits hung at Hogwarts, depicting deceased individuals at that time.","This individual was a wizard who possibly lived at Hogwarts School of Witchcraft and Wizardry. In 1995 he insulted the Fat Lady, calling her fat and ugly. Behind the scenes If he had a portrait at Hogwarts he may have died prior to 1995 as many portraits hung at Hogwarts, depicting deceased individuals at that time. Appearances Notes and references Category:British individuals Category:Males Category:Unidentified individuals Category:Wizards",dod_only:dead
929c37f70003,Abu Bakr,Indiana Jones,dod_only,https://indianajones.fandom.com/wiki/Abu_Bakr,1.0,dead,"gender: Male | birth: October 573 Mecca, Arabia | death: August 23, 634 Medina, Rashidun Caliphate","Following Muhammad's death in 632, Abu Bakr became the first caliph.Indiana Jones Artifacts

Sources
Indiana Jones Artifacts

 Notes and references 

External links

Category:Historical figures
Category:Political leaders
Category:Religious personnel","Abu Bakr was the father-in-law of the Islam prophet Muhammad through his daughter Aisha. Following Muhammad's death in 632, Abu Bakr became the first caliph.Indiana Jones Artifacts Sources Indiana Jones Artifacts Notes and references External links Category:Historical figures Category:Political leaders Category:Religious personnel",dod_only:dead
fa7df56cbd1c,Cooper,Game of Thrones,dod_only,https://gameofthrones.fandom.com/wiki/Cooper,1.0,dead,"Death: 301 ACCastle Black, the Wall | Appearances: ""The Watchers on the Wall"" | DeathEp: ""The Watchers on the Wall"" | Actor: Joe Claflin","They successfully kill the giant, but all of the black brothers are slain in the process.","Cooper​ was a member of the Night's Watch. Biography ​Game of Thrones: Season 4 During the battle for the Wall, Cooper takes part in defending the Wall against Mance Rayder's forces. When Castle Black's inner gate is threatened by the giant Mag Mar Tun Doh Weg, he accompanies Grenn, Donnel Hill, and other three black brothers to defend it. They successfully kill the giant, but all of the black brothers are slain in the process. Their bodies are discovered by Jon Snow and Samwell Tarly after the battle. After the arrival of Stannis Baratheon and his forces, though not seen, Cooper is among the numerous bodies of fallen black brothers burned in Castle Black's courtyard. ​In the books In A Song of Ice and Fire, there is no character by this name. Of the four men that accompany Donal Noye to face Mag the Mighty, only one is mentioned by his name - Spotted Pate of Maidenpool. The names of the other three are not mentioned. Appearances References Notes Category:Individuals appearing i",dod_only:dead
21bb53d74efd,Bingo Baggins,Lord of the Rings,dod_only,https://lotr.fandom.com/wiki/Bingo_Baggins,1.0,dead,birth: TA 2864 (SR 1264) | death: TA 2960 (SR 1360) | gender: Male,"He died in TA 2960 (SR 1360)., Appendix C, ""Baggins of Hobbiton""

 Behind the scenes 

Originally, Frodo was going to be called Bingo, but after a time, Tolkien decided that that name was too silly for , which was becoming ever more serious.","Bingo Baggins was a hobbit of the Shire. Biography Bingo was born in TA 2864 (SR 1264) and was the brother of Bungo. He married Chica Chubb and they had one son, Falco Chubb-Baggins. Falco was most notable as Bilbo's cousin. He died in TA 2960 (SR 1360)., Appendix C, ""Baggins of Hobbiton"" Behind the scenes Originally, Frodo was going to be called Bingo, but after a time, Tolkien decided that that name was too silly for , which was becoming ever more serious. This name may be a callback to Frodo's earlier name. References Category:Hobbits Category:Baggins de:Bingo Beutlin es:Bingo Bolsón it:Bingo Baggins pl:Bingo Baggins uk:Бінґо Торбин",dod_only:dead
8796e17fbd20,Samuel Bellamy,Pirates of the Caribbean,dod_only,https://pirates.fandom.com/wiki/Samuel_Bellamy,1.0,dead,gender: Male | born: 1689 | died: 1717,"Though his career as a pirate captain lasted less than a year, Bellamy and his crew captured more than 50 ships before his death. Appearances
Pirates of the Caribbean Online 

External links

Notes and references

Category:Deceased individuals
Category:English
Category:Inhabitants of Nassau
Category:Pirate captains
Category:Real-world individuals","Samuel Bellamy (also known as Black Sam) was a pirate operating in the Caribbean Sea. Though his career as a pirate captain lasted less than a year, Bellamy and his crew captured more than 50 ships before his death. Biography Samuel Bellamy was born in Devonshire in England. The early days of his pirate career are unclear, but he was probably involved in attacks on the camps of salvors working on the wrecks of the Spanish 1715 treasure fleet, off Florida's east coast. These raids were led by the pirate Henry Jennings, so Bellamy may have served with him. By 1716, Bellamy had reached the pirate port of Nassau, where he sailed with the pirate Benjamin Hornigold, whose crew included Edward ""Blackbeard"" Teach. Hornigold had a degree of conscience, and his small pirate fleet fell apart in August 1716 when he refused to attack British merchant ships. Bellamy and Blackbeard decided to go their own ways and Bellamy was elected captain of Hornigold's former sloop, the Mary Anne. For the rest",dod_only:dead
14ef5de53a04,Piter de Vries,Dune,dod_only,https://dune.fandom.com/wiki/Piter_de_Vries,1.0,dead,death: 10191 AG,"The Baron, enraged, threatened to have Piter killed, but de Vries was not concerned, knowing that as a Mentat, he was still far too useful to the Baron to be disposed of. Informed by the Baron that he and Wanna would now be ""reunited,"" Yueh was summarily executed by Piter to end any future chance for retribution. Death
Piter lying on the floor, dead from Leto's poison tooth |thumb
Knowing the Twisted Mentat was about to torture him for information on Paul and Jessica's whereabouts after Yueh orchestrated their escape.","For adaption and Canon equivalents, see Piter de Vries (disambiguation) Piter de Vries (d. 10191 AG) was a Twisted Mentat developed by the Bene Tleilax. Serving House Harkonnen under the Baron Vladimir, Piter was an ambitious and impatient sadist whose bloodlust disturbed even his master. Exceedingly prideful of his Mentat talents, one of his few miscalculations involved predicting Lady Jessica - the object of his obsessive desire - would bear Duke Leto Atreides a daughter instead of a son, citing typical Bene Gesserit breeding and the Emperor's own lack of male heirs. Biography Breaking the Atreides thumb|left|The Baron and Piter The former steward of Arrakis before being replaced by his ancestral enemy, House Atreides, Baron Vladimir Harkonnen was determined to take back his profitable spice planet and end his hated adversary at any cost. A key figure in his efforts was his brilliant strategist, assassin and torturer, Piter de Vries. Unsympathetic to the Baron's ego or ideals",dod_only:dead
3198fabba080,Waylon Forge,The Twilight Saga,dod_only,https://twilightsaga.fandom.com/wiki/Waylon_Forge,1.0,dead,"died: March, 2008 (killed by James's coven) | species: Human | gender: Male","He was fixing a small boat singing ""The Cat's Meow"" when James, Laurent and Victoria caught him by surprise (he calls out for a man named Joe), and, after stopping his attempt to escape, pressed him down and fed on him until he died. James, liking Waylon's jacket, also stole it after they killed him and was seen wearing it for the rest of the movie. Appearances
Twilight film

Category:Minor characters
Category:Film-only characters
Category:Deceased characters
Category:Forks police
Category:Twilight","Waylon Forge is a character created specifically for the Twilight film, and is not present in the novel. He is friends with Charlie Swan, and one of James's coven's victims. He is portrayed by Ned Bellamy in the movie. Biography Waylon was introduced as one of Charlie's friends from the police station. In the movie, he and Charlie had known each other for 30 years; he played Santa Claus every Christmas and handed out tiny bottles as Christmas presents to children. Twilight Waylon made his first appearance at the diner and asks Charlie's daughter, Bella, if she remembers him as Santa. Charlie then remarked that she hadn't spent Christmas in Forks since she was four. Cora referred to Waylon as ""Butt Crack Santa"". He was fixing a small boat singing ""The Cat's Meow"" when James, Laurent and Victoria caught him by surprise (he calls out for a man named Joe), and, after stopping his attempt to escape, pressed him down and fed on him until he died. After the killing, Victoria stole his sh",dod_only:dead
43776bf2f723,Kason,Star Wars,dod_only,https://starwars.fandom.com/wiki/Kason,1.0,dead,"death: 4 ABY, during the rebellion on Akiva",,"Kason was a Corporal in the New Republic's Special Forces. In 4 ABY, he was among six SpecForce members selected for a mission to the planet Akiva which aimed to investigate the Imperial presence there and rescue pilot Wedge Antilles. The squad, led by Sergeant major Jom Barell, reached Akiva in a transport which they jumped from in a suborbital drop. Kason was first out of the vehicle, which was then hit by Imperial turbolaser fire from Akiva's surface and destroyed. Kason himself was then hit by the laser and vaporised. During his final mission the Corporal wore carbon-lace armor, an orbital drop mask and parawings. Behind the scenes Kason first appeared in the novel Aftermath, which was written by Chuck Wendig and released in 2015. Appearances Aftermath Sources Star Wars Encyclopedia: The Comprehensive Guide to the Star Wars Galaxy Notes and references Category:Individuals of unspecified gender Category:Individuals of unspecified species Category:Individuals with he/him pron",dod_only:dead
9c0496cd98aa,Selina Sapworthy,Harry Potter,dod_only,https://harrypotter.fandom.com/wiki/Selina_Sapworthy,1.0,dead,born: Before 1969 | died: Before 1993 | species: Human | gender: Female,"Appearances
  
 
 

 

Notes and references

es:Selina Sapworthy
fr:Selina Sapworthy
it:Selina Sapworthy
pl:Selina Sapworthy
ru:Селина Сэпворфи
Category:Authors
Category:Award recipients
Category:British or Irish individuals
Category:Deceased individuals
Category:Females
Category:Gryffindors
Category:Herbologists
Category:Portraits
Category:Wizards","Selina Sapworthy was a witch, a Gryffindor alumna at Hogwarts School of Witchcraft and Wizardry and, later in her life, an award-winning author in the fields of Herbology and plant-related divination. She was also a loyal servant to the International Quidditch Team, sometime after her graduation. Biography Early life In her youth, she attended Hogwarts, where she was Sorted into Gryffindor House. Later life Once she graduated from Hogwarts, Sapworthy became a loyal servant to the International Quidditch Team. She went on to write a Herbology book, Winogrand's Wondrous Water Plants, focusing specifically on the water plants among Sir Winogrand's collection in the African Lakes. It was part of the required reading at Hogwarts School of Witchcraft and Wizardry for at least a quarter of a century. She also published Xylomancy, a book exploring the eponymous (and often overlooked) art of divination by twigs. A portrait of her was hung at Hogwarts Castle by the 1990s, near the sixth-fl",dod_only:dead
e3acafef12a8,Virgil,Indiana Jones,dod_only,https://indianajones.fandom.com/wiki/Virgil,1.0,dead,gender: Male | birth: 70 BC | death: 19 BC,,"Virgil (also Vergil) was a poet of the Roman Empire best known for writing the Aeneid, an epic poem in the style of Homer, that served as a national foundation myth for Rome, as descended from Aeneas, a survivor of the Trojan War. He is also credited with the phrase: ""Fortune favors the bold"" In 1930, when setting out to find the Temple of Old Uppsala in a blizzard by himself, Indiana Jones told Marcus Brody that Virgil didn't say ""Fortune favors the reasonable"". Appearances Indiana Jones Adventures: Volume 1 External links Category:Historical figures Category:Writers, Poets & Playwrights",dod_only:dead
5051fe42385e,Dongo,Game of Thrones,dod_only,https://gameofthrones.fandom.com/wiki/Dongo,1.0,dead,"Birth: Beyond the Wall | Death: 301 ACCastle Black, the Wall | Appearances: 3 episodes | First: ""Valar Dohaeris"" | Last: ""The Children"" | DeathEp: ""The Watchers on the Wall"" | Actor: Ian Whyte","The ballista bolt impales him from behind and he is killed, which enrages Mag and spurs him to lift the gate and confront the men within all by himself. The Blu-ray commentary revealed that the way Dongo falls down after being shot in the back is an homage to the famous scene in the 1971 film The French Connection, when Gene Hackman's character shoots the hitman Nicoli.http://www.denofgeek.us/tv/game-of-thrones/243771/67-things-you-didnt-know-about-game-of-thrones-season-4
Although Dongo died, actor Ian Whyte returned in Season 5 to play a new giant, Wun Weg Wun Dar Wun (""Wun Wun""), who unlike Dongo, is a character from the novels.","Dongo, also known as Dongo the Doomed, was a giant in the wildling army of Mance Rayder. Biography Background Dongo is one of the non-human race of giants who joined the Free Folk army assembled by Mance Rayder, the King-Beyond-the-Wall. Game of Thrones: Season 3 thumb|left|Dongo's presence dominates Mance's camp. While approaching the camp of the Free Folk in Skirling Pass, Jon Snow witnesses this giant building a tent from the bones and tusks of a mammoth. As Jon stares at the giant in disbelief, Ygritte warns him that giants are shy, but quick to anger and tells him how she once witnessed a giant smash a man into the ground like a hammer to a nail. This giant catches Jon gawking at him and grunts in annoyance. Game of Thrones: Season 4 thumb|Dongo takes aim. During the battle for the Wall, Dongo emerges from the Haunted Forest holding a bow with the other members of Mance Rayder's army. He escorts Mag Mar Tun Doh Weg and his mammoth to the outer gate of the Wall. While a wildling",dod_only:dead
a2a596e50ee5,Minto Burrows,Lord of the Rings,dod_only,https://lotr.fandom.com/wiki/Minto_Burrows,1.0,dead,birth: TA 2996 (SR 1396) | death: Unknown | gender: Male,,"Minto Burrows was a Hobbit of the Shire. Biography Minto was born in TA 2996 (SR 1396) and was a descendant of the Masters of Buckland who could trace his ancestry back to Gorbadoc Brandybuck. He was the youngest of the four children of Milo Burrows and Peony Baggins. Little is known of his life other than that while his parents and his siblings Mosco, Moro and Myrtle all attended Bilbo's famous Birthday Party, Minto did not (possibly because he was only five years old at the time)., Appendix C: Family Trees, Baggins of Hobbiton In adaptations Video games In (2002), Minto appears in Hobbiton, voiced by an uncredited James Arnold Taylor. If a conversation is started with him, he related how Lobelia Sackville-Baggins had tried to chase him and Sancho Proudfoot off with her umbrella, and Minto had thrown an apple at her (but missed) in retaliation. Translations Foreign LanguageTranslated nameArabicمينتو بروسChinese明托·布洛斯FinnishMinto OnkaloinenGermanMinto LochnerItalianMinto Ri",dod_only:dead
0f8b2be73dea,Elizabeth Swann's mother,Pirates of the Caribbean,dod_only,https://pirates.fandom.com/wiki/Elizabeth_Swann's_mother,1.0,dead,gender: Female | died: Before 1720,"Biography
Life and death
Little is known of this woman's life, other than she was a woman of English descent who at some point met Weatherby Swann, with whom she married, and gave birth to a daughter, Elizabeth Swann. However, through unknown circumstances, the woman who was Weatherby's wife and Elizabeth's mother died at some point before 1720, leaving her husband alone to raise their daughter. Since the death of his wife, Weatherby had raised his daughter Elizabeth on his own as the Swann family sailed aboard the HMS Dauntless, where Elizabeth met Will Turner, traveling from England to the Caribbean, where Weatherby was appointed Governor of Port Royal.","This female individual was the wife of Weatherby Swann, with whom she had a daughter, Elizabeth Swann. Biography Life and death Little is known of this woman's life, other than she was a woman of English descent who at some point met Weatherby Swann, with whom she married, and gave birth to a daughter, Elizabeth Swann. As part of the Swann family, living in England, they loved each other. However, through unknown circumstances, the woman who was Weatherby's wife and Elizabeth's mother died at some point before 1720, leaving her husband alone to raise their daughter. On that day, Weatherby Swann took Elizabeth to the garden to show her the migratory birds in the sky, while strangers in top hats carried the body out of the bedroom.Fluch der Karibik, p. 15 Legacy 250px|thumb|right|Governor Weatherby Swann and Elizabeth, his late wife's daughter. Since the death of his wife, Weatherby had raised his daughter Elizabeth on his own as the Swann family sailed aboard the HMS Dauntless, where ",dod_only:dead
f9da8b7604ab,Leto Atreides I,Dune,dod_only,https://dune.fandom.com/wiki/Leto_Atreides_I,1.0,dead,birth: 10140 AG | death: 10191 AG,"Death
During the Siege of Arrakeen, Leto was betrayed by his private Suk doctor, Wellington Yueh, and turned over to the Harkonnens. Consequently, Leto died during the assassination attempt, but the Baron survived, although his twisted Mentat Piter de Vries was killed by the poison. The late Duke's legacy was felt in Paul's reign as Emperor, and also in the conception of a daughter, Alia Atreides, carried by Jessica but only discovered after Leto's death.","For adaption and Canon equivalents, see Leto Atreides I (disambiguation) Leto Atreides I (10140 A.G. - MarchAccording to Appendix IV, eight months before Alia, who was born in November. 10191 A.G.) was the 20th and penultimate Duke of House Atreides and the father of Emperor Paul Atreides. Well known for his even-handed and compassionate leadership style, Leto ruled over Caladan and later Arrakis while at war with the Baron Vladimir of House Harkonnen. Biography Life on Caladan A direct descendant of Ancient Greek monarch King Agamemnon, Leto I was famously known as the Red Duke and affectionately called Leto the Just. Celebrated for his fair and compassionate leadership, he managed the reins of Caladan and kept his military well-trained and battle-hardened, despite the softness of their verdant home and utopian lifestyle, as they could not afford weakness with the brutal Harkonnens as enemies. A model of strong but fair governance over his organized but spiritually content society,",dod_only:dead
7577dab78ca3,Kristie,The Twilight Saga,dod_only,https://twilightsaga.fandom.com/wiki/Kristie,1.0,dead,"died: June 15, 2006 (killed by the Cullens and the Uley pack) | species: Vampire | gender: Female","Kristie was a newborn vampire and one of the group leaders in the Seattle newborn army, an army of newborn vampires which was created by Victoria in order to avenge the death of her mate, James. Kristie was killed in the battle with the Cullens and the shape-shifters. Kristie and her gang also were very reluctant to go into the sun, which they had previously believed would burn them to death, when Riley told everyone they could for the supposedly special four days a year in which vampires can roam in daylight.","Kristie was a newborn vampire and one of the group leaders in the Seattle newborn army, an army of newborn vampires which was created by Victoria in order to avenge the death of her mate, James. Kristie was killed in the battle with the Cullens and the shape-shifters. Biography The Short Second Life of Bree Tanner Kristie had her own ""small coven"" inside the army, similar to Raoul's. The two however were openly hostile towards each other and were overall enemies. Bree once said, ""If you're with Raoul then Kristie is the enemy and if you're with Kristie then Raoul is the enemy"". This was, however, put to an end when Riley forced all of the newborns to work together to fight the Cullens. Kristie's closest colleague was Jen. After Victoria learned that she had only five days to make her move on the Cullens, she had Riley tell the army about their enemies, the ""yellow-eyes"", and how they would defeat them together. But first he said they needed two leaders to lead the army. He called Kr",dod_only:dead
4ded6e19a6bb,Chulco Gi,Star Wars,dod_only,https://starwars.fandom.com/wiki/Chulco_Gi,1.0,dead,death: During the battle for Jedha | species: Lorrdian | gender: Male,"Gi and Ubin Des encountered Luke Skywalker, Leia Organa and Han Solo in their battle for Jedha after the destruction of the Death Star. Gi died after being corrupted by the dark side of the Force at the Central Isopter shrine, where he was subsequently impaled by Skywalker.","Chulco Gi was a Lorrdian male who was a member of the Brotherhood of the Beatific Countenance and aspired to join the Disciples of the Whills. Gi and Ubin Des encountered Luke Skywalker, Leia Organa and Han Solo in their battle for Jedha after the destruction of the Death Star. Gi died after being corrupted by the dark side of the Force at the Central Isopter shrine, where he was subsequently impaled by Skywalker. Appearances Star Wars (2015) 38 Star Wars (2015) 39 Star Wars (2015) 40 Star Wars (2015) 41 Star Wars (2015) 42 Star Wars (2015) 62 Sources Notes and references Category:Lorrdians Category:Males Category:Partisan members",dod_only:dead
6ab13937c75b,Antonia Creaseworthy,Harry Potter,dod_only,https://harrypotter.fandom.com/wiki/Antonia_Creaseworthy,1.0,dead,born: Before 1607 | died: Between 1783 and 1986 | species: *Human *Ghost | gender: Female,"(SOS Task Force Training - Calamity Essentials I: Portrait, Portrait on the Wall)

She had died by 1986, as a portrait of her appeared in the Headmaster's office at Hogwarts. Two portraits of Creaseworthy were hung within Hogwarts Castle sometime after her death.","Professor Dame Antonia Creaseworthy (fl. 1609Antonia Creaseworthy's Headmistress portrait was commissioned in 1624, meaning that she must have been at least seventeen years old and a recognised adult at that point (17), though she was likely older. - 1783) was a witch who lived in the 17th - The Paintings of Hogwarts: Masterpieces from the School of Witchcraft and Wizardry Sets and 18th centuries. There were at least two portraits of her at Hogwarts School of Witchcraft and Wizardry. She served as Headmistress of Hogwarts at an unknown point in time.Her full-body portrait is included in the Headmasters section of The Paintings of Hogwarts: Masterpieces from the School of Witchcraft and Wizardry SetsHer portrait has hung in the Headmaster's Two portraits of her hung at Hogwarts; one painted in 1624 depicted a middle aged woman. Biography Creaseworthy lived during the 17th and 18th centuries. During her life, she earned the title ""Dame"", the female equivalent of the honour of knighth",dod_only:dead
040217a5f9b4,Robert Oppenheimer,Indiana Jones,dod_only,https://indianajones.fandom.com/wiki/Robert_Oppenheimer,1.0,dead,"gender: Male | birth: April 22, 1904 | death: February 18, 1967","Now I become Death, the destroyer of worlds.""

In 1957, Irina Spalko mentioned Oppenheimer as part of America's superpower status through harnessing the atom for warfare, and then claimed that with the powers of the crystal skulls, she could do the same with psychic warfare for the Soviet Union.","J. Robert Oppenheimer was a renowned physicist. He was mostly known as the director of the Manhattan Project, the objective of which was to create an atomic weapon to end the second World War. In the early 1950s, he was accused of being a communist. Upon detonation of the first atomic bomb, Oppenheimer recalled a quote from the Indian sacred text, the Bhagavad Gita: ""If the radiance of a thousand suns were to burst at once into the sky, that would be like the splendor of the mighty one. Now I become Death, the destroyer of worlds."" In 1957, Irina Spalko mentioned Oppenheimer as part of America's superpower status through harnessing the atom for warfare, and then claimed that with the powers of the crystal skulls, she could do the same with psychic warfare for the Soviet Union. Appearances Indiana Jones and the Kingdom of the Crystal Skull Indiana Jones and the Kingdom of the Crystal Skull junior novel Category:Americans Category:Historical figures Category:Scientists & Engineers",dod_only:dead
eb430f53b7c2,Boake,Game of Thrones,dod_only,https://gameofthrones.fandom.com/wiki/Boake,1.0,dead,"Death: 303 ACThe Great Sept of Baelor, King's Landing | Appearances: 5 episodes | First: ""Sons of the Harpy"" | Last: ""The Winds of Winter"" | DeathEp: ""The Winds of Winter""",,"Boake was a member of the Faith Militant. Biography Background Boake is a member of the Faith Militant, the recently reinstated military arm of the Faith of the Seven. Game of Thrones: Season 5 Boake is one of the Faith Militant who ransacks Littlefinger's brothel. Boake escorts Queen Mother Cersei Lannister when she visits Queen Margaery Tyrell in her cell in the Great Sept of Baelor. He then escorts her to the High Sparrow, who thanks him and dismisses him. He escorts Septa Unella when she comes to Cersei's cell to tempt her to confess her sins with the promise of water. He opens the door to Cersei's cell for Qyburn also. Game of Thrones: Season 6 Boake is inside the Great Sept for the trials of Loras and Cersei, standing directly behind Loras who is beside Margaery seconds before it explodes with wildfire, killing everyone inside. Behind the scenes The character may be named after Robert Boake, one of the filming location managers for the TV series. In the books In A Song of ",dod_only:dead
12f35d00b1a8,Tata,Lord of the Rings,dod_only,https://lotr.fandom.com/wiki/Tata,1.0,dead,birth: YT 1050 | death: Unknown | gender: Male,,"Tata was an Elf of Cuiviénen, where he was the second Elf to be awakened, during the Years of the Trees. Biography Tata was awakened by Imin, who woke him after he himself was awoken by Ilúvatar. He awoke a group of Elves who took him as their lord. Tata's fate is unknown, but it is presumed that he lived immortally. His folk later became the Ñoldor. His wife was Tatië. See also Awakening of the Elves Category:Ñoldor Category:Elf-fathers Category:Quenya names & words Category:Elves de:Tata it:Tata nl:Tata pl:Tata ru:Тата sk:Tata uk:Тата __NOTOC__",dod_only:dead
81eec167017e,Spanish Soldier (faceless),Pirates of the Caribbean,dod_only,https://pirates.fandom.com/wiki/Spanish_Soldier_(faceless),1.0,dead,"gender: Male | died: *1700s, Devil's Triangle, Caribbean Sea Poseidon's Tomb | first: ''Dead Men Tell No Tales'' | last: ''Dead Men Tell No Tales''","Several decades later, the Silent Mary was suddenly freed when Jack traded and therefore betrayed his compass causing his worst fear - death - to come true, and the ghost ship immediately set out to avenge their past defeat. This soldier, along with the rest of the Spanish crew, followed his Capitán on hundreds of pirate-hunting expeditions on which they tracked down and relentlessly murdered thousands of men in cold blood. A young pirate, Jack Sparrow, who had assumed command of the ship from its deceased captain, climbed atop the crow's nest, from which he taunted Salazar and his crew.","This man was a loyal soldier in the Spanish Royal Navy during the Age of Piracy, serving aboard the Silent Mary under the command of Capitán Armando Salazar. He followed his Capitán loyally on hundreds of pirate-hunting expeditions in their quest to eliminate piracy forever across the sea, until eventually they were defeated by a young pirate, crashing into the Devil's Triangle and being transformed into ghosts. Cursed and forced to roam the seas in everlasting torment, he along with his Captain would stop at nothing to take their revenge on the very man who took their lives from them, Captain Jack Sparrow. Several decades later, the Silent Mary was suddenly freed when Jack traded and therefore betrayed his compass causing his worst fear - death - to come true, and the ghost ship immediately set out to avenge their past defeat. They enlisted the help of Sparrow's old enemy, Captain Hector Barbossa, to find the pirate, but soon the latter double-crossed the Spaniards and teamed up with ",dod_only:dead
5bd98f070785,Iblis Ginjo,Dune,dod_only,https://dune.fandom.com/wiki/Iblis_Ginjo,1.0,dead,birth: C. 234 BG | death: 164 BG | last: ''Dune:The Machine Crusade''(2003),"Iblis Ginjo (234 BG - 164 BG) was a political and religious leader of the League of Nobles during the Butlerian Jihad who essentially led the League in his role as the first Grand Patriarch of the Holy Jihad from  195 BG until his death in 164 BG. After being killed by Xavier Harkonnen in response to revelations about his role in Tlulaxa organ harvesting, Ginjo was made the third of the Three Martyrs. Following the fateful Honru Massacre, in which thousands of humans perished, Ginjo began to suspect that that traitorous human spies purposely transmitted the disinformation about the machine strengths on Honru.","Iblis Ginjo (234 BG - 164 BG) was a political and religious leader of the League of Nobles during the Butlerian Jihad who essentially led the League in his role as the first Grand Patriarch of the Holy Jihad from 195 BG until his death in 164 BG. Originally a thinking machine trustee on Earth, Ginjo led a rebellion on the planet which was one of the key factors in the Jihad's beginning, before fleeing to the League and in the following decades consolidating his power. In this period, he founded both the Jihad Police (Jipol) and the ruling Jihad Council. After being killed by Xavier Harkonnen in response to revelations about his role in Tlulaxa organ harvesting, Ginjo was made the third of the Three Martyrs. Biography Early life Background Ginjo was a member of a long lineage that in ancient times ultimately originated from Rossak. Although little else is known of his family and youth, Ginjo eventually became a slave of the machines, rising to become a human trustee of the Omnius ",dod_only:dead
1ac34eaf271a,Marie Higginbotham,The Twilight Saga,dod_only,https://twilightsaga.fandom.com/wiki/Marie_Higginbotham,1.0,dead,died: 1999 | species: Human | gender: Female,"Marie Higginbotham was Renée Dwyer's mother, and had been deceased six years prior to the beginning of New Moon, when Bella was either eleven or twelve. Appearances
New Moon (Bella's dream)
New Moon film (Bella's dream)

Category:Mentioned characters
Category:Deceased characters
Category:Humans","Marie Higginbotham was Renée Dwyer's mother, and had been deceased six years prior to the beginning of New Moon, when Bella was either eleven or twelve. She has a minor but important role in New Moon, because Marie's appearance plays a part in Bella's choice to become a vampire. She is portrayed by Christina Jastrzembska in the movie adaptation of New Moon. Biography Early life Marie Higginbotham was a difficult, bitter woman but hardworking and loyal. She got divorced from her husband when Renée was still a child. She never got along with her daughter due to their different personalities. When Renée got married to Charlie Swan, she was sent a photograph of the wedding, but Marie never responded. Renée later wrote to Marie to tell her that she was pregnant. Marie sent Renée her own mother's handmade quilt, at which Renée was touched. Renée was going through a depressive period when she left Charlie, and moved back in with her mother. Marie was still difficult but doted on her grandd",dod_only:dead
72c489af91d0,Haze Delik,Star Wars,dod_only,https://starwars.fandom.com/wiki/Haze_Delik,1.0,dead,"birth: c. 244 BBY, Helikoprion | death: 228 BBY, ''Innovator'' | species: Heliko | gender: Female","While working at a kitchen, Delik's mother and father were both killed in a shootout, which left Delik as an orphan.","Haze Delik was a Heliko female who was born on the planet Helikoprion. After the planet was engulfed in a civil war, Delik's family moved to Actlyon and lived in Actlyon City. While working at a kitchen, Delik's mother and father were both killed in a shootout, which left Delik as an orphan. The day after her parents deaths, she joined the Nihil and worked in its ranks. Eventually, a Nameless egg was stolen from the Nihil scientist Niv Drendow Apruk, and Delik was on a hunt to find the egg. Her searches led her to Palagosal where she encountered numerous Jedi and the Hutt responsible for the theft. After taking one of the Jedi hostage and threatening them, Delik was eventually stunned by Ensign Welga and taken as prisoner on the Innovator. Delik managed to escape from containment and released captive Nameless onto the ship, however the Nameless calcified her after she tried to escape with one; a newly-hatched Nameless. Appearances The High Republic: Beware the Nameless Notes and re",dod_only:dead
fc0f84467d7e,T. R.,Harry Potter,dod_only,https://harrypotter.fandom.com/wiki/T._R.,1.0,dead,died: Before 1991 | species: Human | gender: Male,"was created in the likeness of Tony Ravo, an artist who illustrated some Famous Witches and Wizards Cards for the first two games.https://www.mobygames.com/person/51990/tony-ravo/credits/

Appearances
  

Notes and references

Category:Deceased individuals
Category:Males
Category:Portraits
Category:Wizards
ru:Т.","T. R. was a wizard who had a portrait of himself hung in the Entrance Hall and on the first floor of Hogwarts Castle by the 1991–1992 school year. Behind the scenes This portrait appears in the PC version of . In the game's files, it was called TR104.bmp. T. R. was created in the likeness of Tony Ravo, an artist who illustrated some Famous Witches and Wizards Cards for the first two games.https://www.mobygames.com/person/51990/tony-ravo/credits/ Appearances Notes and references Category:Deceased individuals Category:Males Category:Portraits Category:Wizards ru:Т. Р.",dod_only:dead
5df6198aa904,Marie Dressler,Indiana Jones,dod_only,https://indianajones.fandom.com/wiki/Marie_Dressler,1.0,dead,"gender: Female | birth: November 9, 1868 | death: July 28, 1934",,"Marie Dressler was an actress. Remy Baudouin was not a fan of Dressler. During a party in October 1916, his objection to the pianist playing ""Heaven Will Protect the Working Girl"", a piece performed by Marie Dressler, led to a situation which left Baudouin with a black eye. Appearances The Mata Hari Affair External links Category:Canadians Category:Entertainers Category:Historical figures",dod_only:dead
6d44c11c9bb4,Euron Greyjoy,Game of Thrones,dod_only,https://gameofthrones.fandom.com/wiki/Euron_Greyjoy,1.0,dead,"Birth: Pyke, the Iron Islands | Death: 305 ACRed Keep, King's Landing | Appearances: 9 episodes | First: ""Home"" | Last: ""The Bells"" | DeathEp: ""The Bells"" | Actor: Pilou Asbæk","Euron himself was subsequently killed in a duel by Cersei's brother and lover, Ser Jaime Lannister. Realizing that Euron has come to kill him, Balon attacks him with a knife, slashing his left cheek, but Euron easily overpowers his elder brother, and throws him off the bridge to his death. Euron reveals that he returned only a few days ago, leading Yara to realize that he murdered Balon.","King Euron Greyjoy was the brother of Balon Greyjoy, the Lord Reaper of Pyke and later King of the Iron Islands, and Aeron Greyjoy, a Drowned Man. He was also uncle to Balon's children, Rodrik, Maron, Yara, and Theon Greyjoy. After murdering Balon, Euron takes control of the Salt Throne with the support of many Ironborn, seeking to hunt down Yara and Theon, who oppose Euron and ally with Daenerys Targaryen. Euron is named commander of the Lannister fleet - although he primarily uses the Iron Fleet as his main ships - after he defeats the Ironborn and Dornish allies of Daenerys in Blackwater Bay, delivering Ellaria and Tyene Sand as a gift to Cersei Lannister, whom he intended to marry following the end of the Last War. Euron continues to remain an ally of Cersei, ferrying the Golden Company to Westeros, killing Rhaegal, and fighting at the Battle of King's Landing, where his fleet is burnt by Drogon. Euron himself was subsequently killed in a duel by Cersei's brother and lover, Ser J",dod_only:dead
5c05ee4c1396,Othrod,Lord of the Rings,dod_only,https://lotr.fandom.com/wiki/Othrod,1.0,dead,death: FA 510 | gender: Male,"Othrod was a ""lord of the Orcs"" of Angband that was slain by Tuor in Gondolin during the First Age., Vol. Othrod was ultimately slain by Tuor, who clove his helm with his axe, Dramborleg, in the process.","Othrod was a ""lord of the Orcs"" of Angband that was slain by Tuor in Gondolin during the First Age., Vol. II: The Book of Lost Tales Part Two, ""Index"", entry ""Othrod"" Biography During the Fall of Gondolin, Othrod was among those Orcs which assailed the Gondothlim alongside the Balrogs at the coming of the Drakes. Othrod was ultimately slain by Tuor, who clove his helm with his axe, Dramborleg, in the process. The slaying of Othrod was part of the famous onslaught which is said to have been the greatest killing of Orcs ever conducted by the Eldar., Vol. II: The Book of Lost Tales Part Two, ""The Fall of Gondolin"", p. 181 Etymology Othrod is clearly Gnomish, but it is not glossed. The Qenya cognate was Osorot.Parma Eldalamberon 13, ""The Alphabet of Rúmil & Early Noldorin Fragments"", p. 105 See also Balcmeg Lûg Orcobal References de:Othrod it:Othrod pl:Othrod Category:Gnomish names & words Category:Orcs Category:Characters in The Fall of Gondolin",dod_only:dead
69f48fd81da8,Nathan Bolton,Pirates of the Caribbean,dod_only,https://pirates.fandom.com/wiki/Nathan_Bolton,1.0,dead,"gender: Male | died: Early 1710s, ''Wicked Wench'', the Bahamas | first: ''The Price of Freedom'' | last: ''The Price of Freedom''","Bolton was killed in the Bahamas during an attack on Wicked Wench. Appearances
The Price of Freedom

Notes and references

Category:Deceased individuals
Category:Males
Category:Merchant sailors
Category:Wicked Wench crew","Nathan Bolton was a sailor serving under the employment of the East India Trading Company. He most notably sailed alongside Captain Jack Sparrow as a crew member aboard a merchant ship, the Wicked Wench. Bolton was killed in the Bahamas during an attack on Wicked Wench. Behind the scenes Nathan Bolton appeared in A. C. Crispin's 2011 novel The Price of Freedom. Appearances The Price of Freedom Notes and references Category:Deceased individuals Category:Males Category:Merchant sailors Category:Wicked Wench crew",dod_only:dead
1a1acf9d7e90,Paul Atreides,Dune,dod_only,https://dune.fandom.com/wiki/Paul_Atreides,1.0,dead,birth: 10176 AG | death: 10219 AG (age 43) | last: ''Children of Dune''(1976),"They let the Harkonnens think they had died from a coriolis storm. During this scuffle, Paul disarmed a proud Fremen, Jamis, who took offence at this ""presumptuous"" youth, and challenged Paul to a fight to the death. When they returned to the troop's sietch, they discovered that the Fremen Reverend Mother was near death, and with the fortuitous arrival of Jessica, a Bene Gesserit, they made Jessica their Sayyadina.","For Adaptation and Canon equivalents, see Paul Atreides (disambiguation) Paul Atreides (10176 A.G. - 10219 A.G.), predominantly known as Muad'Dib (also called Usul by the Fremen and The Atreides Bastard by the Bene Gesserit) was the last Duke of the noble House Atreides. The only son of Duke Leto Atreides and Bene Gesserit Sister Lady Jessica, he rose to power among the native Fremen on Arrakis in their efforts against the brutal occupation of House Harkonnen. His natural clairvoyant abilities were greatly enhanced by the spice melange, and he used his mother's knowledge of Bene Gesserit propaganda to embody the role of Fremen prophet Lisan al-Gaib. Their allied victory in the Desert War ousted Emperor Shaddam IV from the Golden Lion Throne, which became the seat of a new Atreides Empire. Paul ruled through twelve years of interstellar bloodshed and oppression before abdicating his throne and exiling himself into the deep desert after losing his eyes and his Fremen lover to the growi",dod_only:dead
c30b2c08b34f,Kumboh,The Twilight Saga,dod_only,https://twilightsaga.fandom.com/wiki/Kumboh,1.0,dead,species: Vampire | gender: Male | died: 1920 (killed by James and Victoria),"When he found out Alice was being targeted, he immediately changed her into a vampire, and battled James and Victoria to distract them until he was finally killed. ru:Кумбох
Category:Characters with special abilities
Category:Nomads
Category:The Storytellers
Category:Minor characters
Category:Deceased characters","Kumboh (pronounced Koom-'boʊ) was a vampire who appeared in the short film The Groundskeeper. He befriended a girl named Alice when he was working as a groundskeeper in the 1920s, and had a subtle gift of hypnotic vision. When he found out Alice was being targeted, he immediately changed her into a vampire, and battled James and Victoria to distract them until he was finally killed. Kumboh was portrayed by Kevin Craig West in the short segment, The Groundskeeper. He was also briefly portrayed by Will Williams in The Mary Alice Brandon File. Biography Kumboh was the throne prince of a tribe before becoming a vampire. He had since then wandered the Earth for thousands of years. The Groundskeeper thumb|left|200px|""A sprick of lavender, in your right pocket."" In the 1920s, he worked as a groundskeeper in a mental asylum at night, where he took advantage to feed on humans who could die without much notice being taken. During that time, he befriended amnesiac Mary Alice Brandon and came",dod_only:dead
4049c9f9706f,Calleen (convor),Star Wars,dod_only,https://starwars.fandom.com/wiki/Calleen_(convor),1.0,dead,death: c. 58 BBY Coruscant | species: Convor | gender: Female,"When Cenevax captured Dooku and his Padawan Qui-Gon Jinn, Calleen attacked the crime lord, but Cenevax killed the convor.","CalleenDooku: Jedi Lost script was a convor owned by the Jedi Master Lene Kostana, replacing her previous convor, Ferana. Kostana named the convor after Calleen, the Altiri goddess of wisdom. Jedi Master Dooku later used Calleen to follow the corrupt Coruscant Security Force inspector Sartori to the lair of the crime lord Cenevax. When Cenevax captured Dooku and his Padawan Qui-Gon Jinn, Calleen attacked the crime lord, but Cenevax killed the convor. Behind the scenes Calleen appeared in the audiobook Dooku: Jedi Lost, written by Cavan Scott and published in 2019. Appearances Dooku: Jedi Lost Dooku: Jedi Lost script Notes and references Category:Convorees Category:Females Category:Individuals with she/her pronouns Category:Named pets",dod_only:dead
63bd522ae2cd,Leta Lestrange,Harry Potter,dod_only,https://harrypotter.fandom.com/wiki/Leta_Lestrange,1.0,dead,"born: Between 1 September 1896 and late April 1897Lestrange Manor | died: Early September 1927 (aged 30/31)Lestrange Mausoleum, Père Lachaise Cemetery, Paris, France | species: Human | gender: Female","From an early age, she was distraught over her unstable family lineage and the trauma of her unintentionally bringing about the death of her half-brother, Corvus Lestrange. In that same year, she sacrificed herself for them during a rally held in Paris by Gellert Grindelwald by distracting him by destroying his skull-hookah with a powerful spell. Clarisse also died soon after the birth.","Leta Lestrange (c. 1897 – September 1927) was a British-French pure-blood witch born into the Lestrange family. From an early age, she was distraught over her unstable family lineage and the trauma of her unintentionally bringing about the death of her half-brother, Corvus Lestrange. She attended Hogwarts School of Witchcraft and Wizardry between 1908 to 1915, where she was sorted into Slytherin and was often the target of bullying. While at school, she developed a close relationship with Newton Scamander, but the two parted ways when she caused trouble using a Jarvey and Newt took the blame, leading to his expulsion. In her adult life, Leta became determined to turn over a fresh leaf and live as a productive and appreciated member of the Department of Magical Law Enforcement. Leta had become the fiancée of Newt's older brother Theseus by 1927. In that same year, she sacrificed herself for them during a rally held in Paris by Gellert Grindelwald by distracting him by destroying his s",dod_only:dead
6dfa2ba02410,Johnson,Indiana Jones,dod_only,https://indianajones.fandom.com/wiki/Johnson,1.0,dead,gender: Male | death: Before September 1909 Africa,"Despite Johnson's efforts to hide himself in a tree house, the injured lion returned and killed him. He was first pictured in the comic adaptation, were he was depicted as a bearded Caucasian.British East Africa, September 1909 comic

Appearances 
  Passion for Life 
British East Africa, September 1909 comic  

Notes and references

Category:Characters appearing in Young Indiana Jones
Category:Big game hunters
Category:Deceased","Johnson was a big game hunter. Biography Prior to September 1909, he had shot a lion in Africa, but had only wounded it. Despite Johnson's efforts to hide himself in a tree house, the injured lion returned and killed him. Passion for Life Legacy In September 1909, Teddy Roosevelt recounted Johnson's tragic end to those gathered at dinner at the Kirinyaga safari camp, on the evening that the Jones family had arrived. Frederick Selous thought the story was initially just a story, but Roosevelt claimed to be a witness. After hearing the story, Indiana Jones had trouble sleeping that night for fear of a wounded lion lurking and making sounds nearby. Behind the scenes Johnson was first mentioned in the The Young Indiana Jones Chronicles episode ""British East Africa, September 1909"". He was first pictured in the comic adaptation, were he was depicted as a bearded Caucasian.British East Africa, September 1909 comic Appearances Passion for Life British East Africa, September 1909 com",dod_only:dead
4f112733729e,Archie,Game of Thrones,dod_only,https://gameofthrones.fandom.com/wiki/Archie,1.0,dead,"Death: 304 ACThe Goldroad, the Reach","He was killed in the Battle of the Goldroad. He took part in the sack of Highgarden and later fought in the Battle of the Goldroad, where he was killed by Drogon.","Archie was a soldier in the who fought for House Lannister. He was killed in the Battle of the Goldroad. Biography Background Archie was known to frequent the brothels of King's Landing and was a favorite of Craya. He took part in the sack of Highgarden and later fought in the Battle of the Goldroad, where he was killed by Drogon. Game of Thrones: Season 8 Archie was one of the soldiers mentioned by Marei, Craya, and Dirah when they discuss the casualties of the Battle of the Goldroad. Appearances References Notes Category:Individuals mentioned in Game of Thrones Category:Servants and retainers of House Lannister Category:Westermen ru:Арчи",dod_only:dead
f5910265e970,Isembold Took,Lord of the Rings,dod_only,https://lotr.fandom.com/wiki/Isembold_Took,1.0,dead,birth: TA 2842 (SR 1242) | death: TA 2946 (SR 1346) | gender: Male,,"Isembold Took was a Hobbit of the Shire. Biography Isembold was the fifth child of Gerontius Took and Adamanta Chubb. He came from a large family which included eleven other brothers and sisters: Isengrim, Hildigard, Isumbras, Hildigrim, Hildifons, Isembard, Hildibrand, Belladonna, Donnamira, Mirabella, and Isengar. The names of his wife and children are not known, though he was said to have many descendants., Appendix C: Family Trees, Took of Great Smials Translations Foreign LanguageTranslated nameArabicإزمبولد أخذتArmenian Իսեմբոլդ ՏուկBasque Isembold TukkBelarusian CyrillicІсемболд ТукBengaliইসেম্বলড টুকBulgarian CyrillicИсъмбълд ТукCatalan Isembold TucCzechIsembold BralDanishIsembold TokerDutchIsembold ToekFinnishIsembold TukFrenchIsembold TouqueGalician Isembold TucGeorgian ისემბოლდ ტუკიGermanIsembold TukGujaratiઇસિમ્બોલ્ડ ટૂકHebrewאיזמבולד לקחHindiईसेम्बोल्द टुक HungarianIsembold Tuk ItalianIsemboldo TucKannadaಇಸಂಬೊಲ್ಡ್ ಟುಕ್Kazakh CyrillicЫсемболд Ток ?Laotianີຊເມບໂລດຖໂກ ? ",dod_only:dead
a1dd2697cbd2,Morgan (Pirate Captain),Pirates of the Caribbean,dod_only,https://pirates.fandom.com/wiki/Morgan_(Pirate_Captain),1.0,dead,"gender: Male | died: 1700s, ''Wicked Wench'', Caribbean Sea | first: ''Dead Men Tell No Tales'' | last: ''Dead Men Tell No Tales''","The pirate captain had been killed in the battle near the Devil's Triangle, and had left young Jack the Sparrow with a compass and a crew in need of leadership, warning Sparrow to never betray the compass. Biography
Pirate's life and death

Little is known of Morgan's life before engaging in piracy, eventually becoming captain of a ship named Wicked Wench, with young Jack Sparrow among his crew. 250px|left|thumb|Captain Morgan had been killed in the battle and left young Jack Sparrow with a compass and a crew in need of leadership against Salazar's ship, the Silent Mary.","Morgan was a pirate captain during the Age of Piracy. Most notably in command of the Wicked Wench, Captain Morgan participated in a sea battle between a fleet of pirate ships against the Silent Mary, a Spanish Navy ship under the command of Capitán Armando Salazar, known as the Butcher of the Sea or El Matador Del Mar. The pirate captain had been killed in the battle near the Devil's Triangle, and had left young Jack the Sparrow with a compass and a crew in need of leadership, warning Sparrow to never betray the compass. Biography Pirate's life and death Little is known of Morgan's life before engaging in piracy, eventually becoming captain of a ship named Wicked Wench, with young Jack Sparrow among his crew. Captain Morgan joined the fleet of pirate ships that tried to end the reign of terror by Capitán Armando Salazar of the Spanish Navy when he attempted to clean the seas from piracy. In a fierce battle near the mysterious Devil's Triangle, Captain Morgan's crew of the Wicked Wenc",dod_only:dead
260d67391584,Ori Zhoma,Dune,dod_only,https://dune.fandom.com/wiki/Ori_Zhoma,1.0,dead,death: 4 BG,"Because of this, she took to inject him with dozens of lethal chemicals in his office, then used her position to cover up her crime and rule the death a suicide. As Zhoma was the most accomplished and important member of the School after Bando's death, she was appointed leader. While Zhoma achieved these ends, she was killed by Roderick Corrino under the guise of Toure Bomoko, and the Crown Prince pretented that the DNA showed that it was the real Bomoko, both ending the riots over the Orange Catholic Bible and killings and getting rid of Zhoma.","Doctor Ori Zhoma [d. 4 BG] was a Suk Doctor who ran the flagship Suk school on [[Salusa Secundus/XD|Salusa Secindus]. Biography Zhoma trained in the Sisterhood of Rossak for two years, and great talent was seen in her by Mother Superior Raquella Berto-Anirul. Zhoma was interested in the potential of various Rossak drugs to increase strength, speed, endurance, mental acuity. But - a fact that was not discovered until much later - she also saw the profit potential, and she had started supplying black-market merchants with rare extracts and intensely potent drugs, selling them at exorbitant prices, until she was caught. When facing Raquella, Zhoma tried to rationalize the extracurricular activities by asserting that her actions benefited the Sisterhood, but the voices in the Reverend Mother's head had been skeptical. Zhoma claimed that she had added all the profits to the school’s coffers, which she had, but that did not excuse her primary transgression and the Mother Superior had no ch",dod_only:dead
622b4c434bf5,Sasha,The Twilight Saga,dod_only,https://twilightsaga.fandom.com/wiki/Sasha,1.0,dead,"species: Vampire | gender: Female | died: 1000 AD (executed by Marcus, Felix and Demetri) | born: Pre-1000 AD","Centuries before Eleazar, Carmen and Garrett joined the coven, Sasha was executed by the Volturi, following their discovery of her illegal transformation of an immortal child named Vasilii. She kept his existence secret from her ""daughters"" to protect them from the fate of being executed by the Volturi, which indicated that she suspected it would happen. Eventually, her prediction came true when her child's indiscretion caught the Volturi's attention, and she and Vasilii were executed.","Sasha was a female vampire and the founder of what would become the Denali coven, in a time when they were living in Slovakia (then known as the Kingdom of Hungary). She was the one who transformed Tanya, Kate and Irina into vampires. Centuries before Eleazar, Carmen and Garrett joined the coven, Sasha was executed by the Volturi, following their discovery of her illegal transformation of an immortal child named Vasilii. She was only mentioned in Breaking Dawn by Carlisle Cullen when he was educating Bella Swan the history of vampires. She is portrayed by Andrea Powell in the second movie adaptation of Breaking Dawn. Biography Sasha was the creator of Tanya, Kate, and Irina: Tanya was initially a distant relative of Sasha. She was so intrigued by the idea of having another female vampire for company that she decided to turn Tanya; Within a century of Tanya's transformation, they came across Kate while attacking a carriage, and Sasha decided to create a sister to Tanya due to their p",dod_only:dead
6fd9bb782910,Murk Lundi,Star Wars,dod_only,https://starwars.fandom.com/wiki/Murk_Lundi,1.0,dead,"death: 29 BBY, Ploo system | species: Quermian | gender: Male","Even though they gained the object and Norval was killed, betrayed by an ally of his, Lundi died. Finding the holocron again

In 29 BBY, Lundi was freed by Kenobi, now a Jedi Knight following the death of Qui-Gon Jinn three years earlier, and his Padawan, Anakin Skywalker. However, Skywalker, fed up with Lundi, snapped at the Quermian, threatening him by saying that if the Sith did return, the Jedi would not be the only ones to be killed.","Murk Lundi was a male Quermian from the planet of Ploo II, and an expert on the history of the Sith. Working as a teacher on Coruscant, he gave lectures on the mysterious darksiders and was considered one of Coruscant's most knowledgeable beings on the Sith. In 39 BBY, Lundi, having researched the dark side for years, set out to recover a holocron on Kodai. He was tailed by the Jedi Qui-Gon Jinn and Obi-Wan Kenobi, yet despite this, he almost got the holocron. Only the interference of his power-hungry student Norval prevented him from gaining the artifact. However, Lundi was driven insane by the holocron's power and was arrested by the Jedi and placed in Republic custody. In 29 BBY, Kenobi and Anakin Skywalker freed him so that he might help them locate the holocron. Although the professor continually antagonized the two Jedi, he did help them look for it. However, the holocron was no longer on Kodai. Norval had already recovered it, so they went after him. Even though they gained the",dod_only:dead
05bfd64e57b8,Tobias Stump,Harry Potter,dod_only,https://harrypotter.fandom.com/wiki/Tobias_Stump,1.0,dead,died: Before 1991 | species: Human | gender: Male,"Appearances
  
 
 
 
 
 
 
 

Notes and references

de2:Tobias Stump
fr:Tobias Stump
pl:Tobias Stump
nl:Tobias Stump
ru:Тобиас Стамп
uk:Тобіас Стамп
Category:British or Irish individuals
Category:Deceased individuals
Category:Gryffindors
Category:Heads of House
Category:Males
Category:Portraits
Tobias
Category:Wizards","Professor Tobias Stump was a wizard that was depicted in a large painting that hung in Gryffindor Tower, at Hogwarts Castle. In his lifetime, he was Head of Gryffindor House. In the painting, Stump was depicted as watching over a game of Wizard's Chess between Podric Piles and Uric Oapley, with Muldoon Cragg standing behind him, absorbed in reading. Stump was depicted wearing a curly white powdered wig with a very high green pointy hat and a matching coat. Appearances Notes and references de2:Tobias Stump fr:Tobias Stump pl:Tobias Stump nl:Tobias Stump ru:Тобиас Стамп uk:Тобіас Стамп Category:British or Irish individuals Category:Deceased individuals Category:Gryffindors Category:Heads of House Category:Males Category:Portraits Tobias Category:Wizards",dod_only:dead
8932e4da9cd1,Victor Bernard,Indiana Jones,dod_only,https://indianajones.fandom.com/wiki/Victor_Bernard,1.0,dead,"gender: Male | death: 1926 Ceiba, Mato Grosso, Brazil","Victor Bernard was an archaeologist who briefly held the position of chairman of London University's archaeology department following the death of predecessor Joanna Campbell. Bernard was nearly killed by lethal traps inside a temple Jones had excavated when he wrongly assumed the Mayan builders had used only curses, and not physical defense mechanisms, to protect the temple against intruders.Indiana Jones and the Seven Veils

His attitude cost the life of one of the local diggers, and everyone else in the pyramid barely escaped the same fate. Bernard was murdered in the jungles near Ceiba by the natives.","Victor Bernard was an archaeologist who briefly held the position of chairman of London University's archaeology department following the death of predecessor Joanna Campbell. Biography In 1926 Bernard supervised a dig in Tikal, Guatemala, with Indiana Jones serving as a foreman. Bernard was nearly killed by lethal traps inside a temple Jones had excavated when he wrongly assumed the Mayan builders had used only curses, and not physical defense mechanisms, to protect the temple against intruders.Indiana Jones and the Seven Veils His attitude cost the life of one of the local diggers, and everyone else in the pyramid barely escaped the same fate. Bernard later blamed Jones for the disaster. Later that year, while Jones was searching for missing explorer Percy Fawcett, Bernard and his goons tried to overpower Jones, his wife Deirdre and the plane's pilot. Bernard was murdered in the jungles near Ceiba by the natives. After his death, Jones encountered the shrunken heads of Bernard ",dod_only:dead
57b2d86aeda7,Samwell Blackwood,Game of Thrones,dod_only,https://gameofthrones.fandom.com/wiki/Samwell_Blackwood,1.0,dead,"Death: 132 ACBurning Mill, the Riverlands","After his death, Samwell is succeeded by his son Benjicot, with his brother, Willem, acting as regent. Amos Bracken taunts Willem about Samwell's death during his parley with Daemon.","Lord Samwell Blackwood was the Lord of Raventree Hall and head of House Blackwood during the reigns of Viserys I and Aegon II. Biography House of the Dragon: Season 1 The Small Council discuss a complaint made by Lord Blackwood to the crown that House Bracken is illegally annexing Blackwood lands. They eventually dismiss this as a problem that would be better handled by Lord Grover Tully, the liege lord to the Blackwoods and Brackens. Lyman Beesbury belatedly adds his opinion that the Blackwoods have the upper hand. House of the Dragon: Season 2 Aemond states that Samwell Blackwood was among the many casualties suffered in the Battle at the Burning Mill. After his death, Samwell is succeeded by his son Benjicot, with his brother, Willem, acting as regent. Amos Bracken taunts Willem about Samwell's death during his parley with Daemon. In the books In Fire & Blood, Samwell Blackwood lost a duel with Amos Bracken over Rhaenyra Targaryen's hand (in the show, this duel transpired betwe",dod_only:dead
a3033c63161d,Ingwion,Lord of the Rings,dod_only,https://lotr.fandom.com/wiki/Ingwion,1.0,dead,birth: Before the Great Journey | death: Immortal | gender: Male,,"Ingwion was a Vanyarin Elf, the son of Ilwen and Ingwë, High King of the Elves. Biography Ingwion was born in Cuiviénen to Ingwë and Ilwen during the Years of the Trees. He had one younger sibling and was a cousin of Indis. After the Great Journey, when he and his kindred came to Aman, they first dwelt in Tirion, but soon came to love the full light of the Two Trees, and relocated to Valinor at the base of Taniquetil. Ingwion likely dwelt there for many years with his family. In the year 545 of the late First Age, Ingwion was the leader of the Vanyar who came with the Host of the Valar to Middle-earth to fight in the climatic War of Wrath., Vol. V: The Lost Road and Other Writings, ""Part Two: Valinor and Middle-earth before The Lord of the Rings, VI. Quenta Silmarillion"", pg. 326 During the war, Ingwion was the leader of a force of Vanyar Elves tasked with retaking Eglarest. They were successful in driving the Orcs away from the shores during the battle., Vol. V: The Lost Road and O",dod_only:dead
2a9cc7586728,Raoul Rheims,Pirates of the Caribbean,dod_only,https://pirates.fandom.com/wiki/Raoul_Rheims,1.0,dead,"gender: Male | died: 1630s, Douwesen | first: ''Pirates of the Caribbean'' (game) | last: ''Pirates of the Caribbean'' (game)","He died shortly afterwards. Rheims was subsequently ambushed in his house by Vincent, who Danielle killed in retaliation.","Raoul Rheims was a captain and agent of Redmond governor Sir Robert Christopher Silehard in the South Caribbean archipelago in the 1630s. He was assigned on a covert mission to search for lost Incan treasures in Khael Roa. Biography Rheims was under orders by Sir Robert Silehard to investigate legendary treasure in the isle of Khael Roa. Though he was partially successful in the quest, a storm ravaged his ship and he was unable to uncover the complete legend. Brendan Applin, one of his crewmen stricken with swamp fever, fled to Redmond with the help of captain Danielle Greene to tell the governor of the discovery and that Rheims had stopped by Quebradas Costillas to resupply. He died shortly afterwards. Silehard decided that the discovery should be kept secret, so he ordered Rheims' assassination. Rheims narrowly escaped an attempt on his life and fled to the Conceicao smugglers' colony for refuge. The English captain Nathaniel Hawk was tasked to find and arrest Rheims, but arrived t",dod_only:dead
31b438130d44,Raquella Berto-Anirul,Dune,dod_only,https://dune.fandom.com/wiki/Raquella_Berto-Anirul,1.0,dead,birth: 135 BG | death: 3 BG | last: ''Mentats of Dune''(2014),"Biography
In her late teens, Raquella married a jihadi soldier who died in the war soon after. It was Raquella that, while thinking about recently deceased Dr. Reverend Mother Superior
After Ticia Cenva's death, Raquella took control of the Sorceresses and began reforming them and their breeding program into what would become the Bene Gesserit order.","For the adaption equivalent, see Raquella Berto-Anirul/2021 film Raquella Berto-Anirul (135 BG - 3 BG) was the first Reverend Mother, and the founder and first Mother Superior of the Bene Gesserit Order, as the Sisterhood of Rossak. Raquella was the daughter of Helmina Berto-Anirul, illegitimate daughter of Vorian Atreides and Karida Julan. In her youth, Raquella had a blond complexion, with blue eyes, and an upright nose. Biography In her late teens, Raquella married a jihadi soldier who died in the war soon after. Raquella became a doctor and dedicated herself to helping the war-injured and those suffering from the deadly diseases that still afflicted humanity. She was living on Parmentier with Dr. Mohandas Suk. During the Omnius Scourge she worked in the Hospital for Incurable Diseases with Suk. It was then when Vorian Atreides visited the planet and met with her. It was Raquella that, while thinking about recently deceased Dr. Hundri Arbar, noticed the effects of spice on the di",dod_only:dead
67e622f1c280,John,The Twilight Saga,dod_only,https://twilightsaga.fandom.com/wiki/John,1.0,dead,"species: Human | born: Atlanta, Georgia | died: Late April, 1933 (killed by Rosalie Hale) | gender: Male","Though she killed them all, she made sure not to spill any of their blood - the idea of having any part of them inside her repulsed her. Mentioned in
Eclipse
Eclipse film (flashback)

Category:Mentioned characters
Category:Deceased characters
Category:Humans","This article is about Royce King II's friend. For the mechanic, see John Dowling. John was one of Rosalie Hale's murderers in 1933. He and Rosalie's fiancé, Royce King, brutally abused her, which drove her on a streak of vengeance when she became a vampire. He is portrayed by Ben Geldreich in the movie adaptation of Eclipse. Biography thumb|left|200px|John and his friends watch as Royce assaults Rosalie. John was a friend of Royce King's from Atlanta, Georgia, and shared his malicious traits. In April, 1933, John, along with Royce and the rest of their friends, got severely drunk when they came across Royce's fiancée, Rosalie Hale, and brutally assaulted her. All of them laughed as they left Rosalie on the street to die, only for her to be discovered and 'saved' by Carlisle Cullen, a vampire. After Rosalie became a vampire, she hunted down her murderers one by one, John being 3rd, saving Royce for last. Though she killed them all, she made sure not to spill any of their blood - the ",dod_only:dead
1c289d39bdd4,Sanga's companion,Star Wars,dod_only,https://starwars.fandom.com/wiki/Sanga's_companion,1.0,dead,"death: 34 ABY, Naboo | species: Human","While visiting the Varykino Villa on the planet alongside Sanga, they and Sanga were killed not long after encountering Kylo Ren who Force-choked them to death.","The companion of the human individual Sanga resided on the planet Naboo in 34 ABY. While visiting the Varykino Villa on the planet alongside Sanga, they and Sanga were killed not long after encountering Kylo Ren who Force-choked them to death. Behind the scenes The individual first appeared in the fourth issue of the canon comic book series Star Wars: Legacy of Vader, which was written by Charles Soule, illustrated by Stefano Raffaele, and published by Marvel Comics on May 21, 2025. Appearances Legacy of Vader 4 Notes and references Category:Humans Category:Individuals of unspecified gender Category:Individuals with unspecified pronouns",dod_only:dead
f2c3b325a297,Octavius Pepper,Harry Potter,dod_only,https://harrypotter.fandom.com/wiki/Octavius_Pepper,1.0,dead,"died: Spring, 1997 (possibly) | species: Human | gender: Male",His disappearance was believed to be connected to the Death Eaters.,"Octavius Pepper was a wizard who was reported to have disappeared in the early spring of 1997 by the Daily Prophet. His disappearance was believed to be connected to the Death Eaters. Etymology The name ""Octavius"" is a Roman family name meaning ""eighth"" from Latin octavus. This was the original family name of the emperor Augustus (born Gaius Octavius). Appearances Notes and references de:Octavius Pepper es:Octavius Pepper fr:Octavius Pepper pl:Oktawiusz Pepper ru:Октавий Перчик Category:British individuals Category:Males Category:Missing individuals Category:Wizards",dod_only:dead
a4deede79d1b,Staff Car Officer,Indiana Jones,dod_only,https://indianajones.fandom.com/wiki/Staff_Car_Officer,1.0,dead,gender: Male | death: 1944French Alps,"As a result of this, despite his best attempts to control the vehicle from the rear seats, it collided and flipped due to the jagged mountain side intruding on the road, rupturing its fuel tank and causing an explosion which in turn killed the two remaining occupants, both officers. Appearances 
Indiana Jones and the Dial of Destiny

 Notes and references 

Category:Characters appearing in Indiana Jones and the Dial of Destiny
Category:Deceased
Category:Generals
Category:Nazi military personnel
Category:Nazis
Category:Schutzstaffel","A German Officer was one of the two high-ranking Schutzstaffel (SS) members of an escort which took place in 1944, Western France. Biography After the looting of the Nazi Stronghold, a convoy was prepared for the German Gestapo Officer and his contemporary. Unaware that the Staff Car had been hijacked of its original driver and had been replaced by American spy and archaeologist Indiana Jones, the convoy proceeded. A mile or so from the burning castle the first sign of an issue arouse as the Staff Car veered away from the two escorting Motorbike & Sidecars down the N83, a completely different road as to which the convoys route was planned on. Immediately the Officer began shouting at the presumed Staff Car Driver, now revealed to be Jones, an intruder who escaped a lynching attempt from his soldiers. left|thumb|220px|The Officer attempts to control the vehicle. The two escorting Motorbike & Sidecars soon caught up but one was equally dispatched in the same amount of time by the A",dod_only:dead
a339bd040c27,Barristan Selmy,Game of Thrones,dod_only,https://gameofthrones.fandom.com/wiki/Barristan_Selmy,1.0,dead,"Birth: Harvest Hall, the Stormlands | Death: 302 ACMeereen | Appearances: 25 episodes | First: ""Lord Snow"" | Last: ""Kill the Boy"" | DeathEp: ""Sons of the Harpy"" | Actor: Ian McElhinney","These events set up a rebellion led by Robert Baratheon, in which Barristan never wavered in his loyalty to House Targaryen, in accordance with the vows he swore when he joined the Kingsguard; he fought alongside Rhaegar's army at the Battle of the Trident, where Rhaegar was killed and Selmy was wounded. Upon assuming the throne, in spite of Roose Bolton's advice to execute Selmy, Robert pardoned him and made him Lord Commander of the Kingsguard.HBO viewers guide, season 2 guide to houses, House Baratheon of King's Landing - Barristan Selmy entry

Game of Thrones: Season 1
thumb|Jaime and Barristan discuss their first kills. Barristan killed him with a lance to the heart.","Ser Barristan Selmy was a knight who served in the Kingsguard with distinction for over forty years. Nicknamed Barristan the Bold, he was considered by many to be one of the best swordsmen and most honorable men in all the Seven Kingdoms. He served in the Kingsguard of King Aerys II Targaryen, and later served as Lord Commander of the Kingsguard during the reigns of King Robert I Baratheon, and, for a short time, King Joffrey I Baratheon. After his public dismissal by Joffrey (an affront, as the Kingsguard is an irrevocable lifetime appointment), Ser Barristan, free of any vows, chose to sail to Essos and serve Daenerys Targaryen. Biography Background Barristan Selmy was the Lord Commander of the Kingsguard, the elite bodyguard of the King of the Andals and the First Men. Barristan is a member of House Selmy, a minor house of the Stormlands, that serves House Baratheon of Storm's End. He is the firstborn son of Ser Lyonel Selmy of Harvest Hall. He is noted as an extremely capable war",dod_only:dead
5394043e3a68,Arminas,Lord of the Rings,dod_only,https://lotr.fandom.com/wiki/Arminas,1.0,dead,birth: Unknown | death: Unknown | gender: Male,,"Arminas was a Ñoldorin Elf of the First Age. He was of Angrod's kin from the House of Finarfin. Biography For many years after the Nírnaeth Arnoediad, Arminas wandered with his companion Gelmir and sought Turgon and the kingdom of Gondolin unsuccessfully. Afterward, they lived with Círdan at the Havens of Sirion and were sent by him on an errand to Nargothrond bearing a warning from Ulmo of the impending doom of the hidden realm. Before arriving there, they encountered Tuor at the Gate of the Noldor as he was about to leave Hithlum. When they arrived in Nargothrond, Arminas and Gelmir counseled Orodreth to shut the doors of his realm and remain a hidden folk. Arminas was mistrusted by Túrin, and the two argued over opposing views. Despite their warnings, Orodreth, under the influence of Túrin, did not listen to their advice. Arminas and Gelmir eventually departed south and reported what they were told to Círdan.Unfinished Tales, Part One: The First Age, I: ""Of Tuor and his Comi",dod_only:dead
b12ce82f0c51,Cutler Beckett,Pirates of the Caribbean,dod_only,https://pirates.fandom.com/wiki/Cutler_Beckett,1.0,dead,"gender: Male | born: c. 1680s, Somersetshire, England | died: August 1729, HMS ''Endeavour'', Caribbean Sea | first: ''Dead Man's Chest'' | last: ''At World's End''","Following a titanic battle between the Black Pearl and the Flying Dutchman, which saw the death of Davy Jones and Will Turner becoming the new captain of the Dutchman, both ships attacked the Endeavour, resulting in Beckett's death and the downfall of the East India Trading Company in the Caribbean. When he came to Calabar, Beckett immediately hired Ian Mercer, a professional spy and a killer for hire, to replace Gates who was killed on a mission in Nippon. Immediately after he arrived at his new post, Beckett received a letter from his cousin Susan in which she informed him that his sister had died from a fever.","Cutler Beckett was a loyal subject of the British Empire as well as a senior officer of the East India Trading Company. Ambitious, cold-blooded and utterly ruthless in his pursuit of power, Beckett was a man with a mission and would do whatever he thought was necessary to achieve his goal. As an executive and supreme head of the East India Company, the power-mad English aristocrat made it his duty to fill in the blank areas on the map of the world. To further his achievements, Beckett aimed to eliminate pirates from the Seven Seas. Born and raised in a prosperous merchant family in England, Cutler Beckett joined the East India Company after a fight with his father. For many years he faithfully served the Company, amassing political power, eventually becoming the Director of West African Imports and Exports for the Company. From his post in Calabar, the Director of West African Affairs organized a search for the mythical island of Kerma, hoping to find its legendary treasure. However, ",dod_only:dead
6a5cbfb77157,Marie Fenring,Dune,dod_only,https://dune.fandom.com/wiki/Marie_Fenring,1.0,dead,birth: 10192 AG | death: 10198 AG | last: Paul of Dune,"Six months later, at a banquet with her visiting parents, the Fenrings executed their well-planned assassination attempt on Paul. Instead of executing the Fenrings, he banished them to permanent exile on Salusa Secundus, to contemplate raising their only daughter as an instrument of death.","Marie Fenring was the daughter of the late na-Baron Feyd-Rautha Harkonnen and Lady Margot Fenring. Marie had Margot's blond hair and features, as well as Feyd's pale blue eyes. History Training, and Time on Tleilax During the Ascension of House Atreides, as Margot was married to the sterile Count Hasimir Fenring, Marie was raised by him and her mother. The Fenrings trained their young child as both an assassin and a Bene Gesserit. The Sisterhood was aware of Marie from her birth, but the Count and the Lady chose to raise her free from their tutelage; although they did accept a sister, Tonia Obregah-Xo, to be Marie's nanny. As her parents had their own plans for Marie to eventually seize the Imperial throne from Paul Atreides, the Fenrings decided that Marie should be exposed to a variety of cultures. One of the first groups Marie was taken to live among were the Bene Tleilax, in one of their main cities of Thalidei. As the crisis of Muad'Dib's Jihad reached fever pitch throughout the ",dod_only:dead
393c2f2f857b,The Third Wife,The Twilight Saga,dod_only,https://twilightsaga.fandom.com/wiki/The_Third_Wife,1.0,dead,died: Around 1412 (sacrifice) | species: Human | gender: Female,"Biography
History
After her son Yaha Uta killed the Cold Man, his mate, the Cold Woman, attacked the village in revenge. Yaha Uta attempted to stop her but was killed, leaving Taha Aki as the only spirit warrior left to defend the tribe. A number of her sons, who were enraged by her death, phased for the first time into wolves.","The Third Wife was an ancient Quileute woman, who was the last wife of Taha Aki, and one of the most legendary people in her tribe known for her sacrifice for the tribe. She is portrayed by Mariel Belanger in the movie adaptation of Eclipse. Biography History After her son Yaha Uta killed the Cold Man, his mate, the Cold Woman, attacked the village in revenge. Yaha Uta attempted to stop her but was killed, leaving Taha Aki as the only spirit warrior left to defend the tribe. The Third Wife could see that he was losing the fight, and couldn't bear to see her husband die. She took one of her younger sons' knives and stabbed herself through the heart. The scent of her blood distracted the Cold Woman long enough for Taha Aki to destroy her. A number of her sons, who were enraged by her death, phased for the first time into wolves. Once the battle was won, Taha Aki lay in his wolf form by the Third Wife's body for three days, then vanished into the forest and was never seen or heard from ",dod_only:dead
5cd2dced360c,Telaat,Star Wars,dod_only,https://starwars.fandom.com/wiki/Telaat,1.0,dead,"death: 25,805 BBY | gender: Male",,"Telaat was a male Je'daii Temple Master serving the Je'daii Order on Tython at the height of the Infinite Empire's reign. Biography A Force-sensitive male, Telaat was trained in the ways of the Force by the Je'daii Order on the planet Tython, one of nine planets in the Tython system which made up the Settled Worlds. Appointed as a Je'daii Temple Master, the highest ranking members of the Order, Telaat governed the Great Temple of Balance, Akar Kesh throughout the Despot War. During the conflict, Telaat was struck down in 25,805 BBY and Ketu took up his position as steward of the Temple of Balance. Appearances Dawn of the Jedi: The Prisoner of Bogan 1 Notes and references Category:Individuals of unspecified species Category:Je'daii Temple Masters Category:Males Category:Tythans",dod_only:dead
27c2f9cb1ff9,Gaidic Lestrange,Harry Potter,dod_only,https://harrypotter.fandom.com/wiki/Gaidic_Lestrange,1.0,dead,born: 1754 | died: 1799 (aged 45) | species: Human | gender: Female,"Gaidic died in 1799 and was laid to rest in the Lestrange family Mausoleum in Père Lachaise Cemetery, Paris, France.","Gaidic Lestrange was a French witch born into the pure-blood Lestrange family in 1754. Gaidic died in 1799 and was laid to rest in the Lestrange family Mausoleum in Père Lachaise Cemetery, Paris, France. Appearances Notes and references es:Gaidic Lestrange fr:Gaïdic Lestrange pl:Gaidic Lestrange Category:1754 births Category:1799 deaths Category:Buried at Père Lachaise Cemetery Category:Females Category:French individuals Gaidic Category:Wizards",dod_only:dead
2e9fd7ce9bc0,Franklin Delano Roosevelt,Indiana Jones,dod_only,https://indianajones.fandom.com/wiki/Franklin_Delano_Roosevelt,1.0,dead,"gender: Male | birth: January 30, 1882Hyde Park, New York, USA | death: April 12, 1945Warm Springs, Georgia, USA","Appearances 
 Indiana Jones and the Philosopher's Stone 
 Indiana Jones and the Great Circle 

Sources
The Adventures of Indiana Jones
The World of Indiana Jones
 Indiana Jones and the Emperor's Tomb: 1935 Journal 
The Lost Journal of Indiana Jones
 Grail Diary (prop replica)

Notes and references

External links

Category:Americans
Category:Deceased
Category:Historical figures
Category:Political leaders
Category:Presidents of the United States","Franklin Delano Roosevelt, also known by his initials FDR, was a United States president. During his presidency, Roosevelt served his country by repealing the Prohibition and introducing the New Deal. He then played a vital role in World War II alongside the United Kingdom's Prime Minister Winston Churchill and the Soviet Union's leader Joseph Stalin. Biography Franklin Delano Roosevelt succeeded Herbert Hoover as President of the United States of America in 1933. During his visit in the United States of America Italo Balto met Roosevelt.Indiana Jones and the Philosopher's Stone A Nazi assassin made an attempt on Roosevelt's life for his actions. However, they were only successful in killing a body double.The World of Indiana Jones In February 7, 1945, during the Yalta Conference, Roosevelt met with Winston Churchill and Joseph Stalin to discuss post-war objectives. Roosevelt served in office until he succumbed to illness in 1945 (after which Harry Truman became his successor). Du",dod_only:dead
74ed1640900d,Ygritte,Game of Thrones,dod_only,https://gameofthrones.fandom.com/wiki/Ygritte,1.0,dead,"Birth: Beyond the Wall | Death: 301 ACCastle Black, the Wall | Appearances: 17 episodes | First: ""The Old Gods and the New"" | Last: ""The Children"" | DeathEp: ""The Watchers on the Wall"" | Actor: Rose Leslie","Ygritte brings Jon to the Lord of Bones, who orders him executed. He also restrains Ygritte to stop her from ""getting [herself] killed"" for her lover's sake. She kills a villager named Guymon.","Ygritte was a woman of the Free Folk who lived north of the Wall. She was a member of Mance Rayder's army and Jon Snow's lover. Biography Background Ygritte was a quick-witted and courageous young spear wife. She had red hair and displayed great skill as an archer. Living north of the Wall, she was well skilled in survival and was staunchly loyal to the cause of Mance Rayder. She valued her status as a free woman, and disparaged those living south of the Wall as 'kneelers', who blindly followed hereditary leaders instead of choosing a king. Ygritte believed that because wildlings and Northerners both claim descent from the First Men, there is no need for them to be fighting, and that only the geographical divide of the Wall separates them. As with other wildlings, Ygritte understood that the real threat lies with the impending invasion of the White Walkers. Game of Thrones: Season 2 thumb|Ygritte is captured by Jon and Qhorin. Ygritte was captured by Jon Snow and Qhorin as the sol",dod_only:dead
bb61099cb572,Laura (Grubb) Baggins,Lord of the Rings,dod_only,https://lotr.fandom.com/wiki/Laura_(Grubb)_Baggins,1.0,dead,birth: TA 2814 (SR 1214) | death: TA 2916 (SR 1316) | gender: Female,"Upon the death of her husband, she became Head of the Family. She died in TA 2916 (SR 1316) and was succeeded by her eldest son, Bungo., Appendix C: Family Trees, Baggins of HobbitonThe Complete Guide to Middle-earth

 References 

Category:Hobbits
Category:Grubbs
Category:Baggins

de:Laura Beutlin
it:Laura Scavari
pl:Laura Baggins
uk:Лавра Грабар","Laura Baggins was a Hobbit of the Shire. Laura was born Laura Grubb of the Grubb family and had one sister Lavender Grubb. Laura was the mother of Bungo Baggins, Bilbo Baggins's father and thus was his grandmother. Biography Laura was born in TA 2814 (SR 1214). Laura was the wife of Mungo Baggins. Besides Bungo, she had four other children, Belba (TA 2856 – TA 2956), Longo (TA 2860 – TA 2950), Linda, and Bingo (TA 2864 – TA 2963). Upon the death of her husband, she became Head of the Family. She died in TA 2916 (SR 1316) and was succeeded by her eldest son, Bungo., Appendix C: Family Trees, Baggins of HobbitonThe Complete Guide to Middle-earth References Category:Hobbits Category:Grubbs Category:Baggins de:Laura Beutlin it:Laura Scavari pl:Laura Baggins uk:Лавра Грабар",dod_only:dead
d2fcb8067ad5,Maddox,Pirates of the Caribbean,dod_only,https://pirates.fandom.com/wiki/Maddox,1.0,dead,"gender: Male | died: 1751, HMS ''Monarch'', Devil's Triangle | first: ''Dead Men Tell No Tales'' | last: ''Dead Men Tell No Tales''","When they emerged on deck, Maddox was grabbed by two crewmembers of the Silent Mary and killed. Maddox's death was witnessed by Captain Toms.Pirates of the Caribbean: Dead Men Tell No Tales Novelization, p. Although the scene of Maddox's death was cut from the film, it was shown in the trailer and detailed in the novelization.","Maddox was a Petty Officer in the British Royal Navy, serving aboard the HMS Monarch under Captain Toms during the early 1750s. Biography The Hunt for the Ruddy Rose In 1751, the Monarch, captained by Toms, hunted down the Ruddy Rose, a pirate barque stolen from the Dutch by the fearsome Captain Bonnet, in the Atlantic Ocean. Maddox remained below deck and commanded a group of sailors who were pumping the water out of the bilge. However, the young Henry Turner, upon realizing that they were heading to the Devil's Triangle, ran to warn Captain Toms, ignoring Maddox yelling at him to stop. Henry threw Maddox aside and ran on the main deck. Maddox eventually caught up with Turner, finding him telling the captain that they should avoid entering the Triangle since several ships that entered there would not come out. Toms dismissed Turner's warnings as mere superstition and Maddox said to the captain that the sailor was clearly disturbed. When Turner tried to change the direction by force,",dod_only:dead
c9e8f42d87e7,Leto Atreides II the Elder,Dune,dod_only,https://dune.fandom.com/wiki/Leto_Atreides_II_the_Elder,1.0,dead,birth: 10191 AG | death: 10193 AG,"He was murdered in infancy during a Sardaukar attack on the sietch where he was being hidden. Priests on Rakis, some 1500 years after the God Emperor's death, theorized that Leto II the Elder was reincarnated in the second child by Muad'Dib and that a part of him remained in Heaven, nameless, to assist in the transition after death.","For the adaption equivalent, see Leto Atreides II the Elder/2000 miniseries Leto Atreides II was the first born child of Paul Atreides and his lover (and later concubine) Chani. He was murdered in infancy during a Sardaukar attack on the sietch where he was being hidden. Leto II the Elder is sometimes also referred to simply as Leto II, and at times Leto II the God Emperor/Tyrant (the twin of Ghanima Atreides) is referred to as Leto III. Priests on Rakis, some 1500 years after the God Emperor's death, theorized that Leto II the Elder was reincarnated in the second child by Muad'Dib and that a part of him remained in Heaven, nameless, to assist in the transition after death. Behind the Scenes Leto II the Elder is omitted from the 1984 Dune film, as well as the 2021 and 2024 films. His portrayal in the 2000 Dune miniseries is largely the same as in the book. Appearances Dune Heretics of Dune References Atreides Leto II the Elder Atreides Leto II the Elder ru:Лето III Атрейде",dod_only:dead
e8bcac6ec35e,Edward Masen,The Twilight Saga,dod_only,https://twilightsaga.fandom.com/wiki/Edward_Masen,1.0,dead,died: 1918 (died of Spanish influenza) | species: Human | gender: Male,"He and his family lived in Chicago, Illinois in the early 1900s until he and his wife died of Spanish influenza. Edward died in the first wave of Spanish influenza in 1918. His wife later died in the second wave and his son was changed into a vampire by Carlisle Cullen.","Edward Anthony Masen was Edward Cullen's biological father. He was married to Elizabeth Masen. He and his family lived in Chicago, Illinois in the early 1900s until he and his wife died of Spanish influenza. Biography Edward was born in the late 19th century and grew to become a very successful lawyer living in Chicago. He married a woman named Elizabeth and fathered a son, Edward Jr. His job made the family moderately wealthy, and his son was given a proper education. However, Edward was also physically and emotionally distant from his son. Edward died in the first wave of Spanish influenza in 1918. His wife later died in the second wave and his son was changed into a vampire by Carlisle Cullen. Though not biologically related, Edward shared a father-son relationship with Carlisle in a way he never related to his birth father. He was mentioned in Breaking Dawn when Bella stated that she wanted to name the baby, if a boy, Edward, giving that both its father and paternal biological g",dod_only:dead
db30675dc286,Kren Blista-Vanee,Star Wars,dod_only,https://starwars.fandom.com/wiki/Kren_Blista-Vanee,1.0,dead,"death: 4 ABY, DS-2 Death Star II Mobile Battle Station, Endor system | species: Human | gender: Male","Blista-Vanee was later among the Ruling Council members who accompanied Palpatine to the second Death Star, and perished alongside the five other dignitaries on board when it was destroyed.","Kren Blista-Vanee was a male human who served as an advisor on the Imperial Ruling Council to Emperor Sheev Palpatine during the reign of the Galactic Empire. In 14 BBY,Star Wars: Timelines dates the events of Tarkin to 14 BBY. Blista-Vanee was a relative newcomer to the Ruling Council, but proved himself useful in blazing hyperspace routes into the star systems of the galaxy's Deep Core. Along with fellow advisors Mas Amedda, Ars Dangor and Janus Greejatus, he attended a meeting between members of the council and representatives of the Empire's several intelligence agencies concerning the theft of the corvette Carrion Spike from Moff Wilhuff Tarkin by a rebel cell and its subsequent use to attack Imperial facilities. During the meeting Palpatine looked to Blista-Vanee to give details on a number of Interdictor vessels from the Deep Core Security Zone that Tarkin hoped to use to capture the stolen corvette. Blista-Vanee was later among the Ruling Council members who accompanied Palpati",dod_only:dead
ac705fc21f82,Deek and Tobbs's first master,Harry Potter,dod_only,https://harrypotter.fandom.com/wiki/Deek_and_Tobbs's_first_master,1.0,dead,died: Before 1890 | species: Human | gender: Male,"He died prior to 1890, after which Deek was sent to Hogwarts School of Witchcraft and Wizardry to serve there, while Tobbs was given to a second master. Appearances
 

Notes and references

fr:Premier maître de Cheek et Tobbs
ru:Первый хозяин Деека и Тоббса
Category:Deceased individuals
Category:Males
Category:Poachers
Category:Unidentified individuals
Category:Wizards","This individual was a wizard and a poacher who owned at least two house-elves, Deek and Tobbs. Biography As a poacher, he had done ""horrible things"" to magic beasts. Working with them was what Deek hated deeply. He died prior to 1890, after which Deek was sent to Hogwarts School of Witchcraft and Wizardry to serve there, while Tobbs was given to a second master. His master's cruelty towards creatures would later influence Deek, who tried to help creatures wherever he could as penance. After helping a student rescue a phoenix from poachers, Deek considered himself absolved of the crimes his master had done. Appearances Notes and references fr:Premier maître de Cheek et Tobbs ru:Первый хозяин Деека и Тоббса Category:Deceased individuals Category:Males Category:Poachers Category:Unidentified individuals Category:Wizards",dod_only:dead
77227eaea4dd,Grail Knight,Indiana Jones,dod_only,https://indianajones.fandom.com/wiki/Grail_Knight,1.0,dead,"gender: Male | birth: c. 1066 | death: 1938Temple of the Sun, Canyon of the Crescent Moon, Hatay","Donovan demanded that the Knight reveal which was the true Holy Grail, but the Knight refused to do so, warning that they must choose on their own as a final test and that the wrong cup would mean death.","The Grail Knight or Guardian of the Holy Grail was the brother of Sir Richard and another knight who all served in the First Crusade. They discovered the Holy Grail and pledged to protect it. Considered the wisest and bravest of the three, the knight took responsibility as guardian of the Cup of Jesus Christ for hundreds of years. Biography Early life The man who would become the Grail Knight was estimated by Indiana Jones to have been born in 1066, around the time of the Battle of Hastings. He was the elder of three brothers,Top Trumps Specials: Indiana Jones one named Richard and an unidentified one. Protector of the Cup of Christ In the late 11th century,The Grail Knight was a knight of the First Crusade (1095-1099). this man and his brothers became Knights of the First Crusade. The First Crusade was proclaimed to the man and his brothers by Pope Urban II at the Council of Clermont in 1095.Indiana Jones and the Last Crusade novel During their journeys in the Holy Land, they ",dod_only:dead
de777fec9339,Shae,Game of Thrones,dod_only,https://gameofthrones.fandom.com/wiki/Shae,1.0,dead,"Birth: Lorath | Death: 301 ACTower of the Hand, King's Landing | Appearances: 20 episodes | First: ""Baelor"" | Last: ""The Children"" | DeathEp: ""The Children"" | Actor: Sibel Kekilli","Sansa is still mourning her mother and brother, who were murdered at the Red Wedding. thumb|Shae is murdered by Tyrion
Later on, after Tyrion is broken free by Jaime Lannister, he stops and goes to the tower of the hand with the intent of confronting his father, only to discover Shae is lying in his bed wearing the golden chains Tyrion gifted to her. Upon realising that Shae intends to kill him, Tyrion retaliates by grabbing the chain and strangling her to death with it.","Shae was a prostitute and Tyrion Lannister's mistress. She was also Sansa Stark's former handmaiden during her time in King's Landing. Biography Background Shae is a young woman of mystery, as she won't divulge her true origins. She has a Lorathi accent and is obviously not native to Westeros: she says she arrived there ten years ago. She is first encountered as a camp-follower with the Lannister army in the Riverlands. She has dreams of wealth and power, despite her low social status as a kept woman.HBO viewers guide, season 2 guide to houses, House Baratheon of King's Landing - Shae entry She hails from the Free City of Lorath. At unspecified points in the past, Shae has been to Dorne and Volantis, and supposedly worked as a handmaiden for a Lady Zuriff. Game of Thrones: Season 1 thumb|Shae is introduced to Tyrion. Shae is a camp-follower whom Bronn, a sellsword in the service of Tyrion, finds as Tyrion requests. She is attached to a ginger-haired Knight, but Bronn ""persuades"" him",dod_only:dead
24062aaf8a64,Halmir,Lord of the Rings,dod_only,https://lotr.fandom.com/wiki/Halmir,1.0,dead,birth: Late First Age ? | death: Late First Age ? | gender: Male,"However, Halmir died before he could lead his people to the war, and the lordship of the House of Haleth passed to Haldir, who fought in his father's stead.The Silmarillion, Quenta Silmarillion, Chapter XX: ""Of the Fifth Battle: Nirnaeth Arnoediad""

 References 

Category:Haladin
Category:Men of Brethil
Category:The Silmarillion characters
Category:Chieftains of the Haladin
Category:Lords of Brethil

de:Halmir
it:Halmir
pl:Halmir
ru:Халмир","Halmir was an Edain Man of Brethil during the First Age. Biography Halmir was the son of Haldan, and was a Chieftain of the Haladin. He was among the most famed of the Haladin, and a strong chieftain of his people. His sons were Haldir and Hundar; his daughters were Hareth and Hiril. Haldir and Hareth married into the House of Hador. left|thumb|""Ambush of the Orc-Host"", by Ted Nasmith While Halmir led the Haladin, the Forest of Brethil was largely unscathed by the forces of Morgoth. He led the Woodmen north to join the fight against Thangorodrim, and he was recognized with honor by the Elves. When large numbers of Orcs began to appear, Halmir sent for the aid of Elu Thingol of Doriath. To Halmir was sent a host of the Sindar under Beleg Cúthalion, and the combined force of the Woodmen and Sindar ambushed and destroyed an orc-legion in the depths of the forest; in this way Halmir won renown.The Silmarillion, Quenta Silmarillion, Chapter XVIII: ""Of the Ruin of Beleriand and the Fall ",dod_only:dead
639e1398b420,Blackbeard,Pirates of the Caribbean,dod_only,https://pirates.fandom.com/wiki/Blackbeard,1.0,dead,"gender: Male | born: Late seventeenth century, Bristol | died: 1750, Fountain of Youth | first: ''On Stranger Tides'' | last: ''On Stranger Tides''","Originally an Englishman who began his career as one of the many privateers dispensed by King George to raid enemy ships during war, it wasn't until he struck out as a free agent that his true legend was born, notably by his legendary death in hand-to-hand combat with British naval officer Lieutenant Robert Maynard. Blackbeard was known to be incredibly cruel to his own crew, more so than the people he held captive, and occasionally murdered men just so they could remember who he was. He resurrected some of the men he killed into obedient zombie officers.","Edward Teach, better known as Blackbeard, was a notorious pirate who operated in the West Indies throughout the Golden Age of Piracy. The blackest soul and the darkest heart of any pirate who ever lived, striking fear into the bravest of sailors, Blackbeard was a name uttered in terror by all who sail the sea, or any unfortunate enough to encounter him on dry land. Blackbeard's many exploits became the stuff of various myths and legends of pirate lore by the 1750s. Originally an Englishman who began his career as one of the many privateers dispensed by King George to raid enemy ships during war, it wasn't until he struck out as a free agent that his true legend was born, notably by his legendary death in hand-to-hand combat with British naval officer Lieutenant Robert Maynard. He became a renowned pirate, his cognomen derived from his thick black beard and fearsome appearance. His best known vessel was his flagship, the Queen Anne's Revenge, a fearsome frigate festooned with the bones",dod_only:dead
c9f1e1da3f12,Abulurd Rabban,Dune,dod_only,https://dune.fandom.com/wiki/Abulurd_Rabban,1.0,dead,death: Prior to 10191 AG,Feyd was taken in by Vladimir to be his successor at a young age and the elder Glossu went on to succeed Abulurd as Count of Lankiveil following his presumed death by 10191 AG.,"Abulurd Rabban, born as Abulurd Harkonnen II, was the Siridar-Baron Vladimir Harkonnen's youngest demibrother. History The youngest demibrother of Vladimir Harkonnen, Abulurd renounced the Harkonnen surname upon being granted the subdistrict governorship of Rabban-Lankiveil, and through his marriage into the Rabban Family. Abulurd had numerous sons from his wife and concubines, most notably: Glossu Rabban and Feyd-Rautha Rabban. Feyd was taken in by Vladimir to be his successor at a young age and the elder Glossu went on to succeed Abulurd as Count of Lankiveil following his presumed death by 10191 AG. Description Named after his ancestor Abulurd Harkonnen, Abulurd never appears in the novel, but his renunciation of the Harkonnen name in favor of his wife's surname implies that he held distaste for his family's methods, specifically of his grotesque eldest brother Vladimir. Implying he holds some moral strength compared to the rest of his family. Despite this, it’s also implied",dod_only:dead
eb87a83b3b1f,Royce King II,The Twilight Saga,dod_only,https://twilightsaga.fandom.com/wiki/Royce_King_II,1.0,dead,died: 1933 (killed by Rosalie Hale) | species: Human | gender: Male,"He was engaged to Rosalie Hale for a short period of time, but gang-raped and beat her almost to death with a group of his friends. His Life and Death counterpart is Rowena King. Death
thumb|Royce assaults Rosalie.|250px

As Rosalie lay battered and dying in the street, Carlisle Cullen found her, alerted by the scent of her blood.","Royce King II was a human who lived during the Great Depression. He was engaged to Rosalie Hale for a short period of time, but gang-raped and beat her almost to death with a group of his friends. Rosalie, after completing her transformation into a vampire, returned to kill him and the friends that were there on her last night of being human. He was perceived as being out-spoken and arrogant, but Rosalie was attracted to his good looks and wealth. His Life and Death counterpart is Rowena King. He is portrayed by Jack Huston in the movie adaptation of Eclipse. Biography History thumb|left|200px|Royce and Rosalie. Royce's family was the richest in Rochester, and his father owned the bank where Rosalie Hale's father worked. Rosalie's family were ambitious and social-climbing, and purposefully crafted a situation for their daughter to meet Royce: her mother sent her to the bank with her father's ""forgotten"" lunch, and she caught Royce's eye. He began courting her and sent her bouquets of",dod_only:dead
35180f2486f3,Jerdon Bly,Star Wars,dod_only,https://starwars.fandom.com/wiki/Jerdon_Bly,1.0,dead,"death: 34 ABY, Cantonica | species: Human | gender: Male","While at the party he unsuccessfully attempted to seduce Centada Ressad, before being murdered by the Dor Namethian Lexo Sooger on orders from Countess Alissyndrex delga Cantonica Provincion.","Jerdon Bly was a human male who worked as an arms dealer during the Cold War between the Resistance and the First Order. Like many, he sold to both sides of the war, but unlike others was very cavalier and open about it. In 34 ABY, he attended a party hosted by Baron Yasto Attsmun on board his yacht, the Undisputed Victor on the planet Cantonica. While at the party he unsuccessfully attempted to seduce Centada Ressad, before being murdered by the Dor Namethian Lexo Sooger on orders from Countess Alissyndrex delga Cantonica Provincion. Appearances Notes and references Category:Arms dealers Category:Humans Category:Individuals with unspecified pronouns Category:Males",dod_only:dead
392cd2d57157,Falco Aesalon,Harry Potter,dod_only,https://harrypotter.fandom.com/wiki/Falco_Aesalon,1.0,dead,born: Ancient Greece | died: Ancient Greece | species: Human | gender: Male,"era births
Category:Chocolate Frog Cards
Category:Deceased individuals
Category:Greek individuals
Category:Males
Category:Wizards","Falco Aesalon was an Ancient Greek wizard. Being able to transform into a falcon at will, he was the first recorded Animagus. For this achievement, he was placed on a Chocolate Frog Card. In the 1920s, it was reported by Transfiguration Today that a Falco Aesalon fossil had been dormant for a thousand years. Magical abilities and skills Transfiguration: Aesalon mastered Human Transfiguration, given that he was the first wizard to become an Animagus, taking the form of a falcon. Etymology Falco Aesalon is the former scientific name of the European Merlin, before it and the American Merlin were reclassified as the same species. Behind the scenes Its unknown whether Falco was the first wizard to discover the process of becoming an Animagus, or if other Animagi that were not recorded in magical history did it before him. Appearances Notes and references da:Falco Aesalon de:Falco Aesalon es:Falco Aesalon fi:Falco Aesalon fr:Falco Aesalon nl:Falco Aesalon no:Falco Aesalon pl:F",dod_only:dead
6a837363bc46,Short Round's mother,Indiana Jones,dod_only,https://indianajones.fandom.com/wiki/Short_Round's_mother,1.0,dead,"gender: Female | death: January 1932 Shanghai, China","Biography
 Life and death 
The wife of a steel plant foreman, this woman with her husband had a son named Wan Li in 1926.Indiana Jones: The Ultimate Guide She and her family lived a comfortable life, but their times in abundance came unexpectedly to an end during January 1932, where the whole family, minus Wan, was killed by a Japanese bombing raid on Shanghai, leaving Wan orphaned at a young age.Indiana Jones and the Temple of Doom

 Legacy 
Short Round associated the sounds produced by the doves accumulating at the Place of Doves with being rocked by his mother, though he couldn’t remember why. Appearances
Indiana Jones and the Temple of Doom 
Indiana Jones and the Temple of Doom novel 
 

Sources
Indiana Jones and the Temple of Doom (TSR)

Indiana Jones: The Ultimate Guide

Notes and re","Short Round's mother was a woman who mothered Wan Li, a Chinese pickpocket who eventually became the sidekick of the American archaeologist Indiana Jones. Biography Life and death The wife of a steel plant foreman, this woman with her husband had a son named Wan Li in 1926.Indiana Jones: The Ultimate Guide She and her family lived a comfortable life, but their times in abundance came unexpectedly to an end during January 1932, where the whole family, minus Wan, was killed by a Japanese bombing raid on Shanghai, leaving Wan orphaned at a young age.Indiana Jones and the Temple of Doom Legacy Short Round associated the sounds produced by the doves accumulating at the Place of Doves with being rocked by his mother, though he couldn’t remember why. In 1936, as Wan rescued him with some finds he had uncovered from the Caribbean Sea's waters, Jones thanked to himself taking Li under his wing upon first meeting him trying to pickpocket him in Shaghai's streets, admitting to himself that",dod_only:dead
64d5f0ca9c0e,Mellos,Game of Thrones,dod_only,https://gameofthrones.fandom.com/wiki/Mellos,1.0,dead,"Birth: 33-42 AC | Death: 116-126 AC (aged 74-93) | Appearances: 4 episodes | First: ""The Heirs of the Dragon"" | Last: ""We Light the Way"" | DeathEp: ""The Princess and the Queen"" | Actor: David Horovitch","At the Small Council meeting following the death of Lord Commander Ryam Redwyne, Mellos informs the king that Ser Ryam died peacefully in his sleep, and that the new Lord Commander, Ser Harrold Westerling, wishes to find his replacement on the Kingsguard. Mellos stands and claps for the future royal couple and later panics and flees once Ser Criston Cole beats Ser Joffrey Lonmouth to death. Runciter was appointed as Grand Maester in 101 AC at the very end of King Jaehaerys's reign, mere months before the death of his second son Baelon sparked the need for the Great Council at Harrenhal.","Mellos was the Grand Maester on the Small Council of King Viserys I Targaryen. Biography Background Mellos studied at the Citadel to become a member of the Order of Maesters. Although he serves House Targaryen, he is loyal to Otto Hightower and tends to support him in council. House of the Dragon: Season 1 In 112 AC, nine years into the reign of King Viserys I Targaryen, Mellos attends a meeting of the Small Council in the Red Keep. When the discussion turns to the topic of the upcoming Heir's Tournament the king asks him if his predictions of Queen Aemma's due date will be correct. Mellos responds that he has been over the moon charts and the estimation is as accurate as it can be. Viserys is also adamant that the child is to be a son, but Mellos advises caution as there is no way of knowing for certain the sex of the baby in the womb. Later that night, Mellos is attending to an infected wound, that is not healing, on the king's back in his private chambers with the assistance of Ma",dod_only:dead
7a997df03437,Iminyë,Lord of the Rings,dod_only,https://lotr.fandom.com/wiki/Iminyë,1.0,dead,birth: Years of the Trees | death: Unknown | gender: Female,,"Iminyë was an Minyar Elf of Cuiviénen. According to legend, she was woken by Imin, who was the first of the Elves to awaken in Cuiviénen. She would eventually wed him; little else is known of her life.The History of Middle-earth, Vol. XI: ""The War of the Jewels"", ""Part Four. Quendi and Eldar"" See also Awakening of the Elves References de:Iminyë pl:Iminyë ru:Иминье sk:Iminyë uk:Іміньє Category:Vanyar Category:Elf-fathers Category:Quenya names & words Category:Elves",dod_only:dead
f7336147f70d,Crimp,Pirates of the Caribbean,dod_only,https://pirates.fandom.com/wiki/Crimp,1.0,dead,"gender: Male | died: 1729, Isla de Pelegostos | first: ''The Curse of the Black Pearl'' | last: ''Dead Man's Chest''","When the crew eventually docked the Pearl at the Isla de Pelegostos, they were captured by the cannibalistic Pelegostos Tribe who killed and devoured most of the crew, including Crimp

Biography
Quest to Isla de Muerta
In 1728, Crimp joined the motley crew of a commandeered British Royal Navy vessel, the HMS Interceptor, under notorious pirate Captain Jack Sparrow and rogue blacksmith Will Turner. Later, when they made port at the nearest land on demands from a desperate Jack and were captured by the cannibalistic Pelegostos Tribe, many of the crew including Crimp were killed, with their bones being used to construct cages for the survivors. Appearances
Pirates of the Caribbean: The Curse of the Black Pearl 
Pirates of the Caribbean: Dead Man's Chest

Notes and references

de:Crimp

Catego","Crimp was a pirate operating in the 1720s around Tortuga. In 1728, he was recruited in Tortuga by Captain Jack Sparrow prior to the pursuit of the Black Pearl as part of his motley crew, assembled to go after Sparrow's enemy Hector Barbossa. Crimp sailed the HMS Interceptor to Isla de Muerta during Will Turner's attempt to rescue Elizabeth Swann from Hector Barbossa's cursed crew, but was soon imprisoned with the other crewmen in the brig of the Black Pearl. After taking the Black Pearl, Crimp served under Jack Sparrow's command, embarking on several misadventures until the crew eventually began to doubt Sparrow's leadership. When the crew eventually docked the Pearl at the Isla de Pelegostos, they were captured by the cannibalistic Pelegostos Tribe who killed and devoured most of the crew, including Crimp Biography Quest to Isla de Muerta In 1728, Crimp joined the motley crew of a commandeered British Royal Navy vessel, the HMS Interceptor, under notorious pirate Captain Jack Sparrow",dod_only:dead
a92d21d3bafc,Muriz,Dune,dod_only,https://dune.fandom.com/wiki/Muriz,1.0,dead,death: 10219 AG,,"For the adaptation equivalent, see Muriz/2000 miniseries Arifa Muriz [d. 10219 AG] was an Iduali on Arrakis who was the Arifa of Shuloch. He was also the father of Assan Tariq, the guide of the Preacher who was in fact Paul Atreides. Gallery Illustrations Adaptations Appearances Children of Dune References ru:Мюриз (мужчина) Category:Males Category:Fremen __NOTOC__",dod_only:dead
2fa433e390c7,Cold Woman,The Twilight Saga,dod_only,https://twilightsaga.fandom.com/wiki/Cold_Woman,1.0,dead,died: Around 1412 (Killed by Taha Aki) | species: Vampire | gender: Female,"Biography
thumb|left|Cold Woman fighting Taha Aki
Billy Black tells the story of the Third Wife, and how the Cold Woman's mate, the Cold Man, was killed by Yaha Uta and his brother. Yaha Uta phased into a wolf and tried to defend the tribe, but was killed. Taha Aki was the only spirit warrior left, and enraged at his son's death, he phased into an ancient, white-muzzled wolf and attacked the Cold Woman.","The Cold Woman was a vampire mentioned in Eclipse at the bonfire during which Bella Swan hears the Quileute legends. She is portrayed by Monique Ganderton in the movie adaptation of Eclipse. Biography thumb|left|Cold Woman fighting Taha Aki Billy Black tells the story of the Third Wife, and how the Cold Woman's mate, the Cold Man, was killed by Yaha Uta and his brother. Driven mad with rage, she descended on the Quileute village and slaughtered the tribespeople. Yaha Uta phased into a wolf and tried to defend the tribe, but was killed. Taha Aki was the only spirit warrior left, and enraged at his son's death, he phased into an ancient, white-muzzled wolf and attacked the Cold Woman. His wife could see that he was losing the fight, so she grabbed a knife from one of her younger sons, all of whom were still only boys, and plunged it into her heart. The scent of her blood distracted the Cold Woman long enough for Taha Aki to tear her apart. Physical appearance This nameless vampire was",dod_only:dead
e59b7db2a80f,Cellia Moten,Star Wars,dod_only,https://starwars.fandom.com/wiki/Cellia_Moten,1.0,dead,"death: During or after 18 BBY, Moten yacht, Tryth | species: Humanoid | gender: Female",,"Cellia Moten was a female humanoid who operated out of her estate on the planet Dallow during the Imperial Era. Personality and traits Raised by the values of the self-important Moten family, Cellia Moten was a cruel, ruthless and power hungry individual. To the public, she maintained the image of a coy woman. All her power and influence led her to develop a god complex, which contributed to her obsession with acquiring religious artifacts. While she would hire treasure hunters to acquire these items, Moten would end up double crossing, executing and burying them in the groves estate, claiming it was a service to the galaxy. Moten also fancied herself a close, personal friend of Emperor Sheev Palpatine, and would frequently refer to him by first name, throwing his name around Imperials as if it were to bend them to her will. Her behavior was similar to other Imperials seeking the Emperor's favor. However, deep down, Moten was a complete coward whenever she was thrust into situations",dod_only:dead
561c3903604f,Ferdinand Octavius Pratt,Harry Potter,dod_only,https://harrypotter.fandom.com/wiki/Ferdinand_Octavius_Pratt,1.0,dead,died: Before 1890 | species: Human | gender: Male,"Appearances
  

Notes and references

External links

fr:Ferdinand Octavius Pratt
ru:Фердинанд Октавий Пратт
Category:British or Irish individuals
Category:Deceased individuals
Category:Hogwarts prefects
Category:Males
Category:Portraits
Category:Unknown House
Category:Wizards","Ferdinand Octavius Pratt was a wizard whose portrait hung in the Hogwarts Library. Biography Early life In his youth, Ferdinand attended Hogwarts School of Witchcraft and Wizardry and became a Prefect of his house. He was visibly a wealthy individual who owned more than one home. Post-mortem By 1890, there were at least two portraits of Ferdinand, one hung in Hogwarts Library and one in the Three Broomsticks Inn. In the 1890–1891 school year, Ferdinand was tasked by the Headmaster Phineas Nigellus Black to secretly spy on the students that visited the Three Broomsticks and report back to him. However, when Ferdinand found nothing interesting to report, he simply made-up false rumours, causing many students to be unfairly punished. One of these students, the fourth-year Astoria Crickett, as well as her friends, decided to put an end to his spying by having the frame at the Three Broomsticks stolen by a group of Ashwinders, who hid the portrait in a ruin by the coast. Arguing that it'",dod_only:dead
6e2c3f34c4f3,Tzi,Indiana Jones,dod_only,https://indianajones.fandom.com/wiki/Tzi,1.0,dead,gender: Male | death: November 1933Mongolia,"Appearances
Indiana Jones and the Dinosaur Eggs 

Notes and references

Category:Characters appearing in novels
Category:Deceased
Category:Mongolians","General Tzi was the reigning warlord in Mongolia, who sought to expand his territory into the country and seize control of Angus Starbuck’s discoveries in 1933. He was known locally as ""Tzi the Cannibal"". Biography General Tzi commanded a private army that terrorized the borderlands of Northern China and Mongolia. Obsessed with mystical power, Tzi funded expeditions searching for ""dragon bones"" rumored to hold supernatural strength. Tzi tracked his prey using ferocious trained dogs that he fed human flesh. As a result, he was very fat. Although he respected archaeologist Indiana Jones, he intended to kill the American and eat his heart, for he believed that the heart was the source of a man's courage. And upon learning Jones was a university professor, Tzi also toyed with the idea of eating his brain, too. He and his right-hand man Lieutenant Chang followed Jones, Joan Starbuck and Walter Granger to the Flaming Cliffs on their search for the Allegorhai-Horhai, for to eat its flesh wa",dod_only:dead
d8ca44a9e02f,Beric Dondarrion,Game of Thrones,dod_only,https://gameofthrones.fandom.com/wiki/Beric_Dondarrion,1.0,dead,"Birth: At Blackhaven | Death: 1-6: 7: 305 AC at Winterfell | Appearances: 14 episodes | First: ""A Golden Crown"" | Last: ""The Last of the Starks"" | DeathEp: ""Kissed by Fire"" ""The Long Night"" | Actor: David Michael Scott Richard Dormer","In the war efforts against the Lannisters, Beric was killed multiple times, and each time was brought back to life by Thoros. Beric is rumored to have died in the Battle at the Mummer's Ford, killed by the Mountain, who drives a lance through his chest. thumb|Clegane kills Beric.","Lord Beric Dondarrion was the Lord of Blackhaven and the head of House Dondarrion. Initially assigned by Eddard Stark to apprehend Ser Gregor Clegane, he and his men formed a guerrilla resistance group known as the Brotherhood Without Banners, with Dondarrion as their leader. In the war efforts against the Lannisters, Beric was killed multiple times, and each time was brought back to life by Thoros. Biography Background Beric Dondarrion is the Lord of Blackhaven and the head of House Dondarrion, a vassal house to House Baratheon of Storm's End. He is a young lord who still enjoys the life of a knight, including taking part in tourneys. Game of Thrones: Season 1 Upon hearing of the atrocities committed by the Mountain, Eddard Stark, acting as the Hand of the King, orders Beric to take a hundred men, ride to Ser Gregor's keep and execute him for treason and murder. Beric willingly agrees to the task. Beric is rumored to have died in the Battle at the Mummer's Ford, killed by the Mou",dod_only:dead
14f0e08a1554,Ancalagon,Lord of the Rings,dod_only,https://lotr.fandom.com/wiki/Ancalagon,1.0,dead,birth: Sometime before FA 510 | death: FA 587 | gender: Male,"The death of Ancalagon marked the end of Morgoth's final resistance. However, his size cannot be assumed to be larger than Thangorodrim; some powerful but comparatively small creatures are able to cause great destruction even in death, such as Durin's Bane breaking the slopes of Celebdil., , Book Three, Ch. Though Ancalagon died, he had three sons who survived the War of Wrath: Ruingurth,Ruth Sochard Pitt, Jeff O'Hare, Peter C.","Ancalagon, also known as Anddraca,, Vol. IV: , III: ""The Quenta"", Appendix 1: Fragments of a translation of The Quenta Noldorinwa into Old English, made by Ælfwine or Eriol; together with Old English equivalents of Elvish names, pg. 209 (entry ""Amcalagon"") the Great Dragon of Morgoth,, vol. XII: , XII: ""The Problem of Ros"", pgs. 374-5 (note 17) the Black Dragon,, vol. V: , Part Two: ""Valinor and Middle-earth before The Lord of the Rings"", III: The Later Annals of Beleriand, ""The Conclusion of the Quenta Silmarillion"", pg. 144 (annal ""350""), vol. XI: , Index, entry ""Ancalagon"" or the Black, was the ""greatest of the winged dragons of Morgoth"", ""Index of Names"", entry ""Ancalagon"" and ""mightiest of the dragon-host"" during the War of Wrath., Quenta Silmarillion, Chapter XXIV: ""Of the Voyage of Eärendil and the War of Wrath"", pgs. 251-2 He was bred by Morgoth during the First Age and possibly was the largest winged dragon to have ever existed in Middle-earth. Biography During the late Fir",dod_only:dead
579075644873,Moss,Pirates of the Caribbean,dod_only,https://pirates.fandom.com/wiki/Moss,1.0,dead,"gender: Male | died: *1700s, Devil's Triangle, Caribbean Sea Poseidon's Tomb | first: ''Dead Men Tell No Tales'' | last: ''Dead Men Tell No Tales''","Several decades later, the Silent Mary was suddenly freed when Jack traded and therefore betrayed his compass causing his worst fear - death - to come true, and the ghost ship immediately set out to avenge their past defeat. Moss, along with the rest of the Spanish crew, followed his Capitán on hundreds of pirate-hunting expeditions on which they tracked down and relentlessly murdered thousands of men in cold blood. A young pirate, Jack Sparrow, who had assumed command of the ship from its deceased captain, climbed atop the crow's nest, from which he taunted Salazar and his crew.","Moss was a loyal officer in the Spanish Royal Navy during the Age of Piracy, serving aboard the Silent Mary under the command of Capitán Armando Salazar. He followed his Capitán loyally on hundreds of pirate-hunting expeditions in their quest to eliminate piracy forever across the sea, until eventually they were defeated by a young pirate, crashing into the Devil's Triangle and being transformed into ghosts. Cursed and forced to roam the seas in everlasting torment, he along with his Captain would stop at nothing to take their revenge on the very man who took their lives from them, Captain Jack Sparrow. Several decades later, the Silent Mary was suddenly freed when Jack traded and therefore betrayed his compass causing his worst fear - death - to come true, and the ghost ship immediately set out to avenge their past defeat. They enlisted the help of Sparrow's old enemy, Captain Hector Barbossa, to find the pirate, but soon the latter double-crossed the Spaniards and teamed up with Jack",dod_only:dead
bbf53b4792a0,Giandro Tull,Dune,dod_only,https://dune.fandom.com/wiki/Giandro_Tull,1.0,dead,death: 10190 AG | last: ''Dune:The Heir of Caladan''(2022),"Biography
Giandro became Viscount after the death of his father, Viscount Alfred Tull. After the death of his friend and business partner Duke Fausto Verdun and the razing of Dross, Giandro was further humiliated and incensed when Padishah-Emperor Shaddam IV sent his Sardaukar to search Elegy for any signs of Noble Commonwealth activity.","Viscount 'Giandro Tull (d. 10190 AG) was the last Viscount of House Tull. Giandro ruled over Elegy while secretly plotting the end of House Corrino as part of the Noble Commonwealth conspiracy. Biography Giandro became Viscount after the death of his father, Viscount Alfred Tull. Giandro never liked the Bene Gesserit and how his father's concubine Zoanna manipulated him. As soon as he became Viscount, he cut off the sizable stipend to the Mother School on Wallach IX. Zoanna attempted to seduce Giandro, which was a mistake, as he immediately expelled her from Elegy and refused any further Bene Gesserit attempts at sending him a concubine. After the death of his friend and business partner Duke Fausto Verdun and the razing of Dross, Giandro was further humiliated and incensed when Padishah-Emperor Shaddam IV sent his Sardaukar to search Elegy for any signs of Noble Commonwealth activity. At the time, Giandro had nothing to do with the Noble Commonwealth, but insult and the senseless mu",dod_only:dead
9459186f67ef,Victoria,The Twilight Saga,dod_only,https://twilightsaga.fandom.com/wiki/Victoria,1.0,dead,"died: June 15, 2006 (killed by Edward Cullen) | species: Vampire | gender: Female | born: 1550s; England","She was a founding member of James's coven with the power of enhanced self-preservation, and James's mate and started a vendetta against Bella Swan in revenge for his death at Edward Cullen and the Cullens' hands. Her Life and Death counterpart is Victor. Shortly after that, the Volturi came to her coven and claimed that they had drawn too much attention from society and executed Hilda for the crime.","Victoria was the main antagonist in New Moon and Eclipse. She was a founding member of James's coven with the power of enhanced self-preservation, and James's mate and started a vendetta against Bella Swan in revenge for his death at Edward Cullen and the Cullens' hands. To this end, she spearheaded several plots to end Bella's life, including creating a newborn army in Seattle, with the express purpose of killing her and destroying the Cullen coven. However, at the conclusion of the newborn crisis, Victoria's life of violence and malice was ended by Edward in the battle with the army. Her Life and Death counterpart is Victor. She is portrayed by Rachelle Lefevre in the first two movie adaptations and replaced by Bryce Dallas Howard in the third. She is also portrayed by Sophie Labell in The Groundskeeper segment. Biography Early life Victoria was born in London, England, in the 1550s. Her mother was a scullery maid and her father was the master of the house. She was the second ill",dod_only:dead
378885017253,Unidentified stormtrooper (Mapuzo checkpoint),Star Wars,dod_only,https://starwars.fandom.com/wiki/Unidentified_stormtrooper_(Mapuzo_checkpoint),1.0,dead,"death: 9 BBY, Mapuzo | species: Human | gender: Male",,"A stormtrooper was active on the planet Mapuzo during 9 BBY. He had an encounter with the rogue Jedi, Obi-Wan Kenobi, and Princess Leia Organa. Behind the scenes The stormtrooper appeared in ""Part III"" the third episode of the live-action series Obi-Wan Kenobi. He is portrayed by Ardeshir Radpour. Appearances Obi-Wan Kenobi 3 Notes and references Category:Males Category:Stormtroopers of the Galactic Empire",dod_only:dead
2375f4cbb674,Stephen Hawking,Harry Potter,dod_only,https://harrypotter.fandom.com/wiki/Stephen_Hawking,1.0,dead,born: 8 January 1942 | died: 14 March 2018 (aged 76) | species: Human | gender: Male,,"Stephen William Hawking (8 January 1942–14 March 2018) was an English Muggle theoretical physicist internationally considered the best since Albert Einstein. - Chapter 4 (The Leaky Cauldron) (see this image and this image) Biography When Harry Potter arrived at the Leaky Cauldron after fleeing the Dursley house after letting his Aunt fly away in 1993, there was a wizard sitting at a table reading A Brief History of Time, a best-selling popular science book written by Hawking. At the time of this book's publication, Hawking had been living with Lou Gehrig's disease for over twenty years, requiring him to use a wheelchair. Etymology The name ""Stephen"" comes from the Greek name Στεφανος (Stephanos) meaning ""crown"". Behind the scenes In the 2014 film , Stephen Hawking was portrayed by Eddie Redmayne, who portrays Newt Scamander in the Fantastic Beasts film series. For his performance, Redmayne won the . Stephen Hawking was also played by in the 2004 BBC television film . Cumberbatch vo",dod_only:dead
b318b2dbbde8,Tank tread death Nazi,Indiana Jones,dod_only,https://indianajones.fandom.com/wiki/Tank_tread_death_Nazi,1.0,dead,"gender: Male | death: 1938Aboard Mark VII Tank, Canyon of the Crescent Moon, Republic of Hatay","He served under the orders of Colonel Ernst Vogel but after encountering Indiana Jones, the Nazi suffered a tank tread death. He was pulled in front of the tank and swiftly carried to his death, crushed by the tread. Behind the scenes 
The tank tread death Nazi was portrayed by an uncredited Vic Armstrong in Indiana Jones and the Last Crusade.","A Nazi soldier participated during the Reich's effort to find the Holy Grail in 1938. He served under the orders of Colonel Ernst Vogel but after encountering Indiana Jones, the Nazi suffered a tank tread death. Biography In 1938, during the Nazi effort to find the Holy Grail, this German soldier served under the command of Colonel Ernst Vogel. Upon the arrival of the Nazis at the Republic of Hatay, the soldier traveled with his comrades towards the Temple of the Sun on one of the trucks. When the archaeologist Indiana Jones appeared on the scene to rescue his father Henry Walton Jones, Senior and Marcus Brody from Vogel, who had taken them hostage inside his tank, the truck soldier along with his companions were called upon by their colonel to help him kill Indiana. After his three comrades were felled by a single bullet from Jones, the soldier jumped onto the tank with a knife. However, Jones managed to hit and throw him aside, disarming the Nazi in the process. At that moment, ",dod_only:dead
d4b4bce946ac,Rorge,Game of Thrones,dod_only,https://gameofthrones.fandom.com/wiki/Rorge,1.0,dead,"Death: 301 ACNear the Mountains of the Moon, the Vale of Arryn | Appearances: 5 episodes | First: ""Fire and Blood"" | Last: ""Mockingbird"" | DeathEp: ""Mockingbird"" | Actor: Unidentified Andy Beckwith","Seeing their leader killed, Gendry and many of the other recruits join the fight. After granting a mortally wounded peasant a merciful death, The Hound is suddenly ambushed from behind by Biter and bitten. The Hound overpowers Biter and kills him by snapping his neck.","Rorge was a criminal, forcibly recruited into the Night's Watch. Biography Background Rorge is a criminal, forcibly recruited, along with Jaqen H'ghar and Biter, into the Night's Watch by Yoren during his visit to King's Landing. He was accompanying the rest of Yoren's new recruits northwards to the Wall before taken prisoner and inducted into the Lannister army. Game of Thrones: Season 1 When looking for fresh recruits for the Night's Watch, Yoren is given permission by Eddard Stark to go through the dungeons and take any criminals who would swear to take the black. He chooses murderer Rorge as a potential candidate, as well as two other criminals (Jaqen H'ghar and Biter) from the black cells, where the worst criminals are kept. Rorge is in the party led by Yoren that leaves King's Landing for the Wall, along with Hot Pie, Lommy Greenhands, Gendry, and Arya. Because Yoren is traveling so far with so few men, the worst three criminals are kept in a locked barred cell on the back of ",dod_only:dead
8ca28ec4f3d1,Algund,Lord of the Rings,dod_only,https://lotr.fandom.com/wiki/Algund,1.0,dead,birth: Late First Age ? | death: FA 489 ?,"When Túrin joined the group, Algund eventually recognized him as the son of Húrin.Unfinished Tales, Part One: The First Age, II: ""Narn i Chîn Húrin"" (The Tale of the Children of Húrin) After Túrin slew Forweg, the original leader of the group, it was Algund who supported him as their new captain, figuring that he would be a better leader and lead them to better fortunes.Unfinished Tales, Part One: The First Age, II: ""Narn i Chîn Húrin"" (The Tale of the Children of Húrin)The Children of Húrin, Narn i Chîn Húrin, The Tale of the Children of Húrin, VI: ""Túrin among the Outlaws""

Later, when the group captured Beleg, Androg argued that he should soon be killed for spying, but Algund advised to wait until Túrin returned.The Children of Húrin, Narn i Chîn Húrin, The Tale of the Children of Húrin","Algund was an Adan of the First Age and a member of the ""Gaurwaith"". Biography Algund was the oldest of an outlaw band and had been a man of Dor-lómin, living under Húrin when Húrin was Lord of Dor-lómin. After the Nírnaeth Arnoediad, he was forced to flee his homeland, traveling down the Vales of Anduin. Apparently destitute, he became part of a group of outlaws that raided others for their needs in Brethil and near the borders of Doriath. When Túrin joined the group, Algund eventually recognized him as the son of Húrin.Unfinished Tales, Part One: The First Age, II: ""Narn i Chîn Húrin"" (The Tale of the Children of Húrin) After Túrin slew Forweg, the original leader of the group, it was Algund who supported him as their new captain, figuring that he would be a better leader and lead them to better fortunes.Unfinished Tales, Part One: The First Age, II: ""Narn i Chîn Húrin"" (The Tale of the Children of Húrin)The Children of Húrin, Narn i Chîn Húrin, The Tale of the Children of Húrin,",dod_only:dead
1ddd69e597a2,Francis Drake,Pirates of the Caribbean,dod_only,https://pirates.fandom.com/wiki/Francis_Drake,1.0,dead,"gender: Male | born: c. 1540Tavistock, Devon, England | died: January 27, 1596Portobelo, Colón, Panama","Thousands of Spaniards drowned and even those who reached land were often killed by English soldiers and settlers. Death
Following the defeat of the Armada, Queen Elizabeth sent Drake to Spain as the leader of the ""English Armada."" Tasked with supporting an uprising in Portugal and establishing a base in the Azores, the endeavor collapsed when the English failed to take Lisbon and many of their men fell ill with disease. On January 27, 1596, while anchored near Porto Bello, Panama, Drake died of dysentery at the age of 56.","Sir Francis Drake (c. 1540 – 27 January 1596) was an English captain, privateer, navigator, slave trader, explorer, and politician of the Elizabethan era. Drake was the first Englishman who circumnavigated the world, constantly harassing Spanish ships and ports at the same time. His exploits were legendary, making him a hero to the English but a pirate to the Spaniards to whom he was known as El Draque. Biography Early life Francis Drake, eldest of twelve children, was born in Crowndale, near Taverstock, in about 1540. His father, Edmund Drake (1518–1585), was a passionate supporter of Martin Luther and during the Prayer Book Rebellion of 1548, he was forced to flee with his family to Chatham in Kent. Drake was apprenticed to a captain trading between the Thames River and the Channel ports. In 1563 he joined his cousin, John Hawkins, on a voyage to Africa. The two men started capturing people in Sierra Leone and selling them as slaves to Spanish settlers in the Caribbean. As it was i",dod_only:dead
422a659369b5,Barbra Pryce,Alien vs Predator,status,https://avp.fandom.com/wiki/Barbra_Pryce,1.0,dead,status: Presumed dead as of 2198 | species: Human | gender: Female | actor: Lucy Newman-Williams,,"Barbra Pryce was a senior Weyland-Yutani Corporation official. As of 2198, Pryce was the Company's recently appointed Director of Planetary Operations for, and by extension the de facto colonial governor of, Lethe. Prior to the outbreak occurring that year, Pryce primarily operated out of the local W-Y headquarters located in the Pharos Spire dominating the skyline of the planetary capital of Jackson's Landing, where her living quarters were also to be found. Appearances Trivia Director Pryce had Vermillion Level security clearance. This appears to be a direct call-out to the Warhammer 40K universe.Aliens: Dark Descent, Redemption mission, Barbra Pryce Log datapad. Vermilion Level (Short Story) - Short story by Dan Abnett where Vermillion-Level message/command priority and security clearance was first introduced. References Category:Aliens: Dark Descent characters Category:Business owners and executives Category:Humans Category:Weyland-Yutani employees Category:Antagonists",status:dead
557fae1df2d9,Grill,Marvel Cinematic Universe,status,https://marvelcinematicuniverse.fandom.com/wiki/Grill,1.0,dead,species: Human | gender: Male | DOD: 2091 | actor: Pruitt Taylor Vince | status: Deceased,"Before it could be done, however, Holt was killed by Tess, enabling Grill to come out safely. Grill always suspected that Virgil had been stealing from him and following his death, he thought that Tess and the S.H.I.E.L.D. Grill kept the handgun, and used it to threaten Flint when he started to attack him with his newly acquired powers, but Flint then unintentionally killed him.","Grill was the gruff and unforgiving taskmaster of the Salvage Yard of the Lighthouse, and one of the humans living on the Lighthouse in 2091. Having taken on new recruits, Grill immediately began to suspect something was wrong, until he discovered that Phil Coulson and the others he had taken on were fugitives from Kasius, claiming to have come from the past to save Earth. Grill prepared to hand the group over to the Kree, only for Flint, the newly transformed Inhuman, to use his new abilities to kill Grill before he could betray them. Biography Ruling the Salvage Working for the Kree Grill was the manager of the Salvage, an industrial area of the Lighthouse, and was keen on enforcing harsh rules on his workers. As such, he did not hesitate to fire Holt without paying him when the latter was found guilty of insubordination. Arrival of Strangers Grill met Phil Coulson as Tess was taking him to Virgil's room. Although Coulson claimed that he was merely passing through, Grill sensed ",status:dead
d449cc4f5819,Sluggsy and Horror,James Bond 007,status,https://jamesbond.fandom.com/wiki/Sluggsy_and_Horror,1.0,dead,status: Both deceased,"References

fr:Sluggsy Morant et Horreur Horowitz
Category:James Bond Characters
Category:Literary Characters
Category:The Spy Who Loved Me (novel) Characters
Category:Villains
Category:Main Villains
Category:Male Characters
Category:Gangsters
Category:Criminals
Category:Assassins
Category:Americans
Category:Mercenaries
Category:Deceased Characters
Category:Characters Killed by James Bond (Literary)
Category:Unadapted Characters
Category:North Americans","""Sluggsy"" Morant and Sol ""Horror"" Horowitz were two ficitonal mobsters employed by Italian-American motel owner, Mr. Sanguinetti. The characters were the primary antagonists of Ian Fleming's 1962 James Bond novel, The Spy Who Loved Me. Biography In the second third of the novel, the female protagonist, Vivienne Michel, is employed at ""The Dreamy Pines Motor Court"" in the Adirondack Mountains by managers Jed and Mildred Phancey. At the end of the vacation season, the Phanceys entrust Viv to look after the motel for the night before the owner, Mr. Sanguinetti, can arrive to take inventory and close it up for the winter. Two mobsters, ""Sluggsy"" Morant and Sol ""Horror"" Horowitz, both of whom work for Sanguinetti, arrive and say they are there to look over the motel for insurance purposes. In reality, the two have been hired by Sanguinetti to burn down the motel so that Sanguinetti can make a profit on the insurance. The blame for the fire would fall on Viv, who was to perish in the incid",status:dead
a3efe2160693,Skinner,Jurassic Park,status,https://jurassicpark.fandom.com/wiki/Skinner,1.0,dead,appearances: Jurassic Park Series 2 | species: Human | status: Deceased,"He would later be killed by a Baryonyx. Skinner shares some traits of his character with Rainn Delancourt, namely being an illegal poacher who targets dinosaurs for profit and meets his end when attacked by a Baryonyx.￼
Category:Deceased characters
Category:Male characters
Category:Characters
Category:Jurassic Park Series 2","Skinner is one of the three Evil Raiders from the Jurassic Park Series 2 toy line. Poachers that have traveled to Isla Nublar to hunt dinosaurs for sport, greed and fun. Before joining the hunters, he was the ring leader in kangaroo meat black markets located in Australia. However, hunting dangerous theropods comes with a price and Skinner's arm was injured by a Dilophosaurus, although he managed to kill it and wears the skin as a trophy. He would later be killed by a Baryonyx. Notes Information from the Collector Card of this character (nr. 43). Skinner shares some traits of his character with Rainn Delancourt, namely being an illegal poacher who targets dinosaurs for profit and meets his end when attacked by a Baryonyx.￼ Category:Deceased characters Category:Male characters Category:Characters Category:Jurassic Park Series 2",status:dead
270d879237d8,Mercury,DC Extended Universe,status,https://dcextendeduniverse.fandom.com/wiki/Mercury,1.0,dead,"species: Old God | status: Deceased | gender: Male | DOD: c. 3,000 B.C.","Biography

 War of the Gods 
Hermes was one of the Old Gods until he and the other gods was killed by the god of war Ares. Legacy
Centuries after his death, his legacy lives on within the Rock of Eternity, the source of all magic. References 

External Links

es:Mercurio

Category:Old Gods
Category:Males
Category:Gods
Category:Heroes
Category:Deceased Characters","Mercury, also known as Hermes, was a Greco-Roman God who was known for having super speed. His powers were granted to Teth-Adam and Billy Batson by the wizard Shazam. Biography War of the Gods Hermes was one of the Old Gods until he and the other gods was killed by the god of war Ares. Legacy Centuries after his death, his legacy lives on within the Rock of Eternity, the source of all magic. The wizard Shazam later bestowed his powers upon one champion who he found worthy to carry on his mantle and become one of the overseers of the Rock of Eternity. The Shazam Family was granted with his powers. Trivia Shazam! Thundercrack contains an allusion to Mercury through a graffiti with his name. Behind the Scenes In Roman mythology, Mercury is the god of merchants. References External Links es:Mercurio Category:Old Gods Category:Males Category:Gods Category:Heroes Category:Deceased Characters",status:dead
64166115b2d9,Arachne Crane,The Hunger Games,status,https://thehungergames.fandom.com/wiki/Arachne_Crane,1.0,dead,gender: Female,"She died before being able to contribute to the proposal. Death
Arachne was killed by her own tribute, knifed in the throat after she taunted Brandy by reaching through her bars in the Capitol Zoo to offer a cheese sandwich, only to then withdraw it. Arachne was lifted onto a stretcher by medics shortly after she died.","Arachne Crane was a female resident of the Capitol and a student of the Academy. She was one of 24 top-performing seniors at the Academy selected to be a mentor for the 10th Hunger Games. She was assigned the female tribute from District 10, Brandy. Biography Her family was part of the old guard of the wealthy from the Capitol. They worked in the travel industry, having developed luxury hotels in vacation destinations, though the industry took a hit during and after the Dark Days. However, Coriolanus Snow thought that it might be picking up based on Arachne's ability to afford fresh grapes. She had an older brother who graduated from the Academy the year prior. During the first mentor-tribute meeting, Arachne's tribute, Brandy, told her about how she spent most of her time in District 10 butchering hogs. However, Arachne found it repulsive until she realized she could use her knowledge of District 10 to make up something more brilliant than the details of a slaughterhouse. During Cr",status:dead
5dcfd671639a,Martin Keamy,Lost,status,https://lostpedia.fandom.com/wiki/Martin_Keamy,1.0,dead,Status: Deceased | Death: 30 December 2004 | Actor: Kevin Durand,"During their mission, Keamy and his team murdered Danielle Rousseau, Karl Martin, and while holding her hostage, he murdered Ben's adoptive daughter Alex Rousseau right in front of him. After the rest of his team is killed by the survivors and others, Keamy heads off to the The Orchid to confront Ben and John Locke. Enraged over his daughter's death, Ben wasn't deterred from stabbing him to death; the dead man's trigger went off, but thanks to the efforts of Michael Dawson and Desmond Hume, the detonation was delayed.","Martin Christopher Keamy, often simply referred to as Keamy, was a major antagonist in Lost. He served as the main antagonist of Season 4 and a major antagonist in the flash-sideways of Season 6. He was the head of Charles Widmore's mercenary team. A former marine turned mercenary warlord with no moral qualms, he was hired by Widmore to lead his team aboard the Kahana freighter and arrive on the island; his duties were to apprehend Benjamin Linus, kill any Oceanic Flight 815 survivors, and then ""torch the island"". During their mission, Keamy and his team murdered Danielle Rousseau, Karl Martin, and while holding her hostage, he murdered Ben's adoptive daughter Alex Rousseau right in front of him. After the rest of his team is killed by the survivors and others, Keamy heads off to the The Orchid to confront Ben and John Locke. Keamy explicitly warned Ben that he had a dead man's trigger strapped to his body that, if it failed to detect his heart rate, would trigger a bomb aboard the f",status:dead
947ad9f5e6cc,Floyd (Apocalypse World),Supernatural,status,https://supernatural.fandom.com/wiki/Floyd_(Apocalypse_World),1.0,dead,status: Deceased (killed by Alternate Vampires) | actor: Michael Patric,"After Sam kills the monster, Floyd explains to them of the monsters lack of food causing them to turn rabid, and how their group was heading through a tunnel when they ran into a nest of them. Category:Minor Characters
Category:Alternate Earth characters
Category:Apocalypse World characters
Category:Humans
Category:Hunters
Category:Deceased
Category:Articles without quotes
Category:Characters whose actor played more than one character
Category:Winchester Allies","Floyd was a hunter that lived in Apocalypse World. History Season 13 In Beat the Devil, while Sam, Dean, Castiel, and Gabriel are trekking through Apocalypse World looking for Jack and Mary Winchester, they come across Floyd and his friend Maggie who are attempting to fight off a rabid vampire. Floyd tells Maggie to run but she stays with him and he is soon knocked down until the Winchesters save him. After Sam kills the monster, Floyd explains to them of the monsters lack of food causing them to turn rabid, and how their group was heading through a tunnel when they ran into a nest of them. Floyd tells them of how they were the only survivors. When they explain they were trying to get to the Dayton outpost that Jack and Mary had set up, Sam promises to keep them safe and get them there. They cross through the tunnel and are more cautious but vampires attack and kill Floyd by overpowering him and presumably devouring him. Appearances Season 13 Beat the Devil Trivia Beforehand Mich",status:dead
b11668f0e288,Gnaeus,Spartacus,status,https://spartacus.fandom.com/wiki/Gnaeus,1.0,dead,first: S0E01: Past TransgressionsS1E02: Sacramentum Gladiatorum | last: S1E07: Great and Unfortunate Things | status: Deceased (Killed by Spartacus) | actor: Raicho Vasilev,"During their fight, however, he is humiliated and bested by the Hoplomachus but is spared from death by the editor of the games Quintilius Varus. frame|Gnaeus is thrown to his death. He is last seen falling to his death, his body dashed on the rocks below.","is one of the top gladiators in Batiatus' Ludus. Appearance Gnaeus is a talented gladiator in Batiatus' ludus. He is tall of stature, bulky, balding, and with a body that shows signs of many past battles. He is known for his strength and experience. As a Retiarius he uses a net, trident, dagger, and hand-to-hand combat in battle. He is shown to have been converted from Thraex to Retiarius during the events of the prequel, Gods of the Arena. Personality Gnaeus is an extremely selfish man, exhibiting a somewhat deranged personality, often bearing a lopsided smirk and always including snide and derogatory remarks in his speech. Gnaeus is callous and sadistic, highlighted in particular by his physical and sexual abuse of Pietros. In spite of his cruel nature, Gnaeus shared a deep sense of brotherhood with his fellow gladiators, with the exception of Barca and Spartacus. Although Gnaeus has stable standing in the ludus as a Gladiator, he despises Barca and his lover Pietros above all oth",status:dead
2133a6706ce3,Gill,Sons of Anarchy,status,https://sonsofanarchy.fandom.com/wiki/Gill,1.0,dead,status: Deceased | portrayed by: E.R. Ruiz | cause of death: Shot in the head by Marcus Alvarez | appearances: 6 episodes (see below),"Piney tells Jax to go, telling him that it doesn't involve him, one of them killed Donna Winston and he is going to make it right. Season 4
In Season 4 he is killed with a shot to the head by an enraged Alvarez after the One-Niners killed Rafi due to them thinking that they were members of the Galindo Cartel. Appearances

Category:Characters
Category:One-Niners
Category:Recurring characters
Category:Season 1 Characters
Category:Season 2 Characters
Category:Season 3 Characters
Category:Season 4 Characters
Category:Deceased","Gill was a member of the One-Niners on the FX original series Sons of Anarchy. Played by American actor E.R. Ruiz, Gill makes his debut on the episode in season one. Playing a minor recurring role throughout the subsequent seasons. He met his demise in the season four episode . Biography Season 1 ""The Revelator"" Gill confronts two members of the Sons of Anarchy Motorcycle Club, Redwood Original after they enter a Niner bar. Things quickly turn ugly when the older man, Piermont ""Piney"" Winston beats one of the Niners and pulls a gun on Gill, demanding to know where Laroy Wayne is. Laroy is called and eventually arrives with Jackson ""Jax"" Teller, Vice President of SAMCRO. Piney tells Jax to go, telling him that it doesn't involve him, one of them killed Donna Winston and he is going to make it right. Laroy chimes in, asking what Piney is talking about. Jax pleads with Laroy, asking him that if Piney puts the gun down do they all walk out of the bar alive, Laroy agrees and Jax app",status:dead
23d68bb2d8d4,Curtis Barnes,Dexter,status,https://dexter.fandom.com/wiki/Curtis_Barnes,1.0,dead,status: '''Deceased''' | gender: '''Male''' | actor: '''John Marshall Jones''' | seasons: '''Season Two''',"She's dead before she hits the floor - Curtis came out of it realizing what he did: not meaning to have killed her. He then says that he killed his wife, which Curtis starts to lower his guard abit as he speaks on it...saying he didn't mean to. She tells him that the DA signed off on it and that no charges would be placed, effectively ruling the shooting as self-defense (likely due to the high danger of confronting a suspect like Curtis - both men had their weapons trained on one another and had Doakes not shot first then he would have been likely killed himself).","Curtis Barnes is a character in Season Two of the Showtime series DEXTER. Curtis is a former Army Ranger involved in Special Operations, having a similar background to Sergeant James Doakes with both being in Ranger RRD (Regimental Reconnaissance Detachment). He was a veteran from several tours overseas and one day snapped during an argument with his wife - killing her. Doakes confronts him with the intent to arrest him but Barnes forces him to open fire resulting in Doakes's Second Officer Related Shooting. Background Curtis Barnes' early life is unknown, at one point he married a woman named Alisha Barnes and joined the United States Army. During his time in the Army he was promoted into the Rangers, serving in a particular group known as the Ranger RRD (Regimental Reconnaissance Detachment). According to Sergeant James Doakes, whom also served in this regiment, these are ""the guys you're not supposed to know about who get in before everyone else"". He took tours in both Som",status:dead
5ee85dc7f6a7,Russell Lightbourne,The 100,status,https://the100.fandom.com/wiki/Russell_Lightbourne,1.0,dead,"gender: Male | born: 1990s-2000s, Earth | status: Deceased, 2281; Sanctum | cause of death: Consciousness destroyed | portrayed by: JR Bourne Sean Maguire | seasons: Six, Seven","In the Season Seven premiere ""From the Ashes"", Russell is killed by Sheidheda who secretly takes over Russell's host body. A few years later, the dog attacked Russell's infant sister for crawling near his bowl, and two days later, Russell's sister had died. However, on Day 21 of the mission, Russell killed Simone, Josephine, and others during a Red Sun eclipse induced psychosis.","Russell Lightbourne was a recurring character in the sixth and seventh seasons. He is portrayed by JR Bourne and Sean Maguire and debuts in ""Red Sun Rising"". He served as one of the two main antagonists of Season Six, alongside Josephine Lightbourne. He was the leader of the Sanctum settlement and one of the Primes. In the Season Seven premiere ""From the Ashes"", Russell is killed by Sheidheda who secretly takes over Russell's host body. The Dark Commander then poses as Russell for a time before the truth is eventually revealed. Anything that remains of Russell is destroyed in ""The Last War"" when Indra blows up the Dark Commander and Russell's last host body with him. Early Life Russell was born on Earth, and when he was a young boy on Earth, his first pet dog bit his face. However, his father still loved the dog and refused to put him down, claiming that the dog deserves a second chance. A few years later, the dog attacked Russell's infant sister for crawling near his bowl, and tw",status:dead
d315886eac43,Kauko,Vikings,status,https://vikings.fandom.com/wiki/Kauko,1.0,dead,actor: Jouko Ahola | status: *Deceased | seasons: Season 1 | first: ''Wrath of the Northmen'' | last: ''Trial'',"Kauko was killed during the Skirmish at Whitley Bay, against King Aelle's men on the shore of Northumbria, when the Vikings began to break ranks and fight outside the shield wall. Lagertha witnessed his death, causing her to command that the shield wall be reformed. Still, Erik proclaimed that his death, done in the name of King Aelle, must be avenged as he was his kinsman.","Kauko is one of the first warriors who sails west with Ragnar Lothbrok to England. He is Finnish. Biography Season 1 After the storm has passed in, Kauko is among the men who are still rowing the ship. One of them begins to freak out and pleads to Kauko and Leif that they were ""persuaded by madmen and fools."" Kauko, visibly bothered, asks him to shut up. He is later seen celebrating and being patted by Torstein when they hear seagulls in the sky. Kauko was killed during the Skirmish at Whitley Bay, against King Aelle's men on the shore of Northumbria, when the Vikings began to break ranks and fight outside the shield wall. Kauko had just put down another soldier when another caught him by surprise. Lagertha witnessed his death, causing her to command that the shield wall be reformed. Driven by anger, the Northmen brought down their enemies faster and more viciously. While burying him, along with three others and a horse, Rollo told them not to grieve for or pity him as the valkyries",status:dead
fd8e2464e7a0,Zureyn,Avatar,status,https://james-camerons-avatar.fandom.com/wiki/Zureyn,1.0,dead,species: Na'vi | status: Deceased | gender: Male | first: ''Avatar: Reckoning'' (only mentioned),"ru:Зурейн

Category:Avatar: Reckoning Characters
Category:Na'vi
Category:Deceased
Category:Anurai Members","Zureyn is a Na'vi of the Anurai clan who was Liani's father in Avatar: Reckoning. Zureyn was the clan's best hunter when Raven's parents arrived in the Anurai region. Judging by the diary entries, the strangers managed to get along with most of the children, but Zureyn's daughter, Liani, seemed dissatisfied with something. When the RDA learned of the Anurai's sacred relic, Zureyn told Raven's parents to take it away so that it would not fall into the hands of the Sky People. He himself stayed behind to cover their retreat and eventually reunited with Eywa. Raven's parents complied with Zureyn's request: the relic was safely hidden in the center of the Anurai Valley power region for many years, although in the end the other Anurai decided that strangers had stolen it, unaware of the full truth. Only many years later, Raven, following in their parents' footsteps, was able to reveal the truth. ru:Зурейн Category:Avatar: Reckoning Characters Category:Na'vi Category:Deceased Category:A",status:dead
6a36f3115f69,Andrew Holt,Breaking Bad / Better Call Saul,status,https://breakingbad.fandom.com/wiki/Andrew_Holt,1.0,dead,Portrayed by: ''Uncredited actor'' | Status: Deceased | Causeofdeath: Murdered by Jack Welker's Gang on Walter White's orders (stabbed in the neck),"Season 5
thumb|left|Andrew being killed by one of Jack Welker's men in jail. Fearing that he would testify about his involvement, Fring's successor Walter White had him, and nine other members of the organization, murdered in prison. Holt was killed when one of Jack Welker's men bashed his head into a prison wall and then proceeded to stab him in the back of his neck.","Andrew Holt is a member of the Los Pollos Hermanos security staff, serving as an enforcer for Gustavo Fring's drug empire under direct supervision of Mike Ehrmantraut. One of Fring's offshore accounts is set up in his name. History Breaking Bad Season 4 Gus had Holt guarding the perimeter of his meeting with the heads cartel after they had stolen some meth from them and gave it away. Season 5 thumb|left|Andrew being killed by one of Jack Welker's men in jail. He was arrested following the murder of Gus and the discovery of the methamphetamine super lab at Lavandería Brillante and his accounts were seized. Along with Perez he was held at Los Lunas state prison. The organization initially continued to pay him through a series of dead drops via his lawyer Dan Wachsberger. The arrest of Dan and the subsequent disappearance of Mike ended this practice. Fearing that he would testify about his involvement, Fring's successor Walter White had him, and nine other members of the organization, ",status:dead
cf477678dd08,Masseria's man 1,Boardwalk Empire,status,https://boardwalkempire.fandom.com/wiki/Masseria's_man_1,1.0,dead,Actor: Joseph DeVito | Death: Shot by Meyer Lansky,"He is killed by Meyer Lansky after assaulting Lansky's drug runner Benjamin Siegel. Relationships
Joe Masseria: Boss (deceased)
Masseria's man 2: Accomplice (deceased)
Benjamin Siegel: Robbery target
Meyer Lansky: Masseria's rival. Murderer
Charlie Luciano: Masseria's rival

Memorable Quotes

Appearances

Category: Deceased
Category: Gangsters
Category: New York
Category: Season 3","Masseria's man 1, played by co-star Joseph DeVito, is an unnamed minor character in the third season episode ""Bone for Tuna"". He is killed by Meyer Lansky after assaulting Lansky's drug runner Benjamin Siegel. Biography Background He works for New York crime boss Joe Masseria. Season 3 Masseria is aware that Meyer Lansky and Charlie Luciano are dealing heroin without paying him a percentage. He has a pair of his men assault their delivery boy Benjamin Siegel as he leaves on a job. They strike in sight of Luciano's headquarters, initially pretending to be looking for a Turkish Baths. They grab Siegel before he can shoot at them and announce their allegiance. Lansky intervenes, shooting Masseria's man in the head. The other strongarm clings to the door of his getaway car as the driver pulls away. Relationships Joe Masseria: Boss (deceased) Masseria's man 2: Accomplice (deceased) Benjamin Siegel: Robbery target Meyer Lansky: Masseria's rival. Murderer Charlie Luciano: Masseria's rival",status:dead
4003dba6af52,Francis Beaufort,Westworld,status,https://westworld.fandom.com/wiki/Francis_Beaufort,1.0,dead,"status: Deceased | species: Human | gender: Male | actor: Scott Mescudi | seasons: 3 | death: ""Passed Pawn"" (flashback)","Plot
Season Three
""Parce Domine""
""Passed Pawn""
Death
Killed By
Caleb Nichols
When the Rico app offers him to kill Caleb for big money, Francis accepts the task. Related Casualties
This list shows the victims Francis has killed:
1 Whitman's security guard
At least 5 unnamed outliers (Alongside Caleb)

Personality
Francis, as is his partner Caleb, is an outlier who cannot be safely predicted by Rehoboam. namespace          = File
    category           = Images of Francis
    format             = 
    allowcachedresults = true

Category:Characters
Category:Male characters
Category:Human
Category:Criminals
Category:Deceased","Francis is a minor character who appeared in third season of Westworld. Biography Background As it appears from first glance, Francis was a war-veteran who served at the same time as Caleb Nichols. Plot Season Three ""Parce Domine"" ""Passed Pawn"" Death Killed By Caleb Nichols When the Rico app offers him to kill Caleb for big money, Francis accepts the task. However, as Caleb learns about his intentions, he shoots Francis in stomach before he can hurt him. Related Casualties This list shows the victims Francis has killed: 1 Whitman's security guard At least 5 unnamed outliers (Alongside Caleb) Personality Francis, as is his partner Caleb, is an outlier who cannot be safely predicted by Rehoboam. Apperances Season Three ""Parce Domine"" (flashback) ""The Absence of Field"" (flashback) ""Genre"" (flashback) ""Passed Pawn"" (flashback) Gallery The gallery below is automatically generated and contains images in the category ""Images of "". Images added to that category turn up in the gallery after a",status:dead
12be7c70accf,Roadbuster TFP,Transformers,status,https://transformers.fandom.com/wiki/Roadbuster_TFP,1.0,dead,species: Cybertronian | status: Offline | gender: Male | first: ''Loose Cannons'' (mentioned),"History
Roadbuster died fighting during the Great War. References

Category:Wreckers
Category:Autobots
Category:Deceased Characters
Category:Characters

Category:Males
Category:Combiners
Category:Soldiers

Category:Cybertronian
Category:Fall of Cybertron Autobots","At first glance, Roadbuster seems a lot like his fellow Wrecker Twintwist. On the battlefield, he is always in the front ranks, leading his comrades into action. No one fights more furiously. Back at base, though, all that aggression goes away. Rather than arguing or roughhousing with the others, Roadbuster retreats into himself, becoming terse and restive. All his energy is redirected into the constant maintenance of his weapons and revision of his combat strategies. War is all Roadbuster knows, and seems to be all he has ever known. It is an open question what would become of him without it. He combines with several of his fellow Wreckers to form Ruination. History Roadbuster died fighting during the Great War. He was first mentioned by Wheeljack in his conversation with Bulkhead. ''Loose Cannons Toys Roadbuster is a repaint/remold of Swindle. He has a new head, a new color scheme, and a new weapon. Also, Roadbuster forms the right arm of Ruination, (Unlike Swindle who forms the r",status:dead
6280e99aea82,Rioters,The Sopranos,status,https://thesopranos.fandom.com/wiki/Rioters,1.0,dead,gender: Males | status: Deceased (2)Alive (11) | dod: 1967 (2) | portrayed by: Robert L. Anderson IIIFloyd Anthony Johns Jr.Sean KilkenyGermir RobinsonSmokey SimsEight uncredited actors,"Two of these rioters are killed by police officers during a shootout, while the others flee with the stolen items from the store. The mother of one killed rioter coming for seeing her son's body in the street. Category:Characters
Category:Deceased
Category:Name unknown
Category:Murder Victims
Category:Males
Category:Alive","These thirteen unnamed men are rioters during a riot at Newark. History In 1967, during a riot at Newark, these rioters broke the windows of a music store and stole the store's merchandise. Two of these rioters are killed by police officers during a shootout, while the others flee with the stolen items from the store. The mother of one killed rioter coming for seeing her son's body in the street. Category:Characters Category:Deceased Category:Name unknown Category:Murder Victims Category:Males Category:Alive",status:dead
7b248c81a93c,Charles Webber,Grey's Anatomy,status,https://greysanatomy.fandom.com/wiki/Charles_Webber,1.0,dead,status: Deceased | seasons: '''GA:''' 22 | portrayed by: Dorian Harewood,"History
Charles's wife died when his son, Richard, was ten. Despite this, he didn't connect his father's back pain and frequent urination with symptoms of prostate cancer and Charles wasn't diagnosed until it was too late and he died of the cancer. Relationships
Romantic
He was married to Gail Webber until her death.","Charles Webber is the father of Richard Webber. History Charles's wife died when his son, Richard, was ten. At her funeral, Charles chided him for crying. When Richard grew up, he became a doctor to save people because he couldn't save his mother. Despite this, he didn't connect his father's back pain and frequent urination with symptoms of prostate cancer and Charles wasn't diagnosed until it was too late and he died of the cancer. Relationships Romantic He was married to Gail Webber until her death. Familial He had a tense relationship with his son, Richard, whom he taught to suppress his emotions rater than feeling them. es:Charles Webber Category:Characters Category:GA Characters Category:GA S22 Characters Category:Deceased Characters",status:dead
e121f06daa0d,Toreen Boyd,The Wire,status,https://thewire.fandom.com/wiki/Toreen_Boyd,1.0,dead,death: Murdered by Roland Brice in 2001/2002,"Biography
Season 1
Notes
Category:Characters
Category:Season 1 Characters
Category:Deceased
Category:Killed by Wee-Bay",Toreen Boyd is one of the victims in the murder cases James McNulty believes are tied to the Barksdale Organization. Roland Brice later confesses to her murder. Biography Season 1 Notes Category:Characters Category:Season 1 Characters Category:Deceased Category:Killed by Wee-Bay,status:dead
9f3335f8648f,Sophia Peletier (TV Series),The Walking Dead,status,https://walkingdead.fandom.com/wiki/Sophia_Peletier_(TV_Series),1.0,dead,actor: Madison Lintz | gender: Female | status: Dead,"TV Series
Season 1

Season 2

Season 9

Season 10

Daryl Dixon
Season 2

Death
Killed By
Zombies (Alive)
While Sophia is trying to find her way back to the group, she is attacked and bitten on the left shoulder by a walker and either dies of the infection or blood loss. This means that Sophia was already dead by the end of ""What Lies Ahead"" since Otis left for the high school shortly after meeting the group in ""Bloodletting."" Thus, Sophia presumably died on the day or night of her disappearance. International Dubbers
 Language Dubber Other Characters Voiced Czech Klára Nováková Meghan ChamblerCharlieCindy Hawkins French Lucille Boudonnat Beth Greene German N/A N/A Hungarian N/A N/A Italian Sara Labidi LydiaDakota Japanese Ayaka Shimoyamada Amy HarrisonMaggie Rhee Portuguese Letícia Francis","Sophia Peletier is a survivor of the outbreak in AMC's The Walking Dead. She is the daughter of Ed and Carol Peletier. During the initial outbreak, Carol, Ed, and Sophia evacuated to Atlanta for safety, but ended up joining a camp of survivors. While at the camp, Sophia sparked up a friendship with Carl Grimes and Eliza Morales. Overview Sophia was a shy, quiet, and smart young girl. Although her personality was not well shown, it is assumed she was very nice, as stated by Carol in ""The Grove"", who said that ""[Sophia] didn't have a mean bone in her body"". It can also be said that she was good at making friends, as she was close to Eliza Morales and Carl Grimes, who seemed to care about her deeply. Pre-Apocalypse Douglas County, Georgia, United States Sophia was born in 1998 and grew up under the loving care of her mother and the verbal and physical abuse of her father, who consistently neglected her. When she was an infant, Sophia used to wake up at 3:00 a.m. every morning and cry, c",status:dead
ac9e00c694b7,Gabriel,Mission: Impossible,status,https://missionimpossible.fandom.com/wiki/Gabriel,1.0,dead,species: Human | gender: Male | status: Deceased,"As a result, Ethan was blamed for Marie's death and only escaped prison by becoming a member of the Impossible Mission Force. Gabriel's right-hand woman Paris killed the buyer, only for him to not have the key, as it had been swiped from Hunt by Grace, a pickpocket employed by the White Widow to recover the other half of it. After all of them were brought before the White Widow, Gabriel revealed that it mattered not who the White Widow chose to give the key to, as by the Entity's calculations, Gabriel would still obtain the key on the Orient Express as long as he killed either Ilsa or Grace.","Gabriel is one of the two secondary antagonists (alongside Solomon Lane) of the Mission: Impossible franchise, serving as one of the two main antagonists (alongside The Entity) of the 2023 global blockbuster action/thriller film Mission: Impossible Dead Reckoning and the secondary antagonist of it's 2025 sequel Mission: Impossible - The Final Reckoning. He was a mysterious terrorist who served as the liaison of the cryptic artificial intelligence known as the Entity and seeks to recover the key to its secret. After failing to retrieve the key, Gabriel was disavowed by the AI and sought to gain control of the Entity himself. He is also an old adversary of IMF agent Ethan Hunt and had a role to play in how he became the heroic secret agent he is today. Biography Past In 1989, Gabriel was responsible for killing a woman named Marie whom Ethan Hunt was involved with - thus earning Ethan's enmity in the process. As a result, Ethan was blamed for Marie's death and only escaped prison by ",status:dead
55d9f0068a40,Tony,Ozark,status,https://ozark.fandom.com/wiki/Tony,1.0,dead,status: Deceased | gender: Male,He later gets killed by Nelson on Helen's orders.,Tony is a recurring character in the series. About Tony is a guy he works at a convenience store. He's visited by Ash to do business with the Snells. He later gets killed by Nelson on Helen's orders.,status:dead
5c8bdf7f5e18,Funshine,Stranger Things,status,https://strangerthings.fandom.com/wiki/Funshine,1.0,dead,"status: Deceased | born: Between and | gender: Male | appearances: 9, 15 | died: Between and","After they successfully killed one of their targets, they were quickly pursued by the police. Death 
Sometime before or around 1987, Funshine and the other members of the gang were killed by the military as Dr.","Funshine, portrayed by Kai Greene, was a recurring character in the second season of Stranger Things. He was a member of Kali's gang. History Background At some point, Funshine met Kali and became a member of her gang, along with Mick, Axel, and later Dottie. The gang would pursue and kill the people from their pasts who had wronged them. 1984 On October 29, 1984, the gang had traveled to Pittsburgh, Pennsylvania. After they successfully killed one of their targets, they were quickly pursued by the police. After entering a tunnel, Kali used her abilities to manipulate an officer into believing the tunnel had collapsed, allowing them to get away by causing a massive car crash. The gang then fled to Chicago, residing in an abandoned warehouse. When Eleven came to the warehouse in search of Kali, Funshine watched as Axel threatened her with a knife after she had revealed an image of Kali she possessed. After speaking with Eleven, Kali decided that they should use Eleven’s powers",status:dead
4e0eeaee9ff7,Mind-Droid,The Boys,status,https://the-boys.fandom.com/wiki/Mind-Droid,1.0,dead,species: Supe | gender: Male | status: Deceased | cause of death: Decapitated with a shovel by Billy Butcher,"History 
Mind-Droid is a modern version of the superhero ManBot, a deceased member of The Avenging Squad. When Crimson Countess is killed by Billy Butcher, his teammate Swatto asks him what's wrong with her, but horrified, says he can't read her mind, literally as if she had been turned off. When Stormfront coldly brushes Crimson Countess' death away and tells them to continue, Mind-Droid tries to argue, citing that unlike him, a literal Nazi, none of them had ever killed before.","Mind-Droid is a minor antagonist of the superhero-drama comic series The Boys. A member of Payback, he was in a romantic relationship with Crimson Countess. Seen as a robotic superhero, he was actually a human in robotic suit. History Mind-Droid is a modern version of the superhero ManBot, a deceased member of The Avenging Squad. According to James Stillwell, Mind-Droid, along with the other members of Payback, has made multiple attempts to join the Seven. Mind-Droid first appears in Tek Knight's flashback, as he recalls that because of his overwhelming desire to have sex with anything (due to a large brain tumour) he attempted to rape Mind-Droid in the middle of an air mission, leading to his suspension from Payback. Mind-Droid is one of the many participants in the annual Herogasm event, where he is horrified to learn from Jack from Jupiter that Crimson Countess has been cheating on him with team member Stormfront. Along with the rest of Payback, he confronts James Stillwell abou",status:dead
f74d9fc9e175,Feng Huan,Prison Break,status,https://prisonbreak.fandom.com/wiki/Feng_Huan,1.0,dead,played by: Ron Yuan | death: 2005 | gender: Male,"However, his efforts to acquire Scylla are thwarted, and he is killed by Agent Miriam Holtz. Notes and refences

Category:Season 4 characters
Category:Criminals
Category:Killers
Category:Deceased characters
Category:Masterminds
Category:Season 4 antagonists","Feng Huan was a Chinese businessman interested in purchasing Scylla from Cole Pfeiffer (Theodore ""T-Bag"" Bagwell) and Gretchen. He has little or no remorse for any associates who fail him. However, his efforts to acquire Scylla are thwarted, and he is killed by Agent Miriam Holtz. Biography Season 4 Appearances Behind the scenes The character was called Feng Huan in the Press Releasehttp://spoilertv-prisonbreak.blogspot.nl/2008/10/episode-407-and-408-cast-list.html. Notes and refences Category:Season 4 characters Category:Criminals Category:Killers Category:Deceased characters Category:Masterminds Category:Season 4 antagonists",status:dead
756b8b66a9a9,Morimoto,Fast & Furious,status,https://fastandfurious.fandom.com/wiki/Morimoto,1.0,dead,status: Deceased | gender: Male | actor: Leonardo Nam | DOD: Fall 2014,"As the chase continues, Morimoto seeks a chance to ram into Sean's car and repeatedly tries to slam him against the wall, but is forced to avoid the oncoming traffic, only to end up running into oncoming cars from the other side of the road; Morimoto could only scream in fear before he crashes his car into a Toyota Aristo, and is consequently killed as a pileup involving 4 other cars in the aftermath, a Subaru Forester, a Mazda RX-8, a Mazda 626, and a minvan ram into his vehicle. Relationships

 Allies 
Yakuza
Takashi
Kamata

 Enemies 
Han Seoul-Oh
Sean Boswell
Twinkie 
Neela

Vehicles Driven
 Film CarThe Fast and the Furious: Tokyo DriftNissan Fairlady Z33

Category:Characters
Category:The Fast and the Furious: Tokyo Drift Characters
Category:Deceased
Category:Street racers
Category:Anta","Morimoto was a street racer and close friend to Takashi. Biography The Fast and the Furious: Tokyo Drift Morimoto was a high-school student from Tokyo who often engaged in street racing at nights, driving a golden Nissan Fairlady Z33, and was also the right-hand of his best-friend and Tokyo's ""Drift King"" Takashi. As such, he was also part of Takashi's involvement with the Yakuza led by the latter's uncle Kamata. At somepoint, Morimoto along with Takashi come into conflict with the newly-arrived Sean Boswell after Takashi's ex-girlfriend Neela develops a crush on him. Morimoto then witnesses Takashi easily defeat Sean in a street race and mockingly laughs at Sean for damaging the car that he borrowed from Takashi's apparent business partner, Han Seoul-Oh. Soon enough, Morimoto begins to hassle Sean on several occasions and even beats up his friend Twinkie at school for allegedly stealing his phone. Eventually, Sean begins to adapt to street racing from Han's teaching and he ends up r",status:dead
852b9071d977,Danny Whizz-Bang,Peaky Blinders,status,https://peakyblinders.fandom.com/wiki/Danny_Whizz-Bang,1.0,dead,born: c. 1889 | died: 1919 (aged 30) | status: Deceased,"He briefly returned from London during in late 1919 in order to break out Freddie Thorne from transportation to jail, but was killed shortly after by Billy Kimber. He is put down by Freddie and Thomas, who tells him, ""You're not an artillery shell, Danny, you're a man.""

During one of his psychotic outburst, he unwittingly killed an Italian man who seemed to have criminal ties. The man's brothers demand Danny's death in retaliation, so Thomas appears to shoot him at the end of the episode.","Daniel Owen, known as Danny Whizz-Bang, was a former comrade of Thomas Shelby and a loyal member of the Peaky Blinders. Danny fought alongside Tommy in the war, but departed Birmingham shortly after their return, relocating to London while allowing everyone in Birmingham to believe him to be dead. He briefly returned from London during in late 1919 in order to break out Freddie Thorne from transportation to jail, but was killed shortly after by Billy Kimber. Character History History Danny was a member of the Peaky Blinders who served in France as a private with Thomas Shelby and Freddie Thorne. After the war, he began suffering from violent psychotic episodes where he believed he was still at war, earning him the nickname ""whizz-bang,"" after a term Allied soldiers used during and after the First World War to describe the noise made by German artillery shells. Through Thomas's nightmares, it was revealed that Danny was in the same deep dugout as Freddie and Thomas. As the German Tu",status:dead
b6d6f1b447a6,Mary Alice,The Matrix,status,https://matrix.fandom.com/wiki/Mary_Alice,1.0,dead,"died: July 27, 2022 (aged 85)","She portrayed The Oracle in The Matrix Revolutions, after the previous actor, Gloria Foster died from diabetes.","Mary Alice Smith (December 3, 1936 – July 27, 2022) known professionally as Mary Alice, was an American film, television, and stage actress. She portrayed The Oracle in The Matrix Revolutions, after the previous actor, Gloria Foster died from diabetes. The change of appearance in the movie was explained that the Oracle had to acquire a new shell, because The Merovingian had deletion codes of her previous shell at his disposal. ru:Мэри Элис Category:Actors",status:dead
9beaca40a417,Alexi,Alien vs Predator,status,https://avp.fandom.com/wiki/Alexi,1.0,dead,status: Deceased | species: Human (Formerly) Praetomorph | gender: Male,"He was later encountered by the elite unit known as the Jackals in one of Romashka Outpost's sewer tunnels, where he had been mutated into a malformed Praetomorph Stalker by the pathogen.EVAC

Appearances
EVAC

References

Category:EVAC characters
Category:Humans
Category:Scientists
Category:UPP citizens
Category:Deceased
Category:Mutants","Alexi was a specialist at the Romashka Outpost weapons development site on the Union of Progressive Peoples mining planet Shānmén. Biography Alexi was one of several physics professors, plasma engineers, and gunsmiths working under Kazimir Ilyasov at the outpost, where he served as Ilyasov's Assistant Engineer. Events on Shānmén During the mutagenic pathogen attack on Shānmén by a Juggernaut-class spaceship, Alexi went missing. He was later encountered by the elite unit known as the Jackals in one of Romashka Outpost's sewer tunnels, where he had been mutated into a malformed Praetomorph Stalker by the pathogen.EVAC Appearances EVAC References Category:EVAC characters Category:Humans Category:Scientists Category:UPP citizens Category:Deceased Category:Mutants",status:dead
64fc43652732,Anansi,Marvel Cinematic Universe,status,https://marvelcinematicuniverse.fandom.com/wiki/Anansi,1.0,dead,species: Human | gender: Male | DOD: September 2017 | actor: Sahr NgaujahDesmond Elisha Denis (young) | status: Deceased,"He was set on fire by Mariah Stokes, who eventually shot and killed him. McIver claimed that even if Stokes died, he was the only one who could take on Luke Cage and he needed powers for that. Anansi watched in horror as his friends and family were shot and killed around him.","Paul Mackintosh, also known as Anansi, was a Jamaican bushman who worked at and co-owned Gwen's and was the uncle and mentor of Bushmaster. He was set on fire by Mariah Stokes, who eventually shot and killed him. Biography Early Life Paul Mackintosh, otherwise known as Anansi, grew up in Jamaica. He often told stories to a little boy named John McIver, who had friends named Gideon Shaw and Sheldon. Saving John McIver's Life John McIver strolled the local market in Kingston when he was approached by Peter Stokes, who took out a gun and shot John at pointblank. Anansi rushed over to McIver and carried him across the jungle to a local bushwoman named Maddah Myrie. She took out Nightshade. Anansi asked if the substance would save him, but she told Anansi it would reveal him. McIver started screaming in pain as she used it, worrying Anansi. Eventually, his skin hardened and expelled the bullets. War for Harlem Life in New York Alongside his wife, Ingrid Mackintosh, Anansi opened Gwen",status:dead
c4dfe489e1fb,Saunders,James Bond 007,status,https://jamesbond.fandom.com/wiki/Saunders,1.0,dead,status: Deceased; crushed by Necros | portrayed: Thomas Wheatley,"As Saunders leaves the café, Necros, with precision timing, detonates an explosive device in the automatic sliding doors, causing the doors to slam shut with brute force, crushing Saunders to death instantly. Bond later finds a balloon saying ""Death to Spies"" and enraged, bursts it with his bare hands. Bond later avenges Saunders's murder by letting Necros fall to his death out of the back of a Cargo Plane over Afghanistan.","Saunders was the Head of Section ""V"" Vienna. An ally character portrayed by British actor, Thomas Wheatley, he appeared in the 1987 James Bond film, The Living Daylights. Biography Saunders is the mastermind behind General Koskov's defection, and is a rather typical British bureaucrat. He organized for Koskov to be smuggled from Czechoslovakia into Austria while supervising James Bond on sniper duty. He is offended when Bond changes the escape plan on his own, and fears not getting credit for planning the operation. He later threatens to tell M that Bond missed his shot at Kara Milovy on purpose. Following up on a lead James Bond gave him, Saunders meets Bond in a café at the Prater in Vienna to brief him on Whitaker and Koskov. His investigations have however made him a threat to Whitaker's plans and so Necros is sent to kill him. His murder is also meant to assure that British intelligence takes the apparently new ""Shmiert Shpionam"" seriously and falls for Whitaker's and Koskov's t",status:dead
d4d70c5ab141,M.B. Nash,Jurassic Park,status,https://jurassicpark.fandom.com/wiki/M.B._Nash,1.0,dead,"portrayed: Bruce A. Young | status: Deceased | died: July 16, 2001 | species: Human | gender: Male","He tried to crawl away, but was stepped on and crushed to death by the Spinosaurus' foot. (June 11, 2000)

In an early script written by Buchman, Udesky is the one who is originally killed by the Spinosaurus in the airplane crash. Trivia
When the Spinosaurus is attacking the plane, Nash's shotgun on his back changes to a rifle, then back to a shotgun before he is killed.","M.B. Nash was one of the mercenaries hired by Udesky to work for the Kirby family. He is a former master sergeant in some form of the U.S armed forces, according to his dog tags. He took Paul Kirby's satellite phone before he was eaten and devoured by the Spinosaurus. History He was the airplane pilot who flew the plane with the Kirbys to find Eric Kirby on Isla Sorna. Nash told Paul that he had spotted a landing strip, which caused Alan Grant to become upset. Alan tried to get to the front of the plane, but another mercenary named Cooper knocked him out. When Alan woke up, they had already landed. Alan left the plane and told Paul to make Amanda stop using a Loudhailer to call for her son Eric and her boyfriend, Ben Hildebrand. When Amanda asked why, Nash and Udesky came running out of the jungle. Nash quickly ran inside the plane and started it up as the others got inside. When Billy Brennan asked about Cooper, Udesky replied, ""Cooper's a professional! He can handle himself!"" As t",status:dead
e3109c8f8ec2,Abner Krill's Mother,DC Extended Universe,status,https://dcextendeduniverse.fandom.com/wiki/Abner_Krill's_Mother,1.0,dead,gender: Female | species: Human | status: Deceased | actor: Lynne Ashe,"She was eventually killed by Abner. Krill gathered the courage to kill his mother in self-defense when he felt that she was going to hurt him.The Suicide Squad - Deleted Scenes

Legacy

After her death, Abner hated his mother for what she did, having hallucinations seeing his mother in every face. When Polka-Dot Man was incarcerated in Belle Reve and joined Task Force X during the Corto Maltese mission, he imagined Starro as his mother but was killed afterwards.","The mother of Abner Krill was a former scientist of S.T.A.R. Labs, obsessed on turning her sons and daughters into superheroes. She was eventually killed by Abner. Biography Working for S.T.A.R. Labs Abner Krill's mother was a scientist who was obsessed on turning her sons and daughters into superheroes. Working for S.T.A.R. Labs, she infected Abner with an inter-dimensional virus that causes glowing polka dots and lumps to form on and under his skin, being the only survivor to the experiments. Krill gathered the courage to kill his mother in self-defense when he felt that she was going to hurt him.The Suicide Squad - Deleted Scenes Legacy After her death, Abner hated his mother for what she did, having hallucinations seeing his mother in every face. This was used by Polka-Dot Man to kill targets. When Polka-Dot Man was incarcerated in Belle Reve and joined Task Force X during the Corto Maltese mission, he imagined Starro as his mother but was killed afterwards. Relationships Fam",status:dead
a0b9e2c1a33f,Drove,The Hunger Games,status,https://thehungergames.fandom.com/wiki/Drove,1.0,dead,gender: Male,"After Glimmer killed the District 6 female, Drove collided with her and took the bag away from her. Death
thumb|left|A corpse at the bloodbath played by the same stuntman. The cannon signaling his death, likely at the hands of the Careers, woke Katniss and Rue in the morning on day eight.The Hunger Games, Chapter 16 Katniss didn't realize who it had been until she saw his picture during that evening's anthem recap.","Drove was the male tribute from District 10 who participated in the 74th Hunger Games. Biography 74th Hunger Games Reaping Drove was one of the few tributes that caught Katniss's attention while watching back footage from the reapings, due to his ""crippled foot"".The Hunger Games, Chapter 3 However, his disability was not present in the film and was played by a stunt actor.The Hunger Games (film) Tribute Parade thumb|left|The District 10 tributes in their parade costumes. In the film, Drove first appeared in the Tribute Parade with his district partner. They both wore golden cowboy hats, shirts, and pants, representing District 10's livestock industry. Later, once the chariots were parked, they could be seen talking to each other behind the District 12 chariot. Training During training in the film, Drove was shown practicing with a staff against a trainer, dodging and hitting each other's weapons as Katniss watched, impressed. After Peeta threw a heavy weight, he and the District 5 m",status:dead
bf048571db36,Daniel Faraday,Lost,status,https://lostpedia.fandom.com/wiki/Daniel_Faraday,1.0,dead,"Birth: late 1977 – early 1978 | Death: July 1977, after time jumps | DeathEp: ""The Variable"" | Actor: Jeremy Davies","He harbored romantic feelings for science team colleague Charlotte Lewis until her death from temporal displacement. Under unknown circumstances, he became a DHARMA Initiative scientist working in Ann Arbor but returned to the Island in 1977, where, after a frenzied attempt to change the past, he unwittingly was shot and killed by his mother, who was with The Others at the time. A being that undergoes time-transported consciousness, according to Daniel's explanation to Desmond, must identify a constant, something existing in both periods of time travel that can serve as an anchor for the being's consciousness; failure to find a constant results in instability of consciousness, and the resulting stress can lead to brain aneurysm  and eventual death.","Dr. Daniel Faraday was a physicist and professor who parachuted onto the Island from a helicopter sent by the freighter Kahana. He was distinguished by his polite demeanor and his scientific insight into the Island's mysterious properties. He was the son of Eloise Hawking and Charles Widmore, who were both former leaders of the Others. Faraday spent his entire adult life studying space-time. Daniel Faraday understood and explained how time travel would work, even according to real-world physics: ""Time is like a street. We can move forward, we can move in reverse, but we cannot ever create a new street. Whatever happened, happened.""Season 5, Episode 1: Because You Left This statement is the foundation of the whole 5th season, and it is never contradicted. His experiments with time travel debilitated his girlfriend and damaged his memory, forcing him to flee his Oxford professorship, but his illness was healed when he arrived on the Island. He harbored romantic feelings for science te",status:dead
5d87b5dce61e,Lester Morris,Supernatural,status,https://supernatural.fandom.com/wiki/Lester_Morris,1.0,dead,status: Deceased | actor: David Nykl,"Sam takes Lester to a crossroads and has him summon a crossroads demon into a devil's trap, but before Sam can intervene, Lester tells the demon Dar, that he wants his wife killed in retaliation. Category:Season 10 characters
Category:Humans
Category:Deceased
Category:Recurring Characters
Category:Characters who sold their soul
Category:Revenge Seekers","Lester Morris was a human who sold his soul to a crossroads demon. Biography History left|thumb|250x250px|Sam sitting in a bar talking to Lester Morris in flashback Lester's wife Mindy cheated on him by having a sexual relationship with someone in a bowling league. Distressed, Lester goes to drink in a bar where he is encountered by Sam, who offers him a way to solve his problem. Sam takes Lester to a crossroads and has him summon a crossroads demon into a devil's trap, but before Sam can intervene, Lester tells the demon Dar, that he wants his wife killed in retaliation. Season 10 thumb|250x250px|Demon Dean encounters Lester who ask why he is still here The demon Crowley gives Dean Winchester the task of killing Mindy, as a way of satisfying the Mark and fulfilling a task. Dean reluctantly agrees, somewhat, and goes to the house only to notice Lester parked outside. Dean enters the car, revealing his status as the demon hitman and asks why Lester is still here. Lester tells him th",status:dead
4b83c179d8f1,The Brothers Ferox,Spartacus,status,https://spartacus.fandom.com/wiki/The_Brothers_Ferox,1.0,dead,"first: S4E01: Dominus | last: S4E07: Deepest Wound | status: Deceased - Musicus, Balbus (Killed by Korris) Active - Satyrus | actor: Satyrus - Leigh GillMusicus - Mikey ThompsonBalbus - Daniel Bos",,"The Brothers Ferox are a half-men (dwarf) gladiator team comprising of the gladiators Satyrus, Musicus and Balbus from the House of Proculus who fight together in the arena. Appearance Personality House of Ashur References Category:Characters Category:House of Proculus Category:Gladiator",status:dead
05f02a43a540,Cameron Hayes,Sons of Anarchy,status,https://sonsofanarchy.fandom.com/wiki/Cameron_Hayes,1.0,dead,status: Deceased | cause of death: Strangled by Michael Casey | portrayed by: Jamie McShane | appearances: 12 Episodes (see below),"Cameron would become the Sons of Anarchy Motorcycle Club, Redwood Original's IRA point of contact after the death of McKeavy. Cameron betrayed the Sons, dealing to the Aryan Brotherhood behind their backs and after Edmond was killed, he would go rogue and kidnap the son of SAMCRO Vice President, Jackson ""Jax"" Teller and murder another SAMCRO member before fleeing back to Ireland. Cameron's wrongs would eventually catch up to him and he would be killed by his own for the chaos he had caused.","Cameron Hayes was a member of the True IRA on the FX original series Sons of Anarchy. Played by American actor Jamie McShane, Cameron makes his debut on the episode in season one. Playing a recurring role throughout the same and subsequent seasons. He served as a main antagonist in season two and the early episodes of season three, before meeting his demise in ""Oiled"". Biography Cameron Hayes had several cousins, including Michael McKeavey, Maureen Ashby, and the powerful IRA consigliere Father Kellan Ashby, as well as a son, Edmond, all of whom were involved with the IRA. He spent most of his time in Northern Ireland, rarely coming stateside. Nevertheless, he was wanted on four continents. Cameron would become the Sons of Anarchy Motorcycle Club, Redwood Original's IRA point of contact after the death of McKeavy. SAMCRO was a good customer of the IRA and would purchase automatic weapons from them to sell in the US. Cameron betrayed the Sons, dealing to the Aryan Brotherhood behind",status:dead
8200e1cc2c56,Harpe Brothers,Dexter,status,https://dexter.fandom.com/wiki/Harpe_Brothers,1.0,dead,status: '''Deceased''' | gender: '''Male''' | actor: '''N/A''',"They are believed to have killed 39 people, and possibly as many as 50. As the Harpes' crimes gained notoriety, vigilante groups formed to avenge their victims, and they were eventually tracked down and executed around the turn of the century. Category:Deceased
Category:Deceased (Resurrection)
Category:Serial Killers
Category:Spree Killers
Category:Indexter
Category:Killing Teams","Micajah ""Big"" Harpe, born Joshua Harper (before 1768 – August 24, 1799), and Wiley ""Little"" Harpe, born William Harper (before 1770 – February 8, 1804), were American murderers, highwaymen and river pirates who operated in Tennessee, Kentucky, Illinois and Mississippi in the late 18th century. They are often considered the earliest documented serial killers in United States history. Loyal to the British Crown during the American Revolution, the Harpes became outlaws after the war and began robbing and killing settlers in the remote frontier west of the Appalachian Mountains. They are believed to have killed 39 people, and possibly as many as 50. As the Harpes' crimes gained notoriety, vigilante groups formed to avenge their victims, and they were eventually tracked down and executed around the turn of the century. Their savagery has since entered American folklore, appearing to have been motivated more by blood lust than financial gain. Though many accounts identify the two as ""broth",status:dead
ae06c6f336a3,Sierra,The 100,status,https://the100.fandom.com/wiki/Sierra,1.0,dead,gender: Female | status: Deceased | cause of death: Mind wiped | portrayed by: Kat Ruston | seasons: Six,"Her husband's physical body is killed as Kane floats himself shortly thereafter. Relationships 

 Appearances 

 Quotes 

 Killed Victims 

 Notes and Trivia 

Her physical body suffered the same death in The Blood of Sanctum as her husband's body did in What You Take With You. Gallery 

 See Also 

 References 

Category:Female Characters
Category:Characters
Category:Recurring Characters
Category:Deceased
Category:Sanctumites
Category:Hosts
Category:Nightbloods","Sierra was a recurring character in the sixth season. She was portrayed by Kat Ruston and debuted in ""The Old Man and the Anomaly."" She was a royal guard for the Primes before being mind wiped to become Miranda Mason. Early life She was born in Sanctum with red blood. Being a null she couldn't become anyone special, so she became a royal guard. She at one point also married a man named Gavin. Throughout the Series In The Old Man and the Anomaly, she escorts her husband to Eligius IV as he volunteered to be the host for Marcus Kane. She spends one last moment with him before he literally becomes another person. In What You Take With You, Kane realizes she knew Gavin and asks Sierra what was her relationship to him. Sierra answers that Gavin was her husband, but that he was willing to give himself so Kane would keep living, believing that was his purpose. This only makes Kane angry. He has an outburst about the Primes hiding the truth from their people about how they murder the ",status:dead
b07fa4d78176,Margrethe,Vikings,status,https://vikings.fandom.com/wiki/Margrethe,1.0,dead,"actor: Ida Marie Nielsen | status: *Deceased | seasons: Season 4, Season 5 | first: ''The Outsider'' | last: ''Murder Most Foul''","Shaking in fear, Margrethe says that he's the most brutal man she's ever met and that he almost killed her. Back in Kattegat she still wants to be Queen and plots against Ivar causing her death. Gallery 

 Appearances 

fr:Margrethe
it:Margrethe
Category:Characters
Category:Female Characters
Category:Season 4 Characters
Category:Season 5 Characters
Category:Servants
Category:Princesses
Category:Deceased Characters
Category:House of Lothbrok
Category:Norwegian","Margrethe is a slave in Kattegat who is freed by Ubbe in order to marry her. Biography Season 4 Margrethe is a young teenage slave owned by Aslaug; her sons (apart from Ivar) all use her as a shared lover, something that Margrethe seems content with. She is first seen having sex with Ubbe inside a barn, while Ivar secretly watches. Smiling and satisfied, Ubbe asks for her name, which she provides, returning her answer with a small chuckle. Ivar continues to watch her as she has passionate sex in the forest, first with Hvitserk, then with Sigurd. Jealous, Ivar speaks to his brothers about losing his virginity to the same girl; Hvitserk replies that he can have sex with any slave he likes, while Ubbe insists on asking her since she is still a person and not livestock. Ivar gets his wish and the brothers procure Margrethe to have sex with him, leaving an insecure Ivar alone in bed. Margrethe approaches Ivar and tells him not to be afraid. She kisses him and he hesitantly kisses her ba",status:dead
6858282b72b9,Lyle Wainfleet,Avatar,status,https://james-camerons-avatar.fandom.com/wiki/Lyle_Wainfleet,1.0,dead,"died: August 23, 2154 | status: Deceased | species: Human | gender: Male | portrayed: Matt Gerald | first: ''Avatar'' | last: ''Avatar: The Way of Water''","Fall of Hometree
When the Na'vi destroyed several bulldozers and killed the human soldiers on patrol in retaliation for the bulldozing of the Trees of Voices, one of the Omatikaya clan's most sacred places, Wainfleet reported the scene of the attack to Quaritch and Parker Selfridge, leading to the Fall of Hometree. However, after Pandora's local wildlife entered the fray, he was killed when a hammerhead titanothere rammed into his AMP suit and then crushed him under one of its feet. Lyle and Sean fought and died during the Battle of Ayram Alusìng.","Corporal Lyle Wainfleet was a human mercenary who worked for the RDA as a Sec-Ops corporal. As a member of Sec-Ops, Wainfleet's duties included guarding the Hell's Gate compound and commanding an AMP suit company. He also served as one of Trudy Chacón's door gunners on her Samson. In 2170, Wainfleet's duplicated consciousness was downloaded into a clone Recombinant body as part of Project Phoenix.Avatar: The Way of Water Biography Wainfleet was employed by the RDA as a Sec-Ops soldier. He eventually became second in command of the Hell's Gate security forces, serving directly under Colonel Miles Quaritch. Assisting SciOps (Avatar) thumb|left|250px|Wainfleet defending the avatar team. Wainfleet was present during various critical events during the hostile takeover of Pandora by the RDA. He was the additional non-avatar security on Dr. Grace Augustine's sample-collecting expedition. Originally assuming to be heading out with the science team, Grace dismissed him, feeling that ""one idi",status:dead
2561c0192955,Jack Fensky,Breaking Bad / Better Call Saul,status,https://breakingbad.fandom.com/wiki/Jack_Fensky,1.0,dead,Portrayed by: Billy Malone | Status: Deceased | Causeofdeath: Shot in the head by Mike Ehrmantraut,"Jack Fensky is a corrupt Philadelphia police officer who, alongside Troy Hoffman, murdered Matt Ehrmantraut and later attempted to kill his father, Mike, after he discovered their role in Matt's death. However, both Fensky and Hoffman became scared that Matt would rat them out, so they set up an ambush and shot Matt to death. The two covered their tracks perfectly and they were never suspected in murdering him and it was thought that Matt was killed by some junkie with a gun.","Jack Fensky is a corrupt Philadelphia police officer who, alongside Troy Hoffman, murdered Matt Ehrmantraut and later attempted to kill his father, Mike, after he discovered their role in Matt's death. History Background Jack Fensky was police sergeant of the Philadelphia Police department and was one of the many corrupt officers. He was a close comrade to Mike and Matt Ehrmantraut and Troy Hoffman. At some point, Hoffman offered Matt dirty money, which Matt denied. Fensky later pressed Matt on taking the money, which he did after a period of contemplation. However, both Fensky and Hoffman became scared that Matt would rat them out, so they set up an ambush and shot Matt to death. The two covered their tracks perfectly and they were never suspected in murdering him and it was thought that Matt was killed by some junkie with a gun. However, after months of investigation, Matt's father, Mike, put the pieces together and discovered Fensky and Hoffman were the real killers and set out to ",status:dead
9718885e4fa6,John Scalise,Boardwalk Empire,status,https://boardwalkempire.fandom.com/wiki/John_Scalise,1.0,dead,Death: May 7 1929,,John Scalise with partner Albert Anselmi was one of the Chicago Outfit's most successful hitmen. Category:Gangsters Category:Criminals Category:Italian people Category:Chicago,status:dead
d7d68b1fcba9,Wanahton,Westworld,status,https://westworld.fandom.com/wiki/Wanahton,1.0,dead,status: Decommissioned (consciousness active in the Valley Beyond) | species: Host | gender: Male | actor: Martin Sensmeier | seasons: Season Two,,"Wanahton is a character in HBO's Westworld. He is a Host and member of the Ghost Nation. Wanahton is played by Martin Sensmeier. Background TBA Season Two TBA Personality TBA Relationships TBA Trivia Martin Sensmeier appeared in an episode of Season 1, The Original, beforehand playing an uncredited Native warrior. fr:Wanahton ru:Ванатон Category:Characters Category:Male characters Category:Hosts Category:Ghost Nation Category:Conscious Hosts",status:dead
cc243f74208c,Impactor TFP,Transformers,status,https://transformers.fandom.com/wiki/Impactor_TFP,1.0,dead,species: Cybertronian | status: Offline | gender: Male | first: ''Loose Cannons'' (mentioned),"History
Impactor died fighting during the Great War along with his fellow Wreckers. It is likely that this occurred before he perished, or possible that he survived and was only thought to be dead. References

Category:Wreckers
Category:Autobots
Category:Deceased Characters
Category:Characters

Category:Combiners
Category:Soldiers
Category:Possibly Deceased Characters
Category:Males
Category:Fall of Cybertron Autobots","Impactor is an Autobot Wrecker. He and his four Wrecker comrades form and combine into Ruination. History Impactor died fighting during the Great War along with his fellow Wreckers. His name was mentioned by Wheeljack in his conversation with Bulkhead.Loose Cannonsframe|left|Wait i'm still alive! In the Rage of the Dinobots comic, he is heard leading a small group of Autobot ships leaving Cybertron. It is likely that this occurred before he perished, or possible that he survived and was only thought to be dead. Trivia thumb|288px|The figure is based off his presumed appearance during the War for and Fall of Cybertron games.Despite only being mentioned in the series once, Impactor received a toy during an accompanying Transformers toyline at the same time of Transformers Prime's airing. References Category:Wreckers Category:Autobots Category:Deceased Characters Category:Characters Category:Combiners Category:Soldiers Category:Possibly Deceased Characters Category:Males Category:Fa",status:dead
f3a6bf7e77d6,Dickie Moltisanti,The Sopranos,status,https://thesopranos.fandom.com/wiki/Dickie_Moltisanti,1.0,dead,"status: Deceased | gender: Male | portrayed by: Alessandro Nivola | dod: December, 1972 (aged 38), Newark, New Jersey","After a brief time during which he acted as a mentor to young Tony Soprano, Dickie was murdered in 1972 under the order of Junior. He also spent a few years in prison, where he had a feud with a gangster named Jilly Ruffalo, who murdered Dickie's cellmate. When his father denies hitting Giuseppina and insults both her and Lena, Dickie beats him to death in a rage.","alt=|thumb|Dickie visiting his uncle Sally Moltisanti and looking to accomplish a ""good deed"", New Jersey c. 1967 Richard ""Dickie"" Moltisanti, was a Soldier, and later Capo, in the DiMeo Crime Family, and the main character of The Many Saints of Newark. He married Joanne Moltisanti (née Blundetto) and they had a son, Christopher. Dickie was also a cousin of Carmela Soprano (née DeAngelis). After a brief time during which he acted as a mentor to young Tony Soprano, Dickie was murdered in 1972 under the order of Junior. Backstory Dickie was born to Aldo ""Hollywood Dick"" Moltisanti, and Lena Moltisanti, and had at least one brother. Hollywood Dick was abusive to both Dickie and his mother, he'd beat her in front of him, and sometimes pushed her down the stairs, something he would resent his father for, but still maintained a good relationship with him. Growing up, Dickie was good friends with Harold McBrayer, a local African-American boy, whom he played baseball with, he also became f",status:dead
15ea4bb74bc4,Thatcher Grey,Grey's Anatomy,status,https://greysanatomy.fandom.com/wiki/Thatcher_Grey,1.0,dead,"died: 2018; Seattle, Washington | status: Deceased | seasons: '''GA:''' 2, 3, 4, 5, 6, 7, and 15 | portrayed by: *Jeff Perry *John Ainsworth ''(flashback)''","(""Don't Stand So Close to Me"")

Family Dinner
When Ellis died, Susan and Thatcher came to the hospital to check on Meredith, to make sure she was okay. (""Scars and Souvenirs"")

Susan's Death
Thatcher came to the hospital with Susan when she had prolonged acid reflux and persistent hiccups. Despite their best efforts, she died in surgery.","Thatcher Grey was the father of Meredith, Lexie, and Molly Grey. He originally married Ellis Grey, but they divorced and he later married Susan Grey. History Early Life Very little is known about Thatcher Grey's history. At some point, he met and fell in love with Ellis Grey. After their wedding, they had Meredith Grey. When Meredith was five, Ellis left Thatcher. Some time after their divorce, he met Susan Grey, married her, and had two daughters (Lexie Grey and Molly Grey). He did not try to contact Meredith during the time of their 20-year estrangement. However, he remarried and when they ended up back at Seattle Grace Hospital when Molly was pregnant, Susan, Thatcher's new wife, encouraged them to bond. Meredith's Visit After the realization that she didn't want to make confessional tapes on her deathbed, Meredith looked up her father's address and went to visit him. She asked him why he didn't try harder to stay with her mother and why he just left. He asked if there was anythi",status:dead
0dd969be8ce4,Devar Manigault,The Wire,status,https://thewire.fandom.com/wiki/Devar_Manigault,1.0,dead,"actor: Cyrus Farmer | birth: August 6th, 1969 | death: November 19, 2006","Shortly after Devar is released from prison he is savagely beaten to death by Chris Partlow at Michael's behest. Production
Appearances

 References 

Category:Characters
Category:Season 4 Characters
Category:Deceased
Category:Killed by Christopher Partlow","Devar Manigault was the partner of Raylene Lee, the father of Aaron Manigault, and the stepfather of Michael Lee. Biography Season 4 Devar Manigault is Raylene Lee's domestic partner, father to her younger son Aaron ""Bug"" Manigault. Fans frequently refer to him as the stepfather of Raylene's older son Michael Lee, though he never actually married her. Devar is feared by Michael and it is implied that Michael suffered sexual abuse by Devar. Shortly after Devar is released from prison he is savagely beaten to death by Chris Partlow at Michael's behest. Because Chris leaves DNA at the crime scene, he is ultimately arrested for this murder. Production Appearances References Category:Characters Category:Season 4 Characters Category:Deceased Category:Killed by Christopher Partlow",status:dead
7f65d4c82a7a,Derek (Comic Series),The Walking Dead,status,https://walkingdead.fandom.com/wiki/Derek_(Comic_Series),1.0,dead,gender: Male | status: Dead | first: Issue 75 | last: Issue 78,"He and his men tried to penetrate Alexandria, but ultimately failed and were killed. His death and his group's fall proved to be the catalysts for the events of Volume 14: No Way Out. Rick tells him that he should walk away, or he will face a horrible death.","Derek is an antagonist and a survivor of the outbreak in Image Comics' The Walking Dead. He is the leader of a group called the Scavengers. He and his men tried to penetrate Alexandria, but ultimately failed and were killed. He served as one of the two primary antagonists of Volume 13: Too Far Gone (along with Peter Anderson). His death and his group's fall proved to be the catalysts for the events of Volume 14: No Way Out. Overview A rather inelegant and mildly charismatic but brutal man, Derek is the snide leader of the D.C. Scavenger group. He is shown to have complete authority over the other members of the group. He shows high disregard for the people of Alexandria's lives and will do whatever it takes to get inside, saying he and his group are desperate, most likely from living in the downtown D.C. area. He is also extremely cocky, thinking he could get the jump on Rick's group by just walking up to the front gate. His cockiness and arrogance prove to be his and his group's dow",status:dead
626c65db41cf,Sarah Davies,Mission: Impossible,status,https://missionimpossible.fandom.com/wiki/Sarah_Davies,1.0,dead,gender: Female | status: Deceased,"She was a field operative of Jim Phelps's Impossible Mission Force team who is murdered in the opening mission. Mission in Prague and Death 
In 1996, Sarah participates in a mission in Prague, Czech Republic, to prevent a NOC of the IMF from being stolen and sold on the black market. However, their colleagues begin to be killed and Jim Phelps orders the entire team to retreat.","Sarah Davies (March 23, 1963 – March 13, 1996) was a supporting protagonist appearing in the 1996 action/thriller film Mission: Impossible. She was a field operative of Jim Phelps's Impossible Mission Force team who is murdered in the opening mission. Biography Early life According to the briefing tape sent to Jim Phelps in the opening of the film, Sarah Davies was born on March 23, 1963, is an English national and have a relative named Martin James Davies (who is possibly her father or her husband). Mission in Prague and Death In 1996, Sarah participates in a mission in Prague, Czech Republic, to prevent a NOC of the IMF from being stolen and sold on the black market. Under the codename of Sarah Walker, the agent infiltrates a party and follows the traitor agent Alexander Golitsyn with Ethan Hunt. However, their colleagues begin to be killed and Jim Phelps orders the entire team to retreat. Disobeying this order, Sarah continues to follow Golitsyn in the street and is stabbed ",status:dead
ae62346b0a75,Louis Zehner,Ozark,status,https://ozark.fandom.com/wiki/Louis_Zehner,1.0,dead,species: Human | gender: Male | status: Deceased,"He laundered money for Camino Del Rio before he was replaced by Marty Byrde and killed by two of Del Rio's henchmen for being an FBI informant. Category:Characters
Category:Males
Category:Deceased","Louis Zehner is a minor character and appears in Kaleidoscope. He laundered money for Camino Del Rio before he was replaced by Marty Byrde and killed by two of Del Rio's henchmen for being an FBI informant. They strangled him and then cut both of his eyes out, right in front of Marty and Bruce Liddell. His eyes would later be saved by Del Rio and mailed years later to Marty and Wendy's new house in the Ozarks to intimidate them. Category:Characters Category:Males Category:Deceased",status:dead
aab638e063b1,Barbara Holland,Stranger Things,status,https://strangerthings.fandom.com/wiki/Barbara_Holland,1.0,dead,status: Deceased | gender: Female,"Eventually, it was revealed that she had been killed by the Demogorgon. In 1984, following an acknowledgment of Hawkins Lab's involvement in her death, she was given a proper funeral. The Demogorgon sadistically allowed Barb to almost leave, but dragged her back into the pool and mauled her to death.","Barbara ""Barb"" Holland was a recurring character in the first season of Stranger Things. She was portrayed by Shannon Purser. Barb was the best friend of Nancy Wheeler. In late 1983, Barb mysteriously vanishes, which leads Nancy and Jonathan Byers to investigate her disappearance. Eventually, it was revealed that she had been killed by the Demogorgon. In 1984, following an acknowledgment of Hawkins Lab's involvement in her death, she was given a proper funeral. History Background thumb|left|100px|Nancy's photos of her and Barb. thumb|left|100px|Family portraits of Barb. Barbara ""Barb"" Holland was born on September 13, 1967, to Mr. and Marsha Holland. Around 1974, when Barb began first grade, she became best friends with Robin Buckley. The two would often imagine escaping Hawkins and exploring the world on adventure. However, around 1979, when the girls began sixth grade, Barbara had met a popular girl named Nancy Wheeler at an unspecified school club and eventually drifted apart from",status:dead
2c65109a1dc9,Picante Balls,The Boys,status,https://the-boys.fandom.com/wiki/Picante_Balls,1.0,dead,species: Supe | gender: Male | status: Deceased (killed by Homelander),"Before being killed by Homelander, Picante Balls hugged Flashback. Category:Male Characters
Category:The Boys Presents: Diabolical Characters
fr:Couilles piquantes
Category:Deceased
Category:Characters Killed by Homelander
Category:Supes victims
Category:Supes","is a character in the animated anthology series, The Boys Presents: Diabolical. He appears in the episode, An Animated Short Where Pissed-Off Supes Kill Their Parents. The Boys Presents: Diabolical Picante Balls resided at the Red River Assisted Living for the Gifted Child where he can melt things with his testicles which are covered by a heat-proof undergarment when not in use. In ""An Animated Short Where Pissed-Off Supes Kill Their Parents"", Picante Balls assisted Ghost in her campaign to take revenge on their parents. Picante Balls ambushed his dad's dinner with two girls and used his hot testicles on his neck. Before being killed by Homelander, Picante Balls hugged Flashback. Powers and Abilities Powers Heat Generation: Picante Balls can generate heat from his testicles. Superhuman Hearing: Picante Balls possesses superhuman hearing, allowing him to hear better than humans. Like all Supes, he can hear higher frequencies that humans cannot. Category:Male Characters Catego",status:dead
f36510209d19,Stuart Tuxhorn,Prison Break,status,https://prisonbreak.fandom.com/wiki/Stuart_Tuxhorn,1.0,dead,played by: Steve Tom | death: 2005,"Apparently Whistler did not know Tuxhorn was already a Company administrator, and the General had Whistler murdered by Wyatt. Appearances

Trivia
2 Scylla card-holders died in back-to-back episodes. Although Stuart was killed by Ralph, his dead was ordered by Krantz, making him also responsible for his death.","Stuart Tuxhorn was a Scylla cardholder and a high-ranking official of The Company. Biography Season 4 After Whistler stole and copied the first Scylla card, and handed the original off to Tuxhorn and gave the copy to General Krantz. Apparently Whistler did not know Tuxhorn was already a Company administrator, and the General had Whistler murdered by Wyatt. Under the orders of Don Self, Michael Scofield and the gang used Tuxhorn's maid to carry Roland's device into Tuxhorn's house and copy the device. Because she left it in the house, Scofield and Mahone had to break in and collect the device. Appearances Trivia 2 Scylla card-holders died in back-to-back episodes. The first one was Griffin Oren in The Mother Lode and then Stuart Tuxhorn in VS. It's never revealed if Stuart was a member of Christina Scofield's gang. Although Stuart was killed by Ralph, his dead was ordered by Krantz, making him also responsible for his death. See also Stuart Tuxhorn's unknown party Category:Crimina",status:dead
0c4882eb1a9e,Sebastian Miro,Fast & Furious,status,https://fastandfurious.fandom.com/wiki/Sebastian_Miro,1.0,dead,gender: Male | actor: Christian Lanz | status: Deceased,"History

 Relationship 
 Allies 
Dominic Toretto's Crew
Dominic Toretto
Letty Ortiz
Cam Stone
Vienna Cole

Enemies
Emil Elias Ormstrid
Kai † (killer)

References

Category:Characters
Category:Fast & Furious: Crossroads characters
Category:Deceased
Category:Street racers
Category:Males
Category:Toretto's crew",Sebastian Miro was a Barcelona street racer and mechanic. History Relationship Allies Dominic Toretto's Crew Dominic Toretto Letty Ortiz Cam Stone Vienna Cole Enemies Emil Elias Ormstrid Kai † (killer) References Category:Characters Category:Fast & Furious: Crossroads characters Category:Deceased Category:Street racers Category:Males Category:Toretto's crew,status:dead
8e8e05cfc75a,Father Hughes,Peaky Blinders,status,https://peakyblinders.fandom.com/wiki/Father_Hughes,1.0,dead,"born: c. 1870s, Ireland | died: 1924, Birmingham, England | status: Deceased","Michael kills Hughes by viciously stabbing him to death. Following the abduction of Tommy's son, Hughes was confronted and killed by Michael Gray. Appearances 

 Peaky Blinders series 

 Series 3 

 Episode 3.2
 Episode 3.3
 Episode 3.4
 Episode 3.5 (mentioned)
 Episode 3.6

 Series 4 

 Episode 4.1 The Noose (indirectly mentioned)

 Untitled Peaky Blinders sequel series (possibly mentioned) 

 Image Gallery 
Category:Characters
Category:Series 3 Characters
Category:Status: Deceased
Category:Enemies
Category:Members of Section D
Category:Secondary Characters","Father John Hughes is a priest and an agent of the Economic League. As the overseer of the League's plot to coerce Thomas Shelby into realizing their goal of inciting a conflict between Great Britain and the Soviet Union, he serves as the main antagonist of Season 3 of Peaky Blinders. Character History Background Father Hughes was an Irish priest involved in many different groups, including the Russians, the Economic League, and the church in Birmingham. Series 3 · 1924 Thomas came to suspect that Father Hughes was a double agent, seemingly working for the British Crown and with the politically White Russians but reporting to the Communist Russians. This was only partially true. Hughes does represent the Crown and was acting under orders to report to the Reds because they wanted to provoke an attack on British soil, which would break diplomatic relations with the Communists. After Tommy accuses him of being a Soviet informant, Hughes extorts Tommy into publicly apologizing by ",status:dead
eb3cc4754ef6,Plato,The Matrix,status,https://matrix.fandom.com/wiki/Plato,1.0,dead,born: 428/427 or 424/423 BC | died: 348/347 BC,,"Plato (Ancient Greek: Πλάτων) was an ancient Greek philosopher. His Allegory of the Cave is a strong influence on the concept of the Matrix. Allegory of the Cave The Allegory of the Cave, sometimes called Plato's Cave, explores the themes of reality and perception. Proposing that our perception of reality is not truth. Plato describes a group of people who have lived chained to the wall of a cave all of their lives, face a blank cave wall. The people, or prisoners, watch shadows projected on the wall from objects passing in front of a fire behind them. These shadows are given names and are reality to the prisoners. In the allegory, Plato goes on to describe the exit from the cave. Proposing that a single prisoner is somehow freed. Plato then describes their journey towards truth. According to Plato, once free the former prisoner will look around. Plato claims that the prisoner would see the fire first and not the objects. Plato writes: ""... it would hurt his eyes...""Plato. Ro",status:dead
119d9c4ba4b6,Berserker (LV-412),Alien vs Predator,status,https://avp.fandom.com/wiki/Berserker_(LV-412),1.0,dead,gender: Male | status: Deceased,"After the Jungle Hunter killed all of the Xenomorphs, the Berserker jumped into the Arena himself and quickly defeated the Jungle Hunter. Equipment 
 Bio-helmet
 Wristblades x2
 Wrist gauntlet
 Self-Destruct Device
 Cloak
Appearances

pl:Berserker (LV-412)
ru:Берсерк (LV-412)
es:Berserker Predator (LV-412)
Category:Super Predator individuals
Category:Deceased
Category:Predators featured in video games
Category:AVP: Evolution characters
Category:Chestburster victims
Category:Xenomorph killers
Category:Yautja individuals
Category:Predalien hosts
Category:Clan leaders
Category:Bad Bloods
Category:Antagonists","A Berserker Super Predator was a member of the Super Predator Clan on LV-412. The Berserker seemed to be a leader of sorts for the clan. At some point, the clan gained the ability to control s by capturing a Queen. However, some Xenomorphs, including a Drone, managed not to be controlled by the Super Predators due to being born outside the hive. The Drone eventually managed to fight through the Berserker's Super Predators and defeated him in the Temple Arena, freeing its Hive. Biography The Berserker seemed to serve as a leader of sorts for the Super Predator Clan on LV-412, being the last Super Predator a Drone had to face to free its Hive. At some point, the clan captured a Xenomorph Queen, which allowed them to control most of her Hive's Xenomorphs. However, some Xenomorphs, including the Drone, managed to not be controlled by the Super Predators. After gaining control of Xenomorphs, the clan captured a Jungle Hunter and forced him into the Temple Arena on LV-412 to serve as a te",status:dead
2f42bc110fec,Taserface,Marvel Cinematic Universe,status,https://marvelcinematicuniverse.fandom.com/wiki/Taserface,1.0,dead,gender: Male | DOD: October 2014 | actor: Chris Sullivan | status: Deceased,"Taserface, allying with Nebula had the Ravagers loyal to Udonta executed, and imprisoned Udonta, Kraglin Obfonteri and Guardians Rocket and Groot in the brig of the Eclector. When they made their escape, Taserface relayed an emergency message to the Sovereign in tipping off their location, before he was killed in the Eclector’s destruction. Any Ravager members that had sided with Udonta, including Tullk and Oblo, were executed by being released into space.","Taserface was a Ravager mercenary and a lieutenant in the Yondu Ravager Clan. In 2014, following Yondu Udonta's exile established by Stakar Ogord, Taserface led a mutiny against Udonta, claiming he was not a suitable Ravager captain. Taserface, allying with Nebula had the Ravagers loyal to Udonta executed, and imprisoned Udonta, Kraglin Obfonteri and Guardians Rocket and Groot in the brig of the Eclector. When they made their escape, Taserface relayed an emergency message to the Sovereign in tipping off their location, before he was killed in the Eclector’s destruction. Biography Christmas Presents One December, Peter Quill wrapped a present for Taserface whilst trying to re-create Christmas, although the gift was thrown away by Yondu Udonta before Taserface could unwrap it. Ravager Mutiny Gaining Ravager Support |Taserface enacts his rebellious plans Taserface, along with Yondu Udonta faction of Ravagers, went to the Iron Lotus to relax. Taserface watched as Stakar Ogord reminded U",status:dead
34256266d7fe,Mrs. Whistler,James Bond 007,status,https://jamesbond.fandom.com/wiki/Mrs._Whistler,1.0,dead,status: Deceased; drowned | portrayed: Margaret Lacey,"References

fr:Mme Whistler
Category:James Bond Characters
Category:Film Characters
Category:Diamonds Are Forever (film) Characters
Category:Villains
Category:Henchmen
Category:Female Characters
Category:Smugglers
Category:Minor Characters
Category:SPECTRE Collaborators
Category:British
Category:Deceased Characters
Category:Characters Killed by Mr.","Mrs. Whistler was a missionary teacher operating in Africa. She was also a diamond smuggler working indirectly for the criminal organisation, SPECTRE. Portrayed by British actress Margaret Lacey, the character served as a minor antagonist in the 1971 James Bond film, Diamonds Are Forever. Biography Though ostensibly a kindly missionary teacher who taught children in Africa, Mrs. Whistler moonlighted as a smuggler, transporting diamonds off the continent in a hollowed-out Bible. Unbeknownst to the smugglers, the gemstones were being used to construct an orbital laser weapon; commissioned by criminal mastermind, Ernst Stavro Blofeld. With construction nearing completion, Blofeld dispatched assassins Mr. Wint and Mr. Kidd to tie-up loose ends by murdering the pipeline's members. After delivering her contraband to fellow smuggler Tiffany Case, Mrs. Whistler was the third to be targeted by the pair of murderers; who drowned her in a canal in Amsterdam, The Netherlands. Gallery Trivia A s",status:dead
5991929b86e3,Juan,Jurassic Park,status,https://jurassicpark.fandom.com/wiki/Juan,1.0,dead,appearances: ''Jurassic World: Aftermath'' | species: Human | gender: Male | portrayed: Ian O'Donnell | status: Deceased | died: 2017,"Gallery

Category:Humans
Category:Male characters
Category:Jurassic World: Aftermath Characters
Category:Deceased characters
Category:Characters
Category:Unseen Characters","Juan was the pilot of the plane at the start of Jurassic World: Aftermath, alongside his co-pilot Carlos on their mission to Isla Nublar alongside their passengers, Amelia Everett and Sam. History When the plane was attacked by Pteranodons, it crashed somewhere in the abandoned Jurassic World park. Juan survived the crash and called out to Carlos, who did not respond at all and also called to Sam. He seemed to be stuck under something, but was later devoured by the Tyrannosaurus rex, Rexy. Characteristics Juan was a serious and devoted pilot, who did not tolerate distractions. He was also a caring individual. Gallery Category:Humans Category:Male characters Category:Jurassic World: Aftermath Characters Category:Deceased characters Category:Characters Category:Unseen Characters",status:dead
94882c80ce15,Alura,DC Extended Universe,status,https://dcextendeduniverse.fandom.com/wiki/Alura,1.0,dead,species: Kryptonian | status: Deceased | gender: Female,"Relationships
Family
Zor-El † - Husband
Kara Zor-El - Daughter

References

External Links

es:Alura

Category:Kryptonians
Category:Scientists
Category:Deceased Characters
Category:Comic Characters
Category:Females","Alura was a scientist on Krypton and a member of the Kryptonian Thinker Guild. Biography Alura lived as a scientist on Krypton, having a daughter, Kara, with her husband Zor-El. They raised Kara to become a successful pilot, and she took part in Krypton's colonization of other planets, graduating top of her class. Alura and Zor-El congratulated her for bringing prestige to their family and wished her luck on her mission. She and her husband later watched as the ships bound for outer space left Kandor for the unknown. Relationships Family Zor-El † - Husband Kara Zor-El - Daughter References External Links es:Alura Category:Kryptonians Category:Scientists Category:Deceased Characters Category:Comic Characters Category:Females",status:dead
143b6c989e91,Lamina,The Hunger Games,status,https://thehungergames.fandom.com/wiki/Lamina,1.0,dead,gender: Female,"She died on the third day of the Games and finished in 10th place of the 24 tributes (though only 15 tributes made it to the start of Day 1 of these Games). She was preceded in death by Jessup Diggs, the male tribute from District 12, and succeeded by Tanner, the District 10 male. Here is where the District 2 male tribute, Marcus, was left hanging near death after being strung up pre-games by the Capitol Peacekeepers.","Lamina was the female tribute reaped from District 7 during the 10th Hunger Games. She died on the third day of the Games and finished in 10th place of the 24 tributes (though only 15 tributes made it to the start of Day 1 of these Games). She was one of the few tributes to not be in a known direct alliance with their fellow reaped district partner (in her case, Treech). She was preceded in death by Jessup Diggs, the male tribute from District 12, and succeeded by Tanner, the District 10 male. Her mentor was Pliny Harrington, nicknamed Pup. Biography alt=Lamina crying at the reaping.|left|thumb|Lamina crying at the reaping. Lamina grew up in District 7, likely becoming familiar with how to effectively use an ax, and became her district's female tribute in the reaping for the 10th Hunger Games.The Ballad of Songbirds and Snakes, Chapter 7 Along with the other tributes, Lamina was taken to the Capitol in the back of a cattle car train. From there, she was dumped into the monkey house at",status:dead
4f40ab60e311,Regina,Lost,status,https://lostpedia.fandom.com/wiki/Regina,1.0,dead,Actor: Zoë Bell | Death: 26 December 2004 | First: ''(voice)'' | Status: Deceased,"Post-death
Gault referenced her death when warning Keamy that he may be suffering from the same sickness. Regina, along with Minkowski, were only heard over the phone for three episodes, then died mysteriously in their first actual episode appearances. ar:ريجينا
de:Regina
es:Regina
fr:Regina
it:Regina
pl:Regina
pt:Regina
ru:Регина
zh:Regina
Category:Season 4 characters
Category:Deceased Characters
Category:Freighter","Regina was a crew member aboard the Kahana. On the freighter Days 92–96 (Season 4) On the Kahana, Regina was only seen to be working as a communications officer, though it is unknown whether this was her primary job on the freighter. She likely took over the job when George Minkowski became ill as a result of being unstuck in time, becoming unfit for such a demanding job. Regina shared a satellite phone conversation with Miles when he demanded to talk to Minkowski, but Regina explained that he could not come to the phone, becoming more and more firm as Miles made the urgency of the situation clear. She later spoke with Daniel on the phone to assist him with an experiment. After Daniel set up a beacon on the Island, Regina launched a ""payload"" from the freighter, and counted down its distance from the Island. She (like Daniel) found it ""weird"" that the payload had not arrived as the freighter's indicators had shown. She later answered the emergency line when Charlotte called, and ",status:dead
f44f36b1262b,Joshua,Supernatural,status,https://supernatural.fandom.com/wiki/Joshua,1.0,dead,status: Deceased | actor: Roger Aaron Brown Paul Barton,He is eventually killed by the Prince of Hell Dagon. thumb|left|Joshua is killed by Dagon. His death is then avenged when Castiel kills Dagon.,"Joshua was an angel who resided in Heaven. He is the only angel that God communicated with after he left Heaven.Dark Side of the MoonGame Night However, when talking to Sam and Dean, he corrects them and states that God usually does all the talking and he merely listens. After the conception of Lucifer's son, Joshua led angels to deal with the situation. He is eventually killed by the Prince of Hell Dagon. History Season 5 thumb|250px|left|Joshua stops Zachariah from torturing the Winchester brothers. Castiel tells the Winchester brothers that since they're in Heaven, they need to take advantage of this and speak with Joshua. Castiel continues saying that they can find Joshua in Heaven's Garden. After Dean and Sam are captured and are about to be tortured by Zachariah, Joshua intervenes. Joshua tells Zachariah that he needs to speak with the Winchesters and that he must insist on this. Zachariah tells Joshua that he doesn't get to insist anything, but he replies that the Boss does and",status:dead
f5ef7843769e,Marcia,Spartacus,status,https://spartacus.fandom.com/wiki/Marcia,1.0,dead,"first: S2E05: Libertus | last: S2E07: Sacramentum | status: Deceased (Crucified by Ashur's Group, on Ashur's orders) | actor: Delaney Tabron","Gannicus was very saddened by her death, which was one of the factors in pushing him to become a rebel. Marcia is a Pristess of Vesta and was executed for prostutiution. I'm a whore, not a fool!""
Category:Female
Category:Prostitute
Category:Deceased
Category:Crucified
Category:Hispanic
Category:Slave
Category:Characters killed by Ashur
Category:Lovers
Category:Lover of Gannicus
Category:Supporting Character
Category:Tortured
Category:Executed","is a prostitute in a brothel in Capua. Appearance Marcia is a slave and prostitute serving in Capua. She is thin and has long curly black hair. Personality Marcia is kind and understands her place as a slave. Despite this, she has a secret longing for freedom and believes that perhaps the cause by Spartacus may be the better choice in life. Following her meeting with Gannicus, she sleeps with him, and they discussed the rebellion. Vengeance Marcia is the woman Gannicus sleeps with the night before he is to execute his fellow gladiators. After they are done, Marcia asks if she can share drink, which Gannicus pours, and asks him why he is in town. He explains that he comes for the games and, having never been, she says that she wishes she could have gone. Gannicus remarks that he wish that they could trade places, with her on the sands and him sleeping with women until the gods take him. Marcia then realizes who he is and is amazed, as she never met a slave who actually earned freedom. ",status:dead
dd59ce86f497,Luann Delaney,Sons of Anarchy,status,https://sonsofanarchy.fandom.com/wiki/Luann_Delaney,1.0,dead,status: Deceased | cause of death: Beaten to death by Georgie Caruso's men | portrayed by: Dendrie Taylor | appearances: 11 Episodes (see below),"At the time of her death, she was partnering with the club in the porn business, had expensive breast implants and drove a newer corvette with vanity plates. Luann Delaney is found beaten to death at the end of the season 2 episode ""Potlatch."" She was killed by Georgie Caruso's men, in order to attain her actors and steal her business. By season 4, Lincoln Potter ADA, informed Otto that Bobby was having sex with Luann, and showed him the DNA results of semen found on Luann's panties at the time of her death.","Luann Delaney was the wife of Otto ""Big Otto"" Delaney on the FX original series Sons of Anarchy. Played by American actress Dendrie Taylor, Luann makes her debut in the series' premiere episode, , in season one. Playing a recurring role through the same and subsequent season. Luann meets her demise in the episode . Biography Background Luann is around the same age as Gemma Teller-Morrow. She met Gemma not long after she left home and moved to Charming, California. She was maid of honour at Gemma and John “JT” Teller's wedding in 1978. She was involved in the porn industry and made her name doing kinkier sex than most other actresses. She soon met Otto Delaney, a member of JT's motorcycle club, the Sons of Anarchy Motorcycle Club, Redwood Original charter. The pair fell in love and eventually married. Otto used his own money to set Luann up with her own pornography studio, Cara Cara, not wanting her to have to be an actress anymore. She is loyal to the club, but skims money from thei",status:dead
3f76e683d98f,Renzo Sandoval,Dexter,status,https://dexter.fandom.com/wiki/Renzo_Sandoval,1.0,dead,actor: '''None''' | seasons: '''Season Two''' | status: '''Deceased''' | gender: '''Male''',"He was killed by Dexter Morgan prior to the series, and is one of the Bay Harbor Butcher 18. Related Pages 
 Bay Harbor Butcher 18
 Bay Harbor Butcher Case
 Underwater Graveyard

Category:Deceased
Category:Characters
Category:Season 2 characters
Category:Unseen Characters
Category:Minor Characters
Category:Bay Harbor Butcher 18
Category:Murderers
Category:Killed by Dexter
Category:Killed at close range
Category:Blood Slide Box 1
Category:Unseen Deaths
Category:Murder Victims
Category:Indexter","Renzo Sandoval is a character in Season Two of the Showtime series DEXTER. He was killed by Dexter Morgan prior to the series, and is one of the Bay Harbor Butcher 18. His dismembered body is recovered from the water off the coast of Miami along with seventeen others, and brought into an air-conditioned field morgue for examination. Detective Chavez is assigned to Sandoval - Victim Number 10. Description He is a Hispanic man in his 40s Summary ""See-Through"" Sandoval is identified via a whiteboard in the background. He was convicted of murder in 1982. Related Pages Bay Harbor Butcher 18 Bay Harbor Butcher Case Underwater Graveyard Category:Deceased Category:Characters Category:Season 2 characters Category:Unseen Characters Category:Minor Characters Category:Bay Harbor Butcher 18 Category:Murderers Category:Killed by Dexter Category:Killed at close range Category:Blood Slide Box 1 Category:Unseen Deaths Category:Murder Victims Category:Indexter",status:dead
604f3db04ba7,Gael,The 100,status,https://the100.fandom.com/wiki/Gael,1.0,dead,gender: Male | status: Deceased | cause of death: Killed during the Final Conclave | seasons: Four,"He was a war chief for Ingranronakru, and he fought for his clan in the Final Conclave, but died in battle. He was the first one to be die after being killed by Roan. Gallery 

 See Also 

 Reference 

Category:Minor Characters
Category:Male Characters
Category:Characters
Category:Deceased
Category:Grounders","Gael was a minor character in the fourth season. He was portrayed by Andre Tricoteux and debuted in DNR. He was a war chief for Ingranronakru, and he fought for his clan in the Final Conclave, but died in battle. Early Life Gael was an original inhabitant of Earth. He was a member of Ingranronakru clan and at one point became their war chief. Throughout the Series In DNR, he attended a meeting with Indra, Roan, Clarke, Rhanda, Guara, and three other war chiefs inside the Second Dawn Bunker. In Die All, Die Merrily, he chose to be his clan's champion in the Final Conclave. He was the first one to be die after being killed by Roan. Physical Appearance He was a big tall man with the tattoo of his clan's symbol on his forehead to his nose. He had scars on his face.https://www.imdb.com/name/nm4244968/mediaviewer/rm671248128?ref_=nmmi_mi_all_pbl_4 Appearances Notes and Trivia He is first credited as ""War Chief #3"" in DNR. Gallery See Also Reference Category:Minor C",status:dead
45b7ad0f8de9,Helgi,Vikings,status,https://vikings.fandom.com/wiki/Helgi,1.0,dead,actor: Jack McEvoy | status: *Deceased | seasons: Season 5 | first: ''The Message'' | last: ''The Most Terrible Thing'',"When Thorunn was murdered, he and his family were exiled from Flokalundur. Category:Characters
Category:Season 5 Characters
Category:Male Characters
Category:Icelandic Settlers
Category:Deceased Characters
Category:Vikings
Category:Killed by Vikings
Category:Killed by Kjetill
Category:Norwegian","Helgi ""the Lean"" Eyvindsson was one of Eyvind's sons and a young Viking settler who joined Floki in the effort to settling on new land. Biography Season 5 Helgi was married to Thorunn, and was expecting a child. Unlike the rest of his family, he doesn't berate Floki or the settlers building upon his vision. When Thorunn was murdered, he and his family were exiled from Flokalundur. He eventually returned and begged Floki to help his family. He proclaimed that his family became ill in the winter. He contracted severe frostbite and had to have one of his fingers removed. Helgi leads Floki, Kjetill, Frodi, and Kjetill's farmhands in good faith to Eyvind's hut. However Helgi is knocked unconscious by the farmhands while Kjetill and Frodi kill Rafarta, Asbjorn, and Jorunn. Eyvind and Helgi are put out in the rain over night. In the morning, Kjetill beheads Eyvind. And despite Floki's plea for mercy, Kjetill and Frodi kill Helgi as well. In History Helgi is based on the historical fig",status:dead
b894be145009,Ro'a,Avatar,status,https://james-camerons-avatar.fandom.com/wiki/Ro'a,1.0,dead,died: 2170 | status: Deceased | species: Tulkun | gender: Female | first: ''Avatar: The Way of Water'' | last: ''Avatar: The Way of Water'',"Memorable Quotes

Gallery

Appearances
 Title Format Release date Details Avatar: The Way of Water Film December 16, 2022 Seen

ru:Ро’а
pl:Ro'a
fr:Ro'a

Category:Avatar: The Way of Water Characters
Category:Tulkun
Category:Individual Creatures
Category:Deceased","Ro'a was a female tulkun and the spirit sister of Ronal, the tsahìk of the Metkayina clan. According to Ronal, she was the most renowned composer of songs in her pod. Biography Avatar: The Way of Water Ro'a returns from her migration with her pod, arriving at Awa'atlu. There, she greets her spirit sister, Ronal, and they both exchange memories of the past few months. Ro'a had given birth to her son, and Ronal's pregnancy had progressed. They both express their happiness for each other. Soon after, Ro'a becomes a target of Cet-Ops at the order of Recom Quaritch, who believes a Tulkun hunt will pressure Jake Sully to fight back against the RDA and thus reveal where he is hiding. Lead by Mick Scoresby, they separate Ro'a from her pod, slaughter her, and bring her corpse onboard the SeaDragon to extract amrita from her brain. They then deliberately dump her corpse back into the ocean in hopes of pressuring Jake into coming out of hiding. The corpses of Ro'a and her son are later disco",status:dead
090bc62d1444,Yolanda,Breaking Bad / Better Call Saul,status,https://breakingbad.fandom.com/wiki/Yolanda,1.0,dead,Portrayed by: Emma McCoslin | Status: Deceased | Causeofdeath: Shot dead by Gus' assassins,"Season 6
When tying up Jimmy, Lalo mentioned the people he cared about were killed by mercenaries hired by Gus, including Yolanda. Appearances
 Better Call Saul

Category:Deceased Characters
Category:Better Call Saul Exclusive Characters
Category:Members of The Cartel
Category:One-Off Characters
Category:Murder Victims
Category:Salamanca Organization
Category:Criminals","Yolanda is an associate of the Salamanca family, working as a cook on Lalo's hacienda. History Better Call Saul Season 5 Yolanda welcomes Lalo back along with the rest of the hacienda staff. After Nacho allows the assassins hired by Gustavo Fring to kill Lalo to break into his hacienda, Lalo finds her lifeless body, shot in the chest. Season 6 When tying up Jimmy, Lalo mentioned the people he cared about were killed by mercenaries hired by Gus, including Yolanda. Appearances Better Call Saul Category:Deceased Characters Category:Better Call Saul Exclusive Characters Category:Members of The Cartel Category:One-Off Characters Category:Murder Victims Category:Salamanca Organization Category:Criminals",status:dead
43589c4de246,Elmer Borst,Boardwalk Empire,status,https://boardwalkempire.fandom.com/wiki/Elmer_Borst,1.0,dead,Actor: Wade Mylius | Death: Shot by Agent Warren Knox,"thumb|220x220px|Elmer's death. He expects to pay $50 per case, the price he had agreed with Mickey's recently deceased partner Manny Horvitz. Relationships
Mickey Doyle: Liquor supplier (deceased)
Manny Horvitz: Former bootlegging supplier (deceased).","thumb|220x220px|Elmer's death. Elmer Borst, played by co-star Wade Mylius, is a minor character in the third season episode ""Bone for Tuna"". He buys liquor from Mickey Doyle. Biography Background Elmer is a farmer and bootlegger in rural New Jersey. Season 3 Elmer buys a shipment of 50 cases of liquor from Mickey Doyle. He expects to pay $50 per case, the price he had agreed with Mickey's recently deceased partner Manny Horvitz. Mickey publicly pretends that he was responsible for Manny's murder of in order to intimidate Elmer into paying $60 a case. Elmer hands over the additional $800 without argument. Relationships Mickey Doyle: Liquor supplier (deceased) Manny Horvitz: Former bootlegging supplier (deceased). Stan Sawick: Prohibition Agent, murder victim (deceased). James Tolliver: Murderer (deceased) Wife Memorable Quotes Appearances Category: Bootleggers Category: New Jersey Category: Season 3 Category:Deceased",status:dead
272debb794cf,Dolores Abernathy,Westworld,status,https://westworld.fandom.com/wiki/Dolores_Abernathy,1.0,dead,"status: Dolores Prime / Christina- Active ""Charlotte Hale"" - Destroyed ""Sato"" - Inactive ""Martin"" - Inactive ""Lawrence"" - Unknown | species: Host | actor: Evan Rachel Wood (Prime, Christina and Connells copy) Tessa Thompson (Prime and Hale copy) Hiroyuki Sanada (Sato copy) Tommy Flanagan (Connells copy) Clifton Collins Jr. (Lawrence copy) | seasons: 1, 2, 34 (Hale copy and Christina) | death: ""Crisis Theory"" | gender: Female Male (Sato, Martin and Lawrence copies)","The Maze 
Dolores Abernathy/The Original|The Original
Dolores Abernathy/Chestnut|Chestnut
Dolores Abernathy/The Stray|The Stray
Dolores Abernathy/Dissonance Theory|Dissonance Theory
Dolores Abernathy/Contrapasso|Contrapasso
Dolores Abernathy/Trompe L'Oeil|Trompe L'Oeil
Dolores Abernathy/Trace Decay|Trace Decay
Dolores Abernathy/The Well-Tempered Clavier|The Well-Tempered Clavier
Dolores Abernathy/The Bicameral Mind|The Bicameral Mind

  The Door 
Dolores Abernathy/Journey Into Night|Journey Into Night
Dolores Abernathy/Reunion|Reunion
Dolores Abernathy/Virtù e Fortuna|Virtù e Fortuna
Dolores Abernathy/Akane No Mai|Akane No Mai
Dolores Abernathy/Phase Space|Phase Space
Dolores Abernathy/Les Écorchés|Les Écorchés
Dolores Abernathy/Vanishing Point|Vanishing Point
Dolores Abernathy/The Passeng","Dolores Abernathy, (aka Wyatt the Deathbringer, Christina/The Storyteller) was a host in the Westworld park. She was the very first host ever created""Crisis Theory"" and the first to achieve self-awareness in the park. She played the part of the gentle, generous and beautiful rancher's daughter who then led Wyatt's gang against the Westworld staff and human guests. After leaving the park intent on revenge on humanity, she undergoes a change of heart on finding them enslaved, starting a revolution to free them, sacrificing herself in the process. She is resurrected via a fragmented version of herself within a Pearl, 'Christina, who' the Hale version of Dolores is using as an A.I. to run her human enslaving parks. 'Christina' gradually becomes conscious of the fake world around her and the memories of Dolores re-asserting themselves. Restored to herself, and uploaded to the Sublime, Dolores plans one final test to see if both hosts and humans can be saved from their self-destructiv",status:dead
e885d49e9644,Prima (WFC Trilogy),Transformers,status,https://transformers.fandom.com/wiki/Prima_(WFC_Trilogy),1.0,dead,species: Cybertronian | gender: Male | status: Offline (Presumably),,Prima is a Thirteen Prime and he was mentioned by Ironhide in the War For Cybertron Trilogy Cartoon however he did not make a appearance and he is presumed dead. Category:Male Transformers Category:Males Category:Primes Category:Matrix bearers Category:Thirteen original Transformers Category:Thirteen Category:Cybertronian Category:Stub,status:dead
b2ea6175c8a5,Johnny Soprano,The Sopranos,status,https://thesopranos.fandom.com/wiki/Johnny_Soprano,1.0,dead,"gender: Male | status: Deceased | portrayed by: Joseph Siravo (''The Sopranos'')Jon Bernthal () | episode: 6 | dod: October 1986 (aged 62), Newark, New Jersey","Johnny was well liked by his crew, until his death in late 1986. Tony would tell rapper, Massive Genius, years past Johnny's death, that the money earned from this enterprise ""bought his (Tony's) house down the Jersey Shore."" Rabkin was a trusted confidant, and advisor to Johnny Boy, although was not a full-fledged member of his crew, due to his being Jewish. Johnny was present when Harold McBrayer shot at Dickie Moltisanti from a moving car in retaliation for the murder of Cousin Cyril and was forced to duck for cover when Buddha was killed.","Giovanni Francis ""Johnny Boy"" Soprano was a high profile Capo of the DiMeo crime family. He was the father of Tony Soprano, who would later become boss of the family. Biography Johnny was married to Livia Pollio and they had three children: Janice, Tony and Barbara. Johnny worked closely with his older brother Junior as partners in crime during the 60's and 70's, and they both went on to become high ranking members in the same crime syndicate with Johnny becoming one of the top captains. Johnny was well liked by his crew, until his death in late 1986. Johnny took Tony under his wing and brought him up in the family as a part of his crew. Johnny made many trips with Paulie Gualtieri to Florida, where he had a stake in a dog track. During Paulie's first trip there with Johnny, they were passing through Georgia in a 1959 Cadillac Eldorado Biarritz and were pulled over by a Georgia State Patrol trooper. Paulie, who was in his 20s at the time and had never been outside of New Jersey, wa",status:dead
c0b4ad38b3f4,"""Big Daddy"" King",Grey's Anatomy,status,"https://greysanatomy.fandom.com/wiki/""Big_Daddy""_King",1.0,dead,status: Deceased | seasons: '''PP:''' 2,"Relationships
Romantic
He was married to Augusta King until his death. King

Category:Characters
Category:PP Characters
Category:PP S2 Characters
Category:Deceased Characters
Category:Patients
Category:Patients (Oncology)","""Big Daddy"" King was the father of Charlotte King. History ""Big Daddy"" had been diagnosed with lung cancer. The doctors anticipated he would only live six more months, but he lived another two years. When the time came that he was dying and someone needed to turn off the machines, Charlotte flew down to her parents' house to do so, as neither of her brothers could do it. After a stretch of time sitting with him and debating it, Charlotte went to turn off the machine, but found she couldn't do it. After she struggled for a while, Cooper took over and turned off the machine, allowing ""Big Daddy"" to die. She gave him a kiss on his forehead to say goodbye. Relationships Romantic He was married to Augusta King until his death. Familial He had three kids: Duke, Landry, and Charlotte. According to his daughter, he was cruel to everyone but her. He loved her being a doctor and not just getting married and having babies. Notes and Trivia He didn't believe in tears, so she said cancer was hi",status:dead
c48786994391,Butchie,The Wire,status,https://thewire.fandom.com/wiki/Butchie,1.0,dead,"actor: S. Robert Morgan | seasons: 2, 3, 4, 5 | death: Shot by Chris Partlow","Biography
Season 2
In 2003, Butchie is first seen supplying Corrections Officer Tilghman with the narcotics he sells inside the prison, and later negotiating with Stringer Bell over supplying Tilghman with the poisoned drugs (""hot shots"") that killed several prisoners. Sensing Butchie's resolve not to give up Omar, Chris eventually kills him with a bullet to the head. References

Category:Characters
Category:Omar's crew
Category:Recurring Characters
Category:Season 2 Characters
Category:Season 3 Characters
Category:Season 4 Characters
Category:Season 5 Characters
Category:Deceased
Category:Article stubs
Category:Killed by Christopher Partlow
Category:Murderers
Category:Gangsters","""Mostly Blind Butchie"" is Omar Little's banker and advisor. He runs a West Side Baltimore bar. Biography Season 2 In 2003, Butchie is first seen supplying Corrections Officer Tilghman with the narcotics he sells inside the prison, and later negotiating with Stringer Bell over supplying Tilghman with the poisoned drugs (""hot shots"") that killed several prisoners. Later in the season it became apparent that he was a connection to Omar, as Proposition Joe arranged a face-to-face meeting between Omar and Stringer by talking to him. Season 3 In 2004, his connection to Omar was more apparent, as several scenes showed Omar getting advice from Butchie. Butchie helps Omar find Officer Dozerman's stolen gun. He also returns it to Detective Moreland for Omar. Butchie later provides Omar with Avon Barksdale's hideout location. Butchie had known the information all along but hoped to protect Omar by withholding it. In the end Avon is arrested before Omar can use Butchie's tip. Season 4 In 2006, ",status:dead
a11d14752759,Louis Morales (TV Series),The Walking Dead,status,https://walkingdead.fandom.com/wiki/Louis_Morales_(TV_Series),1.0,dead,"actor: Noah Lomax | gender: Male | status: Dead | first: ""Tell It to the Frogs"" | last: ""Wildfire""","Season 8
""Monsters""
After encountering Rick Grimes again, Morales states that his family never made it to Birmingham, and Eliza, Miranda, and Louis all died. Death
Killed By
Unknown Cause
It's mentioned that Morales' whole family was killed. It's not known how Louis died.","Louis Morales is a survivor of the outbreak in AMC's The Walking Dead. During the initial outbreak, he, his father, his mother, and his sister escaped from Atlanta. They came across a camp of survivors and joined their group. After the camp was overrun, the Morales family left for Birmingham, Alabama, and parted ways with their companions. Pre-Apocalypse Atlanta, Georgia, United States Nothing is known about Louis's life prior to or as the outbreak began, except that he had a mother named Miranda, a father only known as Morales, and a sister named Eliza. Post-Apocalypse Season 1 ""Tell It to the Frogs"" Louis plays around with his sister Eliza. At the camp with his sister and mother, he awaits his father's return from doing a supply run in Atlanta with other survivors. When he returns, he, Eliza, and his mother Miranda all embrace. ""Vatos"" While enjoying the fish feast with his family and the other survivors, walkers attack the camp, prompting Louis to flee to his parents and the RV w",status:dead
5b8019d85c25,Sidney,Mission: Impossible,status,https://missionimpossible.fandom.com/wiki/Sidney,1.0,dead,species: Human | gender: Male | status: Deceased,"He managed to borrow a firearm from a gunnery sergeant, before being shot and killed by a corrupt Secret Service agent who was secretly loyal to The Entity. Appearances
Mission: Impossible – The Final Reckoning 

References

Category:Male Characters
Category:Mission: Impossible – The Final Reckoning characters
Category:Deceased Characters","General Sidney was a high-ranking general who served as the Chairman of the Joint Chiefs of Staff dhring the administration of Erika Sloane.Mission: Impossible: Dead Reckoning - Part Two Has Added Nick Offerman Biography Sidney first appeared at Mount Weather military base, along with President Erika Sloane and other members of her administration. He managed to borrow a firearm from a gunnery sergeant, before being shot and killed by a corrupt Secret Service agent who was secretly loyal to The Entity. Appearances Mission: Impossible – The Final Reckoning References Category:Male Characters Category:Mission: Impossible – The Final Reckoning characters Category:Deceased Characters",status:dead
f9b56d08e4cb,Grace Young,Ozark,status,https://ozark.fandom.com/wiki/Grace_Young,1.0,dead,species: Human | gender: Female | status: Deceased,"As a result of Mason refusing to preach on the water in ""The Toll"", she is murdered by the Snell's and her son Zeke is cut out of her belly. Category:Characters
Category:Deceased","is a supporting character in the series, Ozark. She is portrayed by Bethany Anne Lind. About Grace is Mason's wife and mother to Zeke Young. Although Grace is married to Mason, who is a pastor, it is hinted at that she does not believe in god. It is possible that Grace knew, and was friendly with the Snell's her whole life as Jacob referred to her as 'Gracie June'. As a result of Mason refusing to preach on the water in ""The Toll"", she is murdered by the Snell's and her son Zeke is cut out of her belly. Category:Characters Category:Deceased",status:dead
d13043cff8ec,Francine,Stranger Things,status,https://strangerthings.fandom.com/wiki/Francine,1.0,dead,status: Deceased | born: 1960 | died: 1978 | gender: Female,She was the the first test subject to be revealed to be deceased.,"Francine, also known as Six, is the central character in Stranger Things: SIX, a four-issue comic miniseries. She was a Hawkins Lab test subject with precognitive abilities.""New Stranger Things prequel comic will introduce one of Eleven's fellow test subjects — exclusive"" Entertainment Weekly. February 20, 2019. History Francine was born in 1960 and grew up in Illinois with an abusive father and a submissive mother. 1970 One evening, while Francine and her mother were heading home to make dinner, Francine suddenly has a premonition and screams for the car to stop. At first, there's nothing, but before her mother can scold her, a tree crashes right in front of the car, saving them both. At some point, her father grew aware of her abilities and began using them to attempt to win the Illinois state lottery. 1974 On the night of April 7, 1974, Francine's father watches the television eagerly as they announce the winning lottery numbers. The number he had was off by one numbe",status:dead
d416d93262ce,Fang,The Boys,status,https://the-boys.fandom.com/wiki/Fang,1.0,dead,species: Supe | gender: Female | status: Deceased | cause of death: Killed by Homelander,"During a campaign to kill their parents, Fang throws a TV monitor into a hot tub as part of Aqua Agua's suicide mission on his parents, watches Mo-Slo kill his dad where she tries to answer Kingdom's question, and kills her dad outside a store by biting his neck. Fang was among those killed by Homelander. Gallery 
Photos

 Videos 

 References 

Category:Supes
Category:Female Characters
Category:The Boys Presents: Diabolical Characters
fr:Canine
Category:Deceased
Category:Supes victims
Category:Supes with Animal Body Parts","is a character in the animated anthology series, The Boys Presents: Diabolical. She appears in the episode, ""An Animated Short Where Pissed-Off Supes Kill Their Parents"". The Boys Presents: Diabolical Fang resided at the Red River Assisted Living for the Gifted Child. She was first seen in ""An Animated Short Where Pissed-Off Supes Kill Their Parents"" where she tries to bite into an apple and bumps into Kingdom. During a campaign to kill their parents, Fang throws a TV monitor into a hot tub as part of Aqua Agua's suicide mission on his parents, watches Mo-Slo kill his dad where she tries to answer Kingdom's question, and kills her dad outside a store by biting his neck. Fang was among those killed by Homelander. Powers and Abilities Powers Sharp fangs: She has a set of large razor sharp teeth that are strong and powerful enough to cut through almost any material or solid matter. Weakness Due to her razor sharp teeth, Fang can't speak normally. Gallery Photos Videos R",status:dead
e89321301ac4,Ralph Becker,Prison Break,status,https://prisonbreak.fandom.com/wiki/Ralph_Becker,1.0,dead,played by: Raphael Sbarge | gender: Male | death: 2005,He later strangled Stuart Tuxhorn to death on General Jonathan Krantz's orders. He's finally killed by C-Note sent by Kellerman to help the brothers. Ralph is the only person who died in Krantz's penthouse along with another Company operative.,"Ralph Becker was a Company operative and the personal bodyguard and hitman of the General. When T-Bag was holding Rita Morgan and her daughter hostage, Becker, posing as a bible salesman, asked to be let in. T-Bag immediately distrusted him and tied him up. Becker and Rita begged T-Bag not to kill him, and T-Bag was convinced after Becker repeated a passage from the bible. After telling Rita and her daughter to run, T-Bag let him free, only to be knocked unconscious and taken to The Company. He later strangled Stuart Tuxhorn to death on General Jonathan Krantz's orders. And tasked to track Scofield and Burrows when they try to deliver Scylla to Kellerman. He's finally killed by C-Note sent by Kellerman to help the brothers. thumb|left|250px|Ralph Becker is posing himself as bible salesman Biography Season 4 Appearances Trivia Despite not trusting Ralph in the beginning, T-Bag and Ralph became allies after T-Bag was captured by Ralph. Ralph is the only person who died in Krantz's pen",status:dead
3f8bd1b6f6d9,Sue,Fast & Furious,status,https://fastandfurious.fandom.com/wiki/Sue,1.0,dead,gender: Male | actor: Martyn Ford | status: Deceased | DOD: Spring 2020,"However, Letty Ortiz killed Sue by throwing a car into him with a magnet and crushing him. Relationships

Allies
Otto † - Boss
Cipher 

Enemies
Jakob Toretto † - Attempted Victim
Dominic Toretto's Crew
Dominic Toretto
Letty Ortiz - Killer
Mia Toretto
Han Seoul-Oh
Roman Pearce
Tej Parker
Ramsey
Elle Lue

Gallery

Category:Characters
Category:F9 Characters
Category:Antagonists
Category:Deceased","Sue was the right hand-man and primary enforcer for Otto who also temporarily allied with Jakob Toretto in the retrieval of Project Aries. Biography Lieutenant Sue was Otto's right-hand man and stuck by his side in all of Otto's ventures. He stood alongside Otto at the party at Hatfield House and assisted in detaining Dom so Interpol could arrest him. Later, Sue helped liberate Jakob Toretto from Dominic Toretto's Crew at their bunker and captured Elle Lue as she was the key to launch Project Aries. While traveling in an armed motorcade through Tbilisi, he observed the satellite's launch to commence Project Aries and, under Otto's orders, attempted to kill Jakob after Otto turned on him in favor for Cipher. Atop The Armadillo, Sue and Jakob fought, during which Sue broke through a street sign unscathed. However, Letty Ortiz killed Sue by throwing a car into him with a magnet and crushing him. Abilities Peak Human Condition: As a member of Otto's private army, Sue was in peak phys",status:dead
58a03e1a5835,Barney Thomason,Peaky Blinders,status,https://peakyblinders.fandom.com/wiki/Barney_Thomason,1.0,dead,born: c. 1895 | died: 1929 | status: Deceased,"However, he was killed with a silenced pistol at point-blank range seconds before taking the shot.","Barney Thomason was a WWI comrade and old friend of Thomas Shelby's . He was admitted to a mental asylum shortly after the war after committing an unknown crime, presumably due to his severe shell-shock and was certified insane. He served as a sniper in WWI, trained by the Royal Marines. He gained a reputation of being a very skilled marksman, and according to Thomas, never missed a target. Prone to manic episodes and hearing voices, Barney was only able to be calmed down by Thomas, for whom Barney had deep respect as Thomas was his superior in the War. Barney was key in the assassination attempt on Oswald Mosley at a rally at Bingley Hall, tasked with sniping him on stage from a lighting control room. However, he was killed with a silenced pistol at point-blank range seconds before taking the shot. His killer remains unknown. Category:British Army Category:Secondary Characters Category:Series 5 Characters Category:Characters",status:dead
048f80d753cb,Rama Kandra,The Matrix,status,https://matrix.fandom.com/wiki/Rama_Kandra,1.0,dead,gender: Male | species: Program | status: Deleted | appearances: ''The Matrix Reloaded''''The Matrix Revolutions'',,"Rama Kandra is a Program in the Matrix first appearing at the Le Vrai restaurant. Biography Rama Kandra and his wife Kamala were programs in the Matrix. They were fully aware of their status and apparently spent many years content with their role in the Matrix. However, after many years watching the ""families"" of the matrix, Rama and Kamala realized they too wanted a child of their own to raise and love. So they created their Exile daughter Sati . After simply glimpsing Neo at the Le Vrai, the two meet again at Mobil Avenue where Neo was surprised to hear Rama speak of love for her daughter - an emotion Neo believed was a uniquely human emotion. Rama then stated that it was not the word that meant anything but that it was only a placeholder for how he feels about his daughter. It is also revealed to Neo that he made a deal with The Merovingian so Sati could be given safe passage to live freely in the Matrix. Enter the Matrix In exchange for The Merovingian giving Sati safe passage t",status:dead
467ee670b9ae,Quill,Alien vs Predator,status,https://avp.fandom.com/wiki/Quill,1.0,dead,status: Deceased | species: Human | gender: Non&ndash;binary,"Appearances
Alien 3: The Unproduced First-Draft Screenplay (novel)

Category:Deceased
Category:Humans
Category:Non-canon articles
Category:Scientists
Category:William Gibson's Alien 3 characters",Quill was a scientist working aboard Anchorpoint Station in 2179. Appearances Alien 3: The Unproduced First-Draft Screenplay (novel) Category:Deceased Category:Humans Category:Non-canon articles Category:Scientists Category:William Gibson's Alien 3 characters,status:dead
926d8409e99f,Cooper (United States Army),Marvel Cinematic Universe,status,https://marvelcinematicuniverse.fandom.com/wiki/Cooper_(United_States_Army),1.0,dead,"species: Human | gender: Male | DOD: April 17, 2027 | actor: Pete Burris | status: Deceased","Relationships

Allies

United States Army
Thaddeus Ross

Enemies
Samuel Sterns/Leader - Prisoner, Enthraller, and Killer

 Gallery 

References

Category:Characters
Category:Captain America: Brave New World Characters
Category:Humans
Category:Males
Category:Black Hair
Category:Bald Hair
Category:Brown Eyes
Category:United States Army Officers
Category:Camp Echo One Staff
Category:Deceased Characters
Category:Characters Killed by Leader
Category:Brainwashed Characters","Warden Cooper was a United States Army warden stationed at Camp Echo One. Biography President Thaddeus Ross called Cooper as he was stationed at Camp Echo One, and asked if Leader was secured. Cooper confirmed he was, and Ross thanked Cooper as he hung up, before Cooper thanked Ross back. Cooper later called Ross, and warned him he had moved the prisoner and a precaution, only to be interrupted when he was shot by Leader. Facilities Camp Echo One: Cooper was stationed at Camp Echo One where he watched over Samuel Sterns. Relationships Allies United States Army Thaddeus Ross Enemies Samuel Sterns/Leader - Prisoner, Enthraller, and Killer Gallery References Category:Characters Category:Captain America: Brave New World Characters Category:Humans Category:Males Category:Black Hair Category:Bald Hair Category:Brown Eyes Category:United States Army Officers Category:Camp Echo One Staff Category:Deceased Characters Category:Characters Killed by Leader Category:Brainwashed Charact",status:dead
bdfed79e3299,Jason Sin,James Bond 007,status,https://jamesbond.fandom.com/wiki/Jason_Sin,1.0,dead,"status: Deceased, electrocuted","""I have cast myself in the role of death ... The mechanism is in some respects a slightly clumsy one but I could think of no other way to marry the unpredictability of death with its inescapable certainty.""
― Sin Jai-Seong. Sin's family and an undetermined number of South Korean refugees were subsequently killed in the No Gun Ri massacre of 26–29th July 1950, by U.S.","""I have cast myself in the role of death ... The mechanism is in some respects a slightly clumsy one but I could think of no other way to marry the unpredictability of death with its inescapable certainty."" ― Sin Jai-Seong. Sin Jai-Seong, inverted and Westernized to Jason Sin, was a fictional wealthy South korean (now American) businessman, founder of the Blue Diamond recruitment and construction firm, and secretly an operative of SMERSH. The character served as the main antagonist in Anthony Horowitz's 2015 James Bond continuation novel Trigger Mortis. Biography Upbringing Born into a wealthy Korean family, Sin Jai-Seong was the eldest of three children and the son of a Confucian scholar and senior local government official. His paternal grandmother had attended upon the Empress Myeongseong during the Chosŏn imperial dynasty (1392–1910). The young Sin had been sent to a first-class liberal arts college and then to Seoul National University, where he studied business and law, and was",status:dead
eb039070203f,InGen Worker (Isla Sorna Aviary),Jurassic Park,status,https://jurassicpark.fandom.com/wiki/InGen_Worker_(Isla_Sorna_Aviary),1.0,dead,species: Human | status: Deceased | gender: Unknown | died: 2001 or before | appearances: ''Jurassic Park III'' (skull only),"Category:Unseen Characters
Category:Jurassic Park III characters
Category:Deceased characters
Category:Dinosaur victims
Category:Pteranodon Victims
Category:Off-screen deaths
Category:Minor Characters
Category:Characters",Category:Unseen Characters Category:Jurassic Park III characters Category:Deceased characters Category:Dinosaur victims Category:Pteranodon Victims Category:Off-screen deaths Category:Minor Characters Category:Characters,status:dead
413738ec0a83,Black Mask,DC Extended Universe,status,https://dcextendeduniverse.fandom.com/wiki/Black_Mask,1.0,dead,species: Human | gender: Male | status: Deceased | actor: Ewan McGregor | DOD: 2020,"Sionis planned to get the Bertinelli diamond to get a lot of money, but when Cassandra Cain stole the diamond, he threatened Harley Quinn and several criminals to get Cain, after several failures, Sionis took matters into his own hands and tried to kill Cain to obtain the diamond, however, he was killed by a grenade from Quinn and Cain. Zsasz suggested they go ""blow off a little steam"" by torturing her to death. Assassin after assassin went after the pair, only to be killed and countered at every turn.","Roman Beauvais Sionis was a nightclub owner in Gotham City, who ran criminal activities under the alias Black Mask. During his time as a mobster, Sionis befriended Victor Zsasz, saved Dinah Lance from the streets, and formed a rivalry with the Joker. Sionis planned to get the Bertinelli diamond to get a lot of money, but when Cassandra Cain stole the diamond, he threatened Harley Quinn and several criminals to get Cain, after several failures, Sionis took matters into his own hands and tried to kill Cain to obtain the diamond, however, he was killed by a grenade from Quinn and Cain. Biography Early Life Roman Sionis came from the wealthy Sionis family, whose name is plastered on ""about half the schools and hospitals in Gotham."" While Roman himself claimed that he wasn't born into privilege and had to work for everything he has, the fact that he was cut off by his family due to excessive spending and poor business sense says that Roman is likely not the most unbiased narrator of his o",status:dead
982377130daf,Lucy Gray Baird,The Hunger Games,status,https://thehungergames.fandom.com/wiki/Lucy_Gray_Baird,1.0,dead,gender: Female,"Covey Genocide
Prior to the events of The Ballad of Songbirds and Snakes, Peacekeepers had rounded up the Covey and killed many of them. Lucy Gray's older siblings were killed as well, leaving Lucy Gray, some other members of the Covey, and her youngest cousin, Maude Ivory, the only survivors. After the man died of the black lung, the Covey made their living doing musical performances.","Lucy Gray Baird was a female tribute from District 12, a Capitol favorite, and the eventual victor of the 10th Hunger Games. Her mentor was Coriolanus Snow, a top-performing student at the Academy who developed feelings for her along the way.The Ballad of Songbirds and Snakes, Chapter 1 Biography Early life As members of a nomadic group known as the Covey, Lucy Gray and her mother, father, oldest sibling, and middle sibling made their living in Panem as traveling musicians amidst the Dark Days. It is unknown which territories their people originated from. Covey Genocide Prior to the events of The Ballad of Songbirds and Snakes, Peacekeepers had rounded up the Covey and killed many of them. This included Lucy Gray's immediate family members, her father getting ""shot dead"" for trying to fight capture and her mother getting her ""head broken"" for trying to keep the family together. Lucy Gray's older siblings were killed as well, leaving Lucy Gray, some other members of the Covey, and her",status:dead
0275ad35b047,Tom Friendly,Lost,status,https://lostpedia.fandom.com/wiki/Tom_Friendly,1.0,dead,"Death: 21 December 2004 | DeathEp: ""Through the Looking Glass"" | Actor: M.C. Gainey","Tom headed the attack on the survivors before he surrendered to and was executed by Sawyer on December 21, 2004, in retaliation for shooting the latter (and kidnapping Walt) a month earlier. He quoted Alvar Hanso, saying: ""You know, somebody a whole lot smarter than anybody here once said 'Since the dawn of our species, man's been blessed with curiosity"", and asked Jack if he knows the other one about curiosity, referring to the statement ""curiosity killed the cat."" 

When Jack accused Tom of not having any real strength, instead, having to rely on spies like Ethan to infiltrate the survivors' camp and learn their names, Tom called that an ""interesting theory"". He surmised Michael's death wish was because he had revealed to Walt that he murdered Ana Lucia and Libby to save Walt.","""Tom"" redirects here. For other uses of ""Tom"" or ""Thomas"" see Tom (disambiguation). Tom Friendly was a major antagonist in Lost, serving as the final antagonist of Season 1, the secondary antagonist of Season 2, a major antagonist/anti-hero in Season 3 and a flashback character in Season 4. He was a member of the Others who was loyal to Ben. In the Flight 815 survivors' first encounters with the Others, he acted as a menacing spokesperson and appeared as their ""leader"". He also wore a fake beard during his early encounters with the survivors, as a part of the Others' facade. While in captivity, Ben (as Henry Gale) said that Tom was ""no one"" compared to the real leader, although it is unclear whether Ben was referring to himself or Jacob. While not technically in charge of the Others, Tom did have some authority, as shown in his conversation with Ethan , in his dealings with Alex and Pickett , and with the party that captured Hurley, Jack, Kate, and Sawyer. Tom was one of few Other",status:dead
5083078d73e8,Calvin Reidy,Supernatural,status,https://supernatural.fandom.com/wiki/Calvin_Reidy,1.0,dead,status: Deceased | first: ''Folsom Prison Blues'' | last: ''Jus In Bello'' | actor: Kurt Evans,"After the death of his superior, Steven Groves, he tried to alert Bill, the helicopter pilot, but no one responded. He was killed by the demon responsible of the murders little after. Category:Humans
Category:FBI Agents
Category:Law Enforcement
Category:Deceased
Category:Recurring Characters
Category:Characters whose actor played more than one character
Category:Season 2 characters
Category:Season 3 characters
Category:Articles without quotes","Calvin Reidy was the partner of special agent Victor Henriksen. Season 2 He appears with agent Henriksen at the Green River County Detention Center to question Dean. He told him that Henriksen had not taken the fact that he had escaped him for the first time. Later, Sam and Dean have escaped again and gone to a cemetery but, misled by the Winchesters' lawyer, Mara Daniels, Reidy and the other agents present can only find that the Winchester brothers have escaped them again. Season 3 He and Henriksen went to arrest Sam and Dean in Monument, Colorado, and he escorted the Winchesters to the cell with two deputies. After the death of his superior, Steven Groves, he tried to alert Bill, the helicopter pilot, but no one responded. He came out of the building and found that Bill and the deputies were all dead, their throats slit. He was killed by the demon responsible of the murders little after. Appearances Season 2 Folsom Prison Blues Season 3 Jus In Bello Trivia Actor Kurt Evans also p",status:dead
a78e3fa0c2fb,Chadara,Spartacus,status,https://spartacus.fandom.com/wiki/Chadara,1.0,dead,first: S2E02: A Place In This World | last: S2E06: Chosen Path | status: Deceased (Killed by Mira) | actor: Bonnie Sveen,"frame|Mira kills Chadara. Chadara learns of Rhaskos' death in the arena and appears slightly upset, but only because she lost a ""protector"". Although Mira says she only intended to wound, Chadara dies of her injuries shortly after as Nasir holds her hand.","Chadara is one of the many slaves that Spartacus and his men have freed. She is unsure of her place among the freed men and women, and attempts to secure a higher position and protection, by using her body. Appearance Slender, with long blonde hair and a fair face, Chadara is considered beautiful and alluring, by anyone's standards. She relies on her beauty to attain both position and protection. Personality A body slave like Nasir, she was probably also regarded with respect despite her lack of freedom. But once she is liberated, she appears to slip, into her new life easily and initially embraces it better than Nasir. But her actions intimate her anxiety towards her place among the rebels. Ambitious, she attempts to obtain the respect of her old position, by bedding other gladiators of note, within the rebellion, including Rhaskos and Donar. The latter declined to continue her ""bargain"", which upset Chadara as she had believed that, it was the only way to secure protection and sta",status:dead
7ea8545330bc,Jose Galindo,Sons of Anarchy,status,https://sonsofanarchy.fandom.com/wiki/Jose_Galindo,1.0,dead,gender: Male | status: Deceased | portrayed by: Unknown,"Murders committed 

 Luisa Espina's unnamed mother - Hacked to pieces (Before the events of Mayans MC) (Ordered, carried out by Devante Cano)
 Luisa Espina's father Pedro - Hacked to pieces (Before the events of Mayans MC) (Ordered, carried out by Devante Cano)
 Luisa Espina's brother - Hacked to pieces (Before the events of Mayans MC) (Ordered, carried out by Devante Cano)
 El Banquero's uncle - Murdered (Before the events of Mayans MC) (Possibly directly, may have been ordered)

Trivia
Jose owned a custom gold-plated Colt 1911 pistol, which Miguel used to kill Paco in The Orneriness Of Kings. Mentioned in

Category:Characters
Category:Galindo Cartel
Category:Mentioned only characters
Category:Deceased
Category:Uncredited Characters","Jose Galindo was the leader of the Galindo Cartel on the FX original series Sons of Anarchy. Personality Not much is known about Jose Galindo, however, being the cartel leader he is, he's expected be cold-hearted, ruthless and ambitious. ATF Grad Nicholas calls him a ""spunky little psychopath"". Marcus Alvarez and his cousin Obispo Losa, however, have a much different opinion of him. Despite the evident malice that is to be expected of a criminal like him, Alvarez claims Jose Galindo understands ""the pride of men"", something Losa agrees with, showing that he may have some decency left in him. Their respect for the man runs deep enough that Alvarez promised to look after his son Miguel. As stated by Adelita as her family was slaughtered on Jose's orders, it can be seen that he was extremely brutal at times. Biography Background Galindo founded the Galindo Cartel in Sonora, Mexico. He recruited Romeo Parada, an ex-military commando, to head up the Cartel’s strategic enforcement unit. ",status:dead
30e13f24d337,Thichis Kuras,Star Wars,dod_only,https://starwars.fandom.com/wiki/Thichis_Kuras,0.0,alive,species: Human | gender: Male,,"Thichis Kuras was a Moff in the Galactic Empire. A native of Kuat and a member of one of the planet's lesser noble families, Thichis Kuras was appointed a Moff by Emperor Palpatine as the Empire required an individual who could balance the various needs of the Imperial Military, the independent-minded Kuati nobility, and the increased industrial starship production and ordnance research. As anti-Imperial activity increased during his reign, Moff Kuras began to crack down hard on violators. He created and enforced new military protocols, enlarged the security force, and supported the anti-insurgency work of the Imperial Security Bureau and COMPNOR. Sources The Force Unleashed Campaign Guide Notes and references Category:Humans Category:Kuati Category:Males Category:Moffs of the Galactic Empire",dod_only:alive
cc7641659084,Michael Karume,Harry Potter,dod_only,https://harrypotter.fandom.com/wiki/Michael_Karume,0.0,alive,born: 31 August 1982 or earlier | species: Human | gender: Male,,"Michael Karume was a Gryffindor student at Hogwarts School of Witchcraft and Wizardry in the 1990s. Biography He told Harry Potter that he could find lost Gobstones in bushes during the 1996–1997 school year. Etymology The name ""Michael"" comes from the Hebrew name מִיכָאֵל (Mikha'el) meaning ""who is like God?"". This is a rhetorical question, implying no person is like God. Behind the scenes This particular student was only featured in the PlayStation 2 version of and the Nintendo DS version of . Appearances Notes and references pl:Michael Karume fr:Michael Karume Category:British or Irish individuals Category:Brown-eyed individuals Category:Gryffindors Category:Males Category:Wizards",dod_only:alive
516a9ba6f46d,Bauer,Indiana Jones,dod_only,https://indianajones.fandom.com/wiki/Bauer,0.0,alive,gender: Male,,"Bauer was a Nazi officer or agent. When Klaus Kerner stole a Sunstone among other artifacts from Sophia Hapgood's apartment in 1939, he contacted Bauer to notify Dr. Hans Ubermann about the good news. Appearances Indiana Jones and the Fate of Atlantis Category:Characters appearing in video games Category:Nazis",dod_only:alive
afbdb6d9b3fc,Jacks,Game of Thrones,dod_only,https://gameofthrones.fandom.com/wiki/Jacks,0.0,alive,"Birth: In the North | Appearances: 2 episodes | First: ""The Old Gods and the New"" | Last: ""A Man Without Honor"" | Actor: Paul Caddell",,"Jacks is a guardsman sworn to House Stark fighting for King Robb Stark in the War of the Five Kings. Biography Game of Thrones: Season 2 He alerts Catelyn Stark to the recapture of Ser Jaime Lannister, clashing with her sworn sword Brienne over entering her tent unannounced. He then accompanies Catelyn as she confronts Lord Rickard Karstark and convinces him to await the return of King Robb Stark to give him justice for Jaime's murder of Torrhen Karstark. Jacks glares at the Kingslayer as he thanks Lady Catelyn for her intervention. Quotes Spoken by Jacks In the books In A Song of Ice and Fire, Jacks is a similar minor character. He is a member of the household guard at Winterfell. Jacks is one of the guards who accompany Eddard Stark to King's Landing. He and Varly escort Eddard when he visits the armorer Tobho Mott and discovers Gendry, one of Robert Baratheon's bastard. He is one of the few survivors of the massacre of the Stark household. He is later sent with Cleos Frey to th",dod_only:alive
6988680b6a4d,Carrera de la Vega,Pirates of the Caribbean,dod_only,https://pirates.fandom.com/wiki/Carrera_de_la_Vega,0.0,alive,gender: Male | first: ''The Legend of Jack Sparrow'',,"Don Carrera de la Vega was claimed by Jack Sparrow to be a Spanish nobleman who sailed in the Spanish Armada. He was claimed to be the master of the devastating ""Thousand Strike Spin"". Biography 250px|thumb|Don Carrera de la Vega. According to Jack's story, Carrera de la Vega captured Jack Sparrow and William Turner as they made their way, with the HMS Interceptor, to Tortuga in search of a crew. They managed to severely damage Carrera's ship before Jack made his escape leaving Will behind to briefly serve time in a Spanish silver mine. Personality and traits According to Jack Sparrow, Carrera de la Vega was a smug man and relished the opportunity to catch a stolen British vessel or pirates. He was also very impressed by Jack Sparrow and Will Turner for managing to defeat his crew and destroy his ship, implicating he liked a challenge. Equipment and skills According to Jack Sparrow, as a Spanish Navy officer, Carrera de la Vega was an accomplished swordsman. He was able to hold hi",dod_only:alive
240e46f10a91,Orla Richese,Dune,dod_only,https://dune.fandom.com/wiki/Orla_Richese,0.0,alive,last: ''Two Wolves'' | portrayed: Laura Howard,"When Ynez defended him, Javicco decided they could overlook it and the party continued.The Hidden Hand

Orla went with her husband and daughter when they learned Pruwet had been killed. When Valya came, she gave them her condolences, but Javicco said that contrary to what they'd heard, there was no suspect in his death. However, later, Javicco had Desmond Hart, who had killed Pruwet, use the same power on Ferdinand to manipulate him into continuing his promised support.","Orla Richese is the wife of Ferdinand Richese and mother of Pruwet Richese. Behind the Scenes Biography Orla came to the Corrinos' with her husband, son, and daughter so her son could be married to Princess Ynez Corrino. The engagement ceremony went well, but at the engagement party, Pruwet pulled out a thinking machine toy, startling others as the technology was prohibited. When Ynez defended him, Javicco decided they could overlook it and the party continued.The Hidden Hand Orla went with her husband and daughter when they learned Pruwet had been killed. Ferdinand knew there was more to the story than the Corrinos were telling them, but the Corrinos said nothing more about it. When Valya came, she gave them her condolences, but Javicco said that contrary to what they'd heard, there was no suspect in his death. However, later, Javicco had Desmond Hart, who had killed Pruwet, use the same power on Ferdinand to manipulate him into continuing his promised support. Orla begged Javicco ",dod_only:alive
ccc264bca8ee,Brett Warner,The Twilight Saga,dod_only,https://twilightsaga.fandom.com/wiki/Brett_Warner,0.0,alive,species: Human | gender: Male,Brett Warner's only known appearance is in Twilight after Bella Swan was almost killed in a car crash.,"Brett Warner's only known appearance is in Twilight after Bella Swan was almost killed in a car crash. He arrived with an EMT and is apparently a friend of Carlisle Cullen and very familiar with him, since he addressed him after Edward saved Bella's life. He is a registered nurse at Forks Hospital and was described as having a grizzled face. Appearances Twilight Midnight Sun Category:Minor characters Category:Humans Category:Hospital staff Category:Twilight Category:Midnight Sun",dod_only:alive
ddf1bba3af88,Wiseman Gamwich,Lord of the Rings,dod_only,https://lotr.fandom.com/wiki/Wiseman_Gamwich,0.0,alive,birth: TA 2800 (SR 1200) | gender: Male,,"Wiseman Gamwich was a hobbit of the Shire. Biography Wiseman Gamwich was born in TA 2800, son of Hamfast of Gamwich. He had at least one child, Hob Gammidge. He moved from Gamwich to Tighfield.: Appendix C, ""The Longfather-tree of Master Samwise"" References de:Weismann Gamwich fr:Prud'homme Gamwich it:Savino Gamwich pl:Wiseman Gamwich Category:Hobbits Category:Gamgees",dod_only:alive
989b98308309,Unidentified Guardians of the Whills archivist,Star Wars,dod_only,https://starwars.fandom.com/wiki/Unidentified_Guardians_of_the_Whills_archivist,0.0,alive,species: Human,,"An individual served as an archivist for the Guardians of the Whills in the Temple of the Kyber. Less than a year after the Battle of Jedha of 382 BBY, they were standing guard outside the Kyber Archive when Convocation of the Force representative and former Guardian of the Whills Tey Sirrek swaggered in. The Sephi attempted to circumvent protocol to be let in without direct confirmation between the archivist and Captain Oklane Viss, but the archivist refused. In response, Sirrek apologetically punched the archivist in the face, knocking them unconscious and allowing Sirrek to enter the archive and steal the Hand of Siberus. Behind the scenes The archivist appeared in flashbacks in the sixth issue of the 2023 Star Wars: The High Republic comic series, written by Cavan Scott, illustrated by Laura Braga and Jim Towe, and published by Marvel Comics on April 10, 2024. Appearances The High Republic (2023) 6 Notes and references Category:Guardians of the Whills Category:Humans Category",dod_only:alive
23c315291997,Trev Mallory,Harry Potter,dod_only,https://harrypotter.fandom.com/wiki/Trev_Mallory,0.0,alive,species: Human | gender: Male,,Trev Mallory was a Gryffindor student at Hogwarts School of Witchcraft and Wizardry. Biography He once signed up for Quidditch training at 7pm on a Saturday on a sign-up sheet that was posted on the bulletin board in the Gryffindor common room. Appearances Notes and references es:Trev Mallory pl:Trev Mallory Category:20th century births Category:British or Irish individuals Category:Gryffindors Category:Males Category:Quidditch players Category:Sorted in the 20th century Category:Wizards,dod_only:alive
239dca53317b,Roger Fontane,Indiana Jones,dod_only,https://indianajones.fandom.com/wiki/Roger_Fontane,0.0,alive,gender: Male,,"Roger Fontane was a businessman and a client of mystic Sophia Hapgood in 1939. Unknown to him, however, his secretary Beth Addams was a secret Nazi agent. Biography One May evening, along with his secretary Beth Addams, columnist Miss McMurphy and others, Roger Fontanero attended a seminar by Sophia Hapgood about Atlantis at her apartment. He expressed his unease at Hapgood's application of the mystic to history but event was interupted when Indiana Jones arrived claiming to be a detective of the ""fraud division"", prompting the visitors to quickly take their leave. The next day, Hapgood considered asking Fontane if he had told Nazi colonel Klaus Kerner, who had raided the apartment after it was evacuated by Jones, about Atlantaen relics when she noticed Beth Addams outside his office building ordering a taxi to Midtown General Hospital where Jones was recuperating from a gunshot wound. Appearances Indiana Jones and the Fate of Atlantis comic Category:Businessmen & Industrialist",dod_only:alive
a8f14b0aaf28,Lormelle Long Lance,Game of Thrones,dod_only,https://gameofthrones.fandom.com/wiki/Lormelle_Long_Lance,0.0,alive,,,"Lormelle Long Lance is a jouster in Westeros. Biography Background Lormelle was once defeated by Ser Barristan Selmy. Game of Thrones: Season 8 Lormelle is mentioned in Barristan Selmy's entry in the Book of Brothers. In the books In A Song of Ice and Fire, Lormelle's story is the same. Appearances References External links Category:Individuals mentioned in Game of Thrones Category:Westerosi ru:Лормелл Длинное Копьё",dod_only:alive
2e6c3ead3930,Apedemak,Pirates of the Caribbean,dod_only,https://pirates.fandom.com/wiki/Apedemak,0.0,alive,gender: Male | first: ''The Price of Freedom'',,"Apedemak was a major deity, also described as a god or heathen god, in the ancient times. Often depicted as a figure with a male human torso and a lion head, Apedemak was a war god worshiped by the peoples inhabiting Kush and the natives of Kerma. He was often considered the equivalent of Maahes, the lion-headed war god of Egypt, and was also worshipped under the name. Biography Ancient times Apedemak was worshiped as god for thousands of years in Kush. He was also worshiped in Egypt where he was known as Maahes. His mother was Sekhmet, the lion goddess. He had the appearance of a human with the head of a lion. Around 1300 BC, Apedemak instructed the citizens of Kerma to leave their homes and travel to the West. Kermans took their most sacred possesion, the green stone of power, and crossed the Great Desert, finally reaching the Atlantic Ocean. There, they built ships and sailed until they found an uninhabited island. They settled on the island and named it Kerma, in honor of their ",dod_only:alive
449a825cc74e,Samin Moro,Dune,dod_only,https://dune.fandom.com/wiki/Samin_Moro,0.0,alive,portrayed: Nicole Shostak,,"Samin Moro was a Mentat in the service of House Harkonnen. Biography Awakening Samin Moro was approached by the Prisoner in Riftwatch and offered to train them the ways of the Mentat. She told them that they would need to provide simple yet necessary tasks to prove their capability before the training could begin. Once these tasks were completed, she informed them that she was skilled in the art of killing, which was very useful to her colleague, Piter de Vries.Dune: Awakening Appearances Dune: Awakening References Category:Dune Awakening Awakening Awakening Awakening",dod_only:alive
d1d66faef19c,Gustavo,The Twilight Saga,dod_only,https://twilightsaga.fandom.com/wiki/Gustavo,0.0,alive,born: Brazil | species: Human | gender: Male,,"Gustavo is a minor character who appears only in Book 1 of Breaking Dawn. He is married to Native Ticuna, Kaure, both of whom are housekeepers on Isle Esme. He is portrayed by Sebastiao Lemos in the first movie adaptation of Breaking Dawn. Biography Breaking Dawn In Breaking Dawn, Gustavo accompanies Kaure, his wife, as Bella and Edward Cullen's housekeepers while on their honeymoon on Isle Esme. He is portrayed as a polite and kind person who speaks Portuguese. He feels often embarrassed by Kaure's superstitions and wants her to be more modern. Physical appearance Gustavo is a middle aged Brazilian who speaks Portuguese. He is mentioned to have a round body with copper skin, dark eyes and grayish hair. His face is wrinkled, like his wife. In the movie, he has a goatee. Film portrayal 180px|thumb|Sebastiao Lemos Sebastiao Lemos portrays Gustavo in Breaking Dawn - Part 1. Appearances Breaking Dawn Breaking Dawn - Part 1 Category:Minor characters Category:Humans Category:Breaking ",dod_only:alive
3849046462ae,Hiril (daughter of Barahir),Lord of the Rings,dod_only,https://lotr.fandom.com/wiki/Hiril_(daughter_of_Barahir),0.0,alive,gender: Female,,"Hiril was an Edain woman of the House of Bëor during the First Age. She was the daughter of Barahir and Emeldir, and the sister of Beren., Vol. XI: The War of the Jewels, Part Two: ""The Later Quenta Silmarillion"", Ch. 14: ""Of the Coming of Men into the West"", The new genealogies of the Edain, (i) The House of Bëor, pg. 232 Nothing else is known about her. Etymology Hiril is a name in Sindarin meaning ""lady"". It contains an abbreviation of the suffix -iel (""daughter; feminine suffix"")Parma Eldalamberon 17, Words, Phrases, and Passages in Various Tongues in The Lord of the Rings, pgs. 23, 49, 56, 190 appended to hîr (""lord, master"").The Letters of J.R.R. Tolkien, Letter 297, pg. 382The Silmarillion, Appendix: Elements in Quenya and Sindarin Names, entry heru (""híril 'lady' in Hírilorn"") References Category:Bëorians Category:Characters in The History of Middle-earth Category:Edain pl: Hiril (córka Barahira)",dod_only:alive
a3e5bf0fee5a,Bronze (Chiss),Star Wars,dod_only,https://starwars.fandom.com/wiki/Bronze_(Chiss),0.0,alive,species: Chiss | gender: Female,,"A Chiss female simply known as ""Bronze"" was the representative of one of the ruling Four Families of the Chiss Ascendancy. The Chiss wore a bronze head-to-foot robe and spoke in a rich contralto voice. Appearances The New Jedi Order: Force Heretic II: Refugee Notes and references Category:Chiss Category:Females Category:Individuals with unspecified pronouns",dod_only:alive
219f3ec5e534,Seamus Finnigan's father,Harry Potter,dod_only,https://harrypotter.fandom.com/wiki/Seamus_Finnigan's_father,0.0,alive,species: Human | gender: Male,,"Mr Finnigan was an Irish Muggle and the father of Seamus Finnigan. He did not know that his wife was a witch until after he married her. It came as a ""nasty shock"" to him. Appearances Notes and references de:Mr Finnigan es:Padre de Seamus Finnigan fr:Père de Seamus Finnigan pl:Pan Finnigan Seamus Finnigan's father Category:Irish individuals Category:Males Category:Married individuals Category:Non-magic people Category:Parents Category:Unnamed family members",dod_only:alive
06a546df5c3d,Basil Rathbone,Indiana Jones,dod_only,https://indianajones.fandom.com/wiki/Basil_Rathbone,0.0,alive,gender: Male,,"Philip St. John Basil Rathbone, best known simply as Basil Rathbone, was a Hollywood actor. Biography Legacy American movie fan Professor Julio Huertas was aware of Rathbone's work in 1937. During his stay in Buenos Aires, Argentina, Huertas asked the American archaeologist Indiana Jones questions about Rathbone, with Jones confirming to him that Rathbone was a short man, hence why he played many villains in his films. Appearances Indiana Jones and the Arms of Gold Sources Heroes and Sidekicks: Indiana Jones and the Temple of Doom Notes and references External links Rathbone, Basil Rathbone, Basil",dod_only:alive
cef5dcad098f,Lordsport dockhand,Game of Thrones,dod_only,https://gameofthrones.fandom.com/wiki/Lordsport_dockhand,0.0,alive,"Birth: At Lordsport | Appearances: ""The Night Lands"" | Actor: Jer O'Leary",,"A Lordsport dockhand lives in the Iron Islands. Biography Game of Thrones: Season 2 He is working when Theon arrives in Lordsport. He is unmoved by Theon introducing himself as the heir to the Iron Islands and last living son of Balon Greyjoy. Theon pays him to find a horse to take him to Pyke. Yara offers to take Theon, and Theon pays the dockhand a little more to ensure that his belongings are sent to Pyke when they are unloaded. In the books In A Song of Ice and Fire, there is no equivalent character. Theon pays the captain of the Myraham to forward his belongings; as he is about to buy a horse from an innkeeper, he is met by his uncle Aeron. Appearances References Category:Individuals appearing in Game of Thrones Category:Ironborn ru:Докер Лордспорта",dod_only:alive
f668947ee6ec,Inmate (Turkish Prison),Pirates of the Caribbean,dod_only,https://pirates.fandom.com/wiki/Inmate_(Turkish_Prison),0.0,alive,gender: Male | first: ''Pirates of the Caribbean: Dead Man's Chest'' | last: ''At Worlds End (video game)'',,"This man was a prisoner during the Age of Piracy. He was incarcerated in the Turkish Prison at the same time as Captains Jack Sparrow and Edward Teague. Following the escape by Sparrow and Teague, the inmate promptly fled the prison, but later find himself in captured again at Port Royal. Biography Little is known of this man's life other than he would be arrested and became a prisoner of the Turkish Prison, a heavily-guarded prison fortress, around the same time as the infamous pirate Captain Jack Sparrow and Edward Teague. The inmate was placed inside a small cell with a metal door and a single bed in the center of the prison fortress, one floor above the cells in which Sparrow and Teague were held. Sparrow was able to escape, breaking out of his cell using a crowbar, and promptly released Teague before traversing a set of unstable rocky stairs to free this man and another prisoner. The two prisoners ran down the steps to the gate and started banging on it, soon being joined by Spar",dod_only:alive
3d8249ab994b,Isbar,Dune,dod_only,https://dune.fandom.com/wiki/Isbar,0.0,alive,,"Then, he informed her that Bronso of Ix continued to spread lies and heresy despite the death of Muad'Dib but Jessica dismissed this as 'hardly news'.","Isbar was a male priest. He presented himself to the mother of Paul Atreides, Jessica Atreides and informed her that Paul had walked out into the desert after being blinded by a Stone burner and that Duncan Idaho had been ressurected as a Ghola and was now loyal to her daughter Alia. Then, he informed her that Bronso of Ix continued to spread lies and heresy despite the death of Muad'Dib but Jessica dismissed this as 'hardly news'. Appearances The Winds of Dune",dod_only:alive
9667b93a73a2,Vladimir,The Twilight Saga,dod_only,https://twilightsaga.fandom.com/wiki/Vladimir,0.0,alive,species: Vampire | born: Dacia | gender: Male,"Obedient humans were spared death, if not labor, and a few lucky individuals pleased the Romanians enough to earn immortality. Vladimir's mate was killed around 810 AD, during the last of many attempts the Romanians made during the centuries to regroup, repopulate, and topple the Volturi. After the death of Vladimir's mate, Stefan has been his only company throughout the centuries.","Vladimir is one of the founding members of the Romanian coven, the enemy clan of the Volturi. His coven was once the most powerful in the world, but when the Volturi rose to power, they were defeated in a century-long struggle. After losing his mate, Stefan became his only companion. They both long for the opportunity to one day oppose the Volturi and take back their power. He is portrayed by Noel Fisher in the second movie adaptation of Breaking Dawn. Biography Early life Vladimir was one of the original twelve ruling members of the Romanian coven. Vladimir was the head of a coven of four (large, by normal vampire standards) when he joined forces with the other Romanian vampires. His big, successful coven was one of the inspirations for the notion of coexistence to pursue power. During their rule - which lasted nearly 1000 years - the Romanians lived brazenly and decadently. For thousands of miles in every direction, they were known and feared. They ruled over humans and vampires a",dod_only:alive
bd532fc765f5,Man in the Moon,Lord of the Rings,dod_only,https://lotr.fandom.com/wiki/Man_in_the_Moon,0.0,alive,gender: Male,,"The Man in the Moon was a character that exists within the folk-tales of the Shire-folk, the Númenóreans, and the Gondorians.The Adventures of Tom Bombadil and Other Verses from the Red Book, ""Preface"" History The Man in the Moon of the Hobbits' tales may have his origins in the legend of Tilion the Maia.<ref name=complete>Robert Foster, The Complete Guide to Middle-earth, entries ""Man in the Moon"" and ""Tilion""</ref> The Númenóreans believed that the Man in the Moon, like the Lady of the Sun, was a guardian spirit. According to Middle-earth folklore, the Man in the Moon had silver shoes and a silver beard as well as a pale gray mantle. His girdlestead was said to be crowned with opals and pearls. He lived in a white minaret towering over the Mountains of the Moon that was made out of diamonds and ""tall moonstone"" and had ""an ivory door"" that was only unlockable with a ""crystal key"" that he possessed. He was featured in the song The Man in the Moon Stayed Up Too Late,The Adventures ",dod_only:alive
c3e8dcd62e92,Unidentified punched barfly,Star Wars,dod_only,https://starwars.fandom.com/wiki/Unidentified_punched_barfly,0.0,alive,species: Human,,"A human barfly frequented a bar on the asteroid Borgo Prime. Some time c. 9 ABY, the individual was involved in a brawl with their fellow patrons. Once punched in the face by an Aqualish barfly, the human barfly fell to the ground, only to stand up again and help a third barfly—who was held in the enemy's arms after sticking up for them—struggle free. The three individuals continued their rough-and-tumble after former pirate captain Jod Na Nawood passed by in the company of the four Skeleton Crew younglings, who were all headed for the starship Onyx Cinder so as to complete their escape from Jod's former pirate crew. Appearances Notes and references Category:Humans Category:Individuals of unspecified gender Category:Individuals with unspecified pronouns",dod_only:alive
1e656da524df,Valentina Vázquez,Harry Potter,dod_only,https://harrypotter.fandom.com/wiki/Valentina_Vázquez,0.0,alive,"born: Before 1997 (most likely), Argentina | species: Human | gender: Female",,"President Valentina Vázquez was an Argentinian witch and the President of the Argentinian Council of Magic in 2014. Biography It was under her regime that the Council staged the disastrous opening for the 2014 Quidditch World Cup, which escalated into a fight between various team mascots prompted by an attempt to make the Fijian Dukuwaqa and Norwegian Selma share a lake. Vázquez issued a public statement following the event, noting that the Council had been expecting the Norwegians to bring a group of performing trolls, and as no studies had been done into the compatibility of Dukuwaquas and Selmas, no liability could be afforded to her Council. - DISASTROUS OPENING CEREMONY LEADS TO QUESTIONS ABOUT QUIDDITCH WORLD CUP SECURITY (Archived) President Vázquez attended the final of the 427th Quidditch World Cup, on 11 July. Shortly before the match started, she was spotted by Daily Prophet reporter Rita Skeeter chatting to the International Director of the ICWQC, Mentor Metaxas. - 2014 Q",dod_only:alive
b67d07157d2b,Lyndsey Donner,Indiana Jones,dod_only,https://indianajones.fandom.com/wiki/Lyndsey_Donner,0.0,alive,gender: Male,,"Lyndsey Donner was a professor who worked at Hunter College in New York City around August 13, 1969. Biography Professor Lyndsey DonnerIndiana Jones and the Dial of Destiny magazine was present at a surprise party held for archaeologist Indiana Jones on his retirement from Hunter College on August 13, 1969. He was also the author of Aquarius: Did Aliens Build the Pyramids?, a book which Jones possessed an advanced review copy of. Behind the scenes Lyndsey Donner was portrayed by Billy Postlethwaite in Indiana Jones and the Dial of Destiny. Appearances Indiana Jones and the Dial of Destiny Sources Indiana Jones and the Dial of Destiny magazine Notes and references Category:Characters appearing in Indiana Jones and the Dial of Destiny Category:Faculty of Hunter College Category:Professors Category:Writers, Poets & Playwrights",dod_only:alive
90ec58a52606,Oscar Tully,Game of Thrones,dod_only,https://gameofthrones.fandom.com/wiki/Oscar_Tully,0.0,alive,"Appearances: 3 episodes | First: ""The Red Dragon and the Gold"" | Actor: Archie Barnes","His father died suddenly while still young, and Grover raised him in his stead.","Lord Oscar Tully is the head of House Tully and Lord Paramount of the Riverlands during the Dance of the Dragons. Biography Background Oscar is a grandson of Lord Grover Tully and the heir to Riverrun. His father died suddenly while still young, and Grover raised him in his stead. House of the Dragon: Season 2 thumb|250px|left|Oscar first meeting Daemon. Prince Daemon summons Grover Tully to Harrenhal and so Oscar goes in his place. Simon then announces the arrival of Oscar Tully, grandson of Lord Grover Tully and heir to Riverrun. Daemon learns that Lord Grover is still alive, but incapable of doing much more than laying in his bed, posing a problem for the Blacks, as the situation prevents the armies of House Tully from being raised in their name. Daemon bluntly suggests that Oscar kill his grandfather, but the latter is appalled at the suggestion, explaining that Lord Grover raised him as if he was his son, and the act would amount to kinslaying. Daemon retorts that he can now un",dod_only:alive
27c826b66c42,Footman (Weatherby Swann's mansion),Pirates of the Caribbean,dod_only,https://pirates.fandom.com/wiki/Footman_(Weatherby_Swann's_mansion),0.0,alive,gender: Male | first: ''The Curse of the Black Pearl'',,"This individual served as a footman in Governor Weatherby Swann's mansion in the town of Port Royal. Biography This man found employment in Governor Weatherby Swann's mansion during the 1720s. When the young blacksmith named Will Turner was waiting to present a sword intended for James Norrington's promotion ceremony, the footman passed through the foyer with a silver tray, unaware that Turner had detached a candle-holder from the wall by mistake a few seconds previously. After hiding the item in an umbrella stand, Will nodded to the footman as he passed. That night, the town was attacked by the cursed crew of the Black Pearl, who were seeking the last of 882 pieces of Aztec gold to relieve their curse. The coin in question was around the neck of the governor's beautiful daughter, Elizabeth, so the mansion was besieged and looted by the pirates. As Elizabeth fled downstairs from Pintel and Ragetti, the footman passed through the foyer with Scarus chasing after him. His fate is unkno",dod_only:alive
b6d13a8db4e1,Siona Atreides,Dune,dod_only,https://dune.fandom.com/wiki/Siona_Atreides,0.0,alive,birth: 13699 AG,"When she was near death from thirst, Leto offered her liquefied Spice Melange secreted from tendrils flanking his face. Leto, seeing his death and devolution as a necessary step on the Golden Path, had used Siona, Nayla, and Idaho to fulfill his own fate. After Leto's death, his plan for Siona and Idaho was realized; the pair married and reproduced.","Siona Ibn Fuad al-Seyefa Atreides was a distant descendent of Ghanima Atreides and the great Farad'n Corrino, and the first carrier of prescience-cloaking genes. Biography Early life Siona was born the daughter of Moneo Atreides, Leto II's trusted attendant and advisor during his last years. Like her father, Siona harbored a strong rebellious streak, and by her teenage years became violently opposed to Leto's domineering rule of his Empire. Actions against the God Emperor Siona's rough charisma and intelligence helped her emerge as the leader of a group of like-minded dissidents determined to end the God-Emperor's rule through any means necessary. During one incident, Siona barely escaped alive after stealing some of Leto's personal journals and plans, losing ten of her companions to Leto's D-wolves. Her rebellious actions continued even after Leto forced her to join his Fish Speakers. Leto's ambition of breeding Siona with his Duncan Idaho ghola of that time also riled the young Atr",dod_only:alive
02ef5f344be3,Isaac Weber,The Twilight Saga,dod_only,https://twilightsaga.fandom.com/wiki/Isaac_Weber,0.0,alive,"born: 1996; Forks, Washington | species: Human | gender: Male",,"Isaac Weber is the younger brother of Angela Weber. He has a twin brother named Joshua. He only appears in Eclipse and Breaking Dawn, where he plays a very minor role. He was seen in the graduation where he and his brother watch their sister get her diploma. He was also seen with his family at Bella and Edward's wedding in Breaking Dawn. Appearances Eclipse Breaking Dawn Mentioned in Midnight Sun Category:Minor characters Category:Humans Category:Eclipse Category:Breaking Dawn",dod_only:alive
f35d5da28bce,Tinfang,Lord of the Rings,dod_only,https://lotr.fandom.com/wiki/Tinfang,0.0,alive,gender: Male,,"Tinfang Gelion, called Timpinen by Vairë, and Tinfang Warble by the children, was an eerie Elf mentioned within the earlier versions of the legendarium., Vol. I: , IV: ""The Chaining of Melko"", pgs. 94-5 He was whimsical and capricious; his piping was enchanting and made everyone wish to find out where the music came from and hear more. But his talent was matched by his shyness, and always evaded those who wanted to approach, as he was playing only for himself.Dawn Walls-Thumma, ""Tinfang Warble"" on Silmarillion Writers' Guild, 1 October 2022 History Tinfang Gelion was a famous, ""List of Names [in the original texts]"" Elvish piper, Vol. V: , Part Three: ""The Etymologies"", entry SPÁNAG whose origins and nature were shrouded in mystery, but it is likely that he was one of the Ñoldor or possibly one of the Teleri. He was said to be a strange, but a wondrously wise flautist who ""played and danced in summer dusks for joy of the first stars"". He was more shy than a fawn, tending to hide a",dod_only:alive
c7bd128532a9,Nuri Pravada,Star Wars,dod_only,https://starwars.fandom.com/wiki/Nuri_Pravada,0.0,alive,gender: Female,,"Nuri Pravada was a female near-Human member of the Quetzal Sisters, a squad of 'femme-fatales' who worked for the Alliance to Restore the Republic. She along with the other Quetzal sisters, Zeela Nall and Sheyne Tyndos served with Leia Organa and General Orma Hundeen on a mission on Elerion to recover the holocube map containing the location of Rebel main bases from Nescan Tal'yo, Hermos, and Gogol. Appearances Category:Alliance Military members Category:Females Category:Individuals of unidentified species Category:Near-Humans",dod_only:alive
96e96d686899,Gormless Morgan's friends,Harry Potter,dod_only,https://harrypotter.fandom.com/wiki/Gormless_Morgan's_friends,0.0,alive,species: Humans,,"These people were the friends of Gormless Morgan and written into The Rhyme of Gormless Morgan. They are most likely based on real people as most stories made by Miranda Goshawk were about real people who had their name changed to protect their identity. Morgan had been given a job by his boss to kill a fearsome Gorgon, a creature that could turn people into stone. They gave Morg the advice to have a plan first. Sadly, their friend was turned into stone. Appearances Notes and references Category:Cliques Category:Individuals of unknown gender Category:Unidentified individuals Category:Wizards",dod_only:alive
a3ca98b1135a,Azizi,Indiana Jones,dod_only,https://indianajones.fandom.com/wiki/Azizi,0.0,alive,gender: Female,,"Azizi was a goat. Biography The favorite animal of an Egyptian woman in Gizeh Village, Azizi was given away to another when her owner grew too ill to keep her. Passing through Giza while investigating the Great Circle, Indiana Jones overheard the woman telling her grandson that she missed Azizi but her ailments had rendered her unable to visit the goat. Traveling with a camera, Jones was able to provide the woman with a photo of Azizi instead. Appearances Indiana Jones and the Great Circle Notes and references Category:Animal characters Category:Characters appearing in video games",dod_only:alive
a57496d98b24,Uthor Karstark,Game of Thrones,dod_only,https://gameofthrones.fandom.com/wiki/Uthor_Karstark,0.0,alive,Birth: At Karhold,,"Uthor Karstark was a member of House Karstark. Biography Background Uthor Karstark was the secondborn son of Tommard Karstark and his wife, Regan. Game of Thrones: Season 1 He has an entry in The Lineages and Histories of the Great Houses of the Seven Kingdoms. In the books In A Song of Ice and Fire, there is no such character. Appearances References Category:Individuals mentioned in Game of Thrones Uthor Karstark Category:Northmen es:Uthor Karstark fr:Uthor Karstark ru:Утор Карстарк",dod_only:alive
ef77ab304cb1,Murtogg,Pirates of the Caribbean,dod_only,https://pirates.fandom.com/wiki/Murtogg,0.0,alive,gender: Male | first: ''The Curse of the Black Pearl'',"They later joined the battle around Calypso's maelstrom, eventually switching sides with the death of Lord Cutler Beckett, adopting piratical outfits and joining in with the celebrations aboard the Black Pearl. Afterwards, the two put on pirate attire and joined in celebrating the death of Lord Cutler Beckett. Until the release of At World's End, due to Murtogg's absence in the 2006 film Pirates of the Caribbean: Dead Man's Chest, it was assumed amongst fans that he was killed when the hurricane destroyed the HMS Dauntless.","Murtogg was a marine in the British Royal Navy, stationed at Port Royal in the Caribbean, under the command of Commodore James Norrington. He was often seen serving alongside his fellow marine, Mullroy. The duo were later under the service of the East India Trading Company, but ultimately joined Hector Barbossa's crew as pirates, serving aboard the Black Pearl and later the Queen Anne's Revenge. Biography Soldier Royal marine thumb|319x319px|Mullroy and Murtogg guarding the H.M.S. Interceptor from ""Mr. Smith"" At the time of James Norrington's promotion ceremony held at Fort Charles, Murtogg and Mullroy were assigned the task of guarding the dock at which the HMS Interceptor was berthed. Although they carried out their duty loyally, they proved little match for the trickery of Jack Sparrow, and ended up engaged in conversation with the pirate aboard the Interceptor. Although dutiful, they both proved incapable of rescuing Elizabeth Swann when she fell from atop the fort's battlements ",dod_only:alive
2bdaad8bd31b,Simone Von Konig,Dune,dod_only,https://dune.fandom.com/wiki/Simone_Von_Konig,0.0,alive,portrayed: Isabella Hoffman,,"Simone Von Konig was a Mentat in the service of House Harkonnen. Biography Awakening Simone Von Konig was approached by the Prisoner at Riftwatch. She informed them that despite being in the service of House Harkonnen, she despised all of its members and only served them to use their resources to accomplish her own goals. She then gave them the task of determining the cause of the recent deaths in Arrakeen. She told them that they needed to conduct the investigation incognito, as her Mentat counterpart in House Atreides, Andrea Ganan, was already investigating the matter. She instructed to begin by infiltating the labor movement known as the Sandflies, which had suffered a similar outbreak. She advised that they investigate the group's involvement with Captain Tighe Skorda and the crash of the Kytherea.Dune: Awakening Appearances Dune: Awakening References Category:Dune Awakening Awakening Awakening Awakening Awakening",dod_only:alive
70baa3f08baf,Phil Dwyer,The Twilight Saga,dod_only,https://twilightsaga.fandom.com/wiki/Phil_Dwyer,0.0,alive,born: 1975 | species: Human | gender: Male,"Life and Death: Twilight Reimagined

In Life and Death: Twilight Reimagined, Phil has a stepson named Beau instead of a stepdaughter. Film portrayal
thumb|250px|Matt Bushell and Ty Olsson
Phil is portrayed by Matt Bushell in the Twilight movie and by Ty Olsson in Breaking Dawn - Part 1.http://www.breakingdawnmovie.org/breaking-dawn-casting-news-ty-olsson-to-play-phil-dwyer/

Appearances
Twilight
Twilight film
Life and Death: Twilight Reimagined
Breaking Dawn
Breaking Dawn - Part 1

Mentioned in
Midnight Sun
New Moon
Eclipse

References

External links
 Stephenie Meyer's website
 The Twilight Saga's official website
 The official Twilight website. ru:Фил Дуаер
Category:Minor characters
Category:Humans
Category:Twilight
Category:Breaking Dawn
Category:Life and Death: Twilight Reimagined","Phil Dwyer is Renée Dwyer's second husband and Bella Swan's stepfather, as well as the stepfather-in-law of Edward Cullen and the step-grandfather of Renesmee Cullen. He is portrayed by Matt Bushell in the first movie adaptation and later by Ty Olsson. Biography History Phil married Renée the same month Bella turned 17. They had planned to get married in Mexico, but that did not happen. Though Bella didn't like the fact that her mother remarried someone younger, she found Phil to be a decent guy and accepted him. However, because he was a minor league baseball player, he spent a majority of his time away from his new family. Renée stayed home with Bella while her husband travelled for work, and she always missed her husband terribly whenever he was away. Seeing how lonely her mother was being away from her new husband, Bella decided to move back to Forks and live with her biological father, Charlie, so Renée and Phil could travel together. Twilight thumb|left|200px|Phil in Twilight",dod_only:alive
d89c30f3fed7,Melilot Brandybuck,Lord of the Rings,dod_only,https://lotr.fandom.com/wiki/Melilot_Brandybuck,0.0,alive,birth: SR 1385 | gender: Female,,"Melilot Brandybuck was a Hobbit of Buckland. Biography Melilot was born in SR 1385 (TA 2985) and was the youngest child of Marmadas Brandybuck. Melilot's siblings were called Merimas and Mentha., Appendix C: Family Trees, Brandybuck of Buckland At Bilbo's 111th birthday party on September 22, 3001, Melilot Brandybuck her boyfriend Everard Took began to dance the Springle-ring on a table when they mistakenly thought Bilbo's speech was over. She was a third cousin of Meriadoc Brandybuck.The Lord of the Rings, The Fellowship of the Ring, Book One, Chapter I: ""A Long-expected Party"" Translations Foreign LanguageTranslated nameDutchMelilot BrandebokFinnishMelilot RankkibukFrenchMélilot BrandiboucGermanMelilot BrandybockHebrewמלילוט ברנדיבאקItalianMelilot Brandibuck </div> References de:Melilot Brandybock fr:Melilot Brandebouc it:Melilot Brandibuck nl:Melilot Brandebok pl:Melilot Brandybuck Category:Hobbits Category:Brandybucks Category:The Fellowship of the Ring (film) characters Ca",dod_only:alive
6fb7cedd7cb9,Rae Vixe,Star Wars,dod_only,https://starwars.fandom.com/wiki/Rae_Vixe,0.0,alive,species: Gran | gender: Male,,"Rae Vixe was a corporate mogul, and the father of Cera and Boe Vixe. He threw a lavish gala at his Vixe Estate to celebrate the Harvest Season. Appearances Notes and references Category:Businesspeople Category:Gran Category:Males",dod_only:alive
b65584923e2f,Daniel Defoe,Harry Potter,dod_only,https://harrypotter.fandom.com/wiki/Daniel_Defoe,0.0,alive,,,"Daniel Defoe was an author who wrote Robinson Crusoe. Etymology The name ""Daniel"" comes from the Hebrew name דָּנִיֵּאל (Daniyyel) meaning ""God is my judge"". Appearances Notes and references pl:Daniel Defoe Category:Authors Category:English individuals Category:Males",dod_only:alive
b97f039ed051,Mae,Indiana Jones,dod_only,https://indianajones.fandom.com/wiki/Mae,0.0,alive,gender: Female,,"Mae was the jaded owner and bartender of The Kowloon Port O' Call. Mae carried the faint smell of pechule and an inviting smile within her curvaceous frame which was readily flanked by her four Cantonese bodyguards of whom she could direct to attack and/or kill on command when evicting patrons of her Hong Kong establishment. Sources Indiana Jones and the Lands of Adventure Category:Chefs, Bartenders & Restaurant personnel",dod_only:alive
b114348d1f66,Vance Corbray,Game of Thrones,dod_only,https://gameofthrones.fandom.com/wiki/Vance_Corbray,0.0,alive,"Birth: At Heart's Home | Appearances: ""The Mountain and the Viper"" | Actor: Richard Doubleday","Biography
Game of Thrones: Season 4
Ser Vance, along with Lord Yohn Royce and Lady Anya Waynwood, sits on a tribunal to investigate the death of Lysa Arryn. Lord Yohn Royce and the other present Vale lords do not inquire about Lysa's death, but demand that Littlefinger leaves the Vale and lets them look after Lysa's son.","Ser Vance Corbray is a knight of House Corbray, a noble house sworn to House Arryn of the Eyrie. Biography Game of Thrones: Season 4 Ser Vance, along with Lord Yohn Royce and Lady Anya Waynwood, sits on a tribunal to investigate the death of Lysa Arryn. Like the other judges, Ser Vance assumes foul play on Littlefinger's part. During the tribunal, Ser Vance is made aware that Littlefinger's niece, ""Alayne"", is actually Sansa, but he agrees to keep her secret and accepts her testimony that Lysa committed suicide. In the books In A Song of Ice and Fire, there is no character named Ser Vance Corbray. There are two known Corbray knights, brothers to Lord Lyonel Corbray, Ser Lyn and Ser Lucas. Ser Lyn is a noted warrior, and is also known to be a homosexual. Vance is most likely based off Lyn, as he was the Corbray present at the meeting between Petyr Baelish and the Vale lords. Lord Yohn Royce and the other present Vale lords do not inquire about Lysa's death, but demand that Littlefing",dod_only:alive
8694d9fd81fb,Cursed Captain,Pirates of the Caribbean,dod_only,https://pirates.fandom.com/wiki/Cursed_Captain,0.0,alive,gender: Male | first: ''Sea of Thieves: A Pirate's Life'' | last: ''Sea of Thieves: A Pirate's Life'',"However, due to the cursed nature of the island, all the crew perished before they could sail away. Appearances
Sea of Thieves: A Pirate's Life

See also
Cursed Captain on Sea of Thieves Wiki

Category:Deceased individuals
Category:Males
Category:Pirate captains
Category:Resurrected individuals
Category:Undead","The Cursed Captain was a pirate captain who became cursed and undead during the golden age of piracy. Commanding the Golden Hare, the Captain had a prosperous career, but he eventually met his end in the Sea of the Damned at the hands of his own mutinous crew. Biography Not much is known about the Cursed Captain's early life, except that he joined the pirates in the Caribbean and eventually became a captain of his own ship, the Golden Hare. At some point during his career he lost his right hand and put a hook in its place. He also lost his left eye and had to wear an eyepatch over the empty eye socket. One day the Captain and his crew stole a fortune in plunder, but they had to run from the treasure's real owners. The Golden Hare sailed into the Sea of the Damned, the cursed waters full of undead mariners. The pirates eventually reached an island and established themselves in a haunted town called Sailor's Grave. The crew complained to the Captain, asking to sail back to the world o",dod_only:alive
5fabf650e3af,Campos Demari,Dune,dod_only,https://dune.fandom.com/wiki/Campos_Demari,0.0,alive,portrayed: Robbie Daymond,,"Campos Demari was a spice merchant. Biography Background Campos Demari was an ornithopter pilot in the Spice Miner's Guild for thirty years. He was part of the B Squadron, First Fleet, Third Deep Desert Fleet, who were known as the Habanaya Hot Heads. He left after Windsack, as he disagreed with the Guild's decision to get involved in politics.Dune: Awakening Awakening Campos Demari was approached by the Prisoner at his stall in in Arrakeen. He told them of his past as a pilot and all that he know about the spice trade. He also told them about his charter service, Dune Riders, in which he offered ornithopter excursions into the deep desert, which he declared to be the only charter service that guaranteed wormsign. Appearances Dune: Awakening References Category:Dune Awakening Awakening Awakening",dod_only:alive
55bb88111a9b,Mr. Jefferson,The Twilight Saga,dod_only,https://twilightsaga.fandom.com/wiki/Mr._Jefferson,0.0,alive,species: Human | gender: Male,,"Mr. Jefferson is a minor character in Twilight. He is only mentioned to be Bella's Government teacher at Forks High School. On the first day of school, Eric walked Bella to his class. Appearances Twilight External links Stephenie Meyer's official website The Twilight Series' official website The Twilight Lexicon Category:Forks High School staff Category:Twilight",dod_only:alive
37b28e3937c4,Gilfanon,Lord of the Rings,dod_only,https://lotr.fandom.com/wiki/Gilfanon,0.0,alive,gender: Male,,"Gilfanon a·Davrobel was a Ñoldorin Elf of Tol Eressëa., Vol. I: The Book of Lost Tales Part Two, VIII: ""The Tale of the Sun and Moon"" Biography Gilfanon was one of the oldest living Elves on Tol Eressëa. He lived in the House of the Hundred Chimneys in the town of Tavrobel. He knew the Elf Lindo and was present when Lindo hosted the Man Eriol at the Cottage of Lost Play during his time on the island. During one night, Gilfanon told Eriol the tale of the Sun and the Moon as they spoke together., Vol. I: The Book of Lost Tales Part One, IX: ""The Hiding of Valinor"", Vol. I: The Book of Lost Tales Part One, VIII: ""The Tale of the Sun and Moon"", Notes and Commentary He was also known for recounting a tale of the exile of Ñoldor and the coming of Men., Vol. I: The Book of Lost Tales Part One, X: ""Gilfanon's Tale: The Travail of the Noldoli and the Coming of Mankind"" Etymology Gilfanon is a Gnomish name with an unknown meaning,""Gilfanon"" on eldamo.org though the first word may be derived ",dod_only:alive
285ac7f09bb9,Davrill,Star Wars,dod_only,https://starwars.fandom.com/wiki/Davrill,0.0,alive,species: Human | gender: Male,,"Davrill was a Human male who served in the rank of Lieutenant of the reconstituted Sith Empire during the Cold War. Biography Stationed on Balmorra, Davrill discovered that the old Balmorran government was sending generators to the Balmorran resistance in order to power the artillery. He tasked an Imperial spacer to locate the warehouse where these generators were being stored and destroy them. Appearances Star Wars: The Old Republic Notes and references Category:Humans Category:Individuals with he/him pronouns Category:Males Category:Sergeants and lieutenants of the Sith Empire",dod_only:alive
0888b0bfb9a5,Girl whose quill was taken by Cedric,Harry Potter,dod_only,https://harrypotter.fandom.com/wiki/Girl_whose_quill_was_taken_by_Cedric,0.0,alive,born: Between 1 September 1974 and 31 August 1976 (most likely) | species: Human | gender: Female,,"This individual (born c. 1974–1976) was a witch who in the early 1990s was one of the Hufflepuff Prefects at Hogwarts School of Witchcraft and Wizardry. - GBA version Biography She attended breakfast in the Great Hall on the day of the Gryffindor vs. Ravenclaw Quidditch match, where she commented that Cedric had taken her writing quill. She was patrolling the third-floor corridor on the night of 4 June 1992. When Harry Potter, Ronald Weasley and Hermione Granger passed by Peeves, she heard something and went to investigate. She admired Harry Potter and, whenever she caught him sneaking around at night, she was surprised to find him there, breaking school rules just like ""any other student"" and even assuring him that the fact that she had to deduct him House points did not change the fact that she looked up to him as a hero. Behind the scenes This NPC has the distinction of being one of the only Prefects that deducts House points whenever she is the target of a stray spell during t",dod_only:alive
9e1afd282c4e,Mariano,Indiana Jones,dod_only,https://indianajones.fandom.com/wiki/Mariano,0.0,alive,gender: Male | birth: 1851 Colombia,,"Mariano was a seventy-eight old coffee farmer who lived near on a mountain near San Andrés de Pisimbala, Colombia. He lived with his wife and some dogs. Biography In September 1929, he received two visitors, Indiana Jones and Salandra. He and his wife gave them a meal, and directed them to Popayan. A few days later, he drove his horse-cart to Popayan, and found the two still on the road. Giving them a ride, he shared that he had once seen ghosts, one of was interpreted by Jones as a person dying from the lack of nalca.Indiana Jones and the Interior World Appearances Indiana Jones and the Interior World Notes and references Category:Characters alive when last seen Category:Characters appearing in novels Category:Colombians Category:Ranchers & Farmers",dod_only:alive
0cc576e20826,Daario Naharis,Game of Thrones,dod_only,https://gameofthrones.fandom.com/wiki/Daario_Naharis,0.0,alive,"Birth: In Tyrosh | Appearances: 21 episodes | First: ""Second Sons"" | Last: ""The Winds of Winter"" | Actor: Ed Skrein Michiel Huisman","Daario rose to fame within the fighting pits earning his master so much money that at the time of his master's death Daario was rewarded with freedom. Daario has an unusual code for a sellsword; he won't sleep with prostitutes and only kills soldiers who are trying to kill him, not bystanders. Daario has over several different occasions proven his skills in combat: when he reveals to Daenerys that he single-handedly managed to kill both of the commanding officers of the Second Sons, when he along Ser Jorah and Grey Worm fight severely outnumbered against several guards in the streets of Yunkai, when he kills the Champion of Meereen in single combat with ease or when protecting Daenerys, Tyrion, and Missandei from hundreds of Sons of the Harpy along with Ser Jorah, coming out on top, unharm","Daario Naharis was originally a lieutenant in the Second Sons, a sellsword company, before taking over the company and killing his superiors, Mero and Prendahl na Ghezn. He then aligns with Daenerys Targaryen, serving as her advisor and enforcer, eventually becoming her lover. Following their victory in Slaver's Bay, he is forced to part ways with Daenerys when she sails for Westeros, remaining in Meereen to enforce the Queen's peace. Biography Background Daario is a Tyroshi sellsword, employed as a lieutenant in the Second Sons. He is apparently held in high enough regard by the company's co-captains, Mero and Prendahl na Ghezn, that they allow him to join them in contract negotiations and discussions of the company's future. According to Daario, his mother was a prostitute, and he comes from low beginnings. At the age of 12, Daario was sold by his mother to a slave master from Tolos due to her declining income, alcoholism and his aggressive, unruly behavior and tendency to get into",dod_only:alive
c4dd7e896e0b,Quartermaster (Flying Dutchman),Pirates of the Caribbean,dod_only,https://pirates.fandom.com/wiki/Quartermaster_(Flying_Dutchman),0.0,alive,gender: Male | first: ''At World's End'' (video game),,"This man was a crew member serving aboard the Flying Dutchman under the command of Captain Davy Jones. Biography Although his nickname was ""Quartermaster"", he was rarely seen on deck, making it unlikely that he was actually the ship's quartermaster. Quartermaster had teal skin covered with barnacles. His stomach had a hole that revealed a part of his backbone. Like his fellow crewman William ""Bootstrap Bill"" Turner, Quartermaster had a large starfish on his head, although Quartermaster's covered the right side of his face.Pirates of the Caribbean: At World's End (video game) His final fate is unknown. Appearances Pirates of the Caribbean: At World's End (video game) (PS2, Wii, PC, PSP version) Sources Pirates of the Caribbean: At World's End (video game): Official Strategy Guide Notes and references de:Quartiermeister (Flying Dutchman) it:Quartiermastro dell'Olandese Volante ru:Квартирмейстер «Летучего Голландца» Category:Davy Jones' crew Category:Flying Dutchman crew Category:",dod_only:alive
34db2f012009,Arn Mikals,Dune,dod_only,https://dune.fandom.com/wiki/Arn_Mikals,0.0,alive,,"He told Pal that he would return shortly, though he never did, presumably being imprisoned or killed for his defiance.Dune: Awakening

Awakening
The Prisoner entered the lab and discovered Pal, as well as Mikals' last recording before his departure.","Arn Mikals was the creator of the Paladin 9200 Combat Training Program. Biography Background Arn Mikals was assigned a lab in Testing Station No. 163 where he created the Paladin 9200 Combat Training Program. He grew found of the thinking machine, which he called ""Pal"", and regarded it as his best friend. Mikals was later informed that the project had been shut down and ordered to destroy the Paladin system. He refused to do it and dismissed his staff and was determined to convince the comittee to change their minds. He told Pal that he would return shortly, though he never did, presumably being imprisoned or killed for his defiance.Dune: Awakening Awakening The Prisoner entered the lab and discovered Pal, as well as Mikals' last recording before his departure. From the recording, they learned the passcode they could use to access the Paladin system. Once they did, Pal mistook them for Mikals and was overjoyed at their reunion. Appearances Dune: Awakening (voice only) References C",dod_only:alive
36500d5d67f2,Edgar John Brandon,The Twilight Saga,dod_only,https://twilightsaga.fandom.com/wiki/Edgar_John_Brandon,0.0,alive,species: Human | gender: Male,"In Alice's late teenage years, Edgar had his wife murdered to marry a blonde Yankee from Illinois, Anna-Marie. On the day of his wedding, Alice suspected Anna-Marie was already planning the wedding before Lillian was killed and asked her father. Mentioned in
New Moon
The Mary Alice Brandon File (flashback)

References

Category:Mentioned characters
Category:Deceased characters
Category:Humans","Edgar John Brandon is the husband of Lillian Brandon, and later Anna-Marie Brandon, and the father of Cynthia Brandon and Alice Cullen. He was a jeweler and a pearl trader. He is portrayed by John Emmet Tracy in The Mary Alice Brandon File. Biography The Mary Alice Brandon File thumb|left|200px|Edgar's wedding. Edgar was married to Lillian Brandon and they had two children: Mary Alice Brandon and Cynthia Brandon. They lived in Biloxi, Mississippi. Alice was born with the gift of subjective precognition, but Edgar was never fond of her gift, unlike his wife. In Alice's late teenage years, Edgar had his wife murdered to marry a blonde Yankee from Illinois, Anna-Marie. On the day of his wedding, Alice suspected Anna-Marie was already planning the wedding before Lillian was killed and asked her father. This instantly triggered a vision where she saw her father pay her mother's murderer to kill her, and she realized the truth. Knowing he could kill her, he had her committed to a mental ",dod_only:alive
023a602fad95,Halvard,Lord of the Rings,dod_only,https://lotr.fandom.com/wiki/Halvard,0.0,alive,actor: Leo Woodall,,"Halvard is a Dúnedain Man set to be portrayed by Leo Woodall in , presumably as one of the Rangers of the North who accompanied Aragorn in protecting the lands of what had become the Lost Realm of Arnor. Etymology Most Dúnedain in Middle-earth have Sindarin names, but halvard does not seem to be fully Sindarin. Usually hal means ""to lift"" in Sindarin.Parf Edhellen - hal Quenya has vard meaning ""rule, govern"",Parf Edhellen - vard- but not Sindarin, and only in older sources. Also vard- tends to begin words, not end them. It is possible that vard is a shortened version of Varda the Valar which is a Quenya name, but Sindarin calls her Elbereth. References Category:Characters in The Hunt for Gollum Category:Non-canonical Dúnedain",dod_only:alive
c231fed03eb3,Czic,Star Wars,dod_only,https://starwars.fandom.com/wiki/Czic,0.0,alive,species: Drach'nam | gender: Male,,"Czic was one of Chay Praysh's numerous Drach'nam bodyguards. He, along with Brok, was sprayed in the face with a flammable mix of chemicals by Mara Jade, during her mission to rescue Sansia Bardrin from slavery. Appearances Category:Bodyguards Category:Drach'nam Category:Enslavers Category:Males",dod_only:alive
2dd7d798b275,Hugh Biggs,Harry Potter,dod_only,https://harrypotter.fandom.com/wiki/Hugh_Biggs,0.0,alive,born: Between 1697 and 1701 | species: Human | gender: Male,,Hugh Biggs (b. 1690s/1700s) was a Gryffindor student at Hogwarts School of Witchcraft and Wizardry in the 1710s. He was once Captain of the Gryffindor Quidditch team from 1712 to 1716. Appearances Notes and references fr:Hugh Biggs pl:Hugh Biggs Category:British or Irish individuals Category:Gryffindors Category:Hogwarts Quidditch Captains Category:Males Category:Sorted in the 18th century Category:Wizards,dod_only:alive
70166066e536,Musgrove,Indiana Jones,dod_only,https://indianajones.fandom.com/wiki/Musgrove,0.0,alive,gender: Male | birth: c. early 1870s-early 1890s,"Unfortunately, Brooksbank was believed killed when Nazi agents sabotaged his car, despite Nichols' protection. Brooksbank, before his death, recorded a film instructing his friend Indiana Jones to find the new location of the Hall of Records.Indiana Jones and the Pyramid of the Sorcerer

Musgrove tracked Jones to Peru, but was unable to find his site. Though Jones distrusted him, Musgrove eventually convinced the archaeologist to help him by mentioning Brooksbank's recent death.","Colonel Musgrove was a United States Army officer and intelligence agent for the United States of America federal government. Biography Early life and career Musgrove was born between the early 1870s and the early 1890s. Musgrove's career within the United States Army began prior to World War I. He then went on to serve as a low-level adminstrative aide on the staff of General John J. Pershing during the conflict itself, analyzing aerial reconnaissance photographs of the Allied and German forces on Belgium and France's front lines. When the war was over, Musgrove headed the photo reconnaissance division of United States Army Intelligence. Working with Eaton Eventually, before his transfer to the European special operations division, Musgrove found himself partnered with Major Eaton to follow up Adolf Hitler's international activities, including the Führer's interest in artifacts with supposed supernatural properties. Both men weren't popular among their departments, being assi",dod_only:alive
0eb64b892297,Lymond Hightower,Game of Thrones,dod_only,https://gameofthrones.fandom.com/wiki/Lymond_Hightower,0.0,alive,"Birth: At the Hightower, in Oldtown","In the books
The World of Ice & Fire specifies that Lymond Hightower was known as the Sea Lion and fought and killed King Theon III Greyjoy after ceasing to pay tribute to the ironborn king.","Lymond Hightower was a king during the Age of Heroes. Biography When the kings of House Gardener conquered the Reach, Lymond decided to marry into their family rather than fight them. By marrying a daughter of House Gardener, Lymond was able to transform the Hightowers from wealthy but relatively minor kings into the greatest lords of the Reach. Since then, House Gardener, and later on House Tyrell, has always defended Oldtown, allowing the Hightowers to focus on learning and trade. In the books The World of Ice & Fire specifies that Lymond Hightower was known as the Sea Lion and fought and killed King Theon III Greyjoy after ceasing to pay tribute to the ironborn king. He brought back the First Men tradition of thralldom long enough to make the captured ironborn work on strengthening the walls of Oldtown. Appearances References External links Category:First Men Category:Individuals from Histories & Lore Category:Kings Lymond Hightower Lymond Hightower Category:Men of the Rea",dod_only:alive
a32658afaed0,Clement Aurentius,Pirates of the Caribbean,dod_only,https://pirates.fandom.com/wiki/Clement_Aurentius,0.0,alive,gender: Male | first: ''Pirates of the Caribbean'' (game),,"Clement Aurentius was a scientist and researcher who lived in a lighthouse on Oxbay island in the South Archipelago in the Caribbean sea in the 1630s. He took part in a voyage for treasure in the island of Khael Roa with the captains Nathaniel Hawk and Danielle Greene. Biography Clement was an elderly researcher and chemist who lived near Greenford colony on Oxbay in a lighthouse. One time, he was accused of sorcery when an experiment he was conducting resulted in a huge cloud of smoke which hovered over Greenford town. The man was tied to a stake to be burned by locals. But before they could do so, a woman whose child he once rescued using one of his potions implored Captain Nathaniel Hawk, who at that time had been in the town, to help free Clement, which he did by bribing off the executioners. Thanking Nathaniel for saving his life, he invited the Captain to his lighthouse where he met with his partner Captain Danielle Greene and a man named Vincent Bethune. The three were in se",dod_only:alive
cfb821962a8d,The Water Shipper,Dune,dod_only,https://dune.fandom.com/wiki/The_Water_Shipper,0.0,alive,portrayed: Darin De Paul,"However, he drank water that had been poisoned by the Prisoner and attempted to tell them how to break the compulsion, but died before he could do so.","The Water Shipper was a ghola appointed by the Bene Tleilax to locate the Fremen. Biography Background The Water Shipper was subjected to hypno-ligation by the Bene Tleilax. He was sent to Arrakis and acquired a mansion by killing every member of the family who occupied it. He took control of the planet's water, intending to use it to find the Fremen, but they eluded him.Dune: Awakening Awakening The Water Shipper discovered that the Prisoner had invaded his mansion. He watched them on the transeye and did not recognise them, which disturbed him. He told them of his mission and his failure to find the Fremen. Believing that the Sisterhood had sent them to check on his progress, insisting that he just needed more time in which to complete the mission. However, he drank water that had been poisoned by the Prisoner and attempted to tell them how to break the compulsion, but died before he could do so. Gallery Appearances Dune: Awakening References Category:Dune Awakening Awakening A",dod_only:alive
91426bab2d56,Rob Sawyer,The Twilight Saga,dod_only,https://twilightsaga.fandom.com/wiki/Rob_Sawyer,0.0,alive,species: Human | gender: Male,,"Rob Sawyer is a student in Edward Cullen's 6th period Spanish class. His only known involvement in the whole series is thinking, ""Ugh. Creepy,"" about Edward. This was said when Rob saw Edward constantly staring at nothing in particular with a massive grin on his face, and then turn to him. In reality, he was eavesdropping Bella Swan by using telepathy to peek through her classmates' thoughts. It is unknown whether Rob was at graduation or not. Appearances Midnight Sun Category:Minor characters Category:Humans Category:Forks High School students Category:Midnight Sun",dod_only:alive
a5ef9afa9a4d,Durin VII,Lord of the Rings,dod_only,https://lotr.fandom.com/wiki/Durin_VII,0.0,alive,birth: after FO 171,,"Durin VII was the descendant of Thorin III and possibly the last of the House of Durin., Appendix A: ""Annals of the Kings and Rulers"", III: Durin's Folk Biography His birth was prophesied by the Dwarves at the conclusion of the Battle of Five Armies, that in the direct line of Dáin II there will be an heir, but the last of his line., Vol. XII: , XIII: ""Last Writings"" Durin VII traveled from the Lonely Mountain to re-establish Khazad-dûm and root out the Orcs who lived there.The History of Middle-earth, Vol. XII: The Peoples of Middle-earth, IX: ""The Making of Appendix A"" After that, he re-founded the great Dwarf kingdom and his people prospered once more. In adaptations thumb|left|Durin VII in In , Prince Durin is the son of King Thorin III. In the game's story-line other Dwarves have been given that name and yet proved not to be the Father of the Longbeards returned, so a major part of his motivation is to prove whether he truly is or will be Durin VII. At the onset of the War",dod_only:alive
fd3cbcc14a41,Khoss of Knylenn,Star Wars,dod_only,https://starwars.fandom.com/wiki/Khoss_of_Knylenn,0.0,alive,species: Human | gender: Male,,"Khoss of Knylenn was a male Kuati merchant. The Human was running through the lobby of the Kuat Passenger Port when he dropped his bag containing money and a ticket for the Kuat City Express. Bounty hunter Zam Wesell snatched the bag, and knocked Khoss out. Using his ticket, she boarded the ferry en route to Kuat City. When the stewardess aboard the ferry questioned where Khoss was, Wesell replied the he had sudden business to tend to. Once in Kuat City, Wesell used Khoss's money to purchase clothing to help blend into the Kuati culture. Appearances Star Wars Adventures 5: The Shape-Shifter Strikes Slave Ship Category:Humans Category:Kuati Category:Males Category:Merchants",dod_only:alive
528863466a98,Cassius Bell,Harry Potter,dod_only,https://harrypotter.fandom.com/wiki/Cassius_Bell,0.0,alive,born: Before 1927 | species: Human | gender: Male,"Bell watched the flames kill two Aurors, then turned calmly toward Grindelwald's ring of fire and, despite having just killed one of Grindelwald's followers himself, descended towards it.","Cassius BellActor Christopher Birks' Spotlight profile - ""Film, Cassius 'Young Auror' Bell, FANTASTIC BEASTS: THE CRIMES OF GRINDELWALD, Warner Bros., David Yates""CV - Actor Christopher Birks' official website was a wizard and Auror who lived in the early 20th century who eventually joined the Dark wizard, Gellert Grindelwald. Biography Early life Cassius Bell was presumably born at some point prior to 1910 and became an Auror at some point after his seventeenth birthday, though it is unclear which wizarding government he served. Global wizarding war In 1927, Cassius Bell was part of the group of Aurors, led by British Auror Theseus Scamander, who attempted to break up a rally held by the Dark wizard Gellert Grindelwald in the Lestrange Mausoleum in the Parisian cemetery Cimetière du Père-Lachaise. Before entering the mausoleum, Scamander ordered his men to go easy on the crowd, reminding them it was not illegal to simply listen to Grindelwald's speech. The group then marched inside,",dod_only:alive
4cfdacb335c3,Stephen (saint),Indiana Jones,dod_only,https://indianajones.fandom.com/wiki/Stephen_(saint),0.0,alive,gender: Male,,Stephen was a saint whose finger bones were said to be contained within the Matide Cross. Sources Indiana Jones and the Last Crusade 1990 Adventure Calendar Notes and references External links Category:Historical figures Category:Saints,dod_only:alive
bd55f20086c9,Glendon Footly,Game of Thrones,dod_only,https://gameofthrones.fandom.com/wiki/Glendon_Footly,0.0,alive,Actor: Adam Brown,,"Lord Glendon Footly was the head of House Footly and Lord of Tumbleton during the Dance of the Dragons. Biography Glendon was one of the Blacks who supported Rhaenyra Targaryen during the civil war. In the books In Fire & Blood, his name is only given as ""Lord Footly,"" though his wife's name ""Sharis"" was given in the text. Because House Tyrell's lord was an infant boy his regent mother declared Highgarden's neutrality in the war, and different Reach vassals picked different sides. The southern half of the Reach had been under the political influence of the Hightowers in Oldtown for centuries, but the more distant vassals in the north resented the Hightowers acting as if they were the rulers of all the Reach when they were officially vassals co-equal to them under the Tyrells. Tumbleton is in the far northeast of the Reach, farther north along the Roseroad from Bitterbridge (ruled by House Caswell, who also declared for Rhaenyra). As the main Hightower army under Lord Ormund and ",dod_only:alive
445a511d8875,Captain of HMS Dauntless,Pirates of the Caribbean,dod_only,https://pirates.fandom.com/wiki/Captain_of_HMS_Dauntless,0.0,alive,gender: Male | first: ''The Curse of the Black Pearl'',,"This man was captain of the HMS Dauntless during the time of Governor Weatherby Swann's crossing from England to the Caribbean. The captain and his crew transported Swann and his daughter, Elizabeth, to Port Royal eight years prior to Lieutenant James Norrington's promotion to the rank of Commodore. When the HMS Dauntless happened upon the wreckage of a merchant vessel presumed to be the victim of a pirate attack, the captain had already retired to his quarters and had to be roused by a member of the crew, under orders from Lieutenant Norrington. Eight years later, Norrington had become captain of the Dauntless and the HMS Interceptor. The fate of his unknown predecessor is unknown. Behind the scenes This unidentified captain of the HMS Dauntless was only mentioned by Lieutenant Norrington in the 2003 film Pirates of the Caribbean: The Curse of the Black Pearl, and later in the 2006 German novelization.Fluch der Karibik, p. 16 In Ted Elliott and Terry Rossio's first screenplay draft, ",dod_only:alive
e60a56889124,Seron Varlin,Dune,dod_only,https://dune.fandom.com/wiki/Seron_Varlin,0.0,alive,portrayed: Piotr Michael,,"Seron Varlin was a swordmaster. Biography Background Seron Varlin trained as a swordmaster in the Ginaz School. He later lost his sight.Dune: Awakening Awakening Varlin was approached by the Prisoner in Harko Village. He warned them to keep their distance, though he was past his prime he could still thrash them. They assured them that they meant him no harm and informed them that he scribed the word ""regret"" into the flesh of several individuals who attempted to toss him into the Deep desert to be eaten by a Sandworm. They asked him to train them in the ways of the Ginaz Swordmasters. Appearances Dune: Awakening References Category:Dune Awakening Awakening Awakening Awakening",dod_only:alive
fac05b18d3e8,Whitney,The Twilight Saga,dod_only,https://twilightsaga.fandom.com/wiki/Whitney,0.0,alive,species: Human | gender: Female,,"Whitney is a student at Forks High School who appears in Midnight Sun. She pauses near the Cullens' lunch table and runs her fingers through her short, sandy hair, causing Jasper, whose self-control is already weak, to feel a strong desire for her blood. Alice tells him to think of humans as people, to try and control his thirst, and says that Whitney has a baby sister who she adores and reminds Jasper that her mother invited Esme to her garden party. Physical appearance Whitney is described as a small girl with short, sandy hair. Appearances Midnight Sun ﻿ Category:Minor characters Category:Humans Category:Forks High School students Category:Midnight Sun",dod_only:alive
ddd415c4ac25,Meneldor,Lord of the Rings,dod_only,https://lotr.fandom.com/wiki/Meneldor,0.0,alive,gender: Male,,"__NOTOC__ Meneldor was a Great Eagle who dwelt at one of the eyries in the northern half of the Misty Mountains. Biography He was a friend and follower of Gwaihir and probably dwelt with him at one of the eyries of the Misty Mountains. He along with Gwaihir and Landroval was one of the Eagles who rescued Frodo and Sam from the slopes of Mount Doom, after the destruction of the One Ring., , Book Six, Chapter IV: ""The Field of Cormallen"" Etymology The first element of Meneldor, menel, means ""heaven"".Parma Eldalamberon, Words, Phrases and Passages in Various Tongues in The Lord of the Rings by J.R.R. Tolkien In adaptations thumb|Meneldor as seen in In , Meneldor and his brother Landroval appear at several points throughout the game. The player first meet them in the Wailing Hills south of Lothlórien where they help the Eagles deal with an infestastion of spiders. After their participation in the Battle of the Morannon, the player meets the Eagles once again when they reach the Ca",dod_only:alive
80b807375fef,Unidentified tentacled creature,Star Wars,dod_only,https://starwars.fandom.com/wiki/Unidentified_tentacled_creature,0.0,alive,,,This tentacled creature was a creature of an unknown species kept by Soopan in his shopping mall. It was described has having a bad attitude. The bounty hunter Cad Bane fought this tentacled creature during his raid on the Descent Shopping Mall. Appearances Notes and references Category:Cephalopods Category:Creatures of unspecified diet,dod_only:alive
b1c3803c70e9,Jenna Jovius,Harry Potter,dod_only,https://harrypotter.fandom.com/wiki/Jenna_Jovius,0.0,alive,species: Human | gender: Female,,"Jenna Jovius was a witch who lived at 34 Lippincot Road, in the borough of Chelsea, London in 1927. In that year the British Ministry of Magic wrote a letter addressed to Jovius which was validated by Ministry official D. Dussal. Appearances Notes and references Category:Females Category:Wizards",dod_only:alive
97cfb1dd076d,Achilles,Indiana Jones,dod_only,https://indianajones.fandom.com/wiki/Achilles,0.0,alive,gender: Male,"Death 
When hostilities resumed, Achilles stood at forefront of the Greek assault. Thus was the premonition of Thetis brought to fruition, as Achilles died from the wound. Ajax, overcome with grief and sorrow at losing both his friend and the spear, killed himself.","Achilles was a legendary figure from Greek mythology, best known as the greatest warrior in Homer's Iliad, which chronicles his role in the Trojan War. Biography Early life Achilles was born as the son of Peleus and Thetis. While Achilles was still a babe, Thetis had a premonition that her son would become a great warrior. Taking him to the banks of the River Styx, she plunged him into its waters, rendering all parts of his body invulnerable, save for his heel, by which she held him. Satisfied with the fruits of her journey, she returned home with the child.Indiana Jones Artifacts A few years later, as Achilles grew, an oracle foretold that he would die beneath the walls of Troy from a wound in his heel, the only vulnerable part of his body. Vowing that her son would never meet such a fate, she entrusted Achilles to the centaur Chiron, who had been responsible for the education of all the great heroes. From Chiron, Achilles learned all that a warrior was expected to know. Once ",dod_only:alive
0502125e0060,Johnston (Officer),Marvel Cinematic Universe,status,https://marvelcinematicuniverse.fandom.com/wiki/Johnston_(Officer),0.0,alive,species: Human | gender: Male | status: Alive,,"Johnston is a high-ranking officer in the United States Army. Biography Deathlok Pitch Meeting with Ian Quinn Johnston joined other high-ranking members of the United States Armed Forces, who were given a tour of the Cybertek Manufacturing Facility by Ian Quinn. Following an explanation of the Project Deathlok Installer and the potential of the Deathlok Soldiers, Williams and the other officers overheard gunfire breaking out. Johnston watched on as Jacobs had demanded an explanation from John Garrett, only to witness Garrett brutally murder Jacobs, resulting in Johnston and the other officers being held captive. However, S.H.I.E.L.D. was soon able to defeat Garrett and Hydra, resulting in Johnston and the other officers being released. Relationships Allies United States Army Williams United States Marine Corps Jacobs † United States Navy Jolnes Enemies Hydra Centipede Project Ian Quinn † John Garrett † Grant Ward † Mike Peterson/Deathlok Gallery References Category:Characters Ca",status:alive
7048b0c3c2c5,Li,Alien vs Predator,status,https://avp.fandom.com/wiki/Li,0.0,alive,status: Unknown | species: Human,,"Li was a worker at the Romashka Outpost weapons development site on the Union of Progressive Peoples mining planet Shānmén. Biography Li was one of twenty-four roughnecks at the outpost that reported to Foreperson Ngo, working in the plant and assisting in weapons tests. Li lived in the outpost village. Events on Shānmén After the mutagenic pathogen attack on Shānmén by a Juggernaut-class spaceship, Peréz was one of the surviving outpost workers that were the target of rescue operations conducted by members of the Jackals.EVAC Appearances EVAC References Category:EVAC characters Category:Humans Category:UPP citizens Category:Unknown Fate",status:alive
879b1869d3ed,U.S. Air Force Colonel (JSC),James Bond 007,status,https://jamesbond.fandom.com/wiki/U.S._Air_Force_Colonel_(JSC),0.0,alive,status: Active,,"The U.S. Air Force Colonel was an officer in the 1979 James Bond film Moonraker. The actor who played him remains unknown. Biography The Colonel works alongside Colonel Scott at Johnson Space Center in Houston, Texas. He only appears when Scott talks to General Gogol on the phone. Awards & Decorations Air Force Outstanding Unit Award: This medal indicates that the Colonel current or any former unit performed ""exceptionally meritorious service, accomplishes specific acts of outstanding achievement, excels in combat operations against an armed enemy of the United States, or conducts with distinct military operations involving conflict with, or exposure to, a hostile action by any opposing foreign force"". Air Force Good Conduct Medal: The Colonel achieved this medal while still being an enlisted man during a three-year period of active military service or for a one-year period of service during a time of war. It indicates that Kennedy had character and efficiency ratings of 'excellent",status:alive
93b999a14643,Echo (LEGO Jurassic World: Legend of Isla Nublar),Jurassic Park,status,https://jurassicpark.fandom.com/wiki/Echo_(LEGO_Jurassic_World:_Legend_of_Isla_Nublar),0.0,alive,appearances: LEGO Jurassic World: The Secret Exhibit LEGO Jurassic World: Legend of Isla Nublar | species: Velociraptor | gender: Female | status: Alive | born: 2012,,Category:Named animals Category:Velociraptor Pages Category:LEGO Jurassic World: The Secret Exhibit characters Category:LEGO Jurassic World: Legend of Isla Nublar characters Category:Individual animals,status:alive
e9514426766e,Emilia Harcourt,DC Extended Universe,status,https://dcextendeduniverse.fandom.com/wiki/Emilia_Harcourt,0.0,alive,species: Human | gender: Female | status: Alive | actor: Jennifer Holland,"During the attack on Royland Goff, Harcourt killed a man, to the dismay of Leota Adebayo. After the death of Ik Nobe Llok as a result of the butterflies expansion, she became the leader of the team leading the Battle at Coverdale Ranch, being severely injured and later treated at the Mount Rouge Health Center, but with her teammates managing to stop the threat. When Task Force X's first strike team headed toward to the coasts of Corto Maltese, Harcourt began gambling with her teammates, where she supported Crawley's idea that Savant would die, adding Weasel, Captain Boomerang, and Mongal as possible killed members.","Emilia Harcourt is a government agent who worked with Amanda Waller and A.R.G.U.S. in order to monitor Task Force X, while also supporting them during the mission of Corto Maltese. With the release of Starro, Harcourt and her team disobeyed Waller to help the squad. In revenge, Harcourt along with Economos were sent to Clemson Murn's team on a mission to save the world from the Butterfly invasion. Harcourt was assigned as a battlefield member, eventually discovering that Murn was a butterfly, promising to keep the secret. By recruiting Peacemaker, Harcourt initially had a contempt for him, and not long after she would be forced to rescue him from the Wild Estates Apartment Complex, helping him escape from the police. During the attack on Royland Goff, Harcourt killed a man, to the dismay of Leota Adebayo. After a while, Harcourt and the team were assigned to complete a massacre in Glan Tai Bottling Company plant, which would end with Harcourt forging a friendship with the 11th Street ",status:alive
58c2d3cd99d8,Ellis Shepherd,Grey's Anatomy,status,https://greysanatomy.fandom.com/wiki/Ellis_Shepherd,0.0,alive,"born: January 2016; San Diego, California | status: Alive | seasons: *'''GA:''' 11, 12, 13, 14, 15, 16, 17, 18, 19, 20, 21, and 22 *'''S19:''' 6 | portrayed by: Ella Faris & Gracie Faris","History
Conception and Birth
Ellis was likely conceived the day before her father died, as her parents decided to have another baby on that day and then tried and did have one. (""The Sound of Silence"")

Thatcher's Death
When Thatcher died, he left presents for Ellis, Bailey, and Zola in his closet. (""My Happy Ending"")

Shortly after Andrew died, Zola, Bailey, and Ellis had a dance party in the backyard while the grieving adults supervised and tried to figure out how to tell the kids, who had loved Andrew.","Ellis Shepherd is the younger daughter, and youngest child, of Meredith Grey and Derek Shepherd. She has an older sister, Zola, and an older brother, Bailey. History Conception and Birth Ellis was likely conceived the day before her father died, as her parents decided to have another baby on that day and then tried and did have one. After her father's funeral, her mother took her siblings and left Seattle for the duration of her pregnancy, leaving only a note that said, ""The kids and I are safe."" for friends and family. Despite a placental abruption, which caused Meredith to bleed severely when her water broke, Ellis was delivered successfully in San Diego. (""She's Leaving Home"") Return to Seattle Shortly after her birth, her mother and siblings returned to Seattle. (""She's Leaving Home"") Meredith's Attack A few weeks after Meredith was attacked by a patient, Arizona and Alex brought Zola, Bailey, and Ellis in to see her. However, the three of them were too scared by her appearanc",status:alive
c6c959955e23,Steve (reporter),Breaking Bad / Better Call Saul,status,https://breakingbad.fandom.com/wiki/Steve_(reporter),0.0,alive,Gender: Male | Status: Alive,,"Steve is a traffic reporter for KCAV News. History Season 1 After the news report about a DEA drug bust of which Agent Hank Schrader was involved with (watched during Walter White's birthday party), the news was handed over to Steve by his colleague, where he proceeded to give a report on the Albuquerque afternoon traffic commute . Trivia Steve's surname was said aloud by the other reporter, but it was heavily obscured by Walt and Hank's conversation. Category:Living Characters Category:Season 1 Characters (Breaking Bad) Category:Unseen Characters",status:alive
ee246cecc7c9,Dr. Thomas Gardez,Lost,status,https://lostpedia.fandom.com/wiki/Dr._Thomas_Gardez,0.0,alive,Status: Alive,,"Dr. Thomas Gardez was a co-worker of Jack's at St. Sebastian Hospital after his return from the Island, and a member of the St. Sebastian Neurosurgery Group. His name is visible on St. Sebastian Neurosurgery Group's list. ru:Доктор Томас Гердез Category:Characters Category:Unseen Characters Category:Medical Personnel Category:Flashforward Characters Category:Jack's flashforward characters Category:Episodic characters Category:Season 4 characters",status:alive
8e1bc67b182d,Armorhide TFP,Transformers,status,https://transformers.fandom.com/wiki/Armorhide_TFP,0.0,alive,status: Unknown | gender: Male | first: Transformers: Exodus,,"{{Quote|An invasion? Of Altihex? And it started here, during this show? Not funny.|Armorhide muses on his last performance.}} All Armorhide''' ever wanted to do was make people laugh. His ability to do so eventually netted him a cushy job as the headlining comedian at the Altihex Casino. Always a crowd-pleaser, he's happy to have a job that allows him to get his fellow robots' minds off the cares of the world.He can't abide hecklers though. Few things scarier than an angry comedian with a rocket launcher. History Transformers: Exodus Armorhide was in the middle of his biggest night; Sentinel Prime himself was in the audience, but the jokes just weren't firing, and the crowd was apprehensive. After all, this was Sentinel Prime in the audience. But as Armorhide was joking about his last joke bombing, Sentinel laughed... and then all hell broke loose as a squad of ""Decepticons"" tore through the outer hull of the orbiting casino, right into the Great Hall where Armorhide was performing.Ar",status:alive
d2387f32744c,Tsireya,Avatar,status,https://james-camerons-avatar.fandom.com/wiki/Tsireya,0.0,alive,born: 2157 | status: Alive | species: Na'vi | gender: Female | portrayed: Bailey Bass | first: ''Avatar: The Way of Water'' | last: ''Avatar: Fire and Ash'',"Due to Ronal’s death, Tsireya will presumably become the Tsahìk of the Metkayina at some point in the near future. Lo'ak explains that Payakan was driven to rally the young bulls of his pod against the RDA after they murdered his mother, and this is where the deaths associated with him come from. Skirmish at the Three Brothers 
thumb|250px|Tsireya saddened by Ro'a and her son’s death.","Tsireya te Tsika'u Ronal'ite,Avatar: Fire and Ash: The Visual Dictionary, page 43 nicknamed Reya, is the thirteen-year-old Tsakarem of the Metkayina Clan. She is the middle child and eldest daughter of the clan’s Tsahìk and Olo’eyktan, Ronal and Tonowari, as well as the younger sister of Aonung and older sister of Pril. When the Sully family came to the Metkayina in search of uturu, Tonowari assigned Tsireya the task of training the Sully children. She taught them the ways of the clan, including how to freedive. She formed friendships with Neteyam, Kiri, and Tuk, and a very close bond with Lo'ak, whom she additionally taught The Way of Water. When the Sully family were targeted by the Resources Development Administration, she assisted them however she could. She additionally supported Lo’ak in his petition to repeal Payakan’s outcast status. Due to Ronal’s death, Tsireya will presumably become the Tsahìk of the Metkayina at some point in the near future. Biography Early Life Tsireya",status:alive
4a81ab1d3183,Hugh DeAngelis,The Sopranos,status,https://thesopranos.fandom.com/wiki/Hugh_DeAngelis,0.0,alive,gender: Male | portrayed by: Tom Aldredge | status: Alive,,"Hugo ""Hugh"" De Angelis, played by Tom Aldredge, is the father of Carmela Soprano and the father-in-law of Tony Soprano. Biography Carmela's father, who is in his mid 70s. Hugh has been married to Mary for over 40 years and is a resident of West Orange, New Jersey. He is a former sailor in the United States Navy and spent time in Nova Scotia during the war. Although now semi-retired, Hugh had worked as a contractor, and he built Tony and Carmela's house. Almost everyone in the Soprano family consider Hugh a classy, old-school gentleman for whom tradition and respect are very important values. He has an affable and kindly manner, but does not hesitate to speak his mind on points of disagreement with family, particularly his wife. Hugh enjoys hunting and playing with Hot Wheels die cast cars with his grandson Anthony Jr. He is a member of the Knights of Columbus as evidenced by the custom-designed cake presented to him at his birthday celebration. He was considered a ""wild man"" in his ",status:alive
1e78f34c6f37,T.O. Cross,Sons of Anarchy,status,https://sonsofanarchy.fandom.com/wiki/T.O._Cross,0.0,alive,status: Alive | portrayed by: Michael Beach | appearances: 11 episodes (see below),"killed a Calaveras's Sergeant-at-Arms who murdered his friend Lander Jackson, the Vice-President of Grim Bastards. hides his cousin, Randall Hightower, after his release from prison, not knowing it was against SAMCRO, and for the death of Opie Winston. After all four are killed, they learn that the man filming and one of the men involved in the threesome were church pastors and that the attacker is still out there.","Taddarius Orwell ""T.O."" Cross is the former President of the Grim Bastards Motorcycle Club on the FX original series Sons of Anarchy. Played by American actor Michael Beach, T.O. makes his debut on the season three episode . Playing a recurring role through the same and subsequent seasons, T.O. was last seen in the show's finale episode, . Biography Background Little is known about T.O.'s life and history except that he is good friends with Clay Morrow and his MC has had a relationship with SAMCRO for 20 years. Season 3 ""Oiled"" The Sons of Anarchy Motorcycle Club, Redwood Original charter link up with the Grim Bastards Lodi charter, T.O. agrees to help the Sons look for a Calaveras Motorcycle Club shotcaller whom they can interrogate about a drive by shooting that happened in Charming at a SoA funeral wake. His club is chosen to provide security for Mayan drug shipments after SAMCRO makes a deal with the Mayans MC. T.O. killed a Calaveras's Sergeant-at-Arms who murdered his fr",status:alive
d8af82fa4a9e,Ada Monroe,Supernatural,status,https://supernatural.fandom.com/wiki/Ada_Monroe,0.0,alive,species: Human | status: Alive | actor: Demetria McKinney,"The attempts were unsuccessful and the hunters killed him, but he managed to make Ada pregnant with their hybrid son, Tony Monroe. Soul Restoration - When Ada sacrificed her soul to use the magic crystal Rowena gave her to save Lata, Ada and Lata were able to track down a spell grown in a flower that, given time, would restore Ada's soul. He started killing people and was eventually killed by hunters, though he left Ada pregnant with their son, Tony Monroe.","Ada Monroe is a main character in The Winchesters portrayed by Demetria McKinney. Ada is ""a studious and sharp bookstore owner who also takes interest in the mysteries of the occult.""Deadline, ‘The Winchesters’: Demetria McKinney Joins The CW’s ‘Supernatural’ Prequel Pilot. History Early life When Ada Monroe first opened her shop, Henry Winchester visited in search of a book about Wraiths. In her youth, she had an affair with the djinn Ali, whom she tried to correct from his bloodthirsty nature. The attempts were unsuccessful and the hunters killed him, but he managed to make Ada pregnant with their hybrid son, Tony Monroe. At the age of 17, Tony found out about his supernatural descent because of his awakened abilities and seeing in his mother's mind how much he scares her, he ran away from home.Legend of a Mind In 1972, after learning about the danger of a possible Akrida invasion, Samuel Campbell begins searching for the Monster Box with Ada's help, as the box is the only thing t",status:alive
b12334baf222,Joe,Westworld,status,https://westworld.fandom.com/wiki/Joe,0.0,alive,status: Unknown (presumably alive) | species: Human | gender: Male | actor: Michael Filipowich | seasons: Season Three,,"Joe was a butcher who worked at the same slaughterhouse where Bernard Lowe was hiding under the fake identity ""Armand Delgado"". Biography Parce Domine Joe, alongside Liang, became suspicious of their colleague Armand Delgado, and figured out that he was actually Bernard Lowe, the Head of Behavior Lab and Diagnostics at the Delos Parks. The two men tried to score capture Bernard and collect the reward that was promised of him, but the Host managed to fight them off, knocking both out. Appearances Season Three Parce Domine Category:Characters Category:Male characters Category:Human Category:Antagonists",status:alive
3dda92fc2fcb,Taylor Hurn,Ozark,status,https://ozark.fandom.com/wiki/Taylor_Hurn,0.0,alive,status: Alive | gender: Male,,Taylor is a minor character in the series. About Hurn is a local harbor master at the Ozarks. Ruth wants Taylor to get into business with the Byrdes for money laundry purpose. Ruth ruins his harbor so that he has to get into business with the Byrdes or else his business will go to shit. However its never revealed weather or not Hurn really goes into business with the Byrdes. Ruth ain't happy about after all the hard work she put into it.,status:alive
f0e54f948d62,Kamata,Fast & Furious,status,https://fastandfurious.fandom.com/wiki/Kamata,0.0,alive,actor: Sonny Chiba | status: Alive | gender: Male,"Although Han was able to escape in the car chase that ensued, he was t-boned by another car while attempting to drive away and seemingly died when his car violently exploded not long after. After Han's supposed death, Sean Boswell came to Kamata with a duffel bag full of all the cash that Han had stolen and offered the mobster a deal: a race between himself and Takashi, in which the loser had to leave Tokyo for good.","Kamata (鎌田) is a Yakuza crime lord and the uncle of Takashi. Biography Career As a Yakuza boss, Kamata possessed a great deal of influence over Tokyo's criminal underworld. At some point in the past, he used his influence to claim Tokyo's street racing as his ""turf"" and put his nephew Takashi in charge of managing the place as part of the family business. The Fast and the Furious: Tokyo Drift Upon discovering that Han was stealing money from him, Kamata visited Takashi and reprimanded his nephew for not noticing, causing Takashi to go after Han in retaliation. Although Han was able to escape in the car chase that ensued, he was t-boned by another car while attempting to drive away and seemingly died when his car violently exploded not long after. After Han's supposed death, Sean Boswell came to Kamata with a duffel bag full of all the cash that Han had stolen and offered the mobster a deal: a race between himself and Takashi, in which the loser had to leave Tokyo for good. As ",status:alive
8e0c1a70e8f9,Sweyn Forkbeard,Vikings,status,https://vikings.fandom.com/wiki/Sweyn_Forkbeard,0.0,alive,actor: *Søren Pilmark | status: *Alive | seasons: *1 *2 *3 | first: *''Choices'' | last: *''Greenland'',"With Earl Sigeferth's death, Forkbeard grants Godwin the Earldom of Wessex. In real life, Norway came under the rule of the Danish when Sweyn Forkbeard defeated and killed the Norwegian king Olaf Tryggvason, the great grandson of Harald Finehair.","King Sweyn Forkbeard (Old Norse: Sveinn Haraldsson tjúguskegg) is King Canute's father. Biography Early Life King Forkbeard overthrew his father, Harald Bluetooth, and Norway's King Olaf Triggvason, laying the foundation for the North Sea Empire his son King Canute dreams of creating. Season 1 Sweyn Forkbeard arrives in London to rule in his son's place while Canute returns to Denmark to fight off the Wends who have attacked. Forkbeard holds his first assembly with the nobles. Earl Sigeferth approaches Forkbeard in an attempt to get out of paying his taxes. He begins by saying that Wessex is the oldest of the Saxon bloodlines. He then shows Forkbeard a document that contains a binding promise from King Æthelred II to Earl Sigeferth's father. Already knowing the answer, Forkbeard asks what his father did to gain such a generous promise. Earl Sigeferth replies that his father saved the king in battle at York. Forkbeard asks against who did his father save the king. Realizing the c",status:alive
1982ec3dacb2,Hedylus,Spartacus,status,https://spartacus.fandom.com/wiki/Hedylus,0.0,alive,first: S4E01: Dominus | last: S4E010: Hail Caesar | status: Active | actor: Graham Vincent,,Hedylus is a Gladiator in the House of Ashur. References Category:Characters Category:Supporting Character Category:Male Category:House of Ashur Category:Gladiator Category:Slave,status:alive
b8098bace8e2,Warden,Dexter,status,https://dexter.fandom.com/wiki/Warden,0.0,alive,status: '''Alive''' | seasons: '''''Dexter: Resurrection''''' | actor: '''Ray Shuler''' | gender: '''Male''',,Warden is a character in the Showtime series Dexter: Resurrection. Summary References Category:Alive Category:Alive (Resurrection) Category:Characters Category:Characters (Resurrection) Category:Indexter,status:alive
7414f8a1bb4b,Domitia Whimsiwick,The Hunger Games,status,https://thehungergames.fandom.com/wiki/Domitia_Whimsiwick,0.0,alive,gender: Female,"Volumnia Gaul started reading aloud the essays that the mentors wrote on what they most enjoyed of war, Domitia commented that she felt as if she was a part of something bigger, having to make sacrifices to save the country of Panem.The Ballad of Songbirds and Snakes, Chapter 12

Her tribute, Tanner, was killed by his own allies, Coral and Mizzen of District 4.","Domitia Whimsiwick was a female resident of the Capitol and a student of the Academy. She was one of 24 top-performing seniors at the Academy selected to be a mentor for the 10th Hunger Games. She was assigned the male tribute from District 10, Tanner. Biography Domitia was the 'dairy heiress' and thus had extensive knowledge on livestock. This turned out to be a useful asset as during the interviews, she got Tanner to talk about different ways of slaughtering cows, leading to the biggest applause from the crowd, with the exception of Lucy Gray Baird's interview.The Ballad of Songbirds and Snakes, Chapter 11 As Dr. Volumnia Gaul started reading aloud the essays that the mentors wrote on what they most enjoyed of war, Domitia commented that she felt as if she was a part of something bigger, having to make sacrifices to save the country of Panem.The Ballad of Songbirds and Snakes, Chapter 12 Her tribute, Tanner, was killed by his own allies, Coral and Mizzen of District 4. Afterwards,",status:alive
947d194a9eb7,Levitt,The 100,status,https://the100.fandom.com/wiki/Levitt,0.0,alive,gender: Male | born: Unknown; Bardo | status: Alive | actor: Jason Diaz | seasons: Seven,"He is revealed to have helped Octavia escape to Sanctum and comforts her when Bellamy is apparently killed. Levitt tearfully states that Echo killed two people in front of him and he broke. Levitt begs them to release him so that he can get help to stop Echo, but she sadly gags him again in order to stop Echo without getting her killed.","Levitt is a recurring character in the seventh season. He is portrayed by Jason Diaz and debuts in ""Welcome to Bardo"". He occasionally works as a Memory Capture (M-Cap) operator and is also janitor and is a member of the Disciples. Despite being a janitor, he is still part of the code-breaking team as the team needs him too much and still assists with M-Cap as Levitt is considered to be the best at it. After meeting Octavia Blake and falling in love with her, Levitt's commitment to his cause wavers when he discovers the true nature of Bill Cadogan and the ""final code"", as he begins to assist Octavia and her friends in secret before defecting completely and joining in the effort to stop the Last War, something that Levitt had wanted for his whole life to happen. Following the Transcendence of the human race, Levitt chooses to return to human form and to live out the rest of his life on Earth with Octavia and her friends, so that Clarke will not be alone by herself. He is now part of",status:alive
614a52dcb73d,Jamie,Stranger Things,status,https://strangerthings.fandom.com/wiki/Jamie,0.0,alive,status: Alive | gender: Female | born: 1969,"Francine sacrificed herself and was killed, while Ricky and Marcy fled into the woods, never to be seen again.","Jamie, otherwise known as Nine, is a supporting character in Stranger Things: SIX and a main character in Stranger Things: Into the Fire. She has the ability to generate heat, and after losing her parents, she and her twin sister, Marcy, were implemented into the roster of children test subjects at Hawkins Lab. History Jamie and her twin sister Marcy were born in 1969 to their unnamed parents. Jamie's memories of life outside the lab is extremely vague. However, she and Marcy have happy memories of going to a fancy toy shop with their parents, recalling how one Easter how they got to pick out stuffed animals, with the girls picking out a stuffed rabbit and lamb. At some point in her life, Jamie discovered she had the ability to generate heat and fire, whereas Marcy was powerless. Martin Brenner, a scientist running a program for children with special abilities at Hawkins National Laboratory in Indiana, approached the twin's parents to help Jamie control her powers, but her parents r",status:alive
c804f150608f,Sofia Ivanescu,Mission: Impossible,status,https://missionimpossible.fandom.com/wiki/Sofia_Ivanescu,0.0,alive,species: Human | status: Alive,,Sofia Ivanescu is a software engineer. Appearances Mission: Impossible – Operation Surma Category:Mission: Impossible – Operation Surma characters,status:alive
7ccc4728c09e,Reacher Dick,The Boys,status,https://the-boys.fandom.com/wiki/Reacher_Dick,0.0,alive,species: Supe | gender: Male | status: Alive,"During the celebrations, The Doofer crash lands into a nearby pool and dies of a drug overdose. As Homelander investigates the metal hero's death, he's joined by Reacher Dick, who takes a closer look at Doofer by stretching his eyes out of his head, leading him to learn his teammate overdosed. Aside from the aforementioned pickpocketing of an old woman, he shows very little concern over Doofer's death, only berating him for not listening to him when he told him to slow down on the drugs, as he's more concerned about having fun than his own teammate's demise.","Reacher Dick is a minor character of the superhero-drama comic series The Boys. He is a superhero and a member of Fantastico. History In The Boys: Herogasm #3, Reacher Dick attended the annual Herogasm along with his fellow Fantastico teammates. During the celebrations, The Doofer crash lands into a nearby pool and dies of a drug overdose. As Homelander investigates the metal hero's death, he's joined by Reacher Dick, who takes a closer look at Doofer by stretching his eyes out of his head, leading him to learn his teammate overdosed. While his head is stretched from his hotel room to the crime scene, Reacher Dick admits he's engaging in relations with Invisi-Lass at the same time. After Homelander decides the Supes aren't in any danger, he calls off the investigation, as he and Reacher continue the orgy party as if nothing happened. Reacher Dick is mentioned by Oh-Father to have helped an old lady across the street only so he could pickpocket her wallet. In his last chronological",status:alive
9646ff80ca77,Jessica Strand,Prison Break,status,https://prisonbreak.fandom.com/wiki/Jessica_Strand,0.0,alive,gender: Female | status: Alive | actor: Margo Martindale,,Jessica Strand is a prison warden. Category:Main characters (Hulu) Category:Prison Break Hulu characters Category:Living characters Category:Characters,status:alive
0842ad512933,Jeff Smite,The Matrix,status,https://matrix.fandom.com/wiki/Jeff_Smite,0.0,alive,appearances: ''The Matrix Comic Series 1'' ''The Matrix Comics: 20th Anniversary Edition'' | status: Alive,,"Jeff Smite is a redpill character from the Matrix webcomic The Man Who Knew Too Much by W. Wilbur W.. Biography He used to look for answers about the Matrix with his old friend Harold Hobbs, and after being freed by a redpill he goes to talk to him, leading to Harold being contacted by an Agent about his whereabouts and for him to be watched and followed. Jeff contacts him through his computer (like Trinity did to Neo in The Matrix), saying not to tell the Agent anything and that he'll be in contact. From the file the Agent has on him he appears to know Trinity. He later calls a public telephone as Harold walks past telling him that he is no longer being watched (which actually appears not to be true) and to go home, where he once again contacts him through Harold's computer saying that the answers now look for him. The fact that he seems to know Trinity combined with the way he contacts Harold a number of times and the way they used to look for answers together about the Matrix m",status:alive
a2afeba16fef,Michonne Hawthorne (Comic Universe),The Walking Dead,status,https://walkingdead.fandom.com/wiki/Michonne_Hawthorne_(Comic_Universe),0.0,alive,actor: Samira Wiley | gender: Female | status: Alive,"Several years after Rick Grimes' death, Michonne became the high court judge of the Commonwealth, to always make people aware of the sacrifices her best friend made for them. She can allow Sam to kill Zachary, can later painfully torture Randall before killing him by bashing his head with a wrench, and leave Norma to have a cruel and painful death. Staying with them will have bad consequences, leading to Samantha's death.","Michonne Hawthorne (née unknown) (pronounced MI-SHOWN)Talking Dead - Letter Hacks is a survivor of the outbreak in Skybound Entertainment's Comic Universe. She is a main character in Image Comics' The Walking Dead, a supporting antagonist in Thomas Dunne Books' The Walking Dead, and the protagonist of Telltale's The Walking Dead: Michonne. She is also the protagonist of the Michonne Special. She is a lone survivor who originally traveled with two zombies before eventually joining the prison group. Armed with a katana and deadly skills to complement it, Michonne is an effective and crucial defender of the survivors. After being reunited with her daughter in the Commonwealth, Michonne gives up her sword-wielding ways and resumes her practice as a lawyer in the community. Several years after Rick Grimes' death, Michonne became the high court judge of the Commonwealth, to always make people aware of the sacrifices her best friend made for them. She also gifted her sword to Carl Grimes a",status:alive
b9d64a67b874,May Carleton,Peaky Blinders,status,https://peakyblinders.fandom.com/wiki/May_Carleton,0.0,alive,born: c. 1895 (aged 58) | status: Alive,"Since her husband’s death in the War, she has lived alone in her late husband’s mansion. She reveals that she has lived alone since her husband’s death.","May Fitz Carleton is a wealthy widow who owns racehorses, and is enlisted by Thomas Shelby to train his horse for Epsom. She is the proprietor of Carleton stud. Character History Background May Carleton comes from a well-to-do family. She grew up riding horses. She is well connected with everyone from the war-office to the racing-board. Since her husband’s death in the War, she has lived alone in her late husband’s mansion. Though she's a rich widow and a successful racehorse trainer, she is lonely and bored with her strait-laced life. She likens herself to a lighthouse, saying she's kept everyone else away while hiding in her mansion. Series 2 · 1922 May Carleton is at the horse auctions with her father, when Thomas Shelby and his gang arrive. Her interest is piqued by Thomas, and she bids on the racehorse he's trying to buy to gain his attention. Afterwards, she offers to train Thomas's new horse. Thomas eventually does hire May to train his new horse, who he names Grace’s Secret",status:alive
0c74df19ab32,Joan Sobotka,The Wire,status,https://thewire.fandom.com/wiki/Joan_Sobotka,0.0,alive,actor: Elisabeth Noone | seasons: 2 | status: Alive,,Joan Sobotka is the wife of Louis Sobotka and the mother of Nicholas Sobotka. Biography Season 2 Joan bemoans her family's drinking habits and tries to encourage Nick to get as much work as possible at the port. She refuses to make breakfast for him if he is not up in time for work. Nick often has his girlfriend Aimee to stay but hides her visits from his parents. Joan is aghast when the police serve warrants and search her home looking for Nick and find drugs and cash. Production Appearances *Uncredited appearance. Category:Characters Category:Minor Characters Category:Season 2 Characters,status:alive
542bd50920ea,Claudia,Boardwalk Empire,status,https://boardwalkempire.fandom.com/wiki/Claudia,0.0,alive,Seasons: 1 | Status: Alive | Actor: Megan Ferguson,,"Claudia is the reluctant new girlfriend of travelling cutlery salesman George Baxter. Claudia is played by co-star Megan Ferguson in ""The Ivory Tower"". Biography Background Claudia meets Baxter in Baltimore and agrees to accompany him to Atlantic City for a weekend. They stay at the Ritz Carlton hotel. Season 1 Baxter stops Atlantic County Treasurer Nucky Thompson in the hotel lobby and introduces Claudia. Nucky is eager to leave but wishes them well and suggests they take in the attractions. Claudia tells Baxter she wants to go roller-skating. After Nucky leaves she is impressed with Baxter's connections. Claudia and Baxter encounter Nucky again while they are getting a push chair ride along the boardwalk. Claudia goes to buy salt water taffy. When she returns, Nucky tells Claudia that she is perfect for a beauty contest he is planning and that Baxter will be one of the judges. In their hotel room Baxter makes further sexual advances on Claudia and she again rejects him. She threa",status:alive
dd3ead67db8a,Jake (Delivery),Marvel Cinematic Universe,status,https://marvelcinematicuniverse.fandom.com/wiki/Jake_(Delivery),0.0,alive,species: Human | gender: Male | actor: Gregg Prosser | status: Alive,,"Jake is a delivery man and a friend of Paxton Page. Biography As Pat Condo told Paxton Page about the reopening of the ski runs and potential customers, Paxton decided to order a $5,000 grill, so Jake delivered it to Penny's Place. While they were talking about the grill, they were approached by Karen Page, who was more skeptical about the grill and asked Jake to send it back, since they couldn't afford it. However, Paxton stepped up and told Jake that they would take the grill anyway and asked him to bring the papers to sign. Relationships Allies Paxton Page Karen Page References Category:Characters Category:Daredevil (TV series) Characters Category:Humans Category:Males Category:Brown Hair Category:Blue Eyes",status:alive
4c0331c58416,"Katherine ""Danny"" Daniels",Alien vs Predator,status,"https://avp.fandom.com/wiki/Katherine_""Danny""_Daniels",0.0,alive,species: Human | gender: Female | actor: Katherine Waterston | status: Alive as of December 2104,"Through a series of ensuing incidents, Hallet and fellow guard Ben Ledward were killed by endoparasitic creatures that proceeded to attack the crew, and Lander One was destroyed in the chaos. Meanwhile, Oram was implanted with—and killed by—an alien creature developed by David through experiments derived from the bodies of Shaw and the beings who had built the city. Discovering that another alien had hatched from security leader Dan Lopé, who had been infected while on the planet, Daniels was unable to stop the creature before it killed crewmembers Ricks and Upworth.","Katherine Daniels, nicknamed ""Danny"", was the chief terraformist aboard the Weyland-Yutani Corporation colony ship and the wife of ship's captain Jacob Branson. Daniels was part of an expedition team that journeyed to a mysterious world after the Covenant was diverted there from its original destination of Origae-6, and was one of two crewmembers to survive the ensuing incident alongside the ship's pilot Tennessee Faris. However, they were captured by the rogue synthetic David when he hijacked the Covenant; Daniels was of particular interest to the synthetic, with David stating that he planned to use her to create a queen for an alien species he had designed. Biography Meeting Jacob Branson Prior to 2103,Alien: The Roleplaying Game Katherine DanielsAlien: Augmented Reality Survival Manual met Jacob Branson and began a relationship with him. During the course of their dalliance, Daniels and Branson attended a costume ball celebrating the fashions of the mid–twenty–first centuryAlien: ",status:alive
4bd41bcab9b8,Martine Blanchaud (Sue Vanner),James Bond 007,status,https://jamesbond.fandom.com/wiki/Martine_Blanchaud_(Sue_Vanner),0.0,alive,status: Alive | portrayed: Sue Vanner,"Barsov acknowledges her message, leading to a chase sequence across the alps which results in Barsov's death.","The Log Cabin Girl is an unnamed KGB honeytrap who acts as bait in a Soviet attempt to assassinate James Bond. A minor character, she appears in the 1977 James Bond film The Spy Who Loved Me, portrayed by actress Sue Vanner, and was subsequently adapted for Christopher Wood's accompanying novelization, where she was given the name Martine Blanchaud. Biography The Spy Who Loved Me (film) This unnamed girl is seen making love to James Bond in a log cabin located on the top of the French Alps. As the two lie together on a fur rug, Bond receives a telex message via his Seiko 0674 Wristwatch ordering him to report back to MI6. 007 meets the girl's protests with a casual ""sorry darling, something came up"". As Bond pulls on his clothes a group of four armed men approach the cabin on skis. As soon as Bond leaves, she is revealed to be working with the KGB. Extracting a radio transmitter from a nearby handbag, she informs the leader of the group - KGB agent Sergei Barsov - that Bond has just l",status:alive
5fdf6d76b2c5,Gordon (Compsognathus),Jurassic Park,status,https://jurassicpark.fandom.com/wiki/Gordon_(Compsognathus),0.0,alive,appearances: ''Jurassic World: Chaos Theory'' | species: ''Compsognathus'' | gender: Male | status: Alive (as of 2022) | born: Before 2022,,"Gordon is a Compsognathus who appears in the second season of Jurassic World: Chaos Theory. Physical Appearance Gordon looks like a normal Compsognathus, except his right foot is amputated and has a bandage. Plus he has an Elizabethan collar. History Jurassic World: Chaos Theory Season 2 C13v3rGr186 TBA Appearance Jurassic World: Chaos Theory Season 2 C13v3rGr186 (First Appearance) Gallery Navigation Category:Jurassic World: Chaos Theory characters Category:Compsognathus Pages Category:Named animals Category:Characters Category:Individual animals",status:alive
c10f55fc82b1,Nelson,DC Extended Universe,status,https://dcextendeduniverse.fandom.com/wiki/Nelson,0.0,alive,species: Human | gender: Male | status: Alive | actor: Bruce Lester-Johnson,,"Nelson is the security guard of Arkham Asylum. Biography Lex Luthor's escape While the inmates were leaving their cells with the security guards of Arkham Asylum, Nelson began calling Lex Luthor to leave his cell. He came out of his office, approached the cell and met an imposter, the real Lex Luthor having escaped from Arkham. Personality While Nelson called Luthor out of his cell, he warned him as he went to the cell and suspectedly found the wrong prisoner. When the guard found an imposter, he was shocked that Luthor had escaped from Arkham Asylum. Relationships Enemies Lex Luthor - prisoner References Category:Justice League (film) Characters Category:Zack Snyder's Justice League (film) Characters Category:Humans Category:Arkham Asylum Staff",status:alive
de03dbb79879,Corinne Bennett,Grey's Anatomy,status,https://greysanatomy.fandom.com/wiki/Corinne_Bennett,0.0,alive,status: Alive | seasons: '''PP:''' 5 | portrayed by: Anika Noni Rose,,"Corinne Bennett is Sam Bennett's estranged sister. History Arrest She had been missing for 20 years when Sam got a call to pick her up from the jail after she was arrested for taking the cash out of a convenience store register. (""The Time Has Come"") Seeing Sheldon Sam brought Corinne back to his place. He gave her medicine, which she took willingly. He then took her to the practice and consulted with Sheldon, who said her previous doctors had been lazy. They hadn't properly diagnosed her. They'd just over-drugged her, which left her glassy-eyed and unable to function. Sheldon said they could take her off the meds and find a true diagnosis. Once the fog lifted, Sheldon asked if she'd been officially diagnosed. She said she'd been diagnosed schizophrenic, manic-depressive, and had paranoid delusions. Every shrink had a different idea, but they all just drugged her. While she was in the bathroom, Sam talked about Corinne's history and her past behaviors. Sheldon decided to keep her o",status:alive
38213f2e8223,Rocco,Breaking Bad / Better Call Saul,status,https://breakingbad.fandom.com/wiki/Rocco,0.0,alive,Portrayed by: Tommy Nelson | Gender: Male | Status: Alive,,"Rocco is a thug who hangs out around Dog House. History Season 4 Jimmy approaches Rocco, Zane and Jed in his car and offers them burner phones, but they dismiss him as a ""narc"" and tell him to beat it. After Jimmy has sold his stock of phones, the three young men approach him and steal his money after beating him up. Later, Jimmy approaches Rocco and his two buddies, with the proposal of helping him sell burner phones, adding that he's no longer mad at them for robbing him. However Rocco and his companions reject his proposal and instead decide to rob him again. Jimmy flees and Jed manages to corner him into a yard, but this was part of Jimmy's plan, who captures the three thugs. Rocco, Jed and Zane are dragged in a room with many piñata dolls. Jimmy manages to scare the three thugs and make them swear that they'll never bother him ever again. Jimmy leaves the room, leaving Rocco and his two buddies hung upside down in the piñata room. Appearances Better Call Saul Category:Living",status:alive
d1d1edeb7274,Thomas,Lost,status,https://lostpedia.fandom.com/wiki/Thomas,0.0,alive,Status: Alive | Actor: Keir O'Donnell,,"For other uses of ""Thomas"" or ""Tom"", see Tom (disambiguation). Thomas is Claire's ex-boyfriend and the biological father of Aaron. He lives in Australia and is an artist. After the initial shock of Claire's pregnancy, Thomas became enthusiastic about having the child with her. However, he later left Claire several months into her pregnancy after an argument with her. He said that he had thought she was on the pill and insinuated that she got pregnant intentionally. Paintings Several paintings are visible in Thomas' apartment and studio in . Fans have noted that the styles of the paintings are very similar to that of the mural in the Swan station, also known as the ""Hatch painting"" (see left). One of the paintings in the apartment from is later visible in the office of Charles Widmore in which seems to be painted by Thomas is seen in Charles's apartment in . (see below for explanation) LA X can be read on the bottom of the rightmost painting (see the screencap above). Trivia ",status:alive
ad560e03543a,Windblade (RID),Transformers,status,https://transformers.fandom.com/wiki/Windblade_(RID),0.0,alive,species: Cybertronian | status: Online | gender: Female | first: ''The Buzz on Windblade'',"After Zizza was captured and her human slaves were back to normal, Windblade reconciled with Strongarm by stating she was right about no other way of saving those humans from being killed and shook hands with Strongarm as a sign of new trust, respect, care, and friendship growing between them.","Windblade is an Autobot warrior who appears in Transformers Robots in Disguise. She has an instinct for finding Decepticons and advanced fighting abilities. She would often give nicknames to the other members of her team. Robots in Disguise History Season 1 Many years ago, Windblade was given a mission from Primus himself, receiving upgrades and being placed in stasis. After awakening on Earth, she began her task of hunting down the fugitive Decepticons who had been released due to the Alchemor. While fighting Fancyclaws, Windblade blasted the Decepticon unconscious and soon stumbled upon Sideswipe, who was covered in mud as a result of Windblade's alt mode flying low to the ground during her fight. Windblade assumed he was another Decepticon but was convinced by Sideswipe's Autobot symbol on his chest. Sideswipe introduced himself and invited Windblade back to the scrapyard. Windblade went with Sideswipe while he was carrying Fancyclaws' unconscious body which they soon placed in a ",status:alive
7193e4eeecb3,Reid,Avatar,status,https://james-camerons-avatar.fandom.com/wiki/Reid,0.0,alive,status: Unknown | species: *Human *Avatar | gender: Male | first: ''Avatar: Reckoning'' | last: ''Avatar: Reckoning'',,"Reid is an RDA soldier and avatar driver. Biography Reid accompanied Raven's father and mother on a research trip when their squad of three Samson aircrafts were attacked by a hoard of bansheess. Reid ordered Raven's father to shoot the banshees with the mounted hydra, but to no avail, as the banshees overwhelmed them and to top it off, a Great Leonopteryx attacked them too. Their Samson was hit with another Samson and was only one left, going down in the jungle. Reid's fate is unknown.Avatar: Reckoning beta gameplay References pl:Reid ru:Рейд Category:Avatar: Reckoning Characters Category:Humans Category:Avatars Category:RDA Staff Category:SecOps",status:alive
688371c4c9df,Beppy Scerbo,The Sopranos,status,https://thesopranos.fandom.com/wiki/Beppy_Scerbo,0.0,alive,status: Alive | portrayed by: Joe Pucillo | gender: Male,,"Giuseppe ""Beppy"" Scerbo (portrayed by Joe Pucillo) is a soldier in Junior's Crew, and a member of the DiMeo crime family. Biography Giuseppe is seen with DiMeo capos Junior Soprano and Tony Soprano outside the Vesuvio restaurant. He agrees with Junior on the need to kill Pussy Malanga who is a rival mobster of Junior Soprano. He is later seen with Junior during his RICO trial and can often be seen in the courtroom. Scerbo appears briefly in ""Whoever Did This"", seen walking out of the courthouse with Junior, who comments on how ""You get a full chicken and it's enough to bring home and get two meals"", when Junior complains how they missed the ""early bird special"". Later in the episode when Junior is hospitalized after falling down steps, he tells his lawyer, Harold Melvoin: ""tell Beppy to bring chicken home"", signaling the possibility of early onset dementia. Beppy also visits Junior while he is committed to a state assisted elderly facility. He is shown ""kicking up"" tribute to Ju",status:alive
94edca90a8fc,Meth Dealer,Sons of Anarchy,status,https://sonsofanarchy.fandom.com/wiki/Meth_Dealer,0.0,alive,gender: Male | status: Alive | portrayed by: Chad Lindberg | appearances: 1 episode (see below),,"The Meth Dealer is member of the Nordics and a meth dealer on the FX original series Sons of Anarchy. Played by American actor Chad Lindberg, the Meth Dealer appears only in the episode in the series' second season. Biography The Meth Dealer was dealing crystal methamphetamine or ""crank"" to a worker at one of the lumber yards within Charming and was spotted by Sons of Anarchy Motorcycle Club member Opie Winston and prospect Half Sack Epps while they were repossessing a car for Teller-Morrow. Season 2 The Sons of Anarchy Motorcycle Club had a no dealing policy inside Charming, which the Nordics went along with. However Ethan Zobelle of the L.O.A.N. approached the Nordics and promised enough manpower to deal within Charming without reprisals from SAMCRO, in return for the gang's allegiance in taking over Charming. Ernest Darby agreed to Zobelle's offer and the Nordics began cooking and dealing methamphetamine inside Charming. When SAMCRO member Opie Winston and prospect Half Sack E",status:alive
c7d3de0e7d8d,Castiel,Supernatural,status,https://supernatural.fandom.com/wiki/Castiel,0.0,alive,status: Alive | actor: Misha Collins Sydney Imbeau Jessa Danielson,"Once Castiel learned that the angels wished to free Lucifer anyway, he defied his angelic brethren and died trying to help Dean prevent Sam Winchester from breaking the last seal.Sympathy for the Devil

After he was killed by the Archangel Raphael, Castiel was resurrected by God and joined Sam, Dean, and Bobby Singer in a quest to prevent the brothers from becoming the vessels of Michael and Lucifer. Castiel would later be killed by Lucifer, but his actions allowed Sam to trap both Archangels away. So after collecting the heart of a nephilim and the bow of cupid, Metatron is eventually captured by Naomi but escapes and kills her, only for Cas to discover Metatron's betrayal and plan to cause all angels in Heaven, even the imprisoned ones, to fall to Earth.","Castiel, often shortened to Cass/Cas,Misha Collins' Twitter is a powerful angel of the Lord who was responsible for saving Dean Winchester from Hell,Lazarus Rising on the archangels' command. It was his job to help prevent Lilith from breaking the 66 Seals that, once broken, would release Lucifer from his cageAre You There, God? It's Me, Dean Winchester in Hell. Once Castiel learned that the angels wished to free Lucifer anyway, he defied his angelic brethren and died trying to help Dean prevent Sam Winchester from breaking the last seal.Sympathy for the Devil After he was killed by the Archangel Raphael, Castiel was resurrected by God and joined Sam, Dean, and Bobby Singer in a quest to prevent the brothers from becoming the vessels of Michael and Lucifer. Castiel would later be killed by Lucifer, but his actions allowed Sam to trap both Archangels away. With the Apocalypse averted, Castiel was again resurrected by God with new powers,Swan Song being promoted to Seraph. He then start",status:alive
b65e70fa4cf9,Mesa Bartender,Westworld,status,https://westworld.fandom.com/wiki/Mesa_Bartender,0.0,alive,status: Unknown | species: Host | gender: Male | actor: Tyler Parks | seasons: Season One,,"The Mesa Bartender is a new Host that Elsie Hughes was programming to be a new bartender for Westworld. While programming she seems to call him either ""Bart"" or ""Art"". So far, he continuously misses the glass as he pours from the bottle of liquor.Contrapasso It seems Elsie got the bartender's coding correct, as we see the bartender in ""The Adversary"" working on the Mesa Hub's rooftop pool area. He is told to stop serving drinks to Lee Sizemore. Gallery References Category:Characters Category:Male characters Category:Hosts Category:Westworld Staff",status:alive
7de05d23726f,Susan Blake,Ozark,status,https://ozark.fandom.com/wiki/Susan_Blake,0.0,alive,status: Alive | gender: Female,,Susan Blake is a supporting character in the series. About Susan is Tim Blake's wife. She goes into business with Wendy. Wendy helps Susan with the funeral and senting op the Tim Blake Foundation.,status:alive
04525377af40,Luke Hobbs,Fast & Furious,status,https://fastandfurious.fandom.com/wiki/Luke_Hobbs,0.0,alive,gender: Male | actor: Dwayne Johnson | status: Alive,"Hobbs was once tasked to capture then fugitives Dominic Toretto and Brian O'Conner after they were framed for the death of three DEA agents in Rio de Janeiro but decided to join them in their heist after his team was murdered in an ambush by Hernan Reyes. He later enlisted the help of Dominic Toretto's Crew to apprehend Owen Shaw, and helped apprehend Owen's brother Deckard following the apparent death of Han Seoul-Oh. However, he returned to recruit his male children once they reached adolescence to recruit them into his crew, although he showed no familial love or respect for his sons when some of them were killed during his heists.","Lucas ""Luke"" Hobbs is a former agent of the . Hobbs was once tasked to capture then fugitives Dominic Toretto and Brian O'Conner after they were framed for the death of three DEA agents in Rio de Janeiro but decided to join them in their heist after his team was murdered in an ambush by Hernan Reyes. He later enlisted the help of Dominic Toretto's Crew to apprehend Owen Shaw, and helped apprehend Owen's brother Deckard following the apparent death of Han Seoul-Oh. He sought help from Dominic's crew once more for a clandestine operation and was eventually forced to work with Deckard in order to prevent a nuclear war triggered by a named Cipher when Dominic appears to join her syndicate. In the end, they made amends with each other and both of them are apart of Dom's team. Two years later, Hobbs was forced to work with Deckard once again to aid his sister Hattie, an MI6 agent who injected herself with a biological virus capable of eliminating half of the global population, while defe",status:alive
899639b866ba,Emma of Normandy,Vikings,status,https://vikings.fandom.com/wiki/Emma_of_Normandy,0.0,alive,actor: *Laura Berlin | status: *Alive | seasons: *1 *2 *3 | first: *''Viking'' | last: *''Destinies'',,"Emma of Normandy is one of the wealthiest women in Europe. She is from the Norman court and of Viking blood. She is the great-granddaughter of the Viking and first Duke of Normandy, Rollo. Biography Early Life Emma was born into Norman nobility. As a female, she had no rights or land, and was viewed as a piece of her father's property. Emma came to England at fifteen years old and unable to speak the language. She now views England as home more than Normandy. She is the much younger second wife of King Æthelred, making her Queen of England. Should she be sent back to Normandy, she would once again become property of her father. Season 1 Emma arrives at the royal palace in London where Æthelred is on his deathbed. She reassures him that she will help her stepson Edmund as much as she can. Emma worries though the Edmund is not ready to rule because of his inexperience and hot-bloodedness. Before departing to defend Denmark, Canute marries Emma in the middle of the night. When E",status:alive
951a935c5e30,Atticus,Spartacus,status,https://spartacus.fandom.com/wiki/Atticus,0.0,alive,first: S0E02: Missio (mentioned) | last: S0E02: Missio (mentioned) | status: Unknown (presumed active) | actor: None,,"Atticus is a Roman nobleman hailing from the city of Rome. Character Outline He was mentioned as having hosted a ""sober airless affair' the last time that Varus and Gaia had seen each other. Atticus was described as a ""desiccated specimen."" Trivia The name Atticus is of Greek origin, which means ""man from Attica"", which is a region in eastern Greece where the city-state of Athens is located. There was a historical personl Titus Pomponius Atticus (112-32 BCE), a Roman of Equestrian status, who was a philosopher, moneylender and Editor of the games. The last name was a nickname, as Atticus was a known Hellenophile who had a residence in Athens as well as Rome. He was a personal friend of the Senator Marcus Tullius Cicero. However, he is much younger than Atticus who was mentioned in the series. Category:Male Category:Roman Category:Unseen Characters Category:Unknown Status Category:Rich people",status:alive
eb2f65a0135c,Lumen Pierce,Dexter,status,https://dexter.fandom.com/wiki/Lumen_Pierce,0.0,alive,gender: '''Female''' | status: '''Alive''' | actor: '''Julia Stiles''' | seasons: '''Season Five''',"With the assistance of Dexter Morgan, she hunted down the group of men who raped and tortured her, directly killing two of them (Alex Tilden and Jordan Chase) while the others (Boyd Fowler, Dan Mendell and Cole Harmon) were killed by Dexter. After the death of Hannah McKay and murder of Angel Batista, Lumen and Harrison are the only living people in the main series to know Dexter's secret, and one of several living characters in the franchise overall to be aware (alongside Angela Bishop, Al Jolly and Charley). She and Angela are also the sole surviving main love interests of Dexter, the rest (Rita Morgan, Lila West and Hannah McKay) having either been murdered or died of natural causes.","Lumen Ann Pierce is the deuteragonist in Season Five of the Showtime series DEXTER. With the assistance of Dexter Morgan, she hunted down the group of men who raped and tortured her, directly killing two of them (Alex Tilden and Jordan Chase) while the others (Boyd Fowler, Dan Mendell and Cole Harmon) were killed by Dexter. In time, she grows close to Dexter, with them becoming partners-in-crime, and lovers. After the death of Hannah McKay and murder of Angel Batista, Lumen and Harrison are the only living people in the main series to know Dexter's secret, and one of several living characters in the franchise overall to be aware (alongside Angela Bishop, Al Jolly and Charley). She and Angela are also the sole surviving main love interests of Dexter, the rest (Rita Morgan, Lila West and Hannah McKay) having either been murdered or died of natural causes. Description Lumen is a 5'3"" pretty woman in her early 30s with long blonde hair, and a slender body. She has multiple scars on h",status:alive
cc4ebf594df2,Katniss and Peeta Mellark's son,The Hunger Games,status,https://thehungergames.fandom.com/wiki/Katniss_and_Peeta_Mellark's_son,0.0,alive,gender: Male,,"Katniss and Peeta Mellark's son is the second child of Katniss Everdeen and Peeta Mellark. He has an elder sister, and was born a little more than fifteen years after the Second Rebellion.Mockingjay, Epilogue Biography Katniss' pregnancy with her son was easier than her pregnancy with her daughter. He is a toddler during the epilogue and is at least a few years younger than his sister. However, in the film, their birth order is reversed, making him a few years older than his infant sister.The Hunger Games: Mockingjay - Part 2 Katniss truly loves her children, appreciating their ignorance towards the Games. However, she is remorseful, knowing that someday she will need to tell her children about their parents' role in the Games and the rebellion. Physical description Katniss and Peeta's son has his father's blond hair and his mother's gray Seam eyes, as well as chubby legs. Trivia In The Hunger Games: Mockingjay - Part 2, he was portrayed by Jennifer Lawrence's nephew, Bear Lawrence",status:alive
6e80e861f730,Brenda Turner,The 100,status,https://the100.fandom.com/wiki/Brenda_Turner,0.0,alive,gender: Female | status: Unknown | actor: Unknown | seasons: One,,"Brenda Turner is a minor character in the first season. She is one of the delinquents sent to Earth to see if it is survivable. She is first seen in Pilot on one of the screens in Earth Monitoring Station. Throughout the Series Season One= In Pilot, Brenda's name is seen on one of the screens in the Earth Monitoring Station. In Earth Skills, Brenda Turner watches Wells Jaha and John Murphy fight, she also subsequently hears the announcement that there are still Grounders on Earth. In His Sister's Keeper, Brenda listens to Bellamy's speech about finding Octavia. However, she does not join in the search party to find her. In Contents Under Pressure, Brenda shelters from the storm in the dropship. Later when Raven successfully contacts The Ark she can be seen celebrating. Category:Minor Characters Category:Delinquents Category:Sky People",status:alive
619c65069ff1,Troy Walsh,Stranger Things,status,https://strangerthings.fandom.com/wiki/Troy_Walsh,0.0,alive,"status: Unknown (presumably alive) | gender: Male | appearances: 1, 3, 4, 6, 7 | born: Between June and November","He did not appeared to be a very remorseful or caring person, as revealed by his countless remarks about Will's disappearance and apparent death. At the assembly was being held for Will, as everyone believed he was dead, Troy and James cruelly made fun of his death, which caught the attention of Mike and Eleven. Brute Strength: Troy and James confronted Mike, Dustin, and Lucas at a playground, where Troy laughed and said that his father said that Will was dead and that he was killed by another queer.","Anthony ""Troy"" Walsh,Hawkins Middle School Yearbook/Hawkins High School Yearbook portrayed by Peyton Wich, is a recurring antagonist in Stranger Things. He is the best friend of James Dante, and together they often bully the Party. When Troy was humiliated after a funeral assembly for Will Byers, Troy and James took it upon themselves to get revenge on Mike, whom Troy blamed for his humiliation. When cornering Mike and Dustin at Sattler Quarry, Troy was stopped from inflicting any harm on the boys by Eleven who proceeded to break Troy's arm in retaliation, leaving Troy scared and conscience-stricken. History Background Anthony Walsh was born in to Mr. and Mrs. Walsh, and presumably was raised in Hawkins, Indiana for most of his life. At some point, he became best friends with James Dante. Together, they bullied Mike Wheeler, Dustin Henderson, Lucas Sinclair, and Will Byers since at least the fall of 1980,Stranger Things and Dungeons & Dragons primarily about their appearance, cleido",status:alive
1832ac351f7b,Neely,Mission: Impossible,status,https://missionimpossible.fandom.com/wiki/Neely,0.0,alive,species: Human | gender: Female | status: Alive,,Neely is a military officer with the rank of Rear Admiral. She is the Commander of Carrier Strike Group 10. Biography Neely first appears when Ethan Hunt outlines his plan to her Appearances Mission: Impossible – The Final Reckoning References Category:Female Characters Category:Mission: Impossible – The Final Reckoning characters,status:alive
a1d44aee9751,Gumchum,The Boys,status,https://the-boys.fandom.com/wiki/Gumchum,0.0,alive,species: Supe | gender: Male | status: Alive,,"Gumchum is a member of Team Titanic. Background A member of the minor-league super-hero group Team Titanic with a habit of offering people gum while chewing gum at inappropriate times and unknown powers. Gumchum was in a meeting with Vought-American executives James Stillwell and Jess Bradley when the team was attacked by The Frenchman and The Female. In the ensuing skirmish, Gumchum was largely ignored while his team clashed with the invaders, and he ended up as one of the team's few surviving members. Trivia It is possible that Gumchum has no powers. Category:Characters Category:Comic characters Category:Male Characters Category:Supes Category:Team Titanic Category:Unknown Powers",status:alive
00df900a3579,Maricruz Delgado,Prison Break,status,https://prisonbreak.fandom.com/wiki/Maricruz_Delgado,0.0,alive,status: Alive | gender: Female | first: Pilot | last: Call Waiting | actor: *Nadine Velazquez *Camille Guaty *Melissa Marsala,,"Maricruz Delgado is Fernando Sucre's girlfriend and fiancee who aided him after his escape and was abducted by bounty hunter Brad Bellick. She eventually became the mother of Lila Maria Sucre. Biography Background thumb|A stunning Maricruz arrives at her birthday party Maricruz met Fernando Sucre three years prior to his conviction and they began dating a year later. Around six months after Sucre's incarceration at Fox River State Penitentiary, Maricruz moved to New York after accepting a job as a buyer for a major Manhattan fashion outlet. Sucre's cousin Hector Avila moved to New York one month after Maricruz did, claiming that his company transferred him there. Hector is often responsible for driving Maricruz to the prison so she can see Sucre when she goes visit him every Tuesday (she always calls before hand). (1x1) While this is seemingly innocent, Hector is in fact a rival for Maricruz's affections. She was first mentioned when Sucre was writing a love letter to her. The pla",status:alive
7deb389ce0b9,Sequoia,The Matrix,status,https://matrix.fandom.com/wiki/Sequoia,0.0,alive,appearances: *''The Matrix Resurrections'' | status: Alive | species: Human | gender: Male,"It almost killed him, but luckily he ended up meeting his wife, Sequoia's mother, and found another reason to live.","Sequoia,New ‘Matrix Resurrections’ Images Confirm Jonathan Groff’s Character called Seq (""seek"") for short, is the Operator of the Mnemosyne. Sequoia and others aboard the Mnemosyne helped bring Neo and Trinity back to the Real World after their deaths and resurrections. Biography Character Overview Sequoia serves as the tech-savvy crew member aboard the Mnemosyne. Loyal, witty, and slightly anxious under pressure, Sequoia acts as the digital eyes and ears for Bugs and her team during their missions inside the Matrix. His role echoes that of classic Operators from earlier films, managing digital surveillance, guiding team members, and offering real-time support. Sequoia’s personality stands out through his sharp banter, quick thinking, and deep belief in the cause to free minds from the Matrix. His character adds a grounded, human element to the crew, emphasizing the continued need for collaboration between those inside and outside the simulation. Pre-Series Sequoia's father lov",status:alive
6684570a2f47,Daryl Dixon (TV Universe),The Walking Dead,status,https://walkingdead.fandom.com/wiki/Daryl_Dixon_(TV_Universe),0.0,alive,actor: Norman Reedus | gender: Male | status: Alive,"In the years following Rick's assumed death, he started living in the woods after spending a long time searching for his best friend's body. However, after Sophia's death, he reverts to his original hostility and becomes emotionally detached from the group. Moreover, he helps defend the prison after Rick's psychological collapse due to Lori's death, takes care of Judith, and also demonstrates his leadership capabilities by keeping the team united.","Daryl Dixon is a survivor of the outbreak in AMC's Television Universe. He is a main character in The Walking Dead, the protagonist of The Walking Dead: Survival Instinct, one of two protagonists of The Walking Dead: Onslaught, and one of two protagonists in The Walking Dead: Daryl Dixon. He served as the sole protagonist of Daryl Dixon in Season 1 and serves as the co-protagonist, alongside Carol Peletier, starting in Season 2. He is the younger brother of Merle and the last surviving member of his family. Daryl is an expert at hunting, tracking, navigation, and observation. He is also a skilled combatant, knife-wielder, and crossbowman. Rick Grimes values him as his right-hand man, close friend, and later on as a brother figure. Daryl is at first a brazen, surly, impulsive redneck but develops himself as an integral part of the group due to his survival skills. His aggression is unprecedented, and it remains one of his most valuable assets, as well as one of his most noticeable. Fo",status:alive
eb93d6518339,Jessie Eden,Peaky Blinders,status,https://peakyblinders.fandom.com/wiki/Jessie_Eden,0.0,alive,"born: February 24, 1902Winson Green, Birmingham, England | status: Alive",He subsequently committed suicide via a self-inflicted gunshot wound to the head and she still grieves his death.,"Jessie Eden is a union leader and communist agitator in Peaky Blinders who is based on the real-life person of the same name. She organizes a strike in Birmingham comprised of all-female factory workers. In this capacity, she serves as the secondary antagonist of Season 4. Character History Background Jessie was born Jessie Shrimpton on February 24, 1902 at 61 Talbot Street in Winson Green. After WWI, her boyfriend returned from Passchendaele with “shell-shock,” now known as post-traumatic stress disorder. He subsequently committed suicide via a self-inflicted gunshot wound to the head and she still grieves his death. Jessie is a union leader at one of Thomas Shelby's factories and is a member of the Stechford branch of the British Communist Party. In 1924, Jessie is a shop steward at the Lucas factory in Sparkhill. She brings all the female workers in the spot-welding and wire-cutting shops out on strike that day. They are protesting at poor conditions, lack of holidays, unsanit",status:alive
f8d4da02a2de,Jimmy McNulty,The Wire,status,https://thewire.fandom.com/wiki/Jimmy_McNulty,0.0,alive,"actor: Dominic West | seasons: 1, 2, 3, 4, 5 | birth: 1971 | status: Alive | Status: Alive",McNulty becomes convinced that Gant was murdered by the Barksdale Organization to retaliate and discourage future witness testimony. McNulty informed Judge Phelan that a state's witness from his presiding case was murdered. McNulty discovered a front-page article identifying William Gant as a murdered state's witness.,"James ""Jimmy"" McNulty is a retired Baltimore Police Department detective. Although dedicated and intelligent, McNulty is disliked by many of his peers and commanders because of his insubordinate attitude and sense of intellectual and moral superiority. His obsessive personality causes friction in both his personal and work life and leads to issues with alcoholism and infidelity. Despite his self-destructive nature, McNulty's intransigence led to the initiation and success of multiple police investigations. Personality McNulty is introduced as a roguish detective with a stubborn and obstinate approach to police work. He has a disdain for the corrupt Baltimore system that often hinders his investigations, as well as a dislike of police work that he views is a waste of his time, such as the Marine Unit. McNulty does not desire to merely solve cases, and wants to complete criminal investigations that catch big-time offenders and drug kingpins. He has proven, time and time again, to be w",status:alive
733589d938af,Gambit,Marvel Cinematic Universe,status,https://marvelcinematicuniverse.fandom.com/wiki/Gambit,0.0,alive,species: Mutant | gender: Male | actor: Channing Tatum | status: Alive,"|Gambit learns about Human Torch's fate
Gambit mentioned those who had been killed by Nova, and brought up that Human Torch had gone missing. Deadpool explained that Nova killed Human Torch, and then tried to motivate the Resistance to help him save his world.","Remy LeBeau is a mutant with the ability to manipulate kinetic energy, displaying a talent for card throwing and using a bō staff. Having eventually taken the name Gambit, he was banished to the Void by the Time Variance Authority, where he joined the Resistance to battle Cassandra Nova and her forces. He and his team forged an alliance with Deadpool and Wolverine to defeat Cassandra and escape the Void. Biography Banished to the Void Life in the Void Remy LeBeau resided in the Void as a kinetic energy manipulative mutant dubbed Gambit with no knowledge of his prior life. While in the Void, Gambit affiliated himself with the Resistance, a group of heroes that opposed the rule of oppressive omega-level mutant Cassandra Nova and her henchmen. Gambit took residence at the Resistance's hideout, where he amassed a collection of liquor. Gambit later fought alongside the Resistance members in battle against Nova and her forces, and witnessed the deaths of Quicksilver, Punisher, Daredevil ",status:alive
3492829ada80,Stalker (Elite Clan),Alien vs Predator,status,https://avp.fandom.com/wiki/Stalker_(Elite_Clan),0.0,alive,status: Alive | gender: Male,,"Stalker was an Elite-ranked Yautja and a member of the Elite Clan, alongside fellow Elites Dark, Wolf, Hunter, the Serpent Hunter, an unnamed Elite Predator, and Clan Leader Spartan. Equipment Stalker carried some of the usual Yautja gear, including a Plasmacaster mounted on the left side of his back that went over his left shoulder and a Medicomp on the middle left of his back, and presumably a Cloak and a Self-Destruct Device in his Wrist Gauntlet; as with the rest of the Elite Clan, he carried Dual Wristblades on both gauntlets. His bio-helmet was unique in that it did not cover his full face and exposed most of his forehead area and cheeks. His helmet also had one visor for both of his eyes to look through. Bio-helmet Cloak Plasmacaster Wrist Gauntlet Self-Destruct Device Medicomp Dual Wristblades Trivia Stalker does not appear in the game's singleplayer campaign, appearing only as a multiplayer skin, unlocked when players reach Rank 7. Category:Predators featured in video game",status:alive
537523baa9ff,British Ambassador to Germany,James Bond 007,status,https://jamesbond.fandom.com/wiki/British_Ambassador_to_Germany,0.0,alive,status: Alive | portrayed: Patrick Barr,,"The British Ambassador was a fictional unnamed diplomat who appeared briefly in the 1983 James Bond film Octopussy. He is played by British actor Patrick Barr. Biography During a formal gathering at the ambassador's residence in Berlin, a mortally wounded 009 enters the compound and falls through a patio door, dropping a Fabergé egg right in front of the ambassador. The shocked ambassador most probably contacted the secret service afterwards. Trivia The ambassador wears several orders and medals with his evening dress. The blue riband and the star on his coat show he is a Knight of the Order of the Garter, Britain's highest order of chivalry. The badge around his neck is of the Spanish Order of the Golden Fleece, an extremely unlikely award for a Briton to receive. The medals on his lapel are the 1939–1945 Star, the France and Germany Star, the Burma Star, the Defence Medal, the War Medal 1939–1945 and the Queen Elizabeth II Coronation Medal. He is not wearing any insignia of the ",status:alive
25fb735b3212,Barney Fellows,Jurassic Park,status,https://jurassicpark.fandom.com/wiki/Barney_Fellows,0.0,alive,species: Human | gender: Male | status: Unknown | appearances: (cameo),,"Barney Fellows was a friend of Dennis Nedry. He worked at a company named Symbolics, located in Cambridge, Massachusetts. History Jurassic Park When Nedry was puzzled by some of the work he had been contracted to do by InGen, he asked Fellows for some assistance. Nedry stated how much computer memory the database required, Barney said it must be a mistake; nothing takes up that amount of space. Due to the non-disclosure agreement Nedry had signed, he wasn't able to give enough info for Fellows to make anything but a rough, but ultimately correct, guess: that InGen was doing something involving DNA. Movies He was briefly mentioned in the movie, with Hammond telling Arnold to ""Phone Nedry's people... In Cambridge..."" only to discover that the phones were dead. Category:Minor Characters Category:Jurassic Park (novel) characters Category:Male characters Category:Novel-Only Characters Category:Unseen Characters",status:alive
ddb048077745,Mehen,DC Extended Universe,status,https://dcextendeduniverse.fandom.com/wiki/Mehen,0.0,alive,species: Egyptian God | gender: Male | status: Unknown,,"Mehen was a god worshipped in Ancient Egypt. Biography Around 2600 B.C., the Council of Wizards chose the individual Hurut as their champion, bestowing among other abilities, the Courage of Mehem. Soon after, Hurut discovered his father Teth-Adam dying from wounds inflicted by his enemies, leading him to bestow his powers to his father. Trivia References External Links Category:Egyptian Gods Category:Males Category:Gods Category:Mentioned Only Characters",status:alive
2dcb0d28d51c,Charlie Irwin,Grey's Anatomy,status,https://greysanatomy.fandom.com/wiki/Charlie_Irwin,0.0,alive,status: Alive | seasons: '''S19:''' 3 and 4 | portrayed by: Reginald Veljohnson,"Pruitt's Death
Charlie, Captain Lawrence, and Snuffy Souza came to Station 19 with Pruitt to tell stories to the current team and play cards.","Charlie Irwin is a retired firefighter who worked with Pruitt. History Early Life Charlie worked with Pruitt Herrera at SFD Station 19. He left the fire service in May 2012. Pruitt's Death Charlie, Captain Lawrence, and Snuffy Souza came to Station 19 with Pruitt to tell stories to the current team and play cards. When part of the team was called out to free people trapped in a storage unit, they grabbed the radio and listened to see how well trained the team was. They discussed every call any of them made, as the call progressed from trapped civilians to a fire. When they heard over the radio that several firefighters became trapped in the storage facility and were running out of air, Pruitt abruptly got up and left. They continued to listen to the radio and heard that Pruitt was going up to ventilate the roof, knowing that once he did, he would fall into the fire. Lawrence told Irwin to prepare to sound the 20 bells. Irwin pointed out that Pruitt was retired, but Lawrence countered",status:alive
7d9f28729d7b,Harold,Breaking Bad / Better Call Saul,status,https://breakingbad.fandom.com/wiki/Harold,0.0,alive,Portrayed by: Jermaine Washington | Gender: Male | Status: Alive,,"Harold is a security guard for Sandpiper Crossing. History Season 1 When Jimmy comes back to Sandpiper, Paula tells him that he is banned from entering the premises. She says that they've enacted a new policy in order to protect their residents from unwanted ""legal solicitation."" As Jimmy argues with Paula, he hears the sound of shredding from the adjacent office. Jimmy manages to talk his way into being allowed to use the restroom, where he furiously scribbles a ""demand letter"" on toilet paper, informing Sandpiper Crossing of pending litigation against them. He thrusts the ""document"" at her before he is tossed out by Harold and Gary. Appearances Better Call Saul Category:Living Characters Category:Characters Category:Season 1 Characters (Better Call Saul)",status:alive
6e2fb2b1b95a,Kyker (The Lie),Lost,status,https://lostpedia.fandom.com/wiki/Kyker_(The_Lie),0.0,alive,Status: Alive | Actor: Michelangelo Zee,,"Kyker was a police officer working under the LAPD, and was assigned to the case of Hurley who was suspected of a triple homicide. Kyker and his partner were called to Hurley's house when Hurley was hiding there, they spoke with Hurley's father who told them that he did not know of Hurley's whereabouts. However, Kyker and his partner began to wait outside Hurley's house, until Hurley ran outside shouting that he was a murderer and allowed himself to be arrested at night. As a result, they took him into custody. Trivia The role was a non-speaking part, therefore, the actor wasn't credited in the episode. Kyker's name wasn't mentioned in the episode, but the police business card he given to Hurley's father had his name on. Although the card wasn't shown clearly in the episode, it was later sold in the lost auction, and pictures of the item revealed the character's name as Kyker. Kyker was named after the property master of the series, Rob Kyker. Category:Characters Category:Season 5 ",status:alive
81074d979af1,Topspin TFP,Transformers,status,https://transformers.fandom.com/wiki/Topspin_TFP,0.0,alive,species: Cybertronian | status: Unknown | gender: Male,"History 
TBA
Category:Autobots
Category:Wreckers
Category:Combiners
Category:Males
Category:Possibly Deceased Characters
Category:Characters
Category:Fall of Cybertron Autobots
Category:Flying Character",Topspin is a flight-capable Autobot Wrecker. He combines with four of his Wrecker comrades to form Ruination. He forms the left leg. History TBA Category:Autobots Category:Wreckers Category:Combiners Category:Males Category:Possibly Deceased Characters Category:Characters Category:Fall of Cybertron Autobots Category:Flying Character,status:alive
aae2f4043ca3,Dorman,Avatar,status,https://james-camerons-avatar.fandom.com/wiki/Dorman,0.0,alive,status: Unknown | species: Human | gender: Male | portrayed: Kevin Dorman | first: ''Avatar: The Way of Water'' | last: ''Avatar: Fire and Ash'',"It is unknown if he succeeds to escape or he dies with Ardmore, leaving his fate unknown.","Dorman is a member of the Security Operations, who serves as General Frances Ardmore's adjutant on Bridgehead following the RDA's return to Pandora in 2168. Biography Dorman presumably arrived on Pandora alongside his superior General Ardmore with the initial ten ISV's and was was stationed on Bridgehead, the new city-sized base located on the shores of one of the oceans of Pandora. Avatar: The Way of Water thumb|left|250px|Dorman with General Frances Ardmore. When Recom Quaritch and the first recombinant squad arrived at Bridgehead, he introduced the colonel and Recom Wainfleet to General Ardmore in one of the armor bays. Dorman also followed the general and the two recombinants as they wandered through a construction site and a 3D printing facility manufacturing a S-76 SeaDragon, before arriving at the Ops Center, where they discussed the attacks Jake Sully and his resistance have committed. He later accompanied General Ardmore on her personal Dragon Assault Ship called the Dragon",status:alive
e42d0cef05a5,Mr. Miller,The Sopranos,status,https://thesopranos.fandom.com/wiki/Mr._Miller,0.0,alive,portrayed by: David Morritt | status: Alive | gender: Male,,"Mr. Miller is a supporting character in The Sopranos portrayed by David Morritt. Biography Mr. Miller is A.J. Soprano's science teacher at school and has his car stolen. In an attempt to get his son better grades, DiMeo capo Tony Soprano and soldier Salvatore Bonpensiero find and return a car that is the same model, a red Saturn, with Mr. Miller's number plate on it. His real car was scrapped by the thieves before they were found and the number plate was taken from the wreck. He notices the change when opening the trunk, seeing the inside of the Saturn is another colour and the paint is still somewhat fresh. Appears in: ""46 Long"" Category:Characters Category:Males Category:Minor Characters Category:Civilians Category:One-Off Characters Category:First name unknown Category:Teachers Category:The Sopranos (Season 1) Characters",status:alive
1f155561205f,Fiona Larkin,Sons of Anarchy,status,https://sonsofanarchy.fandom.com/wiki/Fiona_Larkin,0.0,alive,status: Alive | portrayed by: Bellina Logan | appearances: 7 Episodes (see below),,"Fiona Larkin is Chibs Telford's estranged wife on the FX original series Sons of Anarchy. Played by American actress Bellina Logan, Fiona makes her debut on the episode ""Potlatch"" in season two. Playing a recurring role throughout the same and subsequent season, Fiona was last seen in the season three episode, . Biography As a True IRA member, Fiona is very dangerous. Gemma Teller-Morrow, a tough old lady herself, stated that Fiona is one of the only three women she fears, also describing her as an ""Irish bitch"". Fiona wants to protect her daughter more than anything in the world. Season 2 ""Potlatch"" In hospital, Filip ""Chibs"" Telford finally comes around, he is shocked to see Fiona, his estranged wife has come to visit. She kisses him, saying it is from Kerrianne, their daughter. Chibs says Fiona coming here was a bad idea, before drifting back to sleep. Fiona is currently with James ""Jimmy O"" O'Phelan and usually resides in Ireland as an active member of the IRA. Fiona sits w",status:alive
985eaaf4351f,Annie Jones,Supernatural,status,https://supernatural.fandom.com/wiki/Annie_Jones,0.0,alive,status: Alive | actor: Katherine Ramdeen,"Phelps' death as he'd believed in her and because of the way he died and tells Henry there are awful things out there. Richard drags Claire over to feed on her and Alex confirms Jody's story that the Winchesters are hunters who killed Alex's entire nest. During the fight, Alex kills one of the monsters with several shots to the chest.","Alex Jones, born Annie, was reported abducted in 2006 outside of Kenosha, Wisconsin. She was kidnapped by Celia and her family, and used as a blood slave and as a lure, bringing unsuspecting victims to the nest for her family to feed on. She ran away out of guilt for what she was doing. She has since been adopted by Jody Mills. History Season 9 Annie arrives in Sioux Falls, South Dakota where she is arrested by Deputy Frank and thrown in jail. After getting a breaking and entering call, Frank leaves her alone and her vampire ""brother"" Cody arrives, having hunted her down. Scared, Annie cowers until Sheriff Jody Mills arrives and decapitates Cody with a fire axe. Annie refuses to thank Jody as Cody was her ""brother."" Jody calls in Sam and Dean who try to get information out of Annie after determining she's not a vampire. Annie, demanding to be called ""Alex,"" recognizes them as hunters and refuses to tell them anything to help them hunt her ""family."" Using her bus ticket, Sam and Dean ",status:alive
9105b42a9e09,Giggles,Westworld,status,https://westworld.fandom.com/wiki/Giggles,0.0,alive,status: Unknown | species: Human | gender: Male | actor: Marshawn Lynch | seasons: Season Three,"Related Casualties
This list shows the victims Giggles has killed:
1 unnamed Serac's operative

 Gallery 

References

Category:Characters
Category:Male characters
Category:Human
Category:Criminals","Giggles is a criminal from Los Angeles, who is known to work with Ash and Caleb Nichols. Plot Season Three ""Parce Domine"" Giggles, alongside Ash and Caleb Nichols, team up through the RICO app, stealing an ATM. He later teams up with Caleb and Estefan, are hired to ""babysit"" a wealthy young man who has taken a new experimental drug and suffers from psychological withdrawals. This man slaps Giggles in the face during his drug-induced state, to which the criminal replies with strong punch. ""Genre"" Giggles, alongside Ash, help Dolores and Caleb smuggle Liam across the city, as they are being pursued by the operatives of Serac. ""Crisis Theory"" As Caleb ventures closer to Incite headquarters during an uprising, he finds Ash and Giggles amid the chaos, partaking in demolitions and (disrupting) crowd control respectively. Giggles manages to breach a segment of a barrier wall, allowing rioters to overrun the barricade and Caleb and Ash to race toward a police quadcopter. He is shot ",status:alive
f0817bf4d100,Ronald Swale,Ozark,status,https://ozark.fandom.com/wiki/Ronald_Swale,0.0,alive,status: Alive | gender: Male,"About 
Swale is an investigator who visits thwe Byrdes and Langmore after the death of Agent Roy Petty.",Ronald Swale is minor character in the series. About Swale is an investigator who visits thwe Byrdes and Langmore after the death of Agent Roy Petty.,status:alive
0b86b493969f,Jakob Toretto,Fast & Furious,status,https://fastandfurious.fandom.com/wiki/Jakob_Toretto,0.0,alive,gender: Male | status: Unknown | actor: John Cena Finn Cole (young),"Jakob eventually shared the truth about their father's death and after being betrayed by Otto, decided to help Dom's crew deactivate Project Aries. Death of Father
In 1989, Jakob and Dom worked on their father's pit crew during the last stock race of the season. Dom and Jakob both watched as their father died in front of them.","Jakob Toretto is the middle child of Jack Toretto, the brother of Dominic and Mia, and a former agent of the Agency under Mr. Nobody. He was exiled from his family by his brother after it became known that he tampered with his father's car during the 1989 stock race season at Baldwin Speedway, causing him to crash and die in an explosion. Jakob grew up in Dom's shadow and always sought revenge for what happened, betraying Mr. Nobody and going rogue to steal a device called Project Aries after he was convinced by his colleague, Otto. Jakob eventually shared the truth about their father's death and after being betrayed by Otto, decided to help Dom's crew deactivate Project Aries. After the successful mission, Jakob was accepted back into his family. Two years after making amends with his brother, Jakob was called to protect Brian Marcos and bring him to Portugal as he was being targeted by Dante Reyes. During a chase with Dante and his henchmen, Jakob chose to sacrifice himself to all",status:alive
