index,S.No,plod,name,title,male,culture,dateOfBirth,DateoFdeath,mother,father,heir,house,spouse,book1,book2,book3,book4,book5,isAliveMother,isAliveFather,isAliveHeir,isAliveSpouse,isMarried,isNoble,age,numDeadRelations,boolDeadRelations,isPopular,popularity,isAlive
0,1,0.946,Viserys II Targaryen,,1,,,,Rhaenyra Targaryen,Daemon Targaryen,Aegon IV Targaryen,,,0,0,0,0,0,1.0,0.0,0.0,,0,0,,11,1,1,0.605351171,0
1,2,0.613,Walder Frey,Lord of the Crossing,1,Rivermen,208.0,,,,,House Frey,Perra Royce,1,1,1,1,1,,,,1.0,1,1,97.0,1,1,1,0.89632107,1
2,3,0.507,Addison Hill,Ser,1,,,,,,,House Swyft,,0,0,0,1,0,,,,,0,1,,0,0,0,0.267558528,1
3,4,0.924,Aemma Arryn,Queen,0,,82.0,105.0,,,,House Arryn,Viserys I Targaryen,0,0,0,0,0,,,,0.0,1,1,23.0,0,0,0,0.183946488,0
4,5,0.383,Sylva Santagar,Greenstone,0,Dornish,276.0,,,,,House Santagar,Eldon Estermont,0,0,0,1,0,,,,1.0,1,1,29.0,0,0,0,0.043478261,1
5,6,0.979,Tommen Baratheon,,1,,,,Cersei Lannister,Robert Baratheon,Myrcella Baratheon,,,0,0,0,0,0,1.0,1.0,1.0,,0,0,,5,1,1,1.0,1
6,7,0.986,Valarr Targaryen,Hand of the King,1,Valyrian,183.0,209.0,,,,House Targaryen,Kiera of Tyrosh,0,0,0,0,0,,,,1.0,1,1,26.0,0,0,1,0.431438127,0
7,8,0.964,Viserys I Targaryen,,1,,,,Alyssa Targaryen,Baelon Targaryen,Rhaenyra Targaryen,,,0,0,0,0,0,1.0,1.0,1.0,,0,0,,5,1,1,0.678929766,0
8,9,0.276,Wilbert,Ser,1,,,298.0,,,,,,0,0,1,0,0,,,,,0,1,,0,0,0,0.006688963,0
9,10,0.609,Wilbert Osgrey,Ser,1,,,,,,,House Osgrey,,0,0,0,0,0,,,,,0,1,,0,0,0,0.02006689,1
10,11,0.833,Will,,1,,,297.0,,,,Night's Watch,,1,1,0,0,0,,,,,0,0,,0,0,0,0.163879599,0
11,12,0.015,Will (orphan),,0,,,,,,,,,0,0,0,1,0,,,,,0,0,,0,0,0,0.003344482,1
12,13,0.187,Will (squire),,1,,,,,,,,,0,0,0,0,0,,,,,0,0,,0,0,0,0.003344482,1
13,14,0.253,Will (Standfast),,0,,,,,,,House Osgrey,,0,0,0,0,0,,,,,0,0,,0,0,0,0.003344482,1
14,15,0.295,Will (Treb),,1,,,,,,,House Osgrey,,0,0,0,0,0,,,,,0,0,,0,0,0,0.003344482,1
15,16,0.004,Will Humble,,1,Ironborn,,,,,,House Humble,,0,0,0,1,0,,,,,0,0,,0,0,0,0.013377926,1
16,17,0.016,Willam,,1,,,,,,,,,0,0,0,1,0,,,,,0,0,,0,0,0,0.013377926,1
17,18,0.396,Willem Wylde,Ser,1,,,,,,,House Wylde,,0,0,0,0,0,,,,,0,1,,0,0,0,0.02006689,1
18,19,0.002,Willifer,Archmaester,0,,,,,,,,,0,0,0,1,0,,,,,0,1,,0,0,0,0.006688963,1
19,20,0.078,Willit,,1,,,,,,,House Swyft,,0,1,0,0,0,,,,,0,0,,0,0,0,0.010033445,1
20,21,0.026,Willis Wode,Ser,1,,,,,,,House Wode,,1,0,0,1,0,,,,,0,1,,0,0,0,0.02006689,1
21,22,0.978,Willis Fell,Ser,0,,,,,,,House Fell,,0,0,0,0,0,,,,,0,1,,0,0,0,0.023411371,1
22,23,0.232,Willow Heddle,,0,,289.0,,,,,Brotherhood Without Banners,,0,0,0,1,0,,,,,0,0,16.0,0,0,0,0.033444816,1
23,24,0.439,Willum,Ser,1,,,,,,,,,1,0,0,0,0,,,,,0,1,,0,0,0,0.0,1
24,25,0.064,Wolmer,,1,,,,,,,House Webber,,0,0,0,0,0,,,,,0,0,,0,0,0,0.003344482,1
25,26,0.783,Willow Witch-eye,,0,Free Folk,,300.0,,,,,,0,0,0,0,1,,,,,0,0,,0,0,0,0.050167224,0
26,27,0.807,Woth,,1,,,299.0,,,,,,0,1,0,0,0,,,,,0,0,,0,0,0,0.030100334,0
27,28,0.29,Wulfe,,1,Ironborn,,,,,,House Greyjoy,,0,0,0,1,1,,,,,0,0,,0,0,0,0.023411371,1
28,29,0.191,Wyl the Whittler,,0,,,,,,,,,0,0,1,0,0,,,,,0,0,,0,0,0,0.006688963,1
29,30,0.797,Wyl (guard),,0,Northmen,,298.0,,,,House Stark,,1,0,0,0,0,,,,,0,0,,0,0,0,0.026755853,0
30,31,0.092,Wyl Waynwood,,0,,,196.0,,,,House Waynwood,,0,0,0,0,0,,,,,0,0,,0,0,0,0.013377926,0
31,32,0.845,Wun Weg Wun Dar Wun,,1,,,,,,,,,0,0,0,0,1,,,,,0,0,,0,0,0,0.050167224,1
32,33,0.893,Wylla,,1,,,,,,,House Dayne,,1,0,1,0,0,,,,,0,0,,0,0,0,0.026755853,1
33,34,0.165,Wynafryd Manderly,,0,,280.0,,,,,House Manderly,,0,0,0,1,1,,,,,0,0,25.0,0,0,0,0.056856187,1
34,35,0.004,Xhondo,,1,Summer Isles,,,,,,,,0,0,0,1,0,,,,,0,0,,0,0,0,0.02006689,1
35,36,0.011,Ygon Farwynd,,1,,,,,,,House Farwynd of the Lonely Light,,0,0,0,1,0,,,,,0,0,,0,0,0,0.010033445,1
36,37,0.002,Yna,,1,,,,,,,Happy Port,,0,0,0,1,0,,,,,0,0,,0,0,0,0.02006689,1
37,38,0.003,Yohn Farwynd,,1,Ironborn,,,,,,House Farwynd of the Lonely Light,,0,0,0,1,0,,,,,0,0,,0,0,0,0.010033445,1
38,39,0.035,Yorkel,,0,,,,,,,House Targaryen,,0,0,0,0,0,,,,,0,0,,0,0,0,0.0,1
39,40,0.02,Yorko Terys,,1,Braavosi,,,,,,,,0,0,0,1,0,,,,,0,0,,0,0,0,0.023411371,1
40,41,0.24,Yormwell,Maester,0,,,,,,,,,0,0,0,0,0,,,,,0,1,,0,0,0,0.003344482,1
41,42,0.241,Young Henly,,1,,240.0,299.0,,,,Night's Watch,,0,0,1,0,0,,,,,0,0,59.0,0,0,0,0.013377926,0
42,43,0.816,Ysilla,,0,,,,,,,,Yandry,0,0,0,0,1,,,,1.0,1,0,,0,0,0,0.040133779,1
43,44,0.004,Zarabelo,Archmaester,0,,,,,,,,,0,0,0,1,0,,,,,0,1,,0,0,0,0.006688963,1
44,45,0.191,Zei,,0,,,,,,,,,0,0,1,0,0,,,,,0,0,,0,0,0,0.013377926,1
45,46,0.502,Zekko,Khal,1,Dothraki,,,,,,,,0,0,0,0,1,,,,,0,0,,0,0,0,0.013377926,1
46,47,0.033,Zharaq zo Loraq,,1,Ghiscari,,,,,,House of Loraq,,0,0,0,0,1,,,,,0,0,,0,0,0,0.010033445,1
47,48,0.016,Wenda,,0,,,,,,,Kingswood Brotherhood,,0,0,1,1,0,,,,,0,0,,0,0,0,0.016722408,1
48,49,0.136,Wex Pyke,,1,Ironborn,286.0,,,,,House Botley,,0,1,1,1,1,,,,,0,0,19.0,0,0,0,0.113712375,1
49,50,0.793,Timett,red hand,1,Vale mountain clans,278.0,,,,,Burned Men,,1,1,1,0,1,,,,,0,1,27.0,0,0,0,0.073578595,1
50,51,0.603,Joffrey Baratheon,,1,,,,Cersei Lannister,Robert Baratheon,Tommen Baratheon,,,0,0,0,0,0,1.0,1.0,1.0,,0,0,,5,1,1,1.0,0
51,52,0.979,Laenor Velaryon,Ser,1,Valyrian,94.0,120.0,,,,House Velaryon,Rhaenyra Targaryen,0,0,0,0,0,,,,1.0,1,1,26.0,0,0,0,0.193979933,0
52,53,0.125,Leobald Tallhart,Castellan,1,Northmen,,299.0,,,,House Tallhart,Berena Hornwood,0,1,1,1,1,,,,1.0,1,1,,0,0,0,0.110367893,0
53,54,0.931,Maegor I Targaryen,,1,,,,Visenya Targaryen,Aegon I Targaryen,Jaehaerys Targaryen,,,0,0,0,0,0,0.0,0.0,1.0,,0,0,,0,0,1,0.705685619,0
54,55,0.648,Margaery Tyrell,Seven Kingdoms,0,Reach,283.0,,,,,House Tyrell,Renly Baratheon,1,1,1,1,1,,,,0.0,1,1,22.0,3,1,1,1.0,1
55,56,1.0,Naerys Targaryen,PrincessQueen,0,Valyrian,138.0,,,,,House Targaryen,Aegon IV Targaryen,1,0,0,0,0,,,,0.0,1,1,100.0,12,1,0,0.220735786,0
56,57,0.012,Quence,,0,Braavosi,,,,,,,,0,0,0,1,0,,,,,0,0,,0,0,0,0.02006689,1
57,58,0.102,Quellon Botley,,1,Ironborn,,,,,,House Botley,,0,0,0,1,0,,,,,0,0,,0,0,0,0.046822742,1
58,59,0.296,Quellon Greyjoy,Lord of the Iron Islands,1,Ironborn,,283.0,,,,House Greyjoy,Stonetree,0,0,0,1,0,,,,1.0,1,1,,0,0,0,0.090301003,0
59,60,0.91,Quentyn Blackwood,Lord,0,,,206.0,,,,House Blackwood,,0,0,0,0,0,,,,,0,1,,0,0,0,0.02006689,0
60,61,0.233,Quenton Greyjoy,,1,Ironborn,,,,,,House Greyjoy,,0,0,0,1,0,,,,,0,0,,0,0,0,0.060200669,1
61,62,0.032,Quhuru Mo,,1,Summer Isles,,,,,,,,0,1,0,1,0,,,,,0,0,,0,0,0,0.040133779,1
62,63,0.618,Quickfinger,,1,,,,,,,House Blackfyre,,0,0,0,0,0,,,,,0,0,,0,0,0,0.010033445,1
63,64,0.016,Quill,,1,Braavosi,,,,,,,,0,0,0,1,0,,,,,0,0,,0,0,0,0.016722408,1
64,65,0.084,Quentin Tyrell,Ser,0,,,,,,,House Tyrell,,0,0,1,1,0,,,,,0,1,,0,0,0,0.127090301,1
65,66,0.35,Quort,,1,,285.0,299.0,,,,wildling,,0,0,1,0,0,,,,,0,0,14.0,0,0,0,0.010033445,0
66,67,0.217,Qyle,,1,,,299.0,,,,,,0,1,0,0,0,,,,,0,0,,0,0,0,0.013377926,0
67,68,0.26,Rafe,,0,,,,,,,,,0,0,0,0,0,,,,,0,0,,0,0,0,0.006688963,1
68,69,0.637,Racallio Ryndoon,,1,Tyroshi,,,,,,Kingdom of the Three Daughters,,0,0,0,0,0,,,,,0,0,,0,0,0,0.010033445,1
69,70,0.012,Ragnor Pyke,,0,Ironborn,,,,,,House Greyjoy,,0,0,0,1,0,,,,,0,0,,0,0,0,0.010033445,1
70,71,0.291,Rainbow Knight,,0,,,,,,,,,1,0,0,0,0,,,,,0,0,,0,0,0,0.003344482,1
71,72,0.254,Randa,,0,,,,,,,,,0,0,1,0,0,,,,,0,0,,0,0,0,0.003344482,1
72,73,0.868,Rast,,1,,,299.0,,,,Night's Watch,,1,1,1,0,0,,,,,0,0,,0,0,0,0.066889632,0
73,74,0.009,Rawney,Brother,1,,,,,,,,,0,0,0,1,0,,,,,0,1,,0,0,0,0.010033445,1
74,75,0.284,Raymar Royce,Lord,1,,,,,,,House Royce of the Gates of the Moon,,0,0,1,0,0,,,,,0,1,,0,0,0,0.013377926,1
75,76,0.018,Raymond Nayland,Ser,0,,,,,,,House Nayland,,0,0,0,1,0,,,,,0,1,,0,0,0,0.016722408,1
76,77,0.077,Raymund Tyrell,,0,,,,,,,House Tyrell,,0,0,1,1,0,,,,,0,0,,0,0,0,0.127090301,1
77,78,0.002,Red Oarsman,,0,Ironborn,,,,,,,,0,0,0,1,1,,,,,0,0,,0,0,0,0.016722408,1
78,79,0.074,Red Lamb,Ser,1,Lhazarene,,,,,,House Targaryen,,0,0,0,0,0,,,,,0,1,,0,0,0,0.0,1
79,80,0.217,Redtusk,Ser,1,,,,,,,,,0,0,0,0,0,,,,,0,1,,0,0,0,0.016722408,1
80,81,0.717,Red Rolfe,,1,,,299.0,,,,House Greyjoy,,0,1,0,0,0,,,,,0,0,,0,0,0,0.013377926,0
81,82,0.288,Redwyn,,0,,,,,,,Night's Watch,,0,1,0,0,0,,,,,0,0,,0,0,0,0.006688963,1
82,83,0.157,Reynard Webber,Lord of Coldmoat,0,,,,,,,House Webber,,0,0,0,0,0,,,,,0,1,,0,0,0,0.006688963,1
83,84,0.283,Reysen,,1,,,,,,,,,0,1,0,0,0,,,,,0,0,,0,0,0,0.023411371,1
84,85,0.999,Rhaegel Targaryen,Prince of Dragonstone,1,Valyrian,173.0,215.0,,,,House Targaryen,Alys Arryn,0,0,0,0,0,,,,1.0,1,1,42.0,3,1,0,0.096989967,0
85,86,0.996,Rhaena Targaryen (daughter of Daemon),Lady,0,,116.0,,,,,House Targaryen,Corwyn Corbray,0,0,0,0,0,,,,1.0,1,1,100.0,0,0,0,0.143812709,0
86,87,1.0,Rhaena Targaryen (daughter of Aegon III),PrincessSepta,0,Valyrian,147.0,,,,,House Targaryen,,0,0,0,0,0,,,,,0,1,100.0,0,0,0,0.073578595,0
87,88,0.998,Rhaenys Targaryen,Queen,0,Valyrian,-25.0,10.0,,,,House Targaryen,Aegon I Targaryen,1,0,0,0,0,,,,0.0,1,1,35.0,1,1,0,0.277591973,0
88,89,0.237,Rhaenys Targaryen (daughter of Rhaegar),Princess,0,,280.0,283.0,,,,House Targaryen,,1,1,1,1,1,,,,,0,1,3.0,10,1,0,0.244147157,0
89,90,0.01,Rhialta Vance,,0,,,,,,,House Vance of Wayfarer's Rest,,0,0,0,1,0,,,,,0,0,,0,0,0,0.016722408,1
90,91,0.758,Rhaenys Targaryen (daughter of Aemon),Princess,0,Valyrian,74.0,129.0,,,,House Targaryen,Corlys Velaryon,0,0,0,0,0,,,,0.0,1,1,55.0,0,0,0,0.143812709,0
91,92,0.441,Rhonda Rowan,,0,,,,,,,House Rowan,Baelor Hightower,0,0,0,1,0,,,,1.0,1,0,,0,0,0,0.050167224,1
92,93,0.021,Richard Farrow,Ser,0,,,299.0,,,,House Farrow,,0,0,0,1,0,,,,,0,1,,0,0,0,0.016722408,0
93,94,0.97,Richard Lonmouth,Ser,1,,,,,,,House Lonmouth,,0,0,1,0,0,,,,,0,1,,0,0,0,0.023411371,1
94,95,0.002,Rigney,Archmaester,1,,,,,,,,,0,0,0,1,0,,,,,0,1,,0,0,0,0.003344482,1
95,96,0.295,Rob,,1,,,,,,,House Osgrey,,0,0,0,0,0,,,,,0,0,,0,0,0,0.003344482,1
96,97,0.094,Rickard Tyrell,,1,,,,,,,House Tyrell,,0,0,1,1,0,,,,,0,0,,0,0,0,0.123745819,1
97,98,0.282,Robb Reyne,Ser,1,,,,,,,House Reyne,,0,0,0,0,0,,,,,0,1,,0,0,0,0.006688963,1
98,99,0.787,Robert Ashford,Ser,1,Reach,,,,,,House Ashford,,0,0,0,0,0,,,,,0,1,,0,0,0,0.023411371,1
99,100,0.545,Robert Brax (son of Flement),,1,,290.0,,,,,House Brax,,0,1,1,1,0,,,,,0,0,15.0,0,0,0,0.120401338,1
100,101,0.276,Robert Paege,Ser,0,,,,,,,House Paege,,0,0,1,0,0,,,,,0,1,,0,0,0,0.010033445,1
101,102,0.964,Robb Stark,,1,,,,Catelyn Stark,Eddard Stark,Bran Stark,,,0,0,0,0,0,0.0,0.0,1.0,,0,0,,7,1,1,1.0,0
102,103,0.013,Robin,,1,,,,,,,,,0,0,0,1,0,,,,,0,0,,0,0,0,0.016722408,1
103,104,0.232,Robert Frey (son of Raymund),,1,,283.0,,,,,House Frey,,0,1,1,1,0,,,,,0,0,22.0,0,0,0,0.147157191,1
104,105,0.241,Robin Greyjoy,,1,Ironborn,,,,,,House Greyjoy,,0,0,0,1,0,,,,,0,0,,0,0,0,0.063545151,1
105,106,0.233,Robin Hollard,,1,,,,,,,House Hollard,,0,0,0,1,0,,,,,0,0,,0,0,0,0.026755853,1
106,107,0.002,Rodrik Freeborn,,1,Ironborn,,,,,,,,0,0,0,1,1,,,,,0,0,,0,0,0,0.013377926,1
107,108,0.011,Roelle,Septa,0,,,,,,,House Tarth,,0,0,0,1,0,,,,,0,0,,0,0,0,0.0,1
108,109,0.814,Rodrik Stark (son of Beron),,1,Northmen,,,,,,House Stark,Arya Flint,0,0,0,0,1,,,,1.0,1,0,,0,0,0,0.100334448,1
109,110,0.802,Roger of Pennytree,,1,,,194.0,,,,,,0,0,0,0,0,,,,,0,0,,0,0,0,0.030100334,0
110,111,0.018,Roggo,,0,Braavosi,,,,,,,,0,0,0,1,0,,,,,0,0,,0,0,0,0.013377926,1
111,112,0.522,Roger Ryswell,,1,Northmen,,,,,,House Ryswell,,0,0,0,1,1,,,,,0,0,,0,0,0,0.046822742,1
112,113,0.007,Rolder,,1,,,,,,,House Lannister,,0,0,0,1,0,,,,,0,0,,0,0,0,0.0,1
113,114,0.241,Roland Crakehall (Kingsguard),Ser,1,,,,,,,House Crakehall,,0,0,0,0,0,,,,,0,1,,0,0,0,0.02006689,1
114,115,0.298,Rolfe,,1,,,,,,,,,0,1,0,0,0,,,,,0,0,,0,0,0,0.003344482,1
115,116,0.057,Rolland Darklyn,Ser,1,,,,,,,House Darklyn,,0,0,0,1,0,,,,,0,1,,0,0,0,0.010033445,1
116,117,0.238,Rollam Westerling,,1,,290.0,,,,,House Westerling,,0,0,1,1,0,,,,,0,0,15.0,0,0,0,0.043478261,1
117,118,0.01,Romny Weaver,,1,Ironborn,,,,,,House Weaver,,0,0,0,1,0,,,,,0,0,,0,0,0,0.02006689,1
118,119,0.606,Ronald Storm,,1,,,,,,,House Connington,,0,0,0,0,1,,,,,0,0,,0,0,0,0.040133779,1
119,120,0.8,Ronnel Stout,,0,Northmen,,,,,,House Stout,,0,0,1,0,0,,,,,0,0,,0,0,0,0.033444816,1
120,121,0.261,Ronnel Harclay,,0,,,,,,,House Harclay,,0,0,1,0,0,,,,,0,0,,0,0,0,0.013377926,1
121,122,0.273,Roone,,1,,286.0,,,,,,,0,0,0,1,0,,,,,0,0,19.0,0,0,0,0.040133779,1
122,123,0.011,Roone (maester),Maester,1,,,,,,,,,0,0,1,1,0,,,,,0,1,,0,0,0,0.010033445,1
123,124,0.004,Roryn Drumm,,0,Ironborn,,,,,,House Drumm,,0,0,0,1,0,,,,,0,0,,0,0,0,0.003344482,1
124,125,0.522,Roose Ryswell,,1,Northmen,,,,,,House Ryswell,,0,0,0,1,1,,,,,0,0,,0,0,0,0.030100334,1
125,126,0.021,Rosamund Lannister,,0,,,,,,,House Lannister of Lannisport,,0,0,0,1,1,,,,,0,0,,0,0,0,0.023411371,1
126,127,0.181,Rosey,,0,,284.0,,,,,,,0,0,0,1,0,,,,,0,0,21.0,0,0,0,0.030100334,1
127,128,0.217,Rowan,,1,Free folk,,300.0,,,,,,0,0,0,0,1,,,,,0,0,,0,0,0,0.060200669,0
128,129,0.397,Rudge,,0,,,,,,,Night's Watch,,1,0,0,0,0,,,,,0,0,,0,0,0,0.0,1
129,130,0.859,Runciter,Grand Maester,1,,,112.0,,,,,,0,0,0,0,0,,,,,0,1,,0,0,0,0.244147157,0
130,131,0.029,Rupert Crabb,Ser,0,,,,,,,House Crabb,,0,0,0,1,0,,,,,0,1,,0,0,0,0.006688963,1
131,132,0.001,Rus,,0,Ironmen,,,,,,Drowned men,,0,0,0,1,0,,,,,0,0,,0,0,0,0.010033445,1
132,133,0.187,Rusty Flowers,,1,,,,,,,Night's Watch,,0,0,0,0,1,,,,,0,0,,0,0,0,0.0,1
133,134,0.003,Ryam,Archmaester,1,,,,,,,,,0,0,0,1,0,,,,,0,1,,0,0,0,0.013377926,1
134,135,0.011,Ryk,,1,Free folk,,,,,,,Munda,0,0,1,1,1,,,,1.0,1,0,,0,0,0,0.026755853,1
135,136,0.254,Ryles,,0,,,299.0,,,,Night's Watch,,0,0,1,0,0,,,,,0,0,,0,0,0,0.013377926,0
136,137,0.121,Rymolf,,0,Ironborn,,,,,,House Greyjoy,,0,0,0,0,0,,,,,0,0,,0,0,0,0.0,1
137,138,0.204,S'vrone,,0,Braavosi,,,,,,,,0,0,0,0,0,,,,,0,0,,0,0,0,0.013377926,1
138,139,0.26,Saathos,,0,,,,,,,,,0,1,0,0,0,,,,,0,0,,0,0,0,0.003344482,1
139,140,0.788,Sailor's Wife,,0,,,,,,,Happy Port,,0,0,0,0,0,,,,,0,0,,0,0,0,0.046822742,1
140,141,0.849,Sallor,,1,Qartheen,,299.0,,,,Stormcrows,,0,0,1,0,0,,,,,0,0,,0,0,0,0.030100334,0
141,142,0.282,Salloreon,,1,,,,,,,Antler Men,,0,1,0,0,0,,,,,0,0,,0,0,0,0.013377926,1
142,143,0.24,Sam Stoops,,1,,,,,,,House Osgrey,,0,0,0,0,0,,,,,0,0,,0,0,0,0.003344482,1
143,144,0.022,Samwell Spicer,Ser,1,,,,,,,House Spicer,,0,0,1,1,0,,,,,0,1,,0,0,0,0.013377926,1
144,145,0.123,Sargon Botley,,1,Ironborn,,,,,,House Botley,,0,0,0,1,0,,,,,0,0,,0,0,0,0.053511706,1
145,146,0.227,Scarb,,0,,,,,,,,,0,0,1,0,0,,,,,0,0,,0,0,0,0.006688963,1
146,147,0.298,Sawwood,,1,,,,,,,Night's Watch,,0,0,1,0,0,,,,,0,0,,0,0,0,0.010033445,1
147,148,0.254,Sedgekins,,0,,,,,,,,,0,0,1,0,0,,,,,0,0,,0,0,0,0.0,1
148,149,0.965,Sefton Staunton,Septon,1,,,,,,,House Staunton,,0,0,0,0,0,,,,,0,0,,0,0,0,0.030100334,1
149,150,0.329,Serra,,0,Lysene,,,,,,,Illyrio Mopatis,0,0,0,0,1,,,,1.0,1,0,,0,0,0,0.016722408,1
150,151,0.19,Sharna,,0,,,,,,,,Husband,0,0,1,1,0,,,,1.0,1,0,,0,0,0,0.036789298,1
151,152,0.263,Shella,,0,,,,,,,,,1,0,0,0,0,,,,,0,0,,0,0,0,0.003344482,1
152,153,0.234,Sherrit,King,0,,,,,,,,,0,0,1,0,0,,,,,0,1,,0,0,0,0.003344482,1
153,154,0.024,Shortear,,0,westermen,,,,,,House Lannister,,0,0,0,1,0,,,,,0,0,,0,0,0,0.013377926,1
154,155,0.012,Shyra,,0,Northmen,,,,,,House Stark,,0,1,0,1,0,,,,,0,0,,0,0,0,0.02006689,1
155,156,0.002,Sigfry Stonetree,,1,Ironborn,,,,,,House Stonetree,,0,0,0,1,0,,,,,0,0,,0,0,0,0.003344482,1
156,157,0.807,Sigrin,,1,Ironborn,,,,,,House Greyjoy,,0,1,1,0,0,,,,,0,0,,0,0,0,0.023411371,1
157,158,0.322,Simon Leygood,Ser,0,,,,,,,House Leygood,,0,0,0,0,0,,,,,0,1,,0,0,0,0.003344482,1
158,159,0.254,Sky Blue Su,,0,,,,,,,,,0,0,1,0,0,,,,,0,0,,0,0,0,0.0,1
159,160,0.387,Skinner,,1,,,,,,,House Bolton,,0,0,0,0,1,,,,,0,0,,0,0,0,0.033444816,1
160,161,0.183,Skittrick,,0,Northmen,,,,,,House Stark,,0,1,0,0,0,,,,,0,0,,0,0,0,0.006688963,1
161,162,0.032,Skyte,,1,Ironborn,,,,,,,,0,1,1,1,0,,,,,0,0,,0,0,0,0.023411371,1
162,163,0.002,Sloey,,0,Braavosi,,,,,,,,0,0,0,1,0,,,,,0,0,,0,0,0,0.016722408,1
163,164,0.01,Spare Boot,,1,,,,,,,Night's Watch,,0,0,1,1,1,,,,,0,0,,0,0,0,0.013377926,1
164,165,0.276,Softfoot,,1,,,299.0,,,,Night's Watch,,0,0,1,0,0,,,,,0,0,,0,0,0,0.02006689,0
165,166,0.187,Spotted Pate of Maidenpool,,1,,,299.0,,,,Night's Watch,,0,0,1,0,0,,,,,0,0,,0,0,0,0.013377926,0
166,167,0.677,Squint,,0,,,299.0,,,,House Greyjoy,,0,1,0,0,0,,,,,0,0,,0,0,0,0.003344482,0
167,168,0.92,Squirrel,,0,Free Folk,,300.0,,,,,,0,0,0,0,1,,,,,0,0,,0,0,0,0.043478261,0
168,169,0.002,Steffarion Sparr,,1,Ironborn,,,,,,House Sparr,,0,0,0,1,0,,,,,0,0,,0,0,0,0.02006689,1
169,170,0.848,Stafford Lannister,Ser,1,Westerman,246.0,299.0,,,,House Lannister,Myranda Lefford,1,1,1,1,1,,,,1.0,1,1,53.0,1,1,0,0.170568562,0
170,171,0.87,Steffon Fossoway,Ser,1,,,,,,,House Fossoway of Cider Hall,,0,0,0,0,0,,,,,0,1,,0,0,0,0.040133779,1
171,172,0.253,Steffon Hollard,Ser,0,,,,,,,House Hollard,,0,0,0,1,0,,,,,0,1,,0,0,0,0.026755853,1
172,173,0.964,Stannis Baratheon,,1,,,,Cassana Estermont,Steffon Baratheon,Shireen Baratheon,,,0,0,0,0,0,0.0,0.0,1.0,,0,0,,4,1,1,1.0,1
173,174,0.402,Steffon Varner,Lord,1,,,,,,,House Varner,,0,1,0,0,0,,,,,0,1,,0,0,0,0.013377926,1
174,175,0.506,Stone Thumbs,,0,Free Folk,,299.0,,,,,,0,0,1,0,0,,,,,0,0,,0,0,0,0.003344482,0
175,176,0.001,Stonehand,,0,Ironborn,,,,,,,,0,0,0,1,1,,,,,0,0,,0,0,0,0.010033445,1
176,177,0.335,Sybassion,,1,Qarth,,,,,,,,0,1,0,0,0,,,,,0,0,,0,0,0,0.013377926,1
177,178,0.672,Sylas,,0,,,294.0,,,,House Greyjoy,,0,1,0,0,0,,,,,0,0,,0,0,0,0.006688963,0
178,179,0.704,Symon Stripeback,,1,,,,,,,House Targaryen,,0,0,0,0,1,,,,,0,0,,0,0,0,0.043478261,1
179,180,0.067,Symond Botley,,1,Ironborn,,,,,,House Botley,,0,0,0,1,0,,,,,0,0,,0,0,0,0.046822742,1
180,181,0.286,Tagganaro,,1,Braavosi,,,,,,,,0,0,0,1,0,,,,,0,0,,0,0,0,0.030100334,1
181,182,0.055,Tal Toraq,,1,Summer Isles,,,,,,House Targaryen,,0,0,0,0,1,,,,,0,0,,0,0,0,0.023411371,1
182,183,0.018,Talea,,0,Braavosi,,,,,,,,0,0,0,1,0,,,,,0,0,,0,0,0,0.02006689,1
183,184,0.787,Talla Tarly,,1,,,,,,,House Tarly,,0,0,1,0,0,,,,,0,0,,0,0,0,0.070234114,1
184,185,0.032,Tansy,,0,,,,,,,Peach,,0,0,1,1,0,,,,,0,0,,0,0,0,0.023411371,1
185,186,0.017,Tansy (orphan),,0,,,,,,,,,0,0,0,1,0,,,,,0,0,,0,0,0,0.006688963,1
186,187,0.79,Tarber,,1,,,,,,,,,0,1,0,0,0,,,,,0,0,,0,0,0,0.033444816,1
187,188,0.032,Terrance Lynderly,,0,,,,,,,House Lynderly,,0,0,0,1,0,,,,,0,0,,0,0,0,0.016722408,1
188,189,0.02,Terro,,1,Braavosi,,,,,,,,0,0,0,1,0,,,,,0,0,,0,0,0,0.013377926,1
189,190,0.334,Theo Frey,Ser,1,,,,,,,House Frey,,1,0,0,0,0,,,,,0,1,,0,0,0,0.013377926,1
190,191,0.006,Theobald,Seneschal,1,,,,,,,,,0,0,0,1,0,,,,,0,1,,0,0,0,0.02006689,1
191,192,0.276,Thistle,,0,Free Folk,,300.0,,,,,,0,0,0,0,1,,,,,0,0,,0,0,0,0.016722408,0
192,193,0.788,Theon Stark,,1,Northmen,,,,,,,,0,0,0,0,0,,,,,0,0,,0,0,0,0.056856187,1
193,194,0.003,Thormor Ironmaker,,1,Ironborn,,,,,,House Ironmaker,,0,0,0,1,0,,,,,0,0,,0,0,0,0.016722408,1
194,195,0.092,Tim Stone,,0,,,,,,,Night's Watch,,0,0,1,1,1,,,,,0,0,,0,0,0,0.016722408,1
195,196,0.26,Timon,Ser,0,,,,,,,,,0,1,1,0,0,,,,,0,1,,0,0,0,0.006688963,1
196,197,0.031,Timett (father),,0,Vale mountain clans,,,,,,Burned Men,,1,1,0,0,1,,,,,0,0,,0,0,0,0.013377926,1
197,198,0.003,Timoth,,1,,,,,,,House Martell,,0,0,0,1,0,,,,,0,0,,0,0,0,0.006688963,1
198,199,0.858,Tobbot,,0,,,,,,,House Clegane,,0,1,0,0,0,,,,,0,0,,0,0,0,0.010033445,1
199,200,0.127,Toefinger,,1,Free Folk,,,,,,,,0,0,1,1,0,,,,,0,0,,0,0,0,0.006688963,1
200,201,0.281,Todric,,1,,,299.0,,,,,,0,1,0,0,0,,,,,0,0,,0,0,0,0.016722408,0
201,202,0.011,Tom Costayne,Ser,0,,,,,,,House Costayne,,0,0,0,1,0,,,,,0,1,,0,0,0,0.006688963,1
202,203,0.174,TomToo,,0,Northmen,,,,,,House Stark,,0,1,0,0,0,,,,,0,0,,0,0,0,0.013377926,1
203,204,0.85,Tommard Heddle,Ser,1,,,211.0,,,,House Heddle,,0,0,0,0,0,,,,,0,1,,0,0,0,0.046822742,0
204,205,0.69,Toregg,,1,Free Folk,,,,,,,,0,0,1,1,1,,,,,0,0,,0,0,0,0.026755853,1
205,206,0.063,Torrek,,0,Vale mountain clans,,,,,,Stone Crows,,1,0,0,0,0,,,,,0,0,,0,0,0,0.0,1
206,207,0.228,Tothmure,Maester,1,,,299.0,,,,,,0,1,0,0,0,,,,,0,1,,0,0,0,0.013377926,0
207,208,0.807,Torrhen Stark,,1,Northmen,,,,,,,,0,0,0,0,0,,,,,0,0,,0,0,0,0.090301003,1
208,209,0.197,Tregar,,0,,,298.0,,,,House Lannister,,1,0,0,0,0,,,,,0,0,,0,0,0,0.006688963,0
209,210,0.017,Tregar Ormollen,,1,Lyseni,,,,,,,,0,1,0,1,0,,,,,0,0,,0,0,0,0.023411371,1
210,211,0.132,Tristan Ryger,,0,,,,,,,House Ryger,,0,0,1,0,0,,,,,0,0,,0,0,0,0.006688963,1
211,212,0.339,Tristifer V Mudd,,1,,,,,Tristifer IV Mudd,,,,0,0,0,0,0,,0.0,,,0,0,,0,0,0,0.016722408,1
212,213,0.402,Tristimun,Ser,1,,,,,,,Sea watch,,0,0,1,0,0,,,,,0,1,,0,0,0,0.0,1
213,214,0.807,Tristifer IV Mudd,,1,,,,,,,,,0,0,0,0,0,,,,,0,0,,0,0,0,0.053511706,0
214,215,0.26,Tuffleberry,,0,,,,,,,,,0,1,0,0,0,,,,,0,0,,0,0,0,0.003344482,1
215,216,0.26,Tumberjon,,0,,,,,,,Night's Watch,,0,0,1,0,0,,,,,0,0,,0,0,0,0.010033445,1
216,217,0.6,Tumco Lho,Ser,1,Ghiscari,,,,,,,,0,0,0,0,1,,,,,0,1,,0,0,0,0.030100334,1
217,218,0.073,Turnip,,0,northmen,,,,,,House Stark,,0,1,0,1,0,,,,,0,0,,0,0,0,0.016722408,1
218,219,0.241,Turquin,Maester,1,,,,,,,,,0,0,1,0,0,,,,,0,1,,0,0,0,0.003344482,1
219,220,0.24,Tybero Istarion,,1,,,,,,,Second Sons,,0,0,0,0,1,,,,,0,0,,0,0,0,0.013377926,1
220,221,0.677,Tymor,,1,,,,,,,House Greyjoy,,0,1,0,0,0,,,,,0,0,,0,0,0,0.006688963,1
221,222,0.204,Ulf the Ill,,0,Ironborn,,299.0,,,,House Greyjoy,,0,1,0,0,0,,,,,0,0,,0,0,0,0.013377926,0
222,223,0.275,Tywin Frey (son of Raymund),,1,,299.0,,,,,House Frey,,0,0,0,1,0,,,,,0,0,6.0,0,0,0,0.133779264,1
223,224,0.204,Uller,,1,Ironborn,,,,,,House Greyjoy,,0,1,1,1,0,,,,,0,0,,0,0,0,0.023411371,1
224,225,0.326,Umar,,0,Vale mountain clans,,,,,,Moon Brothers,,1,0,0,0,0,,,,,0,0,,0,0,0,0.006688963,1
225,226,0.162,Umfred,,0,,,,,,,House Baelish,,0,0,1,0,0,,,,,0,0,,0,0,0,0.003344482,1
226,227,0.002,Umma,,0,,,,,,,Faceless Men,,0,0,0,1,0,,,,,0,0,,0,0,0,0.016722408,1
227,228,0.24,Urreg,,0,,,,,,,,,0,1,0,0,0,,,,,0,0,,0,0,0,0.010033445,1
228,229,0.004,Urek Ironmaker,,1,Ironborn,,,,,,House Ironmaker,,0,0,0,1,0,,,,,0,0,,0,0,0,0.016722408,1
229,230,0.233,Urrathon,,0,Qartheen,,,,,,,,0,1,0,0,0,,,,,0,0,,0,0,0,0.013377926,1
230,231,0.797,Urzen,,1,Ironborn,,,,,,House Greyjoy,,0,1,1,0,0,,,,,0,0,,0,0,0,0.02006689,1
231,232,0.523,Urron Greyiron,,1,Ironborn,,,,,,,,0,0,0,0,0,,,,,0,0,,0,0,0,0.040133779,1
232,233,0.29,Urrigon Greyjoy,,1,Ironborn,268.0,,,,,House Greyjoy,,0,0,0,1,0,,,,,0,0,37.0,0,0,0,0.073578595,1
233,234,0.998,Uthor Underleaf,Ser,1,,181.0,,,,,,,0,0,0,0,0,,,,,0,1,100.0,0,0,0,0.050167224,0
234,235,0.925,Utt,Septon,1,,,299.0,,,,Brave Companions,,0,1,1,0,0,,,,,0,0,,0,0,0,0.023411371,0
235,236,0.003,Vaellyn,Archmaester,1,,,,,,,,,0,0,0,1,0,,,,,0,1,,0,0,0,0.013377926,1
236,237,0.242,Varly,,0,northmen,,298.0,,,,House Stark,,1,0,0,0,0,,,,,0,0,,0,0,0,0.016722408,0
237,238,0.012,Veiled Lady,,0,Braavosi,,,,,,,,0,0,0,1,0,,,,,0,0,,0,0,0,0.010033445,1
238,239,0.282,Vickon Botley,,1,Ironborn,,,,,,House Botley,,0,0,0,1,0,,,,,0,0,,0,0,0,0.046822742,1
239,240,0.227,Violet,,0,,,,,,,,,0,0,1,0,0,,,,,0,0,,0,0,0,0.0,1
240,241,0.046,Victor Tyrell,Ser,0,,,,,,,House Tyrell,,0,0,1,1,0,,,,,0,1,,0,0,0,0.123745819,1
241,242,0.177,Walda Frey (daughter of Lothar),,0,,294.0,,,,,House Frey,,0,1,1,1,0,,,,,0,0,11.0,0,0,0,0.086956522,1
242,243,0.253,Walda Frey (daughter of Edwyn),,0,,290.0,,,,,House Frey,,0,1,1,1,0,,,,,0,0,15.0,0,0,0,0.10367893,1
243,244,0.195,Walda Frey (daughter of Rhaegar),,0,,288.0,,,,,House Frey,,0,0,0,0,0,,,,,0,0,17.0,0,0,0,0.0,1
244,245,0.227,Walda Frey (daughter of Walton),,0,,280.0,,,,,House Frey,,0,0,0,0,0,,,,,0,0,25.0,0,0,0,0.0,1
245,246,0.191,Walda Frey (daughter of Merrett),,0,,283.0,,,,,House Frey,Roose Bolton,0,0,0,0,0,,,,1.0,1,0,22.0,0,0,0,0.0,1
246,247,0.799,Walda Rivers (daughter of Aemon),,0,,295.0,,,,,House Frey,,0,0,1,0,0,,,,,0,0,10.0,0,0,0,0.026755853,1
247,248,0.216,Walder Frey (son of Jammos),,1,,291.0,,,,,House Frey,,0,0,0,0,0,,,,,0,0,14.0,0,0,0,0.0,1
248,249,0.317,Walder Frey (son of Emmon),,0,,285.0,,,,,House Frey of Riverrun,,0,0,0,0,0,,,,,0,0,20.0,0,0,0,0.0,1
249,250,0.176,Walder Frey (son of Ryman),,1,Rivermen,260.0,,,,,House Frey,,0,0,0,0,0,,,,,0,0,45.0,0,0,0,0.0,1
250,251,0.187,Walder Frey (son of Merrett),,1,,291.0,300.0,,,,House Frey,,0,0,0,0,0,,,,,0,0,9.0,0,0,0,0.0,0
251,252,0.468,Wallen,,0,,,298.0,,,,Night's Watch,,1,0,0,0,0,,,,,0,0,,0,0,0,0.02006689,0
252,253,0.084,Walton,,1,northmen,,,,,,House Bolton,,0,1,1,1,1,,,,,0,0,,0,0,0,0.046822742,1
253,254,0.615,Walys Flowers,Maester,1,Reach,,283.0,,,,,,0,0,0,0,1,,,,,0,1,,0,0,0,0.023411371,0
254,255,0.24,Wat (Barleycorn),,1,,,,,,,House Osgrey,,0,0,0,0,0,,,,,0,0,,0,0,0,0.006688963,1
255,256,0.094,Blue Bard,,1,,,,,,,House Tyrell,,0,0,0,1,1,,,,,0,0,,0,0,0,0.053511706,1
256,257,0.012,Wat (orphan),,0,,,,,,,,,0,0,0,1,0,,,,,0,0,,0,0,0,0.003344482,1
257,258,0.01,Wat (sailor),,0,,,,,,,,,0,0,0,1,0,,,,,0,0,,0,0,0,0.006688963,1
258,259,0.191,Wat (Standfast),,0,,,,,,,House Osgrey,,0,0,0,0,0,,,,,0,0,,0,0,0,0.003344482,1
259,260,0.204,Wat (Wet),,1,,,,,,,House Osgrey,,0,0,0,0,0,,,,,0,0,,0,0,0,0.006688963,1
260,261,0.055,Wate,,0,,,,,,,House Targaryen,,0,0,0,0,0,,,,,0,0,,0,0,0,0.0,1
261,262,0.298,Watt,,1,,,299.0,,,,Night's Watch,,0,0,1,0,0,,,,,0,0,,0,0,0,0.016722408,0
262,263,0.242,Wayn (guard),,1,Northmen,,,,,,House Stark,,1,0,0,0,0,,,,,0,0,,0,0,0,0.010033445,1
263,264,0.276,Weasel,,1,,296.0,,,,,,,0,1,0,0,0,,,,,0,0,9.0,0,0,0,0.016722408,1
264,265,0.187,Wendell Webber,Ser,1,,,,,,,House Webber,,0,0,0,0,0,,,,,0,1,,0,0,0,0.013377926,1
265,266,0.233,Wendello Qar Deeth,,0,Qartheen,,,,,,,,0,1,0,0,0,,,,,0,0,,0,0,0,0.010033445,1
266,267,0.178,Werlag,,0,Ironborn,,,,,,House Greyjoy,,0,1,0,0,0,,,,,0,0,,0,0,0,0.006688963,1
267,268,0.53,Rafford,,1,,,300.0,,,,House Clegane,,0,1,1,1,1,,,,,0,0,,0,0,0,0.096989967,0
268,269,0.212,Jhogo,Bloodrider,0,Dothraki,281.0,,,,,House Targaryen,,1,1,1,1,1,,,,,0,0,24.0,0,0,0,0.200668896,1
269,270,0.615,Sour Alyn,,1,,,,,,,House Bolton,,0,0,0,0,1,,,,,0,0,,0,0,0,0.043478261,1
270,271,0.349,Tobho Mott,,1,Qohor,,,,,,,,1,1,1,1,1,,,,,0,0,,0,0,0,0.08361204,1
271,272,0.98,Zollo,,1,Dothraki,,,,,,Brave Companions,,0,0,1,1,0,,,,,0,0,,0,0,0,0.036789298,1
272,273,0.308,Tanda Stokeworth,Stokeworth,0,,,300.0,,,,House Stokeworth,,1,1,1,1,1,,,,,0,1,,1,1,0,0.113712375,0
273,274,0.687,Samwell Tarly,,1,Westeros,283.0,,,,,Night's Watch,,1,1,1,1,1,,,,,0,0,22.0,0,0,1,0.969899666,1
274,275,0.259,Abelar Hightower,Ser,1,,,,,,,House Hightower,,0,0,0,0,0,,,,,0,1,,0,0,0,0.0,1
275,276,0.806,Addam Frey,Ser,1,,,,,,,House Frey,,0,0,0,0,0,,,,,0,1,,0,0,0,0.026755853,1
276,277,0.187,Addam,Ser,1,,,,,,,,,0,0,0,0,0,,,,,0,1,,0,0,0,0.006688963,1
277,278,0.813,Addam Osgrey,,1,,183.0,196.0,,,,House Osgrey,,0,0,0,0,0,,,,,0,0,13.0,0,0,0,0.036789298,0
278,279,0.241,Aegon Frey (son of Aenys),,1,,253.0,,,,,House Frey,,0,0,0,0,0,,,,,0,0,52.0,0,0,0,0.0,1
279,280,0.233,Aegon Frey (son of Stevron),,1,,249.0,299.0,,,,House Frey,,0,0,0,0,0,,,,,0,0,50.0,0,0,0,0.0,0
280,281,0.89,Aegon I Targaryen,,1,,,,Valaena Velaryon,Aerion Targaryen,Aenys Targaryen,,,0,0,0,0,0,1.0,0.0,1.0,,0,0,,6,1,1,1.0,0
281,282,0.969,Aegon II Targaryen,,1,,,,Alicent Hightower,Viserys I Targaryen,Jaehaerys Targaryen,,,0,0,0,0,0,0.0,0.0,1.0,,0,0,,7,1,1,0.759197324,0
282,283,0.936,Aegon IV Targaryen,,1,,,,,,Daeron II Targaryen,,,0,0,0,0,0,,,0.0,,0,0,,15,1,1,0.675585284,0
283,284,0.947,Aegon Targaryen (son of Baelon),Prince,1,Valyrian,,,,,,House Targaryen,,0,0,0,0,0,,,,,0,1,,0,0,0,0.0,1
284,285,0.997,Aegon III Targaryen,,1,Valyrian,,,Rhaenyra Targaryen,Daemon Targaryen,Daeron I Targaryen,,,0,0,0,0,0,1.0,0.0,0.0,,0,0,,8,1,1,0.62541806,0
285,286,0.999,Aegon Targaryen (son of Jaehaerys I),Prince,0,Valyrian,50.0,,,,,House Targaryen,,0,0,0,0,0,,,,,0,1,100.0,0,0,0,0.0,0
286,287,0.943,Aegon Targaryen (son of Aenys I),Prince,1,Valyrian,26.0,43.0,,,,House Targaryen,Rhaena Targaryen,0,0,0,0,0,,,,1.0,1,1,17.0,0,0,0,0.0,0
287,288,0.997,Aegon Targaryen (son of Rhaegar),,1,Valyrian,281.0,283.0,,,,House Targaryen,,0,0,0,0,0,,,,,0,0,2.0,0,0,0,0.0,0
288,289,0.38,Aemon Costayne,,1,,,,,,,House Costayne,,0,0,1,0,0,,,,,0,0,,0,0,0,0.010033445,1
289,290,0.969,Aenys I Targaryen,,1,,,,Rhaenys Targaryen,Aegon I Targaryen,Aegon Targaryen,,,0,0,0,0,0,0.0,0.0,1.0,,0,0,,5,1,1,0.571906355,0
290,291,0.24,Aethan,,0,,,,,,,Night's Watch,,0,0,1,0,0,,,,,0,0,,0,0,0,0.010033445,1
291,292,0.281,Aethelmure,Grand Maester,0,,,,,,,,,1,0,0,0,0,,,,,0,1,,0,0,0,0.013377926,1
292,293,0.949,Aggar,,1,,,299.0,,,,House Greyjoy,,0,1,0,0,1,,,,,0,0,,0,0,0,0.026755853,0
293,294,0.002,Agrivane,Archmaester,0,,,,,,,,,0,0,0,1,0,,,,,0,1,,0,0,0,0.006688963,1
294,295,0.93,Aerys I Targaryen,,1,,,,Mariah Martell,Daeron II Targaryen,Rhaegel Targaryen,,,0,0,0,0,0,1.0,0.0,0.0,,0,0,,3,1,1,0.622073579,0
295,296,0.012,Alaric of Eysen,,0,,,,,,,,,0,0,1,1,0,,,,,0,0,,0,0,0,0.016722408,1
296,297,0.89,Aerys II Targaryen,,1,,,,Shaera Targaryen,Jaehaerys II Targaryen,Rhaegar Targaryen,,,0,0,0,0,0,1.0,0.0,0.0,,0,0,,10,1,1,1.0,0
297,298,0.718,Alebelly,,1,Northmen,,299.0,,,,House Stark,,0,1,0,0,0,,,,,0,0,,0,0,0,0.030100334,0
298,299,0.025,Alequo Adarys,,1,Tyroshi,,266.0,,,,Band of Nine,,0,0,0,0,0,,,,,0,0,,0,0,0,0.013377926,0
299,300,0.052,Alester Oakheart,,1,,,,,,,House Oakheart,,0,0,0,1,0,,,,,0,0,,0,0,0,0.016722408,1
300,301,0.254,Alia,,0,,,,,,,,,0,0,0,0,0,,,,,0,0,,0,0,0,0.0,1
301,302,0.233,All-for-Joffrey,,1,,,299.0,,,,,,0,1,0,0,0,,,,,0,0,,0,0,0,0.006688963,0
302,303,0.019,Allaquo,,1,Braavosi,,,,,,,,0,0,0,1,0,,,,,0,0,,0,0,0,0.02006689,1
303,304,0.274,Allyria Dayne,,0,,,,,,,House Dayne,,0,0,1,0,0,,,,,0,0,,0,0,0,0.023411371,1
304,305,0.969,Alicent Hightower,LadyQueenDowager Queen,0,,88.0,133.0,,,,House Hightower,Viserys I Targaryen,0,0,0,0,0,,,,0.0,1,1,45.0,4,1,0,0.267558528,0
305,306,0.013,Alyce,,1,,,,,,,,,0,0,1,1,0,,,,,0,0,,0,0,0,0.006688963,1
306,307,0.036,Alvyn Sharp,,1,Ironborn,,,,,,House Sharp,,0,0,0,1,0,,,,,0,0,,0,0,0,0.010033445,1
307,308,0.053,Alyn Hunt,Ser,1,,,,,,,House Hunt,,0,0,0,1,0,,,,,0,1,,0,0,0,0.013377926,1
308,309,0.263,Alys Arryn,,0,,,,,,,House Arryn,Elys Waynwood,0,0,0,1,0,,,,1.0,1,0,,1,1,0,0.080267559,1
309,310,0.738,Alysanne Bracken,,0,,,,,,,House Bracken,,0,0,0,0,1,,,,,0,0,,0,0,0,0.033444816,1
310,311,0.915,Alyn Velaryon,Lord of the Tides,1,Valyrian,115.0,171.0,,,,House Velaryon,Baela Targaryen,0,0,0,1,1,,,,0.0,1,1,56.0,0,0,0,0.160535117,0
311,312,0.8,Alysanne Osgrey,,0,,188.0,209.0,,,,House Osgrey,,0,0,0,0,0,,,,,0,0,21.0,0,0,0,0.026755853,0
312,313,0.245,Alyssa Arryn,,0,,,,,,,House Arryn,,1,0,0,0,0,,,,,0,0,,0,0,0,0.006688963,1
313,314,0.242,Alysanne Hightower,,0,,,,,,,House Hightower,Arthur Ambrose,0,0,0,1,0,,,,1.0,1,0,,0,0,0,0.056856187,1
314,315,0.696,Amabel,,0,,,,,,,House Whent,,0,1,1,0,0,,,,,0,0,,0,0,0,0.003344482,1
315,316,0.024,Ambrode,,0,Ironborn,,,,,,,,0,1,0,0,0,,,,,0,0,,0,0,0,0.003344482,1
316,317,0.407,Andrey Dalt,Ser,0,Dornish,,,,,,House Dalt,,0,0,0,1,0,,,,,0,1,,0,0,0,0.036789298,1
317,318,0.434,Andrey Charlton,Ser,1,,,299.0,,,,House Charlton,,0,1,0,0,0,,,,,0,1,,0,0,0,0.013377926,0
318,319,0.264,Argrave the Defiant,Ser,1,,,,,,,House Butterwell,,0,0,0,0,0,,,,,0,1,,0,0,0,0.013377926,1
319,320,0.204,Armen,,1,,,,,,,,,0,0,0,1,0,,,,,0,0,,0,0,0,0.030100334,1
320,321,0.233,Arneld,Ser,1,,,,,,,,,0,1,0,0,0,,,,,0,1,,0,0,0,0.003344482,1
321,322,0.233,Arnell,Ser,1,,,,,,,Night's Watch,,0,1,0,0,0,,,,,0,1,,0,0,0,0.006688963,1
322,323,0.291,Arrec Durrandon,,1,,,,,,Arlan V Durrandon,,,0,0,0,0,0,,,1.0,,0,0,,0,0,0,0.0,1
323,324,0.296,Arron,,1,,,,,,,Night's Watch,,0,0,1,1,1,,,,,0,0,,0,0,0,0.043478261,1
324,325,0.082,Arryk (guard),,0,,,,,,,House Tyrell,,0,0,0,0,0,,,,,0,0,,0,0,0,0.0,1
325,326,0.565,Arron Qorgyle,Ser,1,,,,,,,House Qorgyle,,0,0,1,1,0,,,,,0,1,,0,0,0,0.023411371,1
326,327,0.463,Arson,,1,Free Folk,,,,,,,,0,0,1,0,0,,,,,0,0,,0,0,0,0.0,1
327,328,0.235,Aubrey Ambrose,Ser,1,,,,,,,House Ambrose,,0,0,0,0,0,,,,,0,1,,0,0,0,0.006688963,1
328,329,0.859,Ayrmidon,,0,Valyrian,,,,,,,,1,0,0,0,0,,,,,0,0,,0,0,0,0.006688963,1
329,330,0.99,Baelon Targaryen (son of Viserys I),Prince,1,Valyrian,105.0,105.0,,,,House Targaryen,,0,0,0,0,0,,,,,0,1,0.0,0,0,0,0.100334448,0
330,331,0.943,Baelon Targaryen (son of Aerys),Lord of Dragonstone,0,Valyrian,,,,,,House Targaryen,,0,0,0,0,0,,,,,0,1,,0,0,0,0.043478261,1
331,332,0.123,Balon Botley,,1,Ironborn,,,,,,House Botley,,0,0,0,1,0,,,,,0,0,,0,0,0,0.050167224,1
332,333,0.998,Baelor Targaryen (son of Daeron II),Prince of Dragonstone,1,,170.0,209.0,,,,House Targaryen,Jena Dondarrion,0,0,1,0,0,,,,1.0,1,1,39.0,3,1,1,0.474916388,0
333,334,0.014,Bandy,,0,Northmen,,,,,,House Stark,,0,1,0,1,0,,,,,0,0,,0,0,0,0.02006689,1
334,335,0.79,Bannen,,1,,,299.0,,,,Night's Watch,,0,1,1,0,0,,,,,0,0,,0,0,0,0.033444816,0
335,336,0.209,Barre,Septon,1,,,,,,,,,0,1,0,0,0,,,,,0,0,,0,0,0,0.013377926,1
336,337,0.965,Barbara Bracken,,0,,,,,,,House Bracken,,0,0,0,0,1,,,,,0,0,,0,0,0,0.030100334,1
337,338,0.118,Barth (brewer),,1,,,,,,,House Stark,,0,1,0,0,0,,,,,0,0,,0,0,0,0.003344482,1
338,339,0.324,Bass,,0,,,,,,,Night's Watch,,1,0,0,0,0,,,,,0,0,,0,0,0,0.0,1
339,340,0.017,Bearded Ben,,1,,,,,,,Night's Watch,,0,0,0,1,1,,,,,0,0,,0,0,0,0.023411371,1
340,341,0.311,Becca,,1,,,,,,,House Arryn,,1,0,0,0,0,,,,,0,0,,0,0,0,0.003344482,1
341,342,0.27,Beck,Goodman,1,,299.0,,,,,,,0,0,1,0,0,,,,,0,1,6.0,0,0,0,0.0,1
342,343,0.002,Belandra,,0,,,,,,,House Martell,,0,0,0,1,0,,,,,0,0,,0,0,0,0.006688963,1
343,344,0.254,Beldecar,,0,,,,,,,,,0,0,1,0,0,,,,,0,0,,0,0,0,0.006688963,1
344,345,0.204,Belis,Wisdom,1,,,,,,,Alchemists' Guild,,0,0,1,0,0,,,,,0,1,,0,0,0,0.02006689,1
345,346,0.012,Bellonara Otherys,,0,Braavosi,,,,,,,,0,0,0,1,0,,,,,0,0,,0,0,0,0.013377926,1
346,347,0.184,Bella,,0,,283.0,,,,,,,0,0,1,1,0,,,,,0,0,22.0,0,0,0,0.08361204,1
347,348,0.017,Ben,,1,,293.0,,,,,,,0,0,0,1,0,,,,,0,0,12.0,0,0,0,0.010033445,1
348,349,0.018,Ben Blackthumb,,1,,,,,,,House Whent,,0,1,0,1,0,,,,,0,0,,0,0,0,0.026755853,1
349,350,0.629,Ben Bones,,1,,,,,,,House Bolton,,0,0,0,0,1,,,,,0,0,,0,0,0,0.033444816,1
350,351,0.032,Ben Bushy,Ser,0,,,299.0,,,,House Bushy,,0,0,0,1,0,,,,,0,1,,0,0,0,0.023411371,0
351,352,0.003,Benedict,Archmaester,0,,,,,,,,,0,0,0,1,0,,,,,0,1,,0,0,0,0.013377926,1
352,353,0.241,Benjen Stark (Bitter),,1,Northmen,,,,,,,,0,1,0,0,0,,,,,0,0,,0,0,0,0.013377926,1
353,354,0.233,Benjen Stark (Sweet),,1,Northmen,,,,,,,,0,1,0,0,0,,,,,0,0,,0,0,0,0.013377926,1
354,355,0.019,Bennet,Septon,0,,,,,,,,,0,0,0,1,0,,,,,0,0,,0,0,0,0.006688963,1
355,356,0.799,Bennis,Ser,1,,,,,,,House Osgrey,,0,0,0,0,0,,,,,0,1,,0,0,0,0.036789298,1
356,357,0.012,Beqqo,,0,Braavosi,,,,,,,,0,0,0,1,0,,,,,0,0,,0,0,0,0.003344482,1
357,358,0.123,Bennarion Botley,,1,Ironborn,,,,,,House Botley,,0,0,0,1,0,,,,,0,0,,0,0,0,0.046822742,1
358,359,0.188,Beron Blacktyde,,0,,,,,,,House Blacktyde,,0,0,0,1,1,,,,,0,0,,0,0,0,0.016722408,1
359,360,0.595,Bertram Beesbury,Ser,1,,,,,,,House Beesbury,,0,0,1,0,0,,,,,0,1,,0,0,0,0.003344482,1
360,361,0.207,Bessa,,1,,,,,,,,,0,0,1,0,0,,,,,0,0,,0,0,0,0.006688963,1
361,362,0.307,Bessa (Winterfell),,0,Northmen,,,,,,,,1,0,0,0,0,,,,,0,0,,0,0,0,0.003344482,1
362,363,0.953,Bess Bracken,,0,,,,,,,House Bracken,,0,0,0,0,1,,,,,0,0,,0,0,0,0.030100334,1
363,364,0.015,Bethany (Blushing Bethany),,0,Braavosi,,,,,,,,0,0,0,1,0,,,,,0,0,,0,0,0,0.016722408,1
364,365,0.288,Bethany Fair-Fingers,,0,,,,,,,,,0,0,1,0,0,,,,,0,0,,0,0,0,0.006688963,1
365,366,0.337,Bharbo,Khal,0,Dothraki,,,,,,,,1,0,0,0,0,,,,,0,0,,2,1,0,0.003344482,1
366,367,0.017,Big Boil,,1,Free Folk,,,,,,,,0,0,1,1,0,,,,,0,0,,0,0,0,0.006688963,1
367,368,0.091,Blind Doss,,0,Free folk,,,,,,,,0,0,0,0,0,,,,,0,0,,0,0,0,0.0,1
368,369,0.187,Blane,,1,,,,,,,Night's Watch,,0,1,1,0,0,,,,,0,0,,0,0,0,0.02006689,1
369,370,0.013,Bodger,,0,Free Folk,,,,,,,,0,0,1,1,0,,,,,0,0,,0,0,0,0.006688963,1
370,371,0.291,Borcas,,1,,,,,,,Night's Watch,,1,0,0,0,0,,,,,0,0,,0,0,0,0.0,1
371,372,0.01,Bors,,1,,,,,,,House Martell,,0,0,0,1,0,,,,,0,0,,0,0,0,0.006688963,1
372,373,0.788,Borroq,,1,Free folk,,,,,,,,0,0,0,0,1,,,,,0,0,,0,0,0,0.026755853,1
373,374,0.01,Boy,,1,,284.0,,,,,,,0,0,1,1,0,,,,,0,0,21.0,0,0,0,0.010033445,1
374,375,0.01,Brandon Stark (Bad),King in the North,1,Northmen,,,,,,House Stark,,0,1,0,0,0,,,,,0,1,,0,0,0,0.016722408,1
375,376,0.915,Brandon Stark (Burner),,1,Northmen,,,,Brandon Stark,,,,1,1,0,0,0,,0.0,,,0,0,,0,0,0,0.033444816,1
376,377,0.723,Brandon Stark (the daughterless),Winterfell,1,Northmen,,,,,,House Stark,,0,1,0,0,0,,,,,0,1,,0,0,0,0.033444816,1
377,378,0.616,Brandon Stark (son of Cregan),Winterfell,1,Northmen,,,,,,House Stark,Alys Karstark,0,1,0,0,0,,,,1.0,1,1,,0,0,0,0.143812709,1
378,379,0.863,Brandon Stark (Shipwright),,1,Northmen,,,,,,,,1,1,0,0,0,,,,,0,0,,0,0,0,0.036789298,1
379,380,0.204,Brea,,0,Braavosi,,,,,,,,0,0,0,1,0,,,,,0,0,,0,0,0,0.023411371,1
380,381,0.017,Brella,,0,,,,,,,House Baratheon,,0,0,1,1,0,,,,,0,0,,0,0,0,0.016722408,1
381,382,0.134,Brenett,Maester,1,,,,,,,House Frey,,0,0,1,0,0,,,,,0,1,,0,0,0,0.003344482,1
382,383,0.717,Briar,,0,Free Folk,,,,,,,,0,0,0,0,1,,,,,0,0,,0,0,0,0.010033445,1
383,384,0.695,Brogg,,1,Free Folk,,,,,,,,0,0,0,0,1,,,,,0,0,,0,0,0,0.006688963,1
384,385,0.217,Brusco,,1,Braavosi,,,,,,,,0,0,0,1,1,,,,,0,0,,0,0,0,0.046822742,1
385,386,0.254,Brown Bernarr,,0,,,299.0,,,,Night's Watch,,0,1,1,0,0,,,,,0,0,,0,0,0,0.023411371,0
386,387,0.466,Bryan of Oldtown,,0,Reach,,,,,,,,0,0,0,0,0,,,,,0,0,,0,0,0,0.003344482,1
387,388,0.109,Bryen,,1,,220.0,,,,,House Baelish,,0,0,1,0,0,,,,,0,0,85.0,0,0,0,0.016722408,1
388,389,0.245,Buford Bulwer,Ser,1,,,,,,,House Bulwer,,0,0,0,0,0,,,,,0,1,,0,0,0,0.016722408,1
389,390,0.788,Bump,,1,Free folk,,,,,,,,0,0,0,0,1,,,,,0,0,,0,0,0,0.023411371,1
390,391,0.291,Buu,,0,,,,,,,,,1,0,0,0,0,,,,,0,0,,0,0,0,0.0,1
391,392,0.506,Byan Votyris,,1,Norvoshi,,,,,,,,1,0,0,0,0,,,,,0,0,,0,0,0,0.0,1
392,393,0.276,Byam Flint,Ser,1,,,299.0,,,,Night's Watch,,0,0,1,0,0,,,,,0,1,,0,0,0,0.02006689,0
393,394,0.298,Byren Flowers,Ser,1,,,,,,,,,0,0,0,0,0,,,,,0,1,,0,0,0,0.006688963,1
394,395,0.011,Byron,Ser,0,,,,,,,House Baelish,,0,0,0,1,1,,,,,0,1,,0,0,0,0.02006689,1
395,396,0.205,Cadwyl,,1,Ironborn,,,,,,House Greyjoy,,0,1,1,0,0,,,,,0,0,,0,0,0,0.010033445,1
396,397,0.304,Lord Cafferen,Lord,1,,,282.0,,,,House Cafferen,,0,0,1,0,0,,,,,0,1,,0,0,0,0.02006689,0
397,398,0.183,Calon,,0,Northmen,,,,,,House Stark,,0,1,0,0,0,,,,,0,0,,0,0,0,0.013377926,1
398,399,0.297,Cadwyn,Ser,0,,,,,,,House Lannister,,0,1,0,0,0,,,,,0,1,,0,0,0,0.0,1
399,400,0.017,Canker Jeyne,,0,Braavosi,,,,,,,,0,0,0,1,0,,,,,0,0,,0,0,0,0.010033445,1
400,401,0.026,Carellen Smallwood,,0,,,,,,,House Smallwood,,0,0,1,1,0,,,,,0,0,,0,0,0,0.036789298,1
401,402,0.02,Cass,,0,,,,,,,,,0,0,1,1,0,,,,,0,0,,0,0,0,0.016722408,1
402,403,0.01,Carrot,,0,,,,,,,House Royce of the Gates of the Moon,,0,0,0,1,0,,,,,0,0,,0,0,0,0.010033445,1
403,404,0.014,Castos,Archmaester,0,,,,,,,,,0,0,0,1,0,,,,,0,1,,0,0,0,0.006688963,1
404,405,0.011,Cedra,,0,,,,,,,House Martell,,0,0,0,1,0,,,,,0,0,,0,0,0,0.013377926,1
405,406,0.965,Catelyn Bracken,,0,,,,,,,House Bracken,,0,0,0,0,1,,,,,0,0,,0,0,0,0.030100334,1
406,407,0.006,Cedric Payne,Ser,1,,,298.0,,,,House Payne,,0,0,0,1,0,,,,,0,1,,0,0,0,0.013377926,0
407,408,0.205,Cedrik Storm,,0,,,,,,,House Buckler,,0,0,1,0,0,,,,,0,0,,0,0,0,0.003344482,1
408,409,0.042,Cerrick,Maester,1,Ironborn,,,,,,House Webber,,0,0,0,0,0,,,,,0,1,,0,0,0,0.006688963,1
409,410,0.003,Cetheres,Archmaester,0,,,,,,,,,0,0,0,1,0,,,,,0,1,,0,0,0,0.006688963,1
410,411,0.08,Catelyn Stark,Winterfell,0,Rivermen,264.0,299.0,,,,House Tully,Eddard Stark,0,0,0,0,0,,,,0.0,1,1,35.0,7,1,0,0.0,0
411,412,0.326,Cheyk,,0,,,,,,,Black Ears,,1,1,0,0,1,,,,,0,0,,0,0,0,0.013377926,1
412,413,0.426,Chiggen,,1,,,298.0,,,,,,1,0,0,0,0,,,,,0,0,,0,0,0,0.016722408,0
413,414,0.793,Clarence Crabb,Ser,1,,,,,,,House Crabb,,0,0,0,1,0,,,,,0,1,,0,0,0,0.026755853,1
414,415,0.787,Clarence Charlton,Ser,0,,,,,,,House Charlton,,0,0,0,0,0,,,,,0,1,,0,0,0,0.013377926,1
415,416,0.282,Clarence Crabb (Short),Ser,1,,,,,,,House Crabb,,0,0,0,1,0,,,,,0,1,,0,0,0,0.006688963,1
416,417,0.016,Clement,Brother,1,,251.0,,,,,,,0,0,0,1,0,,,,,0,1,54.0,0,0,0,0.013377926,1
417,418,0.556,Cleyton Caswell,Ser,0,,,,,,,House Caswell,,0,0,0,0,0,,,,,0,1,,0,0,0,0.003344482,1
418,419,0.35,Clifford Conklyn,Ser,1,,,,,,,House Conklyn,,0,0,0,0,0,,,,,0,1,,0,0,0,0.006688963,1
419,420,0.276,Colen of Greenpools,Ser,1,,,,,,,House Baratheon,,0,1,0,0,0,,,,,0,1,,0,0,0,0.016722408,1
420,421,0.07,Collio Quaynis,,1,Tyroshi,,,,,,,,0,0,1,0,0,,,,,0,0,,0,0,0,0.016722408,1
421,422,0.092,Conn,,1,Vale mountain clans,,298.0,,,,Stone Crows,,1,0,0,0,0,,,,,0,0,,0,0,0,0.013377926,0
422,423,0.205,Coratt,,1,Vale mountain clans,,,,,,Stone Crows,,1,0,0,0,0,,,,,0,0,,0,0,0,0.003344482,1
423,424,0.141,Cosgrove,Steward,0,,,,,,,House Butterwell,,0,0,0,0,0,,,,,0,1,,0,0,0,0.0,1
424,425,0.019,Cossomo,,1,Braavosi,,,,,,,,0,0,0,1,0,,,,,0,0,,0,0,0,0.013377926,1
425,426,0.007,Courtenay Greenhill,Ser,0,,,,,,,House Greenhill,,0,0,0,1,0,,,,,0,1,,0,0,0,0.0,1
426,427,0.907,Cregan Karstark,,1,Northmen,249.0,,,,,House Karstark,,0,0,0,0,1,,,,,0,0,56.0,0,0,0,0.066889632,1
427,428,0.807,Cutjack,,1,,,,,,,,,0,1,0,0,0,,,,,0,0,,0,0,0,0.033444816,1
428,429,0.463,Dacks,,1,,,,,,,House Redfort,,1,0,0,0,0,,,,,0,0,,0,0,0,0.0,1
429,430,0.951,Daella Targaryen (daughter of Jaehaerys I),Eyrie,0,Valyrian,54.0,82.0,,,,House Targaryen,Rodrik Arryn,0,0,0,0,0,,,,1.0,1,1,28.0,0,0,0,0.086956522,0
430,431,1.0,Daella Targaryen (daughter of Maekar I),Princess,1,Valyrian,199.0,,,,,House Targaryen,,0,0,0,0,0,,,,,0,1,100.0,0,0,0,0.080267559,0
431,432,0.995,Daenerys Targaryen (daughter of Aegon IV),Princess,0,,172.0,,,,,House Targaryen,Maron Martell,0,0,0,0,1,,,,1.0,1,1,100.0,10,1,0,0.093645485,0
432,433,0.963,Daeron I Targaryen,,1,,,,Daenaera Velaryon,Aegon III Targaryen,Baelor I Targaryen,,,0,0,0,0,0,1.0,0.0,0.0,,0,0,,7,1,1,0.518394649,0
433,434,1.0,Daena Targaryen,Princess,0,Valyrian,145.0,,,,,House Targaryen,Baelor I Targaryen,0,0,0,0,0,,,,0.0,1,1,100.0,7,1,0,0.227424749,0
434,435,0.093,Daeryssa,Princess,0,,,,,,,,,1,0,0,0,0,,,,,0,1,,0,0,0,0.006688963,1
435,436,0.74,Daeron Targaryen (son of Viserys I),Ser,1,,114.0,130.0,,,,House Targaryen,,0,0,0,0,0,,,,,0,1,16.0,0,0,0,0.227424749,0
436,437,0.002,Dagon Ironmaker,,1,Ironborn,,,,,,House Ironmaker,,0,0,0,1,0,,,,,0,0,,0,0,0,0.016722408,1
437,438,0.618,Daeron Targaryen (son of Maekar I),Prince of Dragonstone,1,,190.0,221.0,,,,House Targaryen,Kiera of Tyrosh,0,1,0,1,0,,,,1.0,1,1,31.0,0,0,0,0.130434783,0
438,439,0.93,Daeron II Targaryen,,1,,,,Naerys Targaryen,Aegon IV Targaryen,Baelor 'Breakspear' Targaryen,,,0,0,0,0,0,0.0,0.0,1.0,,0,0,,10,1,1,0.765886288,0
439,440,0.217,Dake,,1,,,,,,,House Osgrey,,0,0,0,0,0,,,,,0,0,,0,0,0,0.010033445,1
440,441,0.021,Dale Drumm,,0,,,,,,,House Drumm,,0,0,0,1,0,,,,,0,0,,0,0,0,0.010033445,1
441,442,0.145,Dalla (Dragonstone),,0,,,,,,,House Baratheon of Dragonstone,,0,1,0,0,0,,,,,0,0,,0,0,0,0.006688963,1
442,443,0.842,Damon Lannister (lord),Casterly Rock,1,Westerman,,210.0,,,,House Lannister,Cerissa Brax,0,0,0,0,0,,,,1.0,1,1,,0,0,0,0.0,0
443,444,0.015,Dan,,1,Free Folk,,,,,,,,0,0,1,1,0,,,,,0,0,,0,0,0,0.003344482,1
444,445,0.822,Damon Lannister (son of Jason),,1,,244.0,,,,,House Lannister,Ella Lannister,0,0,0,0,0,,,,1.0,1,0,61.0,0,0,0,0.060200669,1
445,446,0.27,Darla Deddings,Lady,0,,,,,,,House Deddings,,0,0,0,0,0,,,,,0,1,,0,0,0,0.010033445,1
446,447,0.204,Danos Slynt,,1,,,,,,,House Slynt,,0,0,1,0,0,,,,,0,0,,0,0,0,0.023411371,1
447,448,0.02,Daughter of the Dusk,,0,Braavosi,,,,,,,,0,0,0,1,0,,,,,0,0,,0,0,0,0.013377926,1
448,449,0.067,Del,,0,Free Folk,283.0,299.0,,,,,,0,0,1,1,0,,,,,0,0,16.0,0,0,0,0.013377926,0
449,450,0.014,Denestan,Maester,0,,,,,,,,,0,0,0,1,0,,,,,0,1,,0,0,0,0.010033445,1
450,451,0.017,Denyo Terys,,1,Braavosi,287.0,,,,,,,0,0,0,1,0,,,,,0,0,18.0,0,0,0,0.016722408,1
451,452,0.101,Dennis Plumm,Ser,1,,,,,,,House Plumm,,0,0,1,1,0,,,,,0,1,,0,0,0,0.026755853,1
452,453,0.003,Denys Drumm,,1,Ironborn,,,,,,House Drumm,,0,0,0,1,0,,,,,0,0,,0,0,0,0.016722408,1
453,454,0.045,Denys Redwyne,,1,,,,,,,House Redwyne,,0,0,0,1,0,,,,,0,0,,0,0,0,0.073578595,1
454,455,0.187,Denyse Hightower,,0,,,,,,,House Hightower,Desmond Redwyne,0,0,0,1,0,,,,1.0,1,0,,0,0,0,0.073578595,1
455,456,0.08,Dhazzar,Cupbearer,0,Ghiscari,,,,,,,,0,0,0,0,1,,,,,0,1,,0,0,0,0.013377926,1
456,457,0.807,Dick Follard,,1,,,299.0,,,,Night's Watch,,0,0,1,0,0,,,,,0,0,,0,0,0,0.030100334,0
457,458,0.024,Dickon Manwoody,,1,,,,,,,House Manwoody,,0,0,1,1,0,,,,,0,0,,0,0,0,0.026755853,1
458,459,0.817,Dobber,,1,,,299.0,,,,,,0,1,0,0,0,,,,,0,0,,0,0,0,0.026755853,0
459,460,0.004,Donnel Drumm,,1,Ironborn,,,,,,House Drumm,,0,0,0,1,0,,,,,0,0,,0,0,0,0.016722408,1
460,461,0.29,Donel Greyjoy,,1,Ironborn,,,,,,House Greyjoy,,0,0,0,1,0,,,,,0,0,,0,0,0,0.060200669,1
461,462,0.894,Donella Hornwood,Hornwood,0,Northmen,249.0,299.0,,,,House Manderly,Halys Hornwood,0,1,0,0,1,,,,0.0,1,1,50.0,0,0,0,0.096989967,0
462,463,0.187,Donnel Hill,,1,,,,,,,Night's Watch,,0,0,1,1,1,,,,,0,0,,0,0,0,0.043478261,1
463,464,0.231,Donnis,,0,Northmen,,,,,,House Stark,,1,0,0,0,0,,,,,0,0,,0,0,0,0.006688963,1
464,465,0.276,Donyse,Septa,0,,,,,,,,,0,0,1,0,0,,,,,0,0,,0,0,0,0.0,1
465,466,0.183,Dorcas,,0,,,,,,,House Lannister,,0,0,0,1,0,,,,,0,0,,0,0,0,0.02006689,1
466,467,0.254,Dornish Dilly,,0,,,299.0,,,,Night's Watch,,0,0,1,0,0,,,,,0,0,,0,0,0,0.003344482,0
467,468,0.281,Dorren Stark,,1,Northmen,,,,,,,,0,1,0,0,0,,,,,0,0,,0,0,0,0.013377926,1
468,469,0.054,Draqaz,Cupbearer,0,Ghiscari,,,,,,,,0,0,0,0,1,,,,,0,1,,0,0,0,0.016722408,1
469,470,0.231,Drennan,,1,Ironborn,,299.0,,,,House Greyjoy,,0,1,0,0,0,,,,,0,0,,0,0,0,0.013377926,0
470,471,0.217,Dudley,Ser,1,,,,,,,,,0,0,1,0,0,,,,,0,1,,0,0,0,0.0,1
471,472,0.025,Dryn,,1,Free Folk,,,,,,,,0,0,1,1,1,,,,,0,0,,0,0,0,0.016722408,1
472,473,0.276,Dunaver,Ser,0,,,,,,,House Lannister,,0,1,0,0,0,,,,,0,1,,0,0,0,0.006688963,1
473,474,0.847,Durran,,1,First Men,,,,,Durran the Devout,,,0,0,0,0,0,,,1.0,,0,0,,0,0,0,0.043478261,1
474,475,0.165,Dyah,,0,Free Folk,,,,,,,Craster,0,0,1,1,0,,,,0.0,1,0,,0,0,0,0.016722408,1
475,476,0.557,Dykk Harlaw,,1,,,299.0,,,,House Harlaw,,0,1,0,0,0,,,,,0,0,,0,0,0,0.010033445,0
476,477,0.298,Easy,,1,,,300.0,,,,Night's Watch,,0,0,1,0,0,,,,,0,0,,0,0,0,0.003344482,0
477,478,0.757,Duncan Targaryen,Prince of Dragonstone,1,,220.0,259.0,,,,House Targaryen,Jenny of Oldstones,0,0,1,1,1,,,,1.0,1,1,39.0,6,1,0,0.140468227,0
478,479,0.097,Edgerran Oakheart,Lord,1,,,,,,,House Oakheart,,0,0,0,1,0,,,,,0,1,,0,0,0,0.006688963,1
479,480,0.468,Eden Risley,Ser,1,,,,,,,House Risley,,0,0,0,0,0,,,,,0,1,,0,0,0,0.003344482,1
480,481,0.202,Edmund Ambrose,Ser,0,,,,,,,House Ambrose,,0,0,0,1,0,,,,,0,1,,0,0,0,0.023411371,1
481,482,0.276,Edwyn Osgrey,Ser,1,,,196.0,,,,House Osgrey,,0,0,0,0,0,,,,,0,1,,0,0,0,0.02006689,0
482,483,0.863,Eggon,,1,,,,,,,House Clegane,,0,1,0,0,0,,,,,0,0,,0,0,0,0.013377926,1
483,484,0.016,Eglantine,Septa,0,,,,,,,Faith of the Seven,,0,0,0,1,0,,,,,0,0,,0,0,0,0.006688963,1
484,485,0.467,Egon Emeros,,0,Qartheen,,,,,,Pureborn,,0,1,0,0,1,,,,,0,0,,0,0,0,0.013377926,1
485,486,0.039,Eldiss,,1,Ironborn,,,,,,,,0,1,0,0,0,,,,,0,0,,0,0,0,0.013377926,1
486,487,0.004,Eldred Codd,,1,Ironborn,,,,,,House Codd,,0,0,0,1,0,,,,,0,0,,0,0,0,0.016722408,1
487,488,0.915,Elaena Targaryen,Princess,0,Valyrian,150.0,220.0,,,,House Targaryen,Ossifer Plumm,0,0,0,0,0,,,,0.0,1,1,70.0,7,1,0,0.137123746,0
488,489,0.282,Elys Westerling,Ser,0,,,,,,,House Westerling,,0,0,1,0,0,,,,,0,1,,0,0,0,0.013377926,1
489,490,0.241,Elyas Willum,,1,,,,,,,House Willum,,0,1,0,0,0,,,,,0,0,,0,0,0,0.013377926,1
490,491,0.285,Elza,,0,Meereenese,,294.0,,,,House of Galare,,0,0,0,0,1,,,,,0,0,,0,0,0,0.010033445,0
491,492,0.012,Emma,,0,,260.0,,,,,,,0,0,0,1,0,,,,,0,0,45.0,0,0,0,0.016722408,1
492,493,0.21,Elys Waynwood,Ser,0,,,,,,,House Waynwood,Alys Arryn,0,0,0,1,0,,,,1.0,1,1,,0,0,0,0.070234114,1
493,494,0.204,Emrick,,1,,,,,,,Night's Watch,,0,0,1,1,1,,,,,0,0,,0,0,0,0.043478261,1
494,495,0.227,Endehar,,0,,,,,,,,,0,1,0,0,0,,,,,0,0,,0,0,0,0.0,1
495,496,0.007,Emphyria Vance,,0,,,,,,,House Vance of Wayfarer's Rest,,0,0,0,1,0,,,,,0,0,,0,0,0,0.016722408,1
496,497,0.8,Enger,,0,,,,,,,House Tully,,0,1,0,0,0,,,,,0,0,,0,0,0,0.0,1
497,498,0.049,Erik Ironmaker,Lord Steward of the Iron Islands,1,Ironborn,211.0,,,,,House Ironmaker,Asha Greyjoy,0,0,0,1,1,,,,1.0,1,1,94.0,0,0,0,0.050167224,1
498,499,0.241,Erreck,Maester,1,,,,,,,,,0,0,1,0,0,,,,,0,1,,0,0,0,0.003344482,1
499,500,0.226,Erreg,King,0,Andal,,,,,,,,0,0,1,0,0,,,,,0,1,,0,0,0,0.016722408,1
500,501,0.017,Errok,,1,Free Folk,,,,,,,,0,0,1,1,0,,,,,0,0,,0,0,0,0.006688963,1
501,502,0.077,Erryk (guard),,0,,,,,,,House Tyrell,,0,0,0,0,0,,,,,0,0,,0,0,0,0.0,1
502,503,0.187,Esgred,,1,,,,,,,,,0,1,0,0,0,,,,,0,0,,0,0,0,0.0,1
503,504,0.015,Eustace (Braavos),Septon,0,,,,,,,Faith of the Seven,,0,0,0,1,0,,,,,0,0,,0,0,0,0.010033445,1
504,505,0.784,Eustace (Dance of the Dragons),Septon,1,,,,,,,Faith of the Seven,,0,0,0,0,0,,,,,0,0,,0,0,0,0.036789298,1
505,506,0.013,Ezzara,Blue Grace,0,Ghiscari,,,,,,,,0,0,0,0,1,,,,,0,1,,0,0,0,0.006688963,1
506,507,0.942,Euron Greyjoy,,1,Ironborn,,,Lady of House Sunderly,Quellon Greyjoy,,,,0,0,0,0,0,1.0,0.0,,,0,0,,4,1,1,0.739130435,1
507,508,0.012,Ezzelyno,Red Priest,0,Braavosi,,,,,,R'hllor,,0,0,0,1,0,,,,,0,1,,0,0,0,0.013377926,1
508,509,0.24,Fern,,0,,,,,,,,,0,0,1,0,0,,,,,0,0,,0,0,0,0.006688963,1
509,510,0.009,Ferny,,0,Free Folk,,,,,,,Craster,0,0,1,1,0,,,,0.0,1,0,,0,0,0,0.016722408,1
510,511,0.196,Ferret,,0,,,,,,,,,0,0,0,0,0,,,,,0,0,,0,0,0,0.003344482,1
511,512,0.457,Fogo,Khalakka,1,Dothraki,,298.0,,,,,,1,0,0,0,0,,,,,0,1,,0,0,0,0.02006689,0
512,513,0.207,Fornio,,1,,,,,,,Night's Watch,,0,0,1,0,0,,,,,0,0,,0,0,0,0.010033445,1
513,514,0.001,Fralegg,,1,Ironborn,,,,,,,,0,0,0,1,0,,,,,0,0,,0,0,0,0.006688963,1
514,515,0.787,Frenya,,1,Free Folk,,300.0,,,,,,0,0,0,0,1,,,,,0,0,,0,0,0,0.043478261,0
515,516,0.012,Frynne,,0,,,,,,,,,0,0,0,1,0,,,,,0,0,,0,0,0,0.0,1
516,517,0.801,Gage,,0,,,,,,,House Stark,,1,1,1,0,0,,,,,0,0,,0,0,0,0.033444816,1
517,518,0.207,Galladon of Morne,Ser,1,,,,,,,,,0,0,0,0,0,,,,,0,1,,0,0,0,0.0,1
518,519,0.003,Gallard,Archmaester,0,,,,,,,,,0,0,0,1,0,,,,,0,1,,0,0,0,0.010033445,1
519,520,0.01,Galt,,0,Vale mountain clans,,,,,,Stone Crows,,0,1,0,1,0,,,,,0,0,,0,0,0,0.003344482,1
520,521,0.283,Galtry the Green,Ser,1,,,,,,,,,0,0,0,0,0,,,,,0,1,,0,0,0,0.013377926,1
521,522,0.276,Galyeon of Cuy,,1,,,,,,,,,0,0,1,0,0,,,,,0,0,,0,0,0,0.006688963,1
522,523,0.281,Gareth the Grey,Ser,1,,,,,,,,,0,0,0,0,0,,,,,0,1,,0,0,0,0.003344482,1
523,524,0.204,Garigus,Wisdom,1,,,,,,,Alchemists' Guild,,0,0,1,0,0,,,,,0,1,,0,0,0,0.02006689,1
524,525,0.002,Garizon,Archmaester,0,,,,,,,,,0,0,0,1,0,,,,,0,1,,0,0,0,0.006688963,1
525,526,0.198,Gariss,,1,,,,,,,House Stark,,0,1,0,0,0,,,,,0,0,,0,0,0,0.0,1
526,527,0.011,Garrett Paege,,1,,,,,,,House Paege,,0,0,0,1,1,,,,,0,0,,0,0,0,0.013377926,1
527,528,0.204,Garth XII Gardener,,0,,,,,,,,,0,0,0,0,0,,,,,0,0,,0,0,0,0.013377926,1
528,529,0.626,Garth of Oldtown,,0,,,299.0,,,,Night's Watch,,0,0,1,0,0,,,,,0,0,,0,0,0,0.02006689,0
529,530,0.007,Gascoyne,Ser,0,,,,,,,House Martell,,0,0,0,1,1,,,,,0,1,,0,0,0,0.013377926,1
530,531,0.717,Gavin,,0,Free Folk,,,,,,,,0,0,0,0,1,,,,,0,0,,0,0,0,0.006688963,1
531,532,0.697,Gelmarr,,1,,,299.0,,,,House Greyjoy,,0,1,0,0,1,,,,,0,0,,0,0,0,0.026755853,0
532,533,0.288,Gerren,,0,,,,,,,,,0,1,0,0,0,,,,,0,0,,0,0,0,0.016722408,1
533,534,0.992,Gerold Lannister,Casterly Rock,1,Westerman,,244.0,,,,House Lannister,Alysanne Farman,0,0,0,0,0,,,,1.0,1,1,,0,0,0,0.086956522,0
534,535,0.993,Ghael,Lord,1,Astapori,,,,,,,,0,0,1,0,1,,,,,0,1,,0,0,0,0.023411371,1
535,536,0.016,Gillam,Brother,1,,,,,,,,,0,0,0,1,0,,,,,0,1,,0,0,0,0.010033445,1
536,537,0.341,Gladden Wylde,Ser,1,,,298.0,,,,House Wylde,,1,0,0,0,0,,,,,0,1,,0,0,0,0.016722408,0
537,538,0.999,Glendon Flowers,Ser,1,,196.0,,,,,,,0,0,0,0,0,,,,,0,1,100.0,0,0,0,0.080267559,0
538,539,0.01,Goady,,0,,,,,,,Night's Watch,,0,0,1,1,1,,,,,0,0,,0,0,0,0.016722408,1
539,540,0.29,Godwyn,,1,,,,,,,House Lannister,,1,0,0,0,0,,,,,0,0,,0,0,0,0.0,1
540,541,0.002,Gormond Drumm,,1,Ironborn,,,,,,House Drumm,,0,0,0,1,0,,,,,0,0,,0,0,0,0.006688963,1
541,542,0.514,Gowen Baratheon,,1,,,,,,,House Baratheon,Tya Lannister,1,0,0,0,0,,,,1.0,1,0,,0,0,0,0.016722408,1
542,543,0.566,Grance Morrigen,Ser,1,,,,,,,House Morrigen,,0,0,0,0,0,,,,,0,1,,0,0,0,0.010033445,1
543,544,0.482,Grazdan,Good Master,1,Astapori,,299.0,,,,,,0,0,1,0,0,,,,,0,1,,0,0,0,0.013377926,0
544,545,0.996,Grazdan zo Galare,,1,Meereenese,,,,,,House of Galare,,0,0,0,0,1,,,,,0,0,,0,0,0,0.02006689,1
545,546,0.281,Green Gergen,,1,,,,,,,,,0,0,0,0,0,,,,,0,0,,0,0,0,0.0,1
546,547,0.3,Great Walrus,,1,Free Folk,,,,,,,,0,0,0,0,1,,,,,0,0,,0,0,0,0.013377926,1
547,548,0.012,Gretchel,,1,,,,,,,House Arryn,,0,0,0,1,1,,,,,0,0,,0,0,0,0.016722408,1
548,549,0.414,Grey King,,1,Ironborn,,,,,,,,0,0,0,0,0,,,,,0,0,,0,0,0,0.076923077,1
549,550,0.078,Griffin King,,1,First Men,,,,,,,,0,0,0,0,0,,,,,0,0,,0,0,0,0.02006689,1
550,551,0.152,Grigg,,0,Free Folk,,,,,,,,0,0,1,1,0,,,,,0,0,,0,0,0,0.006688963,1
551,552,0.059,Grisel,,0,,,,,,,House Baelish,,0,0,1,0,0,,,,,0,0,,0,0,0,0.003344482,1
552,553,0.707,Grisella,,0,Free Folk,,,,,,,,0,0,0,0,1,,,,,0,0,,0,0,0,0.010033445,1
553,554,0.006,Gulian,Maester,0,,,,,,,,,0,0,0,1,0,,,,,0,1,,0,0,0,0.003344482,1
554,555,0.02,Gulian Qorgyle,Ser,1,,,,,,,House Qorgyle,,0,0,0,1,0,,,,,0,1,,0,0,0,0.013377926,1
555,556,0.063,Gurn,,0,Vale mountain clans,,,,,,Stone Crows,,1,0,0,0,0,,,,,0,0,,0,0,0,0.003344482,1
556,557,0.002,Guyne,Archmaester,0,,,,,,,,,0,0,0,1,0,,,,,0,1,,0,0,0,0.006688963,1
557,558,0.168,Gwayne Corbray,Ser,1,,,,,,,House Corbray,,0,0,0,1,0,,,,,0,1,,0,0,0,0.043478261,1
558,559,0.838,Gwayne Gaunt,Ser,0,,,,,,,House Gaunt,,0,0,1,0,0,,,,,0,1,,0,0,0,0.036789298,1
559,560,0.041,Gwin Goodbrother,,0,Ironborn,,,,,,House Goodbrother,,0,0,0,1,0,,,,,0,0,,0,0,0,0.026755853,1
560,561,0.012,Gyles,Ser,0,,,,,,,Kingsguard,,0,0,0,1,0,,,,,0,1,,0,0,0,0.003344482,1
561,562,0.019,Gyleno Dothare,,1,Braavosi,,,,,,,,0,0,0,1,0,,,,,0,0,,0,0,0,0.013377926,1
562,563,0.003,Gyles Farwynd,,1,Ironborn,,,,,,House Farwynd of the Lonely Light,,0,0,0,1,0,,,,,0,0,,0,0,0,0.010033445,1
563,564,0.362,Gwynesse Harlaw,,0,Ironborn,,,,,,House Harlaw,,0,0,0,1,0,,,,,0,0,,0,0,0,0.056856187,1
564,565,0.054,Gyles Grafton,,1,,,,,,,House Grafton,,0,0,0,1,0,,,,,0,0,,0,0,0,0.016722408,1
565,566,0.021,Gyloro Dothare,,1,Braavosi,,,,,,,,0,0,0,1,0,,,,,0,0,,0,0,0,0.013377926,1
566,567,0.298,Gyles III Gardener,,1,,,,,,,,,0,0,0,0,0,,,,,0,0,,0,0,0,0.02006689,1
567,568,0.697,Gynir,,1,,,299.0,,,,House Greyjoy,,0,1,0,0,1,,,,,0,0,,0,0,0,0.026755853,0
568,569,0.772,Haggon,,1,Free Folk,,,,,,,,0,0,0,0,1,,,,,0,0,,0,0,0,0.02006689,1
569,570,0.003,Gysella Goodbrother,,0,Ironborn,,,,,,House Goodbrother,,0,0,0,1,0,,,,,0,0,,0,0,0,0.026755853,1
570,571,0.334,Hali,,0,Free Folk,,298.0,,,,,,1,0,0,0,0,,,,,0,0,,0,0,0,0.02006689,0
571,572,0.733,Haldon,,1,,,,,,,House Targaryen,,0,0,0,0,1,,,,,0,0,,0,0,0,0.127090301,1
572,573,0.295,Harbert Paege,Ser,0,,,,,,,House Paege,,0,0,0,0,0,,,,,0,1,,0,0,0,0.013377926,1
573,574,0.012,Hamish the Harper,,0,,,300.0,,,,,,0,0,1,1,1,,,,,0,0,,0,0,0,0.02006689,0
574,575,0.699,Halys Hornwood,Hornwood,1,Northmen,,298.0,,,,House Hornwood,Donella Manderly,1,1,0,1,0,,,,1.0,1,1,,0,0,0,0.107023411,0
575,576,0.018,Harghaz,,1,Ghiscari,,300.0,,,,,,0,0,0,0,1,,,,,0,0,,0,0,0,0.023411371,0
576,577,0.807,Hareth (Mole's Town),,1,,,,,,,Night's Watch,,0,0,0,0,0,,,,,0,0,,0,0,0,0.050167224,1
577,578,0.402,Harlan Grandison,Ser,1,,,281.0,,,,House Grandison,,0,0,1,0,0,,,,,0,1,,0,0,0,0.016722408,0
578,579,0.697,Harle the Handsome,,1,Free Folk,,,,,,,,0,0,0,0,1,,,,,0,0,,0,0,0,0.013377926,1
579,580,0.239,Harle the Huntsman,,1,Free Folk,,,,,,,,0,0,0,0,1,,,,,0,0,,0,0,0,0.016722408,1
580,581,0.136,Harlon Botley,,1,Ironborn,,,,,,House Botley,,0,0,0,1,0,,,,,0,0,,0,0,0,0.046822742,1
581,582,0.06,Harmund Sharp,,1,Ironborn,,,,,,House Sharp,,0,0,0,1,0,,,,,0,0,,0,0,0,0.010033445,1
582,583,0.296,Harlon Greyjoy,,1,Ironborn,,,,,,House Greyjoy,,0,0,0,1,0,,,,,0,0,,0,0,0,0.063545151,1
583,584,0.002,Harodon,Archmaester,0,,,,,,,,,0,0,0,1,0,,,,,0,1,,0,0,0,0.006688963,1
584,585,0.196,Harra,,0,,,299.0,,,,House Whent,,0,1,0,0,0,,,,,0,0,,0,0,0,0.016722408,0
585,586,0.065,Harrag Sharp,,0,Ironborn,,299.0,,,,House Sharp,,0,1,0,0,0,,,,,0,0,,0,0,0,0.016722408,0
586,587,0.597,Harrag Hoare,,1,Ironborn,,,,,,,,0,0,0,0,0,,,,,0,0,,0,0,0,0.026755853,1
587,588,0.002,Harren Half-Hoare,,1,Ironborn,,,,,,,,0,0,0,1,1,,,,,0,0,,0,0,0,0.016722408,1
588,589,0.031,Harren Botley,,0,Ironborn,,299.0,,,,House Botley,,0,0,0,1,0,,,,,0,0,,0,0,0,0.060200669,0
589,590,0.807,Harrold Osgrey,Ser,1,,,,,,,House Osgrey,,0,0,0,0,0,,,,,0,1,,0,0,0,0.023411371,1
590,591,0.032,Harry Sawyer,Ser,0,,,,,,,House Sawyer,,0,0,0,1,0,,,,,0,1,,0,0,0,0.016722408,1
591,592,0.187,Harsley,,1,,,299.0,,,,,,0,0,1,0,1,,,,,0,0,,0,0,0,0.003344482,0
592,593,0.848,Harwyn Hoare,,1,,,,,Qhorwyn Hoare,Halleck Hoare,,,0,0,0,0,0,,1.0,1.0,,0,0,,0,0,0,0.100334448,1
593,594,0.259,Hayhead,,1,Northmen,,,,,,House Stark,,0,1,0,0,0,,,,,0,0,,0,0,0,0.016722408,1
594,595,0.095,Hazrak zo Loraq,,1,Ghiscari,,,,,,House of Loraq,,0,0,0,0,1,,,,,0,0,,0,0,0,0.010033445,1
595,596,0.27,Harwyn Plumm,Ser,1,,,,,,,House Plumm,,0,0,1,1,0,,,,,0,1,,0,0,0,0.046822742,1
596,597,0.978,Helicent Uffering,,0,,171.0,,,,,House Uffering,,0,0,0,0,0,,,,,0,0,100.0,0,0,0,0.023411371,0
597,598,0.009,Helliweg,Maester,0,,,,,,,,,0,0,0,1,0,,,,,0,1,,0,0,0,0.010033445,1
598,599,0.015,Helly,,0,,,,,,,,,0,0,1,1,0,,,,,0,0,,0,0,0,0.013377926,1
599,600,0.073,Helya,,0,,,,,,,House Greyjoy,,0,1,1,1,0,,,,,0,0,,0,0,0,0.016722408,1
600,601,0.227,Henk,,1,Free Folk,,,,,,,,0,0,1,1,0,,,,,0,0,,0,0,0,0.006688963,1
601,602,0.115,Henly (House Ashford),,0,,,,,,,House Ashford,,0,0,0,0,0,,,,,0,0,,0,0,0,0.006688963,1
602,603,0.024,Herbert Bolling,Ser,0,,,,,,,House Bolling,,0,0,0,1,0,,,,,0,1,,0,0,0,0.010033445,1
603,604,0.738,Hendry Bracken,,0,,,299.0,,,,House Bracken,,0,1,0,0,0,,,,,0,0,,0,0,0,0.040133779,0
604,605,0.768,Heward,,0,northmen,,298.0,,,,House Stark,,1,0,0,0,0,,,,,0,0,,0,0,0,0.02006689,0
605,606,0.012,Hibald,,1,,,,,,,,,0,0,0,1,0,,,,,0,0,,0,0,0,0.013377926,1
606,607,0.003,Hilmar Drumm,,1,Ironborn,,,,,,House Drumm,,0,0,0,1,0,,,,,0,0,,0,0,0,0.006688963,1
607,608,0.298,Hod,,1,,,,,,,,,0,1,0,0,0,,,,,0,0,,0,0,0,0.003344482,1
608,609,0.012,Hoke,,0,,,,,,,House Lannister,,0,0,0,1,0,,,,,0,0,,0,0,0,0.010033445,1
609,610,0.163,Holger,,0,Vale mountain clans,,,,,,Stone Crows,,0,1,0,0,0,,,,,0,0,,0,0,0,0.003344482,1
610,611,0.291,Hop-Robin,,1,,,,,,,Night's Watch,,0,0,1,1,1,,,,,0,0,,0,0,0,0.033444816,1
611,612,0.049,Hugh Beesbury,Ser,0,,,,,,,House Beesbury,,0,0,0,1,0,,,,,0,1,,0,0,0,0.013377926,1
612,613,0.262,Humfrey Clifton,Ser,1,,,,,,,House Clifton,,0,0,0,0,1,,,,,0,1,,0,0,0,0.013377926,1
613,614,0.127,Hunnimore,Maester,0,,,,,,,,,0,0,0,0,0,,,,,0,1,,0,0,0,0.0,1
614,615,0.341,Husband,,1,,,,,,,,Sharna,0,0,1,1,0,,,,1.0,1,0,,0,0,0,0.043478261,1
615,616,0.24,Illifer,Ser,1,,240.0,,,,,,,0,0,0,1,0,,,,,0,1,65.0,0,0,0,0.040133779,1
616,617,0.187,Ironbelly,,1,,,,,,,,,0,1,1,0,0,,,,,0,0,,0,0,0,0.010033445,1
617,618,0.966,Jaehaerys Targaryen (son of Aegon II),Prince,1,,123.0,129.0,,,,House Targaryen,,0,0,0,0,0,,,,,0,1,6.0,0,0,0,0.18729097,0
618,619,0.977,Jaehaera Targaryen,PrincessQueen,0,Valyrian,123.0,133.0,,,,House Targaryen,Aegon III Targaryen,0,0,0,0,0,,,,0.0,1,1,10.0,0,0,0,0.280936455,0
619,620,0.178,Jaggot,,0,Vale mountain clans,,,,,,Stone Crows,,1,0,0,0,0,,,,,0,0,,0,0,0,0.0,1
620,621,0.793,Jaehaerys II Targaryen,,1,,,,Betha Blackwood,Aegon V Targaryen,Aerys II Targaryen,,,0,0,0,0,0,1.0,0.0,0.0,,0,0,,0,0,1,0.494983278,0
621,622,0.271,Jaime Frey,,1,,299.0,,,,,House Frey,,0,0,0,1,0,,,,,0,0,6.0,0,0,0,0.127090301,1
622,623,0.991,Jaehaerys I Targaryen,,1,,,,Alyssa Velaryon,Aenys I Targaryen,Aemon Targaryen,,,0,0,0,0,0,1.0,0.0,1.0,,0,0,,5,1,1,0.658862876,0
623,624,0.017,Jate,,0,,,300.0,,,,,,0,0,0,1,0,,,,,0,0,,0,0,0,0.0,0
624,625,0.255,Jate Blackberry,,1,,,,,,,House Blackberry,,0,0,1,0,0,,,,,0,0,,0,0,0,0.010033445,1
625,626,0.206,Jasper Waynwood,,1,,,,,,,House Waynwood,,0,0,0,1,0,,,,,0,0,,0,0,0,0.056856187,1
626,627,0.533,Jayde,,0,,,,,,,Chataya's brothel,,0,0,1,0,0,,,,,0,0,,0,0,0,0.02006689,1
627,628,0.016,Jeffory Norcross,Ser,1,,,,,,,House Norcross,,0,0,0,1,0,,,,,0,1,,0,0,0,0.006688963,1
628,629,0.163,Jeffory Mallister,,1,,,,,,,House Mallister,,0,1,0,0,0,,,,,0,0,,0,0,0,0.02006689,1
629,630,0.278,Jayne Bracken,,0,,,,,,,House Bracken,,0,0,0,0,1,,,,,0,0,,0,0,0,0.030100334,1
630,631,0.24,Squinty Jeyne,,0,,,,,,,House Osgrey,,0,0,0,0,0,,,,,0,0,,0,0,0,0.006688963,1
631,632,0.039,Jeyne Fossoway,,0,,,,,,,House Fossoway of New Barrel,Gunthor Hightower,0,0,0,1,0,,,,1.0,1,0,,0,0,0,0.053511706,1
632,633,0.297,Jeyne Heddle,,0,,281.0,,,,,Brotherhood Without Banners,,0,0,0,1,0,,,,,0,0,24.0,0,0,0,0.033444816,1
633,634,0.275,Jeyne Swann,,0,,,,,,,House Swann,,0,0,1,0,0,,,,,0,0,,0,0,0,0.016722408,1
634,635,0.787,Jeyne Westerling (wife of Maegor I),QueenBlack Bride,0,,27.0,47.0,,,,House Westerling,Alyn Tarbeck,0,0,1,0,0,,,,1.0,1,1,20.0,0,0,0,0.110367893,0
635,636,0.998,Jeyne Waters,,1,Westeros,171.0,,,,,,,0,0,0,0,0,,,,,0,0,100.0,0,0,0,0.073578595,0
636,637,0.615,Jeyne Westerling,Winterfell,0,Westermen,283.0,,,,,House Westerling,Robb Stark,0,0,1,1,0,,,,0.0,1,1,22.0,0,0,1,0.424749164,1
637,638,0.007,Jocelyn Swyft,,0,,,,,,,House Swyft,,0,0,0,1,1,,,,,0,0,,0,0,0,0.016722408,1
638,639,0.308,Jodge,,1,,,,,,,House Lannister,,0,1,0,0,0,,,,,0,0,,0,0,0,0.003344482,1
639,640,0.121,Joanna Swyft,,0,,,,,,,House Swyft,,0,0,1,1,0,,,,,0,0,,0,0,0,0.023411371,1
640,641,0.946,Joanna Lannister,Casterly Rock,0,Westerman,245.0,273.0,,,,House Lannister,Tywin Lannister,1,1,1,1,1,,,,0.0,1,1,28.0,5,1,0,0.230769231,0
641,642,0.152,Johanna Swann,,0,,,,,,,House Swann,,0,0,0,0,0,,,,,0,0,,0,0,0,0.02006689,1
642,643,0.013,Jommo,Khal,1,Dothraki,,,,,,,,1,0,0,1,0,,,,,0,0,,0,0,0,0.010033445,1
643,644,0.102,Jommy,,1,,,,,,,House Baratheon,,0,1,0,0,0,,,,,0,0,,0,0,0,0.003344482,1
644,645,0.456,Jon Cupps,Ser,1,,,,,,,House Cupps,Leyla Hightower,0,0,0,1,0,,,,1.0,1,1,,0,0,0,0.050167224,1
645,646,0.107,Jon Heddle,Ser,1,,,,,,,House Heddle,,0,0,0,1,0,,,,,0,1,,0,0,0,0.006688963,1
646,647,0.313,Jon Hollard,Ser,1,,,,,,,House Hollard,,0,0,0,1,0,,,,,0,1,,0,0,0,0.026755853,1
647,648,0.007,Jon Penny,,0,,,,,,,House Penny,,0,0,0,1,0,,,,,0,0,,0,0,0,0.006688963,1
648,649,0.47,Jon Penrose,Ser,1,,,,,,,House Penrose,,0,0,0,0,0,,,,,0,1,,0,0,0,0.016722408,1
649,650,0.018,Jon Pox,,1,,,,,,,,,0,0,0,1,0,,,,,0,0,,0,0,0,0.016722408,1
650,651,0.159,Jon Vance,Maester,1,,,,,,,,,0,0,0,1,0,,,,,0,1,,0,0,0,0.023411371,1
651,652,0.153,Jon Umber (Smalljon),,1,Northmen,,299.0,,,,House Umber,,1,1,1,1,1,,,,,0,0,,0,0,0,0.070234114,0
652,653,0.376,Jon Umber (Greatjon),Last Hearth,1,Northmen,,,,,,House Umber,,1,1,1,1,1,,,,,0,1,,0,0,0,0.183946488,1
653,654,0.984,Jon Waters,Ser,1,,171.0,,,,,,,0,0,0,1,0,,,,,0,1,100.0,0,0,0,0.076923077,0
654,655,0.009,Jorquen,Septon,1,,,,,,,Night's Watch,,0,0,0,1,0,,,,,0,0,,0,0,0,0.003344482,1
655,656,0.187,Jorgen,,1,,,,,,,House Webber,,0,0,0,0,0,,,,,0,0,,0,0,0,0.0,1
656,657,0.01,Joseran,Maester,0,,,,,,,,,0,0,0,1,0,,,,,0,1,,0,0,0,0.003344482,1
657,658,0.878,Joseth,,1,,,,,,,House Stark,,1,1,0,0,0,,,,,0,0,,0,0,0,0.030100334,1
658,659,0.1,Joseth Mallister,Ser,0,,,,,,,House Mallister,,0,0,0,0,0,,,,,0,1,,0,0,0,0.013377926,1
659,660,0.426,Joss,,1,,,,,,,,,1,0,0,0,0,,,,,0,0,,0,0,0,0.003344482,1
660,661,0.015,Joss the Gloom,,0,Braavosi,,,,,,,,0,0,0,1,0,,,,,0,0,,0,0,0,0.010033445,1
661,662,0.24,Joth Quickbow,,0,,,,,,,,,0,0,1,0,0,,,,,0,0,,0,0,0,0.0,1
662,663,0.217,Josua Willum,,1,,,,,,,House Willum,,0,1,0,0,0,,,,,0,0,,0,0,0,0.013377926,1
663,664,0.011,Jurne,Maester,0,,,,,,,,,0,1,1,1,0,,,,,0,1,,0,0,0,0.013377926,1
664,665,0.072,Jothos Slynt,,1,,,,,,,House Slynt,,0,0,1,0,0,,,,,0,0,,0,0,0,0.023411371,1
665,666,0.88,Jyck,,1,,,298.0,,,,House Lannister,,1,0,0,0,0,,,,,0,0,,0,0,0,0.030100334,0
666,667,0.017,Jyzene,,0,,,,,,,,,0,0,1,1,0,,,,,0,0,,0,0,0,0.013377926,1
667,668,0.017,Kegs,,1,,,,,,,Night's Watch,,0,0,1,1,1,,,,,0,0,,0,0,0,0.016722408,1
668,669,0.053,Kella,,0,,,,,,,House Baelish,,0,0,1,0,0,,,,,0,0,,0,0,0,0.003344482,1
669,670,0.003,Kemmett Pyke,,0,Ironborn,,,,,,,,0,0,0,1,1,,,,,0,0,,0,0,0,0.010033445,1
670,671,0.025,Kenned,,0,Ironborn,,299.0,,,,,,0,1,0,0,0,,,,,0,0,,0,0,0,0.006688963,0
671,672,0.263,Ketter,,0,,,,,,,Night's Watch,,1,0,0,0,0,,,,,0,0,,0,0,0,0.0,1
672,673,0.187,Kirby Pimm,Ser,1,,,,,,,,,0,0,0,0,0,,,,,0,1,,0,0,0,0.0,1
673,674,0.005,Kojja Mo,,0,Summer Isles,,,,,,,,0,0,0,1,0,,,,,0,0,,0,0,0,0.016722408,1
674,675,0.233,Kirth Vance,,1,,,,,,,House Vance of Atranta,,0,0,1,1,0,,,,,0,0,,0,0,0,0.026755853,1
675,676,0.807,Koss,,1,,,299.0,,,,,,0,1,0,0,0,,,,,0,0,,0,0,0,0.036789298,0
676,677,0.486,Kromm,,0,ironborn,,299.0,,,,House Greyjoy,,0,1,0,0,0,,,,,0,0,,0,0,0,0.006688963,0
677,678,0.788,Kurz,,1,,,299.0,,,,,,0,1,0,0,0,,,,,0,0,,0,0,0,0.036789298,0
678,679,0.801,Kyle,Ser,1,,,,,,,,,0,0,0,0,0,,,,,0,1,,0,0,0,0.026755853,1
679,680,0.043,Kyle (brotherhood),,0,,,299.0,,,,Brotherhood without banners,,0,0,0,0,0,,,,,0,0,,0,0,0,0.0,0
680,681,0.501,Kyle Royce,,1,,,,,,,House Royce,,0,1,0,0,0,,,,,0,0,,0,0,0,0.02006689,1
681,682,0.682,Kyleg,,0,Free Folk,,,,,,,,0,0,0,0,1,,,,,0,0,,0,0,0,0.010033445,1
682,683,0.191,Kym,Maester,0,,,,,,,,,0,1,0,0,0,,,,,0,1,,0,0,0,0.0,1
683,684,0.153,Lamprey,,1,,,,,,,House Baratheon of Dragonstone,,0,0,1,0,0,,,,,0,0,,0,0,0,0.010033445,1
684,685,0.191,Lancel V Lannister,,0,,,,,,,,,0,0,0,0,0,,,,,0,0,,0,0,0,0.02006689,1
685,686,0.184,Lanna,,0,,285.0,,,,,,,0,0,1,1,0,,,,,0,0,20.0,0,0,0,0.02006689,1
686,687,0.029,Lanna (Happy Port),,0,Braavosi,286.0,,,,,Happy Port,,0,0,0,1,0,,,,,0,0,19.0,0,0,0,0.026755853,1
687,688,0.036,Larraq,,1,Ghiscari,,,,,,,,0,0,0,0,1,,,,,0,0,,0,0,0,0.02006689,1
688,689,0.288,Layna,,0,,279.0,,,,,,,0,1,0,0,0,,,,,0,0,26.0,0,0,0,0.023411371,1
689,690,0.176,Lem,,1,,,,,,,Brotherhood without banners,,0,0,1,1,0,,,,,0,0,,0,0,0,0.08361204,1
690,691,0.203,Leana Frey,,0,,299.0,,,,,House Frey,,0,0,0,1,0,,,,,0,0,6.0,0,0,0,0.073578595,1
691,692,0.298,Lennocks,,1,,,,,,,,,0,0,1,0,0,,,,,0,0,,0,0,0,0.003344482,1
692,693,0.981,Lem (Standfast),,0,,161.0,,,,,House Osgrey,,0,0,0,0,0,,,,,0,0,100.0,0,0,0,0.013377926,0
693,694,0.117,Lenn,,0,Free Folk,,,,,,,,0,0,1,1,0,,,,,0,0,,0,0,0,0.006688963,1
694,695,0.025,Lenyl,,1,Free Folk,,,,,,,,0,0,1,1,1,,,,,0,0,,0,0,0,0.010033445,1
695,696,0.002,Lenwood Tawney,,1,Ironborn,,,,,,House Tawney,,0,0,0,1,0,,,,,0,0,,0,0,0,0.010033445,1
696,697,0.48,Leo Tyrell (Longthorn),Lord Paramount of the Mander,1,Reach,,,,,,House Tyrell,,0,0,1,0,0,,,,,0,1,,0,0,0,0.053511706,1
697,698,0.071,Leona Tyrell,,0,,,,,,,House Tyrell,,0,0,1,1,0,,,,,0,0,,0,0,0,0.123745819,1
698,699,0.077,Leo Tyrell (son of Victor),Ser,1,,,,,,,House Tyrell,Alys Beesbury,0,0,1,1,0,,,,1.0,1,1,,0,0,0,0.130434783,1
699,700,0.016,Lester,,0,,,,,,,House Lannister,,0,0,1,1,0,,,,,0,0,,0,0,0,0.016722408,1
700,701,0.177,Lew (guard),,0,Northmen,,,,,,House Stark,,0,0,0,0,0,,,,,0,0,,0,0,0,0.0,1
701,702,0.323,Lewis Lanster,,1,,,,,,,Windblown,,0,0,0,0,1,,,,,0,0,,0,0,0,0.006688963,1
702,703,0.19,Lewys Piper,,1,Rivermen,,,,,,House Piper,,0,0,0,1,1,,,,,0,0,,0,0,0,0.033444816,1
703,704,0.331,Leyla Hightower,,0,,,,,,,House Hightower,Jon Cupps,0,0,0,1,0,,,,1.0,1,0,,0,0,0,0.050167224,1
704,705,0.227,Lia Serry,,0,,,,,,,House Serry,Theodore Tyrell,0,0,1,1,0,,,,1.0,1,0,,0,0,0,0.137123746,1
705,706,0.011,Liane Vance,,0,,,,,,,House Vance of Wayfarer's Rest,,0,0,0,1,0,,,,,0,0,,0,0,0,0.016722408,1
706,707,0.207,Lister,,1,,,,,,,,,0,0,1,0,0,,,,,0,0,,0,0,0,0.003344482,1
707,708,0.742,Long Lew,,1,,,,,,,House Tully,,0,0,0,0,0,,,,,0,0,,0,0,0,0.0,1
708,709,0.018,Lorcas,,1,,241.0,,,,,,,0,0,0,1,0,,,,,0,0,64.0,0,0,0,0.010033445,1
709,710,0.308,Lorent Lorch,Ser,0,,,,,,,House Lorch,,0,0,0,1,1,,,,,0,1,,0,0,0,0.010033445,1
710,711,0.038,Lorimer,Ser,1,,,298.0,,,,House Lefford,,0,0,0,1,0,,,,,0,1,,0,0,0,0.013377926,0
711,712,0.241,Lorren,,1,,,299.0,,,,,,0,1,0,0,0,,,,,0,0,,0,0,0,0.023411371,0
712,713,0.183,Lothar,Maester,1,,,,,,,,,0,0,0,0,0,,,,,0,1,,0,0,0,0.0,1
713,714,0.088,Lorent Tyrell,,0,,,,,,,House Tyrell,,0,0,1,1,0,,,,,0,0,,0,0,0,0.127090301,1
714,715,0.018,Lotho Lornel,,0,Braavosi,,,,,,,,0,0,0,1,0,,,,,0,0,,0,0,0,0.006688963,1
715,716,0.573,Lucan,,1,,,299.0,,,,House Whent,,0,1,0,0,0,,,,,0,0,,0,0,0,0.013377926,0
716,717,0.157,Lucamore Strong,Ser,1,,,,,,,House Strong,,0,0,0,1,0,,,,,0,1,,0,0,0,0.016722408,1
717,718,0.017,Lucantine Woodwright,Ser,0,,,,,,,,,0,0,0,1,0,,,,,0,1,,0,0,0,0.010033445,1
718,719,0.35,Lucas Nayland,Ser,0,,,,,,,House Nayland,,0,0,0,0,0,,,,,0,1,,0,0,0,0.003344482,1
719,720,0.282,Lucas Roote,,1,,,299.0,,,,House Roote,,0,0,1,0,0,,,,,0,0,,0,0,0,0.013377926,0
720,721,0.027,Lucifer Hardy,Lord,1,,,,,,,House Hardy,,0,0,0,1,0,,,,,0,1,,0,0,0,0.006688963,1
721,722,0.012,Luco Prestayn,,0,Braavosi,,,,,,,,0,0,0,1,0,,,,,0,0,,0,0,0,0.003344482,1
722,723,0.091,Lucimore Botley,,0,Ironborn,,,,,,House Botley,,0,0,0,1,0,,,,,0,0,,0,0,0,0.046822742,1
723,724,0.011,Lucos,Septon,1,,,,,,,,,0,0,0,1,0,,,,,0,0,,0,0,0,0.006688963,1
724,725,0.227,Luke of Longtown,,0,,,,,,,Night's Watch,,0,0,0,0,1,,,,,0,0,,0,0,0,0.013377926,1
725,726,0.05,Lucas Tyrell,,1,,,,,,,House Tyrell,,0,0,1,1,0,,,,,0,0,,0,0,0,0.123745819,1
726,727,0.01,Lum,,1,westermen,,,,,,House Lannister,,0,0,1,1,0,,,,,0,0,,0,0,0,0.013377926,1
727,728,0.03,Luton,,1,Northmen,,300.0,,,,House Bolton,,0,0,0,0,1,,,,,0,0,,0,0,0,0.023411371,0
728,729,0.103,Luthor Tyrell (son of Moryn),Ser,0,,,,,,,House Tyrell,Elyn Norridge,0,0,1,1,0,,,,1.0,1,1,,0,0,0,0.130434783,1
729,730,0.119,Luthor Tyrell (son of Theodore),,1,,,,,,,House Tyrell,,0,0,1,1,0,,,,,0,0,,0,0,0,0.137123746,1
730,731,0.06,Lymond Mallister,Seagard,0,,,,,,,House Mallister,,0,0,0,0,0,,,,,0,1,,0,0,0,0.013377926,1
731,732,0.288,Lync,,0,,,,,,,Night's Watch,,0,1,0,0,0,,,,,0,0,,0,0,0,0.006688963,1
732,733,0.298,Lyonel (knight),Ser,1,,,,,,,House Lannister,,0,1,0,0,0,,,,,0,1,,0,0,0,0.013377926,1
733,734,0.205,Lyonel Bentley,Ser,0,,,130.0,,,,Queensguard,,0,0,0,0,0,,,,,0,1,,0,0,0,0.013377926,0
734,735,0.012,Lyonel Tyrell (lord),Lord Paramount of the Mander,1,Reach,,159.0,,,,House Tyrell,,0,0,0,0,0,,,,,0,1,,0,0,0,0.02006689,0
735,736,0.385,Lysa Meadows,,0,,,,,,,House Meadows,Olymer Tyrell,0,0,1,1,0,,,,1.0,1,0,,0,0,0,0.130434783,1
736,737,0.055,Lyonel Tyrell (son of Leo),,0,,,,,,,House Tyrell,,0,0,1,1,0,,,,,0,0,,0,0,0,0.130434783,1
737,738,0.01,Maddy,,0,,,,,,,House Arryn,,0,0,0,1,1,,,,,0,0,,0,0,0,0.013377926,1
738,739,0.189,Maerie (Goodwife),Goodwife,0,,,,,,,,,0,0,1,0,0,,,,,0,1,,0,0,0,0.003344482,1
739,740,0.24,Maerie (Whore),,0,,,299.0,,,,,,0,0,1,0,0,,,,,0,0,,0,0,0,0.003344482,0
740,741,0.24,Maggy,,1,,,,,,,,,0,0,1,1,0,,,,,0,0,,0,0,0,0.056856187,1
741,742,0.178,Malcolm,Ser,0,,,,,,,,,0,1,0,0,0,,,,,0,1,,0,0,0,0.006688963,1
742,743,0.606,Malleon,Grand Maester,1,,,,,,,,,1,0,0,0,0,,,,,0,1,,0,0,0,0.016722408,1
743,744,0.233,Malliard,Wisdom,1,,,,,,,Alchemists' Guild,,0,1,0,0,0,,,,,0,1,,0,0,0,0.006688963,1
744,745,0.283,Mallor (Knight),Ser,1,,,,,,,,,0,0,0,0,0,,,,,0,1,,0,0,0,0.0,1
745,746,0.326,Mallor,,0,,,,,,,House Lannister,,1,0,0,0,0,,,,,0,0,,0,0,0,0.006688963,1
746,747,0.402,Manfred Dondarrion,Ser,1,,,,,,,House Dondarrion,,0,0,0,0,0,,,,,0,1,,0,0,0,0.010033445,1
747,748,0.262,Manfred Lothston,,1,,,,,,,House Lothston,,0,0,0,0,0,,,,,0,0,,0,0,0,0.010033445,1
748,749,0.275,Manfred Swann,Ser,0,,,,,,,House Swann,,0,0,1,0,0,,,,,0,1,,0,0,0,0.016722408,1
749,750,0.017,Manfryd Lothston,,1,,,,,,,House Lothston,,0,0,0,1,0,,,,,0,0,,0,0,0,0.006688963,1
750,751,0.24,Manfryd Yew,Ser,0,,,,,,,House Yew,,0,0,0,1,1,,,,,0,1,,0,0,0,0.02006689,1
751,752,0.093,Marei,,1,,280.0,,,,,Chataya's brothel,,0,1,1,1,1,,,,,0,0,25.0,0,0,0,0.043478261,1
752,753,0.807,Marghaz zo Loraq,,1,Ghiscari,,,,,,House of Loraq,,0,0,0,0,1,,,,,0,0,,0,0,0,0.033444816,1
753,754,0.015,Maris,,0,Free folk,,,,,,,,0,0,0,0,1,,,,,0,0,,0,0,0,0.006688963,1
754,755,0.323,Marq Grafton,,1,,,282.0,,,,House Grafton,,0,0,0,1,0,,,,,0,0,,0,0,0,0.030100334,0
755,756,0.011,Martyn Mullendore,Uplands,0,,,,,,,House Mullendore,,0,0,0,1,0,,,,,0,1,,0,0,0,0.006688963,1
756,757,0.626,Maslyn,,0,,,299.0,,,,Night's Watch,,0,0,1,0,0,,,,,0,0,,0,0,0,0.013377926,0
757,758,0.296,Mathos Mallarawan,,0,Qartheen,,,,,,,,0,1,0,0,0,,,,,0,0,,0,0,0,0.016722408,1
758,759,0.035,Matrice,,0,,,,,,,House Baratheon of Dragonstone,,0,1,0,0,0,,,,,0,0,,0,0,0,0.003344482,1
759,760,0.298,Matt,,1,,,,,,,,,0,0,1,0,0,,,,,0,0,,0,0,0,0.003344482,1
760,761,0.01,Maynard,Ser,1,,,,,,,,,0,0,1,1,0,,,,,0,1,,0,0,0,0.013377926,1
761,762,0.801,Maynard Plumm,Ser,1,,,,,,,House Plumm,,0,0,0,0,0,,,,,0,1,,0,0,0,0.023411371,1
762,763,0.516,Mazdhan zo Loraq,,1,Ghiscaricari,,,,,,House of Loraq,,0,0,0,0,1,,,,,0,0,,0,0,0,0.010033445,1
763,764,0.233,Mebble,,1,,,,,,,,,0,1,0,0,0,,,,,0,0,,0,0,0,0.006688963,1
764,765,0.233,Meha,,0,Free Folk,,,,,,,,0,0,0,0,1,,,,,0,0,,0,0,0,0.006688963,1
765,766,0.003,Mela,,0,,,,,,,House Arryn,,0,0,0,1,1,,,,,0,0,,0,0,0,0.010033445,1
766,767,0.127,Meizo Mahr,,0,,,,,,,,,0,0,1,0,0,,,,,0,0,,0,0,0,0.006688963,1
767,768,0.165,Melaquin,Maester,0,,,,,,,,,0,0,0,0,0,,,,,0,1,,0,0,0,0.0,1
768,769,0.266,Medwick Tyrell,Maester,1,,,,,,,,,0,0,1,1,0,,,,,0,1,,0,0,0,0.120401338,1
769,770,0.254,Meliana,,0,,,,,,,,,0,0,1,0,0,,,,,0,0,,0,0,0,0.0,1
770,771,0.011,Melicent,Septa,0,,,,,,,,,0,0,0,1,0,,,,,0,0,,0,0,0,0.003344482,1
771,772,0.011,Mellei,,0,,,,,,,House Martell,,0,0,0,1,0,,,,,0,0,,0,0,0,0.010033445,1
772,773,0.3,Melly,,0,,,,,,,Brotherhood Without Banners,,0,0,1,0,0,,,,,0,0,,0,0,0,0.003344482,1
773,774,0.884,Mellos,Grand Maester,1,,,,,,,,,0,0,0,0,0,,,,,0,1,,0,0,0,0.237458194,1
774,775,0.029,Meralyn,,0,Braavosi,,,,,,Happy Port,,0,0,0,1,0,,,,,0,0,,0,0,0,0.026755853,1
775,776,0.012,Merling Queen,,0,Braavosi,,,,,,,,0,0,0,1,1,,,,,0,0,,0,0,0,0.02006689,1
776,777,0.096,Mero,,1,Braavosi,,299.0,,,,Second Sons,,0,0,1,0,1,,,,,0,0,,0,0,0,0.046822742,0
777,778,0.275,Merrell Florent,,1,,,,,,,House Florent,,0,1,1,1,0,,,,,0,0,,0,0,0,0.066889632,1
778,779,0.017,Michael Mertyns,Ser,1,,,,,,,House Mertyns,,0,0,0,1,0,,,,,0,1,,0,0,0,0.006688963,1
779,780,0.068,Miklaz,Cupbearer,0,Ghiscari,,,,,,,,0,0,0,0,1,,,,,0,1,,0,0,0,0.016722408,1
780,781,0.271,Mollander,,1,,,,,,,,,0,0,0,1,0,,,,,0,0,,0,0,0,0.036789298,1
781,782,0.002,Mollos,Archmaester,0,,,,,,,,,0,0,0,1,0,,,,,0,1,,0,0,0,0.010033445,1
782,783,0.021,Moonshadow,,0,Braavos,,,,,,,,0,0,0,1,0,,,,,0,0,,0,0,0,0.010033445,1
783,784,0.426,Moreo Tumitis,,1,,268.0,,,,,,,1,0,0,0,0,,,,,0,0,37.0,0,0,0,0.010033445,1
784,785,0.004,Morgarth,Ser,1,,,,,,,House Baelish,,0,0,0,1,1,,,,,0,1,,0,0,0,0.016722408,1
785,786,0.037,Moro,Khal,1,Dothraki,,,,,,,,1,0,0,1,0,,,,,0,0,,0,0,0,0.016722408,1
786,787,0.007,Morra,,0,,,,,,,House Martell,,0,0,0,1,0,,,,,0,0,,0,0,0,0.010033445,1
787,788,0.894,Morrec,,1,,,298.0,,,,House Lannister,,1,0,0,0,0,,,,,0,0,,0,0,0,0.026755853,0
788,789,0.233,Mors Manwoody,,1,,,,,,,House Manwoody,,0,0,1,1,0,,,,,0,0,,0,0,0,0.023411371,1
789,790,0.286,Mortimer Boggs,Ser,1,,,,,,,House Boggs,,0,0,0,0,0,,,,,0,1,,0,0,0,0.013377926,1
790,791,0.956,Mors Martell (brother of Doran),,1,,248.0,248.0,,,,House Martell,,0,0,0,1,0,,,,,0,0,0.0,0,0,0,0.066889632,0
791,792,0.884,Mother Mole,,0,Free Folk,,,,,,,,0,0,0,0,1,,,,,0,0,,0,0,0,0.043478261,1
792,793,0.265,Mudge (brotherhood),,0,,,,,,,Brotherhood without banners,,0,0,0,0,0,,,,,0,0,,0,0,0,0.0,1
793,794,0.241,Mudge (miller),,1,,,,,,,,,0,0,1,0,0,,,,,0,0,,0,0,0,0.003344482,1
794,795,0.269,Mudge (swineherd),,1,,,,,,,House Osgrey,,0,0,0,0,0,,,,,0,0,,0,0,0,0.0,1
795,796,0.276,Munciter,Wisdom,1,,,,,,,Alchemists' Guild,,0,1,0,0,0,,,,,0,1,,0,0,0,0.006688963,1
796,797,0.187,Mully,,1,,,,,,,Night's Watch,,0,0,1,1,1,,,,,0,0,,0,0,0,0.050167224,1
797,798,0.205,Murch,,1,,,,,,,,,0,1,0,0,0,,,,,0,0,,0,0,0,0.010033445,1
798,799,0.097,Murch (Winterfell),,1,Northmen,,,,,,House Stark,,0,1,0,0,0,,,,,0,0,,0,0,0,0.003344482,1
799,800,0.368,Myles (squire),,1,,,299.0,,,,House Tully,,0,1,0,0,0,,,,,0,0,,0,0,0,0.013377926,0
800,801,0.787,Myrtle,,0,Free Folk,,300.0,,,,,,0,0,0,0,1,,,,,0,0,,0,0,0,0.046822742,0
801,802,0.013,Nage,,1,,,,,,,House Bolton,,0,0,1,0,0,,,,,0,0,,0,0,0,0.003344482,1
802,803,0.256,Nail,,0,,,,,,,Second Sons,,0,0,0,0,1,,,,,0,0,,0,0,0,0.013377926,1
803,804,0.243,Narbert,BrotherProctor,0,,,,,,,,,0,0,0,1,0,,,,,0,1,,0,0,0,0.026755853,1
804,805,0.006,Narbo,,0,Braavosi,,,,,,,,0,0,0,1,0,,,,,0,0,,0,0,0,0.010033445,1
805,806,0.205,Nan,,0,,,,,,,House Stark,,1,1,1,1,1,,,,,0,0,,0,0,0,0.096989967,1
806,807,0.298,Ned (ferryman),,1,,,,,,,,,0,0,0,0,0,,,,,0,0,,0,0,0,0.003344482,1
807,808,0.014,Nella,,0,Free Folk,,,,,,,Craster,0,1,1,1,0,,,,0.0,1,0,,0,0,0,0.02006689,1
808,809,0.216,Ned Woods,,1,Northmen,,,,,,House Woods,,0,0,0,0,1,,,,,0,0,,0,0,0,0.016722408,1
809,810,0.252,Nissa Nissa,,1,,,,,,,,Azor Ahai,0,1,0,0,0,,,,1.0,1,0,,0,0,0,0.02006689,1
810,811,0.017,Nightingale,,0,,,,,,,,,0,0,0,1,0,,,,,0,0,,0,0,0,0.016722408,1
811,812,0.22,Nolla,Goodwife,0,,,,,,,,,0,0,1,0,0,,,,,0,1,,0,0,0,0.0,1
812,813,0.001,Norjen,,0,Ironmen,,,,,,Drowned men,,0,0,0,1,0,,,,,0,0,,0,0,0,0.006688963,1
813,814,0.002,Norren,Archmaester,1,,,,,,,,,0,0,0,1,0,,,,,0,1,,0,0,0,0.016722408,1
814,815,0.002,Nymos,Archmaester,0,,,,,,,,,0,0,0,1,0,,,,,0,1,,0,0,0,0.006688963,1
815,816,0.285,Normund Tyrell,Maester,0,,,,,,,,,0,0,1,1,0,,,,,0,1,,0,0,0,0.127090301,1
816,817,0.004,Ocley,Archmaester,0,,,,,,,,,0,0,0,1,0,,,,,0,1,,0,0,0,0.006688963,1
817,818,0.763,Ogo,Khal,1,Dothraki,,298.0,,,,,,1,0,0,0,0,,,,,0,0,,0,0,0,0.036789298,0
818,819,0.01,Old Crackbones,,1,,,,,,,,,0,0,0,1,0,,,,,0,0,,0,0,0,0.0,1
819,820,0.002,Old Grey Gull,,1,Ironborn,,,,,,Drowned men,,0,0,0,1,1,,,,,0,0,,0,0,0,0.010033445,1
820,821,0.016,Old Tattersalt,,1,,,,,,,Night's Watch,,0,0,0,1,1,,,,,0,0,,0,0,0,0.013377926,1
821,822,0.281,Old Henly,,1,,220.0,299.0,,,,Night's Watch,,0,0,1,0,0,,,,,0,0,79.0,0,0,0,0.013377926,0
822,823,0.066,Olyvar Oakheart,Ser,1,,,161.0,,,,House Oakheart,,0,0,0,1,0,,,,,0,1,,0,0,0,0.023411371,0
823,824,0.075,Olene Tyrell,,0,,,,,,,House Tyrell,Leo Blackbar,0,0,1,1,0,,,,1.0,1,0,,0,0,0,0.127090301,1
824,825,0.012,Orbelo,,1,Braavosi,,,,,,,,0,0,0,1,0,,,,,0,0,,0,0,0,0.013377926,1
825,826,0.016,Orivel,Ser,1,,,,,,,Kingsguard,,0,0,0,1,0,,,,,0,1,,0,0,0,0.003344482,1
826,827,0.226,Orell,,1,Free Folk,,299.0,,,,,,0,1,1,1,1,,,,,0,0,,0,0,0,0.080267559,0
827,828,0.178,Ormond (knight),Ser,0,,,299.0,,,,,,0,0,0,0,0,,,,,0,1,,0,0,0,0.0,0
828,829,0.243,Ormond Osgrey,Coldmoat,0,,,,,,,House Osgrey,,0,0,0,0,0,,,,,0,1,,0,0,0,0.010033445,1
829,830,0.178,Ormond Westerling,Ser,0,,,,,,,House Westerling,,0,0,0,0,0,,,,,0,1,,0,0,0,0.0,1
830,831,0.014,Oro Tendyris,,1,Braavosi,,,,,,,,0,1,1,1,0,,,,,0,0,,0,0,0,0.013377926,1
831,832,0.503,Ormund Wylde,Ser,1,,,,,,,House Wylde,,0,0,0,0,1,,,,,0,1,,0,0,0,0.013377926,1
832,833,0.214,Osmynd,Septon,0,,,,,,,Faith of the Seven,,0,1,0,0,0,,,,,0,0,,0,0,0,0.003344482,1
833,834,0.012,Ossy,,0,,,,,,,House Royce of the Gates of the Moon,,0,0,0,1,0,,,,,0,0,,0,0,0,0.010033445,1
834,835,0.178,Oswyn,,0,,,,,,,Kingswood Brotherhood,,0,0,1,0,0,,,,,0,0,,0,0,0,0.003344482,1
835,836,0.927,Othor,,1,,,298.0,,,,Night's Watch,,1,0,0,0,0,,,,,0,0,,0,0,0,0.056856187,0
836,837,0.196,Otter Gimpknee,,0,,,,,,,,,0,1,1,0,0,,,,,0,0,,0,0,0,0.006688963,1
837,838,0.021,Ottomore,,1,,,,,,,,,0,0,0,1,0,,,,,0,0,,0,0,0,0.006688963,1
838,839,0.018,Owen (brother of Meribald),,1,,,,,,,,,0,0,0,1,0,,,,,0,0,,0,0,0,0.013377926,1
839,840,0.685,Owen,,1,,,,,,,Night's Watch,,0,0,1,1,1,,,,,0,0,,0,0,0,0.036789298,1
840,841,0.117,Owen Inchfield,Ser,0,,,,,,,House Inchfield,,0,0,0,1,0,,,,,0,1,,0,0,0,0.013377926,1
841,842,0.171,Palla,,0,Northmen,,,,,,House Stark,,0,1,0,1,0,,,,,0,0,,1,1,0,0.02006689,1
842,843,0.187,Pate (Old),,1,,,,,,,,,0,0,1,0,0,,,,,0,0,,0,0,0,0.006688963,1
843,844,0.217,Pate (Mory),,1,,,,,,,,,0,0,1,0,0,,,,,0,0,,0,0,0,0.003344482,1
844,845,0.207,Pate (Lancewood),,1,,,,,,,,,0,0,1,0,0,,,,,0,0,,0,0,0,0.003344482,1
845,846,0.288,Pate (Pinchbottom),,0,,,209.0,,,,,,0,0,0,0,0,,,,,0,0,,0,0,0,0.003344482,0
846,847,0.953,Pate (Night's Watch),,0,,,,,,,Night's Watch,,0,0,0,0,0,,,,,0,0,,0,0,0,0.006688963,1
847,848,0.288,Pate (Shermer's Grove),,1,,,,,,,,,0,0,0,0,0,,,,,0,0,,0,0,0,0.003344482,1
848,849,0.032,Pate (Standfast),,1,,161.0,,,,,House Osgrey,,0,0,0,0,0,,,,,0,0,100.0,0,0,0,0.013377926,0
849,850,0.007,Penny Jenny,,0,,,,,,,,,0,0,0,0,0,,,,,0,0,,0,0,0,0.003344482,1
850,851,0.802,Penny,,0,,281.0,,,,,Second Sons,,0,0,1,0,1,,,,,0,0,24.0,0,0,0,0.18729097,1
851,852,0.012,Perros Blackmont,,1,Dornish,,,,,,House Blackmont,,0,0,1,1,0,,,,,0,0,,0,0,0,0.02006689,1
852,853,0.214,Perwyn Osgrey,Coldmoat,0,,,,,,,House Osgrey,,0,0,0,0,0,,,,,0,1,,0,0,0,0.006688963,1
853,854,0.263,Peter Plumm,Ser,1,,,,,,,House Plumm,,0,0,1,1,0,,,,,0,1,,0,0,0,0.026755853,1
854,855,0.028,Plummer,Ashford,0,,,,,,,House Ashford,,0,0,0,0,0,,,,,0,1,,0,0,0,0.0,1
855,856,0.018,Poetess,,0,Braavosi,,,,,,,,0,0,0,1,0,,,,,0,0,,0,0,0,0.010033445,1
856,857,0.187,Pollitor,Wisdom,1,,,,,,,Alchemists' Guild,,0,1,0,0,0,,,,,0,1,,0,0,0,0.010033445,1
857,858,0.083,Porridge,,1,,,,,,,House Baratheon of Dragonstone,,0,0,1,0,0,,,,,0,0,,0,0,0,0.006688963,1
858,859,0.795,Porther,,1,northmen,,,,,,House Stark,,1,1,0,0,0,,,,,0,0,,0,0,0,0.010033445,1
859,860,0.012,Portifer Woodwright,Ser,0,,,,,,,,,0,0,0,1,0,,,,,0,1,,0,0,0,0.010033445,1
860,861,0.468,Poul Pemford,,1,,,299.0,,,,House Pemford,,0,1,0,0,0,,,,,0,0,,0,0,0,0.006688963,0
861,862,0.642,Poxy Tym,,1,northmen,,299.0,,,,House Stark,,0,1,0,0,0,,,,,0,0,,0,0,0,0.010033445,0
862,863,0.241,Praed,,1,,,299.0,,,,,,0,1,0,0,0,,,,,0,0,,0,0,0,0.016722408,0
863,864,0.017,Puckens,,0,,,,,,,House Lannister,,0,0,0,1,0,,,,,0,0,,0,0,0,0.013377926,1
864,865,0.204,Pudding,,0,,,,,,,,,0,0,0,0,0,,,,,0,0,,0,0,0,0.003344482,1
865,866,0.17,Puddingfoot,,0,,,,,,,Brotherhood without banners,,0,0,1,0,0,,,,,0,0,,0,0,0,0.003344482,1
866,867,0.074,Qalen,Maester,1,,,,,,,House Greyjoy,,0,1,0,1,0,,,,,0,1,,0,0,0,0.010033445,1
867,868,0.002,Qarl the Thrall,,0,Ironborn,,,,,,,,0,0,0,1,1,,,,,0,0,,0,0,0,0.016722408,1
868,869,0.513,Qarl Kenning,,0,Ironborn,,,,,,House Kenning of Harlaw,,0,0,0,0,1,,,,,0,0,,0,0,0,0.006688963,1
869,870,0.295,Qarl Correy,Ser,1,,,,,,,House Velaryon,,0,0,0,0,0,,,,,0,1,,0,0,0,0.026755853,1
870,871,0.045,Qarl Shepherd,,0,Ironborn,,,,,,House Shepherd,,0,0,0,0,1,,,,,0,0,,0,0,0,0.006688963,1
871,872,0.014,Qarl Quickaxe,,1,Ironmen,,,,,,,,0,0,0,0,1,,,,,0,0,,0,0,0,0.003344482,1
872,873,0.281,Qos,Wind Witch,1,,,,,,,,,1,0,0,0,0,,,,,0,1,,0,0,0,0.003344482,1
873,874,0.01,Quellon Humble,,1,Ironborn,,,,,,House Humble,,0,0,0,1,1,,,,,0,0,,0,0,0,0.02006689,1
874,875,0.84,Quaro,,0,Dothraki,,298.0,,,,,,1,0,0,0,1,,,,,0,0,,0,0,0,0.030100334,0
875,876,0.778,Aelinor Penrose,LadyQueen,0,,,,,,,House Penrose,Aerys I Targaryen,0,0,0,0,0,,,,0.0,1,1,,0,0,0,0.163879599,1
876,877,0.3,Aemon Estermont,Ser,1,Stormlands,,,,,,House Estermont,,0,1,1,1,1,,,,,0,1,,0,0,0,0.030100334,1
877,878,0.24,Aemon Rivers,Ser,1,,,,,,,House Frey,,0,1,1,1,0,,,,,0,1,,0,0,0,0.033444816,1
878,879,0.045,Aglantine,Septa,0,,,,,,,Faith of the Seven,,0,0,0,1,1,,,,,0,0,,0,0,0,0.013377926,1
879,880,0.067,Aladale Wynch,Ser,1,Ironborn,,300.0,,,,House Wynch,,0,1,1,0,0,,,,,0,1,,0,0,0,0.02006689,0
880,881,0.307,Albett,,1,,,,,,,Night's Watch,,1,1,1,1,1,,,,,0,0,,0,0,0,0.033444816,1
881,882,0.174,Albar Royce,Ser,1,,,,,,,House Royce of the Gates of the Moon,,1,1,1,1,1,,,,,0,1,,0,0,0,0.033444816,1
882,883,0.021,Alesander Staedmon,Broad Arch,0,,,,,,,House Staedmon,,0,1,1,1,0,,,,,0,1,,0,0,0,0.013377926,1
883,884,0.393,Alekyne Florent,Brightwater,1,,,,,,,House Florent,,0,1,1,1,0,,,,,0,1,,0,0,0,0.066889632,1
884,885,0.183,Alesander Frey,,0,,265.0,,,,,House Frey,,0,1,1,1,0,,,,,0,0,40.0,0,0,0,0.143812709,1
885,886,0.276,Alester Norcross,,1,,290.0,,,,,House Norcross,,0,1,1,1,0,,,,,0,0,15.0,0,0,0,0.080267559,1
886,887,0.229,Allard Seaworth,Lady Marya,1,,,299.0,,,,House Seaworth,,0,1,1,1,1,,,,,0,1,,0,0,0,0.063545151,0
887,888,0.839,Allar Deem,,1,,,299.0,,,,City Watch of King's Landing,,0,1,0,0,0,,,,,0,0,,0,0,0,0.043478261,0
888,889,0.031,Alla Tyrell,,0,,286.0,,,,,House Tyrell,,0,0,1,1,1,,,,,0,0,19.0,0,0,0,0.150501672,1
889,890,0.886,Alyn Cockshaw,Lord,1,,,211.0,,,,House Cockshaw,,0,0,0,0,0,,,,,0,1,,0,0,0,0.040133779,0
890,891,0.101,Alyce Graceford,Lady,0,,,,,,,House Graceford,,0,0,1,1,1,,,,,0,1,,0,0,0,0.023411371,1
891,892,0.019,Alyn Connington,Ser,0,,,,,,,House Connington,,0,0,1,1,0,,,,,0,1,,0,0,0,0.060200669,1
892,893,0.267,Alyn Ambrose,,1,,,,,,,House Ambrose,,0,1,1,1,1,,,,,0,0,,0,0,0,0.033444816,1
893,894,0.309,Alyn Estermont,Ser,1,Stormlands,,,,,,House Estermont,,0,1,1,1,1,,,,,0,1,,0,0,0,0.026755853,1
894,895,0.477,Alyn Stackspear,Ser,0,,,,,,,House Stackspear,,1,1,1,1,1,,,,,0,1,,0,0,0,0.026755853,1
895,896,0.187,Alyn Frey,,1,,295.0,,,,,House Frey,,0,1,1,1,0,,,,,0,0,10.0,0,0,0,0.137123746,1
896,897,0.239,Alyn Haigh,,0,,256.0,,,,,House Haigh,,0,1,1,1,0,,,,,0,0,49.0,0,0,0,0.073578595,1
897,898,0.213,Alysanne Bulwer,Blackcrown,0,,291.0,,,,,House Bulwer,,0,0,1,1,1,,,,,0,1,14.0,0,0,0,0.153846154,1
898,899,0.633,Alysanne Lefford,Golden Tooth,0,,,,,,,House Lefford,,0,0,0,1,1,,,,,0,1,,0,0,0,0.013377926,1
899,900,0.312,Alys Frey,,0,,,,,,,House Frey,Jared Frey,0,1,1,1,0,,,,0.0,1,0,,0,0,0,0.066889632,1
900,901,0.694,Alyssa Blackwood,Lady,0,,,269.0,,,,House Blackwood,Walder Frey,0,1,1,1,1,,,,1.0,1,1,,0,0,0,0.096989967,0
901,902,0.203,Alyx Frey,,0,,282.0,,,,,House Frey,,0,1,1,1,0,,,,,0,0,23.0,0,0,0,0.143812709,1
902,903,0.239,Amarei Crakehall,,0,,245.0,264.0,,,,House Crakehall,Walder Frey,0,1,1,1,1,,,,1.0,1,0,19.0,0,0,0,0.153846154,0
903,904,0.999,Ambrose Butterwell,Whitewalls,1,,160.0,,,,,House Butterwell,Lady,0,0,0,0,0,,,,1.0,1,1,100.0,0,0,1,0.414715719,0
904,905,0.693,Andar Royce,Ser,1,Valemen,,,,,,House Royce,,1,1,1,1,1,,,,,0,1,,0,0,0,0.040133779,1
905,906,0.867,Andros Brax,Hornvale,1,,,298.0,,,,House Brax,,1,0,1,0,0,,,,,0,1,,0,0,0,0.053511706,0
906,907,0.533,Antario Jast,Lord,1,,,,,,,House Jast,Lanna Lannister,0,1,1,1,1,,,,1.0,1,1,,0,0,0,0.080267559,1
907,908,0.187,Andrew Estermont,Ser,1,,,,,,,House Estermont,,0,1,1,1,1,,,,,0,1,,0,0,0,0.036789298,1
908,909,0.289,Annara Farring,Lady,0,,,,,,,House Farring,Walder Frey,0,1,1,1,1,,,,1.0,1,1,,0,0,0,0.063545151,1
909,910,0.869,Ardrian Celtigar,Claw Isle,1,,229.0,,,,,House Celtigar,,0,1,1,0,0,,,,,0,1,76.0,0,0,0,0.043478261,1
910,911,0.24,Anya Waynwood,Ironoaks,0,,,,,,,House Waynwood,,1,1,1,1,1,,,,,0,1,,0,0,0,0.086956522,1
911,912,0.268,Androw Frey,,1,,295.0,,,,,House Frey,,0,1,1,1,0,,,,,0,0,10.0,0,0,0,0.133779264,1
912,913,0.187,Armond Caswell,Bitterbridge,1,,,,,,,House Caswell,,0,0,0,0,0,,,,,0,1,,0,0,0,0.006688963,1
913,914,0.439,Arthur Ambrose,Lord,1,,,,,,,House Ambrose,Alysanne Hightower,0,0,1,1,1,,,,1.0,1,1,,0,0,0,0.060200669,1
914,915,0.941,Arthor Karstark,,1,Northmen,,,,,,House Karstark,,0,0,0,0,1,,,,,0,0,,0,0,0,0.043478261,1
915,916,0.253,Arwyn Frey,,0,,285.0,,,,,House Frey,,0,1,1,1,1,,,,,0,0,20.0,0,0,0,0.046822742,1
916,917,0.796,Artos Stark,,1,Northmen,,,,,,House Stark,Lysara Karstark,0,1,0,0,1,,,,1.0,1,0,,0,0,0,0.10367893,1
917,918,0.293,Arwood Frey,Ser,1,,263.0,,,,,House Frey,Ryella Royce,0,1,1,1,0,,,,1.0,1,1,42.0,0,0,0,0.163879599,1
918,919,0.24,Lord Ashford,Ashford,1,Reach,,,,,,House Ashford,,0,0,0,0,0,,,,,0,1,,0,0,0,0.010033445,1
919,920,0.021,Azzak,Cupbearer,0,Ghiscari,,,,,,House of Ghazeen,,0,0,0,0,1,,,,,0,1,,0,0,0,0.016722408,1
920,921,0.383,Baelor Hightower,Ser,1,,,,,,,House Hightower,Rhonda Rowan,0,0,1,1,0,,,,1.0,1,1,,0,0,0,0.066889632,1
921,922,0.215,Balman Byrch,Ser,1,,,300.0,,,,House Byrch,Falyse Stokeworth,0,0,1,1,1,,,,0.0,1,1,,0,0,0,0.073578595,0
922,923,0.214,Barth,Septon,1,,,99.0,,,,Faith of the Seven,,0,0,1,1,1,,,,,0,0,,0,0,1,0.35451505,0
923,924,0.195,Bayard Norcross,Ser,0,,,,,,,House Norcross,,0,0,0,1,1,,,,,0,1,,0,0,0,0.02006689,1
924,925,0.24,Bedwyck,,1,,,,,,,Night's Watch,,0,1,1,1,1,,,,,0,0,,0,0,0,0.050167224,1
925,926,0.583,Barthogan Stark,Winterfell,1,Northmen,,,,,,House Stark,,0,1,0,0,0,,,,,0,1,,0,0,0,0.127090301,1
926,927,0.397,Bellena Hawick,,0,,,,,,,House Hawick,Hosteen Frey,0,1,1,1,0,,,,1.0,1,0,,0,0,0,0.133779264,1
927,928,0.165,Benedar Belmore,Strongsong,1,,,,,,,House Belmore,,0,0,0,1,1,,,,,0,1,,0,0,0,0.026755853,1
928,929,0.011,Benedict Broom,Ser,0,,,,,,,House Broom,,0,1,1,1,1,,,,,0,1,,0,0,0,0.02006689,1
929,930,0.01,Bennard Brune,Ser,1,,,,,,,House Brune of Brownhollow,,0,0,0,1,0,,,,,0,1,,0,0,0,0.010033445,1
930,931,0.251,Benfrey Frey,Ser,1,,271.0,299.0,,,,House Frey,Jyanna Frey,0,1,1,1,1,,,,1.0,1,1,28.0,0,0,0,0.073578595,0
931,932,0.819,Beren Tallhart,,1,Northmen,289.0,,,,,House Tallhart,,0,1,1,1,1,,,,,0,0,16.0,0,0,0,0.070234114,1
932,933,0.41,Berena Hornwood,,0,Northmen,,,,,,House Hornwood,Leobald Tallhart,0,1,1,1,1,,,,0.0,1,0,,0,0,0,0.063545151,1
933,934,0.865,Beth Cassel,,0,Northmen,289.0,,,,,House Cassel,,1,1,1,1,1,,,,,0,0,16.0,0,0,0,0.070234114,1
934,935,0.75,Beron Stark,Winterfell,1,Northmen,,,,,,House Stark,Lorra Royce,0,1,0,0,0,,,,1.0,1,1,,0,0,0,0.234113712,1
935,936,0.018,Bhakaz zo Loraq,Cupbearer,1,Ghiscari,,,,,,House of Loraq,,0,0,0,0,1,,,,,0,1,,0,0,0,0.003344482,1
936,937,0.512,Bethany Redwyne,Goldengrove,0,,,,,,,House Redwyne,Mathis Rowan,1,0,0,0,0,,,,1.0,1,1,,0,0,0,0.060200669,1
937,938,0.101,Bethany Rosby,Lady,0,,265.0,282.0,,,,House Rosby,Walder Frey,0,1,1,1,1,,,,1.0,1,1,17.0,0,0,0,0.066889632,0
938,939,0.049,Black Bernarr,,1,,,,,,,Night's Watch,,0,0,1,1,1,,,,,0,0,,0,0,0,0.02006689,1
939,940,0.328,Betharios of Braavos,,0,,,,,,,House Frey,Symond Frey,0,1,1,1,0,,,,0.0,1,0,,0,0,0,0.140468227,1
940,941,0.084,Boremund Harlaw,Harridan Hill,1,Ironborn,,,,,,House Harlaw of Harridan Hill,,0,0,0,1,1,,,,,0,1,,0,0,0,0.063545151,1
941,942,0.275,Bradamar Frey,,1,,289.0,,,,,House Frey,,0,1,1,1,0,,,,,0,0,16.0,0,0,0,0.140468227,1
942,943,0.151,Branston Cuy,Lord of Sunflower Hall,0,,,,,,,House Cuy,,0,0,0,1,0,,,,,0,1,,0,0,0,0.006688963,1
943,944,0.933,Brandon Tallhart,,1,Northmen,284.0,,,,,House Tallhart,,0,1,1,1,1,,,,,0,0,21.0,0,0,0,0.060200669,1
944,945,0.468,Bryan Fossoway,Ser,1,,,299.0,,,,House Fossoway of Cider Hall,,0,1,0,0,0,,,,,0,1,,0,0,0,0.026755853,0
945,946,0.204,Bryan Frey,,1,,281.0,,,,,House Frey,,0,1,1,1,0,,,,,0,0,24.0,0,0,0,0.100334448,1
946,947,0.271,Bryen Farring,,1,,,300.0,,,,House Farring,,0,1,1,1,1,,,,,0,0,,0,0,0,0.033444816,0
947,948,0.785,Bryen Caron,Lord of the Marches,1,,,289.0,,,,House Caron,,0,0,0,0,0,,,,,0,1,,0,0,0,0.026755853,0
948,949,0.514,Burton Crakehall,Ser,1,,,299.0,,,,House Crakehall,,1,1,1,1,0,,,,,0,1,,0,0,0,0.036789298,0
949,950,0.293,Craghas Drahar,,1,Myrish,,108.0,,,,Kingdom of the Three Daughters,,0,0,0,0,0,,,,,0,0,,0,0,0,0.016722408,0
950,951,0.226,Carolei Waynwood,,0,,,,,,,House Waynwood,Geremy Frey,0,1,1,1,0,,,,1.0,1,0,,0,0,0,0.140468227,1
951,952,0.618,Lord Caswell,Bitterbridge,1,,,,,,,House Caswell,,0,0,0,0,1,,,,,0,1,,0,0,0,0.013377926,1
952,953,0.802,Cayn,,1,Northmen,,298.0,,,,House Stark,,1,1,0,0,0,,,,,0,0,,0,0,0,0.030100334,0
953,954,0.477,Cerenna Lannister,,0,,,,,,,House Lannister,,1,1,1,1,1,,,,,0,0,,0,0,0,0.070234114,1
954,955,0.239,Cersei Frey,,0,,292.0,,,,,House Frey,,0,1,1,1,0,,,,,0,0,13.0,0,0,0,0.133779264,1
955,956,0.82,Chayle,Septon,1,,,299.0,,,,,,1,1,1,0,0,,,,,0,0,,0,0,0,0.063545151,0
956,957,0.24,Clarent Crakehall,Ser,0,,,130.0,,,,House Crakehall,,0,0,0,0,0,,,,,0,1,,0,0,0,0.010033445,0
957,958,0.027,Clement Crabb,Ser,1,,,,,,,House Crabb,,0,0,0,1,0,,,,,0,1,,0,0,0,0.013377926,1
958,959,0.047,Clement Piper,Pinkmaiden,1,Rivermen,,,,,,House Piper,,1,0,1,1,1,,,,,0,1,,0,0,0,0.070234114,1
959,960,0.633,Cley Cerwyn,Cerwyn,1,Northmen,284.0,299.0,,,,House Cerwyn,,0,1,1,1,1,,,,,0,1,15.0,1,1,0,0.073578595,0
960,961,0.204,Clubfoot Karl,,1,,,300.0,,,,Night's Watch,,0,0,1,1,1,,,,,0,0,,0,0,0,0.026755853,0
961,962,0.227,Conwy,,0,,,,,,,Night's Watch,,0,1,1,1,1,,,,,0,0,,0,0,0,0.026755853,1
962,963,0.247,Colin Florent,Ser,0,,,,,,,House Florent,,0,1,1,1,0,,,,,0,1,,0,0,0,0.08361204,1
963,964,0.187,Colmar Frey,,1,,288.0,,,,,House Frey,,0,1,1,1,1,,,,,0,0,17.0,0,0,0,0.046822742,1
964,965,0.032,Corliss Penny,Ser,0,,,,,,,House Penny,,0,0,0,1,1,,,,,0,1,,0,0,0,0.023411371,1
965,966,0.2,Creighton Redfort,Ser,0,Valemen,,,,,,House Redfort,,0,0,0,1,1,,,,,0,1,,0,0,0,0.023411371,1
966,967,0.025,Cuger,,1,,,,,,,Night's Watch,,1,1,1,1,1,,,,,0,0,,0,0,0,0.006688963,1
967,968,0.788,Cregan Stark,Winterfell,1,Northmen,,157.0,,,,House Stark,Arra Norrey,1,1,0,0,0,,,,1.0,1,1,,0,0,1,0.484949833,0
968,969,0.152,Cyrenna Swann,,0,,236.0,249.0,,,,House Swann,Walder Frey,0,1,1,1,1,,,,1.0,1,0,13.0,0,0,0,0.076923077,0
969,970,0.284,Cynthea Frey,,0,,290.0,,,,,House Frey,,0,1,1,1,0,,,,,0,0,15.0,0,0,0,0.143812709,1
970,971,0.003,Daegon Shepherd,,0,Ironborn,,,,,,House Shepherd,,0,0,0,1,1,,,,,0,0,,0,0,0,0.016722408,1
971,972,0.023,Daeron Vaith,Lord of the Red Dunes,0,Dornish,,,,,,House Vaith,,0,0,0,1,1,,,,,0,1,,0,0,0,0.010033445,1
972,973,0.191,Dafyn Vance,Ser,0,,,,,,,House Vance,Maegelle Frey,0,1,1,1,0,,,,1.0,1,1,,0,0,0,0.10367893,1
973,974,0.725,Dagon Greyjoy,Lord Reaper of Pyke,1,Ironborn,,,,,,House Greyjoy,,0,0,0,1,1,,,,,0,1,,0,0,0,0.073578595,1
974,975,0.685,Dalbridge,,1,,254.0,299.0,,,,Night's Watch,,0,1,1,1,1,,,,,0,0,45.0,0,0,0,0.050167224,0
975,976,0.219,Damon Paege,Ser,1,,,,,,,House Paege,,0,1,1,1,0,,,,,0,1,,0,0,0,0.02006689,1
976,977,0.016,Damon Shett,Ser,0,,,,,,,House Shett of Gull Tower,,0,0,0,1,0,,,,,0,1,,0,0,0,0.010033445,1
977,978,0.159,Damon Vypren,Ser,0,,265.0,,,,,House Vypren,,0,1,1,1,0,,,,,0,1,40.0,0,0,0,0.157190635,1
978,979,0.085,Dancy,,0,,,,,,,Chataya's brothel,,0,1,1,1,1,,,,,0,0,,0,0,0,0.040133779,1
979,980,0.324,Dareon,,1,,,300.0,,,,Night's Watch,,1,1,1,1,1,,,,,0,0,,0,0,0,0.16722408,0
980,981,0.901,Darlessa Marbrand,,0,,,,,,,House Marbrand,Tygett Lannister,1,1,1,0,1,,,,1.0,1,0,,0,0,0,0.08361204,1
981,982,0.922,Daryn Hornwood,,1,Northmen,,298.0,,,,House Hornwood,,1,0,0,0,1,,,,,0,0,,0,0,0,0.086956522,0
982,983,0.501,Danwell Frey,Ser,1,,252.0,,,,,House Frey,Wynafrei Whent,1,1,1,1,1,,,,1.0,1,1,53.0,0,0,0,0.180602007,1
983,984,0.289,Deana Hardyng,,0,,,,,,,House Hardyng,Walton Frey,0,1,1,1,0,,,,1.0,1,0,,0,0,0,0.096989967,1
984,985,0.25,Delena Florent,,0,,,,,,,House Florent,Hosman Norcross,0,1,1,1,0,,,,1.0,1,0,,0,0,0,0.117056856,1
985,986,0.203,Della Frey,,0,,296.0,,,,,House Frey,,0,1,1,1,0,,,,,0,0,9.0,0,0,0,0.050167224,1
986,987,0.212,Delp,,0,,,299.0,,,,House Tully,,0,1,1,1,1,,,,,0,0,,0,0,0,0.013377926,0
987,988,0.214,Delonne Allyrion,Godsgrace,0,Dornish,,,,,,House Allyrion,,0,0,1,1,1,,,,,0,1,,0,0,0,0.026755853,1
988,989,0.731,Denys Darklyn,Duskendale,1,,,,,,,House Darklyn,Serala,0,0,0,1,0,,,,1.0,1,1,,0,0,0,0.056856187,1
989,990,0.17,Denys Arryn,Ser,0,,,283.0,,,,House Arryn,,0,0,1,1,0,,,,,0,1,,0,0,0,0.08361204,0
990,991,0.011,Dermot,Ser,0,,,,,,,House Baratheon of Dragonstone,,0,1,1,1,0,,,,,0,1,,0,0,0,0.023411371,1
991,992,0.798,Desmond,,0,,,298.0,,,,House Stark,,1,1,0,0,1,,,,,0,0,,0,0,0,0.043478261,0
992,993,0.087,Desmond Redwyne,Ser,1,,,,,,,House Redwyne,Denyse Hightower,0,0,0,1,0,,,,1.0,1,1,,0,0,0,0.076923077,1
993,994,0.022,Deziel Dalt,Knight,1,,,,,,,House Dalt,,0,0,1,1,1,,,,,0,1,,0,0,0,0.026755853,1
994,995,0.06,Dickon Tarly,,1,,287.0,,,,,House Tarly,Eleanor Mooton,1,0,0,1,1,,,,1.0,1,0,18.0,0,0,0,0.10367893,1
995,996,0.275,Dickon Frey,,1,,294.0,,,,,House Frey,,0,1,1,1,0,,,,,0,0,11.0,0,0,0,0.086956522,1
996,997,0.187,Dirk,,1,,,300.0,,,,Night's Watch,,0,0,1,1,1,,,,,0,0,,0,0,0,0.043478261,0
997,998,0.265,Dolf,,0,Vale mountain clans,,,,,,Stone Crows,,1,1,0,0,1,,,,,0,0,,0,0,0,0.016722408,1
998,999,0.204,Donnel Haigh,Ser,1,,255.0,,,,,House Haigh,,0,1,1,1,0,,,,,0,1,50.0,0,0,0,0.086956522,1
999,1000,0.204,Donnel of Duskendale,Ser,1,,,,,,,Kingsguard,,0,0,0,1,0,,,,,0,1,,0,0,0,0.036789298,1
1000,1001,0.3,Donnel Locke,Ser,0,,,299.0,,,,House Locke,,0,1,1,1,0,,,,,0,1,,0,0,0,0.036789298,0
1001,1002,0.43,Donnel Waynwood,Ser,0,,277.0,,,,,House Waynwood,,1,1,1,1,1,,,,,0,1,28.0,0,0,0,0.060200669,1
1002,1003,0.723,Donnor Stark,Winterfell,1,Northmen,,,,,,House Stark,,0,1,0,0,0,,,,,0,1,,0,0,0,0.080267559,1
1003,1004,0.238,Dormund,,1,Free Folk,,300.0,,,,,,0,0,1,1,1,,,,,0,0,,0,0,0,0.026755853,0
1004,1005,0.02,Duram Bar Emmon,Sharp Point,0,,284.0,,,,,House Bar Emmon,,0,1,1,1,0,,,,,0,1,21.0,0,0,0,0.026755853,1
1005,1006,0.296,Ebben,,1,,,299.0,,,,Night's Watch,,0,1,1,1,1,,,,,0,0,,0,0,0,0.043478261,0
1006,1007,0.018,Edderion Stark,King in the North,1,Northmen,,,,,,House Stark,,0,1,0,0,0,,,,,0,1,,0,0,0,0.010033445,1
1007,1008,0.957,Edmyn Tully,Riverrun,1,Rivermen,,,,,,House Tully,,1,0,1,0,0,,,,,0,1,,0,0,1,0.357859532,1
1008,1009,0.925,Eddara Tallhart,Lady of Torrhen's Square,0,Northmen,289.0,,,,,House Tallhart,,0,1,1,1,1,,,,,0,1,16.0,0,0,0,0.040133779,1
1009,1010,0.261,Edrick Stark,King in the North,1,Northmen,,,,,,House Stark,,0,1,0,0,1,,,,,0,1,,0,0,0,0.026755853,1
1010,1011,0.468,Edwyd Fossoway,Ser,1,,,299.0,,,,House Fossoway of Cider Hall,,0,1,0,0,0,,,,,0,1,,0,0,0,0.023411371,0
1011,1012,0.015,Edwyn Stark,King in the North,0,Northmen,,,,,,House Stark,,0,1,0,0,0,,,,,0,1,,0,0,0,0.010033445,1
1012,1013,0.596,Edwyle Stark,Winterfell,1,Northmen,,,,,,House Stark,Marna Locke,0,1,0,0,0,,,,1.0,1,1,,0,0,0,0.107023411,1
1013,1014,0.333,Elder Brother,Ser,1,,255.0,,,,,Faith of the Seven,,0,0,0,1,0,,,,,0,1,50.0,0,0,0,0.076923077,1
1014,1015,0.175,Elbert Arryn,Ser,1,,,282.0,,,,House Arryn,,0,1,0,1,0,,,,,0,1,,0,0,0,0.046822742,0
1015,1016,0.504,Eleanor Mooton,,0,,286.0,,,,,House Mooton,Dickon Tarly,0,0,0,1,1,,,,1.0,1,0,19.0,0,0,0,0.030100334,1
1016,1017,0.296,Ellery Vance,Ser,1,,,,,,,House Vance of Atranta,,0,0,1,1,0,,,,,0,1,,0,0,0,0.026755853,1
1017,1018,0.029,Elron,,0,,,,,,,Night's Watch,,0,1,1,1,1,,,,,0,0,,0,0,0,0.013377926,1
1018,1019,0.046,Elinor Tyrell,,0,,286.0,,,,,House Tyrell,,0,0,1,1,1,,,,,0,0,19.0,0,0,0,0.163879599,1
1019,1020,0.341,Elmar Frey,,1,,290.0,,,,,House Frey,,1,1,1,1,1,,,,,0,0,15.0,0,0,0,0.066889632,1
1020,1021,0.018,Elwood,,0,,,299.0,,,,House Tully,,0,0,1,1,1,,,,,0,0,,0,0,0,0.016722408,0
1021,1022,0.165,Elwood Meadows,Grassy Vale,1,Reach,278.0,,,,,House Meadows,,0,1,1,1,1,,,,,0,1,27.0,0,0,0,0.050167224,1
1022,1023,0.236,Elyana Vypren,,0,,264.0,,,,,House Vypren,Jon Wylde,0,1,1,1,0,,,,1.0,1,0,41.0,0,0,0,0.160535117,1
1023,1024,0.214,Elyn Norridge,,0,,,,,,,House Norridge,Luthor Tyrell,0,0,1,1,0,,,,1.0,1,0,,0,0,0,0.127090301,1
1024,1025,0.177,Emberlei Frey,,0,,296.0,,,,,House Frey,,0,1,1,1,0,,,,,0,0,9.0,0,0,0,0.080267559,1
1025,1026,0.862,Endrew Tarth,Ser,1,,,299.0,,,,House Tarth,,1,1,1,0,0,,,,,0,1,,0,0,0,0.066889632,0
1026,1027,0.99,Eroeh,,0,Lhazareen,,298.0,,,,,,1,1,0,0,1,,,,,0,0,,0,0,0,0.033444816,0
1027,1028,0.185,Eon Hunter,Longbow Hall,1,,,300.0,,,,House Hunter,,1,1,1,1,1,,,,,0,1,,0,0,0,0.046822742,0
1028,1029,0.182,Ermesande Hayford,Hayford,0,,298.0,,,,,House Hayford,Tyrek Lannister,0,1,1,1,1,,,,0.0,1,1,7.0,0,0,0,0.113712375,1
1029,1030,0.191,Erena Glover,,0,Northmen,297.0,,,,,House Glover,,0,1,1,1,0,,,,,0,0,8.0,0,0,0,0.053511706,1
1030,1031,0.187,Erren Florent,Ser,1,,,,,,,House Florent,,0,1,1,1,0,,,,,0,1,,0,0,0,0.086956522,1
1031,1032,0.02,Eustace Brune,Dyre Den,1,,,,,,,House Brune of the Dyre Den,,0,0,0,1,0,,,,,0,1,,0,0,0,0.016722408,1
1032,1033,0.027,Eustace Hunter,Ser,0,,,,,,,House Hunter,,0,0,0,1,1,,,,,0,1,,0,0,0,0.023411371,1
1033,1034,0.009,Eyron Stark,King in the North,1,Northmen,,,,,,House Stark,,0,1,0,0,0,,,,,0,1,,0,0,0,0.010033445,1
1034,1035,0.045,Ferrego Antaryon,Sealord,1,Braavosi,,,,,,,,0,0,0,1,1,,,,,0,1,,0,0,0,0.016722408,1
1035,1036,0.386,Forley Prester,Ser,1,,,,,,,House Prester,,1,1,1,1,0,,,,,0,1,,0,0,0,0.063545151,1
1036,1037,0.048,Franklyn Fowler,Skyreach,1,Dornishmen,,,,,,House Fowler,,0,0,0,1,1,,,,,0,1,,0,0,0,0.02006689,1
1037,1038,0.663,Flement Brax,Ser,1,,,,,,,House Brax,Morya Frey,1,1,1,1,1,,,,1.0,1,1,,0,0,0,0.140468227,1
1038,1039,0.182,Frenken,Maester,0,,,,,,,,,0,1,1,1,1,,,,,0,1,,0,0,0,0.043478261,1
1039,1040,0.745,Franklyn Frey,Ser,1,Rivermen,,,,,,House Frey,,0,0,0,0,0,,,,,0,1,,0,0,0,0.036789298,1
1040,1041,0.017,Gareth Clifton,Ser,1,,,,,,,House Clifton,Jeyne Farman,0,0,0,1,0,,,,1.0,1,1,,0,0,0,0.013377926,1
1041,1042,0.018,Garrison Prester,Feastfires,1,,,,,,,House Prester,,0,0,0,1,1,,,,,0,1,,0,0,0,0.013377926,1
1042,1043,0.264,Garth of Greenaway,,1,,,300.0,,,,Night's Watch,,0,0,1,1,1,,,,,0,0,,0,0,0,0.030100334,0
1043,1044,0.116,Garrett Flowers,,0,,,,,,,House Tyrell,,1,1,1,1,1,,,,,0,0,,0,0,0,0.130434783,1
1044,1045,0.184,Garse Goodbrook,Ser,1,,,,,,,House Goodbrook,Kyra Frey,0,1,1,1,0,,,,1.0,1,1,,0,0,0,0.066889632,1
1045,1046,0.122,Garse Flowers,,1,,,,,,,House Tyrell,,1,1,1,1,1,,,,,0,0,,0,0,0,0.130434783,1
1046,1047,0.848,Garth Greenfield,Knight,0,Westerman,,,,,,House Greenfield,,1,0,1,1,1,,,,,0,1,,0,0,0,0.030100334,1
1047,1048,0.233,Garth Greyfeather,,1,,,300.0,,,,Night's Watch,,0,0,1,1,1,,,,,0,0,,0,0,0,0.050167224,0
1048,1049,0.712,Gawen Swann,Stonehelm,1,,152.0,,,,,House Swann,,0,0,0,0,0,,,,,0,1,100.0,0,0,0,0.016722408,0
1049,1050,0.205,Gawen Glover,,1,Northmen,295.0,,,,,House Glover,,0,1,1,1,0,,,,,0,0,10.0,0,0,0,0.046822742,1
1050,1051,0.204,Gawen Wylde,Ser,1,,,283.0,,,,House Wylde,,0,1,0,0,0,,,,,0,1,,0,0,0,0.013377926,0
1051,1052,0.102,Garth Tyrell,Lord Seneschal,1,,,,,,,House Tyrell,,1,1,1,1,1,,,,,0,1,,0,0,0,0.163879599,1
1052,1053,0.784,Gendel,King-Beyond-the-Wall,1,Free Folk,,,,,,,,0,1,1,0,0,,,,,0,1,,0,0,0,0.056856187,1
1053,1054,0.694,Gawen Westerling,Crag,1,Westermen,,,,,,House Westerling,Sybell Spicer,1,1,1,1,1,,,,1.0,1,1,,0,0,0,0.08361204,1
1054,1055,0.317,Gerald Gower,Ser,0,,,,,,,House Gower,,0,0,1,1,1,,,,,0,1,,0,0,0,0.023411371,1
1055,1056,0.282,Gerold Grafton,Gulltown,1,,,,,,,House Grafton,,0,0,0,1,1,,,,,0,1,,0,0,0,0.023411371,1
1056,1057,0.967,Gerardys,Grand Maester,1,,,130.0,,,,Blacks,,0,0,1,0,0,,,,,0,1,,0,0,0,0.023411371,0
1057,1058,0.506,Gilbert Farring,Ser,1,,,,,,,House Farring,,0,0,1,1,1,,,,,0,1,,0,0,0,0.046822742,1
1058,1059,0.242,Glendon Hewett,Ser,1,,,,,,,House Hewett,,0,0,1,1,1,,,,,0,1,,0,0,0,0.026755853,1
1059,1060,0.722,Gilwood Hunter,Ser,1,,250.0,,,,,House Hunter,,0,0,1,1,1,,,,,0,1,55.0,0,0,0,0.040133779,1
1060,1061,0.725,Godric Borrell,Sweetsister,1,Sistermen,,,,,,House Borrell,,0,0,0,1,1,,,,,0,1,,0,0,0,0.086956522,1
1061,1062,0.021,Goodwin,Ser,1,,,,,,,House Tarth,,0,0,0,1,0,,,,,0,1,,0,0,0,0.006688963,1
1062,1063,0.869,Gormon Peake,Starpike,1,,,211.0,,,,House Peake,,0,0,0,0,0,,,,,0,1,,0,0,0,0.060200669,0
1063,1064,0.914,Gorne,King-Beyond-the-Wall,1,Free Folk,,,,,,,,0,1,1,0,0,,,,,0,1,,0,0,0,0.053511706,1
1064,1065,0.543,Gormon Tyrell,Maester,1,,,,,,,Citadel,,1,1,1,1,1,,,,,0,1,,0,0,0,0.153846154,1
1065,1066,0.004,Grazdan mo Eraz,,0,Ghiscari,,,,,,Wise Masters,,0,0,1,1,1,,,,,0,0,,0,0,0,0.023411371,1
1066,1067,0.999,Grazdan mo Ullhor,Good Master,1,Astapori,,299.0,,,,Good Masters,,0,0,1,0,0,,,,,0,1,,0,0,0,0.030100334,0
1067,1068,0.125,Grazdar zo Galare,Cupbearer,1,Ghiscari,,,,,,House of Galare,,0,0,0,0,1,,,,,0,1,,0,0,0,0.010033445,1
1068,1069,0.092,Grubbs,,0,,,300.0,,,,Night's Watch,,0,0,1,1,1,,,,,0,0,,0,0,0,0.02006689,0
1069,1070,0.032,Gueren,,1,,,,,,,Night's Watch,,1,1,1,1,0,,,,,0,0,,0,0,0,0.013377926,1
1070,1071,0.805,Guncer Sunglass,Sweetport Sound,1,,,299.0,,,,House Sunglass,,0,1,1,0,0,,,,,0,1,,0,0,0,0.040133779,0
1071,1072,0.851,Gulian Swann,Stonehelm,1,,259.0,,,,,House Swann,,0,1,1,0,0,,,,,0,1,46.0,0,0,0,0.033444816,1
1072,1073,0.02,Guthor Grimm,Lord of Greyshield,1,,,,,,,House Grimm,,0,0,0,1,1,,,,,0,1,,0,0,0,0.016722408,1
1073,1074,0.242,Gunthor Hightower,Ser,0,,,,,,,House Hightower,Jeyne Fossoway,0,0,0,1,0,,,,1.0,1,1,,0,0,0,0.053511706,1
1074,1075,0.799,Gyldayn,Archmaester,1,,,,,,,The Citadel,,0,0,0,0,0,,,,,0,1,,0,0,0,0.157190635,1
1075,1076,0.783,Gwayne Hightower,Ser,1,,88.0,130.0,,,,House Hightower,,0,0,0,0,0,,,,,0,1,42.0,0,0,0,0.050167224,0
1076,1077,0.253,Hairy Hal,,0,,,300.0,,,,Night's Watch,,0,0,1,1,1,,,,,0,0,,0,0,0,0.033444816,0
1077,1078,0.833,Hake,,1,,,299.0,,,,Night's Watch,,1,1,1,0,0,,,,,0,0,,0,0,0,0.026755853,0
1078,1079,0.765,Halder,,1,,281.0,,,,,Night's Watch,,1,1,1,1,1,,,,,0,0,24.0,0,0,0,0.060200669,1
1079,1080,0.142,Hallis Mollen,Winterfell,1,Northmen,,,,,,House Mollen,,1,1,1,1,0,,,,,0,1,,0,0,0,0.070234114,1
1080,1081,0.014,Halmon Paege,Ser,1,,,,,,,House Paege,,0,1,1,1,1,,,,,0,1,,0,0,0,0.016722408,1
1081,1082,0.282,Harbert,Ser,1,,,,,,,House Baratheon,,0,1,0,0,0,,,,,0,1,,0,0,0,0.023411371,1
1082,1083,0.357,Harlan Hunter,Ser,1,,,,,,,House Hunter,,1,0,0,1,1,,,,,0,1,,0,0,0,0.026755853,1
1083,1084,0.563,Harlen Tyrell,High Steward of Highgarden,1,Reach,,5.0,,,,House Tyrell,,1,0,0,0,0,,,,,0,1,,0,0,0,0.063545151,0
1084,1085,0.107,Harmond Umber,Last Hearth,0,Northmen,,,,,,House Umber,,1,0,0,0,0,,,,,0,1,,0,0,0,0.016722408,1
1085,1086,0.684,Harmune,Maester,1,,,,,,,Night's Watch,,0,0,1,1,1,,,,,0,1,,0,0,0,0.043478261,1
1086,1087,0.871,Harrold Westerling,Ser,1,Westermen,,112.0,,,,House Westerling,,0,0,0,0,0,,,,,0,1,,0,0,0,0.27090301,0
1087,1088,0.021,Harwood Fell,Felwood,1,,,300.0,,,,House Fell,,0,0,0,1,1,,,,,0,1,,0,0,0,0.030100334,0
1088,1089,0.83,Harwin Strong,Ser,1,,90.0,120.0,,,,House Strong,,0,0,0,0,0,,,,,0,1,30.0,0,0,0,0.086956522,0
1089,1090,0.034,Harwood Stout,Goldgrass,1,Northmen,,,,,,House Stout,,0,0,0,1,1,,,,,0,1,,0,0,0,0.053511706,1
1090,1091,0.276,Harys Haigh,Ser,1,,254.0,,,,,House Haigh,,0,1,1,1,0,,,,,0,1,51.0,0,0,0,0.090301003,1
1091,1092,0.514,Helman Tallhart,Ser,1,Northmen,,299.0,,,,House Tallhart,,1,1,1,1,1,,,,,0,1,,0,0,0,0.130434783,0
1092,1093,0.534,Lord Commander Hoare,Lord Commander of the Night's Watch,1,,,,,,,House Hoare,,1,0,0,0,0,,,,,0,1,,0,0,0,0.060200669,1
1093,1094,0.233,Hobber Redwyne,Ser,1,Reach,,,,,,House Redwyne,,1,1,1,1,1,,,,,0,1,,0,0,0,0.214046823,1
1094,1095,0.613,Hoarfrost Umber,Last Hearth,1,Northmen,,,,,,House Umber,,0,0,0,0,1,,,,,0,1,,0,0,0,0.02006689,1
1095,1096,0.34,Hosman Norcross,Ser,1,,,,,,,House Norcross,Delena Florent,0,1,1,1,0,,,,1.0,1,1,,0,0,0,0.076923077,1
1096,1097,0.24,Hoster Frey,,1,,287.0,,,,,House Frey,,0,1,1,1,0,,,,,0,0,18.0,0,0,0,0.090301003,1
1097,1098,0.258,Horas Redwyne,Ser,1,Reach,,,,,,House Redwyne,,1,1,1,1,1,,,,,0,1,,0,0,0,0.217391304,1
1098,1099,0.402,Hubard Rambton,Ser,1,,,299.0,,,,House Rambton,,0,1,1,0,0,,,,,0,1,,0,0,0,0.02006689,0
1099,1100,0.152,Horton Redfort,Redfort,1,Valemen,,,,,,House Redfort,,0,0,1,1,1,,,,,0,1,,0,0,0,0.046822742,1
1100,1101,0.084,Hotho Harlaw,Tower of Glimmering,1,Ironborn,,,,,,House Harlaw of the Tower of Glimmering,,0,0,0,1,1,,,,,0,1,,0,0,0,0.076923077,1
1101,1102,0.948,Hugo Wull,Big BucketThe Wull,1,Northern mountain clans,,,,,,House Wull,,0,0,0,1,1,,,,,0,1,,0,0,0,0.036789298,1
1102,1103,0.83,Hugor of the Hill,King of the Andals,1,Andals,,,,,,,,0,0,0,0,1,,,,,0,1,,0,0,0,0.050167224,1
1103,1104,0.024,Hugo Vance,Ser,1,,,,,,,House Vance of Atranta,,0,0,1,1,0,,,,,0,1,,0,0,0,0.026755853,1
1104,1105,0.716,Hullen,Winterfell,1,Northmen,,298.0,,,,House Stark,,1,1,1,0,1,,,,,0,1,,0,0,0,0.060200669,0
1105,1106,0.397,Humfrey Beesbury,Ser,1,,,209.0,,,,House Beesbury,,0,0,0,0,0,,,,,0,1,,0,0,0,0.026755853,0
1106,1107,0.819,Humfrey Hardyng,Ser,1,,,209.0,,,,House Hardyng,,0,0,0,0,0,,,,,0,1,,0,0,0,0.053511706,0
1107,1108,0.002,Humfrey Swyft,Ser,0,,,,,,,House Swyft,,0,0,0,1,1,,,,,0,1,,0,0,0,0.010033445,1
1108,1109,0.016,Humfrey Wagstaff,Ser,0,,230.0,,,,,House Wagstaff,,0,0,0,1,0,,,,,0,1,75.0,0,0,0,0.016722408,1
1109,1110,0.32,Igon Vyrwel,,0,,,,,,,House Vyrwel,,1,1,1,1,1,,,,,0,0,,0,0,0,0.026755853,1
1110,1111,0.739,Jacks,,0,northmen,,,,,,House Stark,,1,1,1,1,0,,,,,0,0,,0,0,0,0.033444816,1
1111,1112,0.409,Janei Lannister,,0,,296.0,,,,,House Lannister,,1,1,1,1,1,,,,,0,0,9.0,0,0,0,0.100334448,1
1112,1113,0.191,Jammos Frey,Ser,1,,266.0,,,,,House Frey,Sallei Paege,0,1,1,1,1,,,,1.0,1,1,39.0,0,0,0,0.090301003,1
1113,1114,0.219,Janna Tyrell,,0,,,,,,,House Tyrell,Jon Fossoway,1,1,1,1,1,,,,1.0,1,0,,0,0,0,0.177257525,1
1114,1115,0.979,Jaremy Rykker,First Ranger,1,,,298.0,,,,Night's Watch,,1,1,1,0,1,,,,,0,1,,0,0,0,0.060200669,0
1115,1116,0.287,Jarl,,1,Free Folk,,299.0,,,,,,0,0,1,1,1,,,,,0,0,,0,0,0,0.050167224,0
1116,1117,0.789,Jason Lannister,Ser,1,,,130.0,,,,House Lannister,Johanna Lannister,0,0,0,0,0,,,,1.0,1,1,,0,0,0,0.046822742,0
1117,1118,0.598,Jasper Arryn,Eyrie,1,,,,,,,House Arryn,,0,0,0,1,0,,,,,0,1,,1,1,0,0.043478261,1
1118,1119,0.175,Jasper Redfort,Ser,0,Valemen,,,,,,House Redfort,,0,0,0,1,1,,,,,0,1,,0,0,0,0.023411371,1
1119,1120,0.274,Jeren,,1,,,,,,,Night's Watch,,1,1,1,1,1,,,,,0,0,,0,0,0,0.02006689,1
1120,1121,0.777,Jeyne Arryn,Eyrie,0,Vale,,134.0,,,,House Arryn,,0,0,0,0,0,,,,,0,1,,0,0,0,0.033444816,0
1121,1122,0.596,Jeyne Beesbury,,0,,,,,,,House Beesbury,Rhaegar Frey,0,1,1,1,0,,,,0.0,1,0,,0,0,0,0.060200669,1
1122,1123,0.94,Jeyne Darry,,1,Westeros,,,,,,House Darry,Cleos Frey,0,0,1,1,0,,,,0.0,1,0,,0,0,0,0.076923077,1
1123,1124,0.096,Jeyne Goodbrook,,0,,293.0,,,,,House Goodbrook,,0,1,1,1,0,,,,,0,0,12.0,0,0,0,0.063545151,1
1124,1125,0.183,Jeyne Rivers,,0,,,,,,,House Frey,,0,1,1,1,1,,,,,0,0,,0,0,0,0.02006689,1
1125,1126,0.303,Jeyne Lydden,,0,,,,,,,House Lydden,Stevron Frey,0,1,1,1,0,,,,0.0,1,0,,0,0,0,0.100334448,1
1126,1127,0.275,Joffrey Lonmouth,Ser,1,,99.0,114.0,,,,House Lonmouth,,0,0,0,0,0,,,,,0,1,15.0,0,0,0,0.023411371,0
1127,1128,0.99,Joffrey Caswell,Bitterbridge,1,,190.0,,,,,House Caswell,,0,0,0,0,0,,,,,0,1,100.0,0,0,0,0.023411371,0
1128,1129,0.02,Jon Bettley,Ser,0,,,,,,,House Bettley,,0,0,0,1,1,,,,,0,1,,0,0,0,0.016722408,1
1129,1130,0.233,Jon Brax,,0,,296.0,,,,,House Brax,,0,1,1,1,0,,,,,0,0,9.0,0,0,0,0.113712375,1
1130,1131,0.021,Jon Lynderly,Lord of the Snakewood,0,,,,,,,House Lynderly,,0,0,0,1,1,,,,,0,1,,0,0,0,0.023411371,1
1131,1132,0.003,Jon Myre,,0,Ironborn,,,,,,House Myre,,0,0,1,1,1,,,,,0,0,,0,0,0,0.023411371,1
1132,1133,0.233,Jon Redfort,Ser,0,Valemen,,,,,,House Redfort,,0,0,0,1,1,,,,,0,1,,0,0,0,0.023411371,1
1133,1134,0.249,Jon Wylde,Ser,1,,,,,,,House Wylde,Elyana Vypren,0,1,1,1,0,,,,1.0,1,1,,0,0,0,0.160535117,1
1134,1135,0.018,Jonos Stark,King in the North,1,Northmen,,,,,,House Stark,,0,1,0,0,0,,,,,0,1,,0,0,0,0.010033445,1
1135,1136,0.166,Jonos Frey,,0,,291.0,,,,,House Frey,,0,1,1,1,0,,,,,0,0,14.0,0,0,0,0.053511706,1
1136,1137,0.736,Jonnel Stark,Winterfell,1,,,,,,,House Stark,Robyn Ryswell,0,1,0,0,0,,,,1.0,1,1,,0,0,0,0.127090301,1
1137,1138,0.914,Joramun,King-Beyond-the-Wall,1,Free Folk,,,,,,,,0,1,1,0,0,,,,,0,1,,0,0,0,0.063545151,1
1138,1139,0.014,Jorah Stark,King in the North,1,Northmen,,,,,,House Stark,,0,1,0,0,0,,,,,0,1,,0,0,0,0.010033445,1
1139,1140,0.616,Jonothor Darry,Ser,1,,,283.0,,,,House Darry,,0,0,1,1,0,,,,,0,1,,1,1,0,0.046822742,0
1140,1141,0.177,Jorelle Mormont,,0,Northmen,278.0,,,,,House Mormont,,0,0,0,1,1,,,,,0,0,27.0,0,0,0,0.040133779,1
1141,1142,0.006,Jyana,,0,Crannogmen,,,,,,House Reed,Howland Reed,0,0,0,1,1,,,,1.0,1,0,,0,0,0,0.02006689,1
1142,1143,0.324,Joy Hill,,0,,288.0,,,,,House Lannister,,1,1,1,1,1,,,,,0,0,17.0,0,0,0,0.10367893,1
1143,1144,0.235,Jyanna Frey,,0,,,,,,,House Frey,Benfrey Frey,0,1,1,1,0,,,,0.0,1,0,,0,0,0,0.050167224,1
1144,1145,0.367,Kaeth,Grand Maester,1,,175.0,257.0,,,,,,0,0,1,1,0,,,,,0,1,82.0,0,0,0,0.260869565,0
1145,1146,0.014,Jynessa Blackmont,,0,Dornish,,,,,,House Blackmont,,0,0,1,1,0,,,,,0,0,,0,0,0,0.02006689,1
1146,1147,0.085,Karlon Stark,Karl's Hold,1,Northmen,,,,,,House Stark,,0,0,1,0,0,,,,,0,1,,0,0,0,0.016722408,1
1147,1148,0.204,Kedge Whiteye,,1,,251.0,,,,,Night's Watch,,0,1,1,1,1,,,,,0,0,54.0,0,0,0,0.036789298,1
1148,1149,0.323,Kennos of Kayce,Ser,1,,,,,,,House Kenning of Kayce,,0,0,1,1,1,,,,,0,1,,0,0,0,0.033444816,1
1149,1150,0.241,Kezmya,Cupbearer,0,Ghiscari,,,,,,House of Pahl,,0,0,0,0,1,,,,,0,1,,0,0,0,0.016722408,1
1150,1151,0.306,Kyra,,1,,280.0,300.0,,,,House Stark,,1,1,0,1,1,,,,,0,0,20.0,0,0,0,0.053511706,0
1151,1152,0.236,Kyra Frey,,0,,262.0,,,,,House Frey,Garse Goodbrook,0,1,1,1,0,,,,1.0,1,0,43.0,0,0,0,0.066889632,1
1152,1153,0.032,Lambert Turnberry,Ser,1,,,,,,,House Turnberry,,0,0,0,1,1,,,,,0,1,,0,0,0,0.016722408,1
1153,1154,0.783,Lark,,1,Sistermen,,299.0,,,,Night's Watch,,0,1,1,0,0,,,,,0,0,,0,0,0,0.040133779,0
1154,1155,0.403,Larence Snow,,1,Northmen,286.0,,,,,House Hornwood,,0,1,1,1,0,,,,,0,0,19.0,0,0,0,0.060200669,1
1155,1156,0.316,Larra Blackmont,Blackmont,0,Dornish,,,,,,House Blackmont,,0,0,1,1,1,,,,,0,1,,0,0,0,0.026755853,1
1156,1157,0.132,Lanna Lannister,,0,,,,,,,House Lannister,Antario Jast,0,0,1,1,1,,,,1.0,1,0,,0,0,0,0.073578595,1
1157,1158,0.817,Leathers,Master-at-Arms,1,Wildling,259.0,,,,,Night's Watch,,0,0,0,0,1,,,,,0,1,46.0,0,0,0,0.050167224,1
1158,1159,0.049,Left Hand Lew,,1,,,,,,,Night's Watch,,0,0,1,1,1,,,,,0,0,,0,0,0,0.016722408,1
1159,1160,0.71,Leo Lefford,Golden Tooth,1,,,299.0,,,,House Lefford,,1,1,1,1,1,,,,,0,1,,0,0,0,0.056856187,0
1160,1161,0.337,Leo Blackbar,Ser,1,,,,,,,House Blackbar,Olene Tyrell,0,0,1,1,0,,,,1.0,1,1,,0,0,0,0.127090301,1
1161,1162,0.441,Leona Woolfield,,0,,,,,,,House Woolfield,Wylis Manderly,0,0,0,1,1,,,,1.0,1,0,,0,0,0,0.046822742,1
1162,1163,0.257,Leonette Fossoway,Lady,0,,,,,,,House Fossoway,Garlan Tyrell,0,0,1,1,1,,,,1.0,1,1,,0,0,0,0.173913043,1
1163,1164,0.774,Leonella Lefford,,0,,,,,,,House Lefford,Lothar Frey,0,1,1,1,0,,,,1.0,1,0,,0,0,0,0.080267559,1
1164,1165,0.021,Lester Morrigen,Lord of Crows Nest,0,,,,,,,House Morrigen,,0,0,1,1,1,,,,,0,1,,0,0,0,0.023411371,1
1165,1166,0.145,Lewys the Fishwife,,0,,,,,,,House Baratheon of Dragonstone,,0,0,0,0,0,,,,,0,0,,0,0,0,0.0,1
1166,1167,0.32,Lewys Lydden,Lord of the Deep Den,0,,,,,,,House Lydden,,1,1,1,1,1,,,,,0,1,,0,0,0,0.036789298,1
1167,1168,0.246,Leslyn Haigh,Ser,0,,,,,,,House Haigh,Perriane Frey,0,1,1,1,1,,,,1.0,1,1,,0,0,0,0.086956522,1
1168,1169,0.255,Lomas Estermont,Ser,0,Stormlands,,,,,,House Estermont,,0,1,1,1,1,,,,,0,1,,0,0,0,0.033444816,1
1169,1170,0.785,Lorent Marbrand,Ser,1,Westerman,,130.0,,,,House Marbrand,,0,0,0,0,0,,,,,0,1,,0,0,0,0.073578595,0
1170,1171,0.166,Loreza Sand,,0,Dorne,293.0,,,,,House Martell,,0,0,1,1,1,,,,,0,0,12.0,1,1,0,0.107023411,1
1171,1172,0.442,Lothar Mallery,Lord,0,,,298.0,,,,House Mallery,,1,0,1,0,0,,,,,0,1,,0,0,0,0.016722408,0
1172,1173,0.008,Lucas Corbray,Ser,0,,,,,,,House Corbray,,0,0,0,1,1,,,,,0,1,,0,0,0,0.013377926,1
1173,1174,0.004,Lucas Codd,,0,Ironborn,,,,,,House Codd,,0,0,0,1,1,,,,,0,0,,0,0,0,0.023411371,1
1174,1175,0.274,Luceon Frey,Septon,1,,249.0,,,,,Faith of the Seven,,0,1,1,1,1,,,,,0,0,56.0,0,0,0,0.076923077,1
1175,1176,0.395,Lucias Vypren,Lord,1,,,,,,,House Vypren,Lythene Frey,0,1,1,1,1,,,,1.0,1,1,,0,0,0,0.163879599,1
1176,1177,0.04,Lucos Chyttering,Lord,1,,283.0,,,,,House Chyttering,,0,0,1,1,0,,,,,0,1,22.0,0,0,0,0.02006689,1
1177,1178,0.294,Lucion Lannister,Ser,0,,,,,,,House Lannister,,0,0,1,1,1,,,,,0,1,,0,0,0,0.066889632,1
1178,1179,0.788,Luthor Tyrell,Lord Paramount of the Mander,1,Reach,,,,,,House Tyrell,Olenna Redwyne,0,0,1,0,0,,,,1.0,1,1,,1,1,0,0.170568562,1
1179,1180,0.49,Lyanna Mormont,,1,Northmen,290.0,,,,,House Mormont,,0,0,0,1,1,,,,,0,0,15.0,1,1,0,0.056856187,1
1180,1181,0.745,Lyessa Flint,Widow's Watch,0,Northmen,,,,,,House Flint of Widow's Watch,,0,1,1,1,1,,,,,0,1,,0,0,0,0.036789298,1
1181,1182,0.914,Lyman Beesbury,Master of coin,1,,48.0,129.0,,,,House Beesbury,,0,0,0,0,0,,,,,0,1,81.0,0,0,0,0.260869565,0
1182,1183,0.239,Lymond Goodbrook,Lord,1,,,,,,,House Goodbrook,,0,0,1,1,1,,,,,0,1,,0,0,0,0.026755853,1
1183,1184,0.967,Lyman Darry,Lord of Darry,0,,290.0,299.0,,,,House Darry,,1,1,0,0,0,,,,,0,1,9.0,0,0,0,0.056856187,0
1184,1185,0.013,Lymond Lychester,Castle Lychester,1,Rivermen,,,,,,House Lychester,,0,0,1,1,0,,,,,0,1,,0,0,0,0.023411371,1
1185,1186,0.261,Lymond Vikary,Ser,1,,,,,,,House Vikary,,0,1,1,1,1,,,,,0,1,,0,0,0,0.026755853,1
1186,1187,0.079,Lyonel Selmy,Ser,1,,,,,,,House Selmy,,0,0,1,0,0,,,,,0,1,,0,0,0,0.016722408,1
1187,1188,0.248,Aggo,,0,Dothraki,,,,,,House Targaryen,,1,1,1,1,1,,,,,0,0,,0,0,0,0.133779264,1
1188,1189,0.203,Alys Karstark,,0,Northmen,284.0,,,,,House Karstark,Sigorn,0,0,1,1,1,,,,1.0,1,0,21.0,0,0,0,0.157190635,1
1189,1190,0.537,Cleos Frey,Ser,1,,258.0,299.0,,,,House Frey,Jeyne Darry,1,1,1,1,1,,,,1.0,1,1,41.0,0,0,0,0.247491639,0
1190,1191,0.579,Dontos Hollard,Ser,1,,261.0,300.0,,,,House Hollard,,1,1,1,1,0,,,,,0,1,39.0,0,0,0,0.230769231,0
1191,1192,0.471,Craster,,1,Free Folk,,299.0,,,,,,0,1,1,1,1,,,,,0,0,,0,0,0,0.170568562,0
1192,1193,0.215,Dale Seaworth,Wraith,1,,,299.0,,,,House Seaworth,,0,1,1,1,1,,,,,0,1,,0,0,0,0.070234114,0
1193,1194,0.186,Denys Mallister,Ser,1,,245.0,,,,,House Mallister,,1,1,1,1,1,,,,,0,1,60.0,0,0,0,0.130434783,1
1194,1195,0.563,Edric Storm,,1,,287.0,,,,,House Baratheon,,1,1,1,1,1,,,,,0,0,18.0,0,0,0,0.284280936,1
1195,1196,0.69,Hosteen Frey,Ser,1,,249.0,,,,,House Frey,Bellena Hawick,1,1,1,1,1,,,,1.0,1,1,56.0,0,0,0,0.274247492,1
1196,1197,0.119,Lyonel Corbray,Heart's Home,1,,260.0,,,,,House Corbray,,0,0,0,1,1,,,,,0,1,45.0,0,0,0,0.080267559,1
1197,1198,0.325,Lyonel Frey,Ser,0,,259.0,,,,,House Frey of Riverrun,Melesa Crakehall,0,1,1,1,1,,,,1.0,1,1,46.0,0,0,0,0.063545151,1
1198,1199,0.999,Lyonel Strong,Harrenhal,1,,,120.0,,,,House Strong,1st: unknown2nd: unknown3rd: unknown,0,0,0,0,0,,,,1.0,1,1,,0,0,0,0.334448161,0
1199,1200,0.274,Lythene Frey,,0,,251.0,,,,,House Frey,Lucias Vypren,0,1,1,1,1,,,,1.0,1,0,54.0,0,0,0,0.160535117,1
1200,1201,0.066,Lyra Mormont,,0,Northmen,277.0,,,,,House Mormont,,0,0,0,1,1,,,,,0,0,28.0,0,0,0,0.040133779,1
1201,1202,0.328,Maegelle Frey,,0,,249.0,,,,,House Frey,Dafyn Vance,0,1,1,1,0,,,,1.0,1,0,56.0,0,0,0,0.107023411,1
1202,1203,0.692,Mallador Locke,Ser,1,,,299.0,,,,Night's Watch,,0,1,1,0,0,,,,,0,1,,0,0,0,0.026755853,0
1203,1204,0.24,Malwyn Frey,,1,,284.0,,,,,House Frey,,0,1,1,1,0,,,,,0,0,21.0,0,0,0,0.137123746,1
1204,1205,0.011,Manfrey Martell,Ser,0,Dornishmen,,,,,,House Martell,,0,0,0,1,1,,,,,0,1,,0,0,0,0.023411371,1
1205,1206,0.415,Margot Lannister,Starpike,0,,,,,,,House Lannister,Titus Peake,0,0,1,1,1,,,,1.0,1,1,,0,0,0,0.02006689,1
1206,1207,0.288,Maric Seaworth,Oarmaster,1,,,299.0,,,,House Seaworth,,0,1,1,1,1,,,,,0,1,,0,0,0,0.063545151,0
1207,1208,0.253,Marianne Vance,,0,,262.0,,,,,House Vance,,0,1,1,1,0,,,,,0,0,43.0,0,0,0,0.10367893,1
1208,1209,0.901,Mariya Darry,,0,,,,,,,House Darry,Merrett Frey,0,1,1,1,0,,,,0.0,1,0,,0,0,0,0.190635452,1
1209,1210,0.183,Marissa Frey,,0,,286.0,,,,,House Frey,,0,1,1,1,0,,,,,0,0,19.0,0,0,0,0.160535117,1
1210,1211,0.095,Maron Martell,Prince of Dorne,1,Dornish,,,,,,House Martell,Daenerys Targaryen,0,0,0,1,1,,,,1.0,1,1,,5,1,0,0.036789298,1
1211,1212,0.061,Maron Volmark,Volmark,1,Ironborn,283.0,,,,,House Volmark,,0,0,1,1,1,,,,,0,1,22.0,0,0,0,0.043478261,1
1212,1213,0.343,Marq Rankenfell,Lord Commander of the Night's Watch,1,,,,,,,Night's Watch,,0,0,1,0,0,,,,,0,1,,0,0,0,0.050167224,1
1213,1214,0.133,Marsella Waynwood,,0,,,,,,,House Waynwood,Stevron Frey,0,1,1,1,0,,,,0.0,1,0,,0,0,0,0.096989967,1
1214,1215,0.942,Matarys Targaryen,Prince,1,,184.0,209.0,,,,House Targaryen,,0,0,0,0,0,,,,,0,1,25.0,0,0,0,0.100334448,0
1215,1216,0.462,Martyn Rivers,,0,,,,,,,House Frey,,1,1,1,1,1,,,,,0,0,,0,0,0,0.030100334,1
1216,1217,0.517,Martyn Lannister,,1,,285.0,,,,,House Lannister,,0,1,1,1,1,,,,,0,0,20.0,5,1,0,0.137123746,1
1217,1218,0.032,Marwyn Belmore,Ser,1,,,,,,,House Belmore,,0,1,1,1,0,,,,,0,1,,0,0,0,0.023411371,1
1218,1219,0.255,Mathis Frey,,0,,294.0,,,,,House Frey,,0,1,1,1,0,,,,,0,0,11.0,0,0,0,0.08361204,1
1219,1220,0.117,Matthar,,1,,,,,,,Night's Watch,,1,1,1,1,1,,,,,0,0,,0,0,0,0.023411371,1
1220,1221,0.139,Mawney,,1,,,300.0,,,,Night's Watch,,0,0,1,1,1,,,,,0,0,,0,0,0,0.023411371,0
1221,1222,0.64,Medgar Tully,Lord Paramount of the Trident,1,Rivermen,,209.0,,,,House Tully,,0,0,0,0,0,,,,,0,1,,0,0,0,0.016722408,0
1222,1223,0.999,Medger Cerwyn,Cerwyn,1,Northmen,,299.0,,,,House Cerwyn,,1,1,0,0,0,,,,,0,1,,1,1,0,0.063545151,0
1223,1224,0.08,Megga Tyrell,,0,,286.0,,,,,House Tyrell,,0,0,1,1,1,,,,,0,0,19.0,0,0,0,0.153846154,1
1224,1225,0.006,Meldred Merlyn,Lord of Pebbleton,0,Ironborn,,,,,,House Merlyn,,0,1,1,1,1,,,,,0,1,,0,0,0,0.023411371,1
1225,1226,0.357,Melesa Crakehall,,0,,,,,,,House Crakehall,Lyonel Frey,0,1,1,1,0,,,,1.0,1,0,,0,0,0,0.050167224,1
1226,1227,0.022,Melara Crane,,0,,,,,,,House Crane,Alester Florent,0,1,1,1,0,,,,0.0,1,0,,0,0,0,0.066889632,1
1227,1228,0.231,Melessa Florent,,0,,,,,,,House Florent,Randyll Tarly,0,1,1,1,0,,,,1.0,1,0,,0,0,0,0.086956522,1
1228,1229,0.017,Mellara Rivers,,0,,,,,,,House Frey,,0,1,1,1,1,,,,,0,0,,0,0,0,0.016722408,1
1229,1230,0.456,Melwyn Sarsfield,Ser,1,,,,,,,House Sarsfield,Shierle Swyft,0,0,1,1,0,,,,1.0,1,1,,0,0,0,0.030100334,1
1230,1231,0.155,Melwys Rivers,Maester,0,,,,,,,,,0,1,1,1,1,,,,,0,1,,0,0,0,0.023411371,1
1231,1232,0.02,Meredyth Crane,,0,,,,,,,House Crane,,0,0,1,1,1,,,,,0,0,,0,0,0,0.030100334,1
1232,1233,0.183,Merianne Frey,,0,,288.0,,,,,House Frey,,0,1,1,1,0,,,,,0,0,17.0,0,0,0,0.08361204,1
1233,1234,0.203,Merlon Crakehall,Ser,1,,,,,,,House Crakehall,,0,0,1,1,0,,,,,0,1,,0,0,0,0.026755853,1
1234,1235,0.019,Mezzara,Cupbearer,1,Ghiscari,,,,,,House of Merreq,,0,0,0,0,1,,,,,0,1,,0,0,0,0.016722408,1
1235,1236,0.099,Mina Tyrell,,0,,,,,,,House Tyrell,Paxter Redwyne,1,1,1,1,1,,,,1.0,1,0,,0,0,0,0.163879599,1
1236,1237,0.216,Moelle,Septa,0,,,,,,,Faith of the Seven,,0,0,0,1,1,,,,,0,0,,0,0,0,0.030100334,1
1237,1238,0.049,Monterys Velaryon,Lord of the Tides,1,,293.0,,,,,House Velaryon,,0,0,1,1,0,,,,,0,1,12.0,0,0,0,0.02006689,1
1238,1239,0.009,Moredo Prestayn,Tradesman-Captain,1,Braavosi,,,,,,,,0,0,0,1,0,,,,,0,1,,0,0,0,0.010033445,1
1239,1240,0.884,Monford Velaryon,Lord of the Tides,1,Valyrian,,299.0,,,,House Velaryon,,0,1,1,0,0,,,,,0,1,,0,0,0,0.023411371,0
1240,1241,0.015,Moribald Chester,Greenshield,0,,,,,,,House Chester,,0,0,0,1,1,,,,,0,1,,0,0,0,0.02006689,1
1241,1242,0.277,Morton Waynwood,Ser,1,,,,,,,House Waynwood,,1,1,1,1,1,,,,,0,1,,0,0,0,0.036789298,1
1242,1243,0.247,Morya Frey,Lady,0,,268.0,,,,,House Frey,Flement Brax,0,1,1,1,1,,,,1.0,1,1,37.0,0,0,0,0.120401338,1
1243,1244,0.016,Mullin,Maester,0,,,,,,,Night's Watch,,0,1,1,1,1,,,,,0,1,,0,0,0,0.023411371,1
1244,1245,0.126,Moryn Tyrell,,1,,,,,,,House Tyrell,,1,1,1,1,1,,,,,0,0,,0,0,0,0.140468227,1
1245,1246,0.528,Munda,,1,Free Folk,,,,,,,Longspear Ryk,0,0,1,1,1,,,,1.0,1,0,,0,0,0,0.026755853,1
1246,1247,0.049,Muttering Bill,,1,,,300.0,,,,Night's Watch,,0,0,1,1,1,,,,,0,0,,0,0,0,0.02006689,0
1247,1248,0.666,Mushroom,,1,,,,,,,House Targaryen,,0,0,0,0,0,,,,,0,0,,0,0,0,0.046822742,1
1248,1249,0.884,Murmison,Septon,1,,,41.0,,,,Faith of the Seven,,0,0,1,0,0,,,,,0,0,,0,0,0,0.314381271,0
1249,1250,0.244,Mylenda Caron,,1,,258.0,,,,,House Caron,Petyr Frey,0,1,1,1,0,,,,0.0,1,0,47.0,0,0,0,0.107023411,1
1250,1251,0.865,Myles Smallwood,Hand of the King,1,,,,,,,House Smallwood,,0,0,1,0,0,,,,,0,1,,0,0,0,0.16722408,1
1251,1252,0.298,Myles Mooton,Ser,1,,,283.0,,,,House Mooton,,0,0,1,1,0,,,,,0,1,,0,0,0,0.026755853,0
1252,1253,0.012,Myria Jordayne,,1,Dornish,,,,,,House Jordayne,,0,0,1,1,1,,,,,0,0,,0,0,0,0.013377926,1
1253,1254,0.276,Myles Manwoody,Ser,1,,,,,,,House Manwoody,,0,0,1,1,0,,,,,0,1,,0,0,0,0.026755853,1
1254,1255,0.544,Mysaria,Mistress of whisperers,0,Lysene,,,,,,,,0,0,0,0,0,,,,,0,1,,0,0,0,0.013377926,1
1255,1256,0.409,Myrielle Lannister,,0,,,,,,,House Lannister,,1,1,1,1,1,,,,,0,0,,0,0,0,0.070234114,1
1256,1257,0.002,Noho Dimittis,,1,Braavosi,,,,,,Iron Bank of Braavos,,0,0,0,1,1,,,,,0,0,,0,0,0,0.013377926,1
1257,1258,0.002,Norne Goodbrother,Shatterstone,0,Ironborn,,,,,,House Goodbrother of Shatterstone,,0,1,1,1,1,,,,,0,1,,0,0,0,0.02006689,1
1258,1259,0.264,Norbert Vance,Lord of Atranta,1,,,,,,,House Vance of Atranta,,0,0,1,1,1,,,,,0,1,,0,0,0,0.036789298,1
1259,1260,0.28,Nymella Toland,Ghost Hill,0,Dornish,,,,,,House Toland,,0,0,1,1,1,,,,,0,1,,0,0,0,0.043478261,1
1260,1261,0.203,Nysterica,Septa,0,,,,,,,,,0,0,1,1,1,,,,,0,0,,0,0,0,0.026755853,1
1261,1262,0.014,Ollidor,Septon,1,,,,,,,Faith of the Seven,,0,0,0,1,1,,,,,0,0,,0,0,0,0.016722408,1
1262,1263,0.104,Ollo Lophand,,1,Tyroshi,,300.0,,,,Night's Watch,,0,0,1,1,1,,,,,0,0,,0,0,0,0.036789298,0
1263,1264,0.599,Olyvar Frey,,1,,281.0,,,,,House Frey,,1,1,1,1,1,,,,,0,0,24.0,1,1,0,0.08361204,1
1264,1265,0.032,Omer Blackberry,,0,,,,,,,House Blackberry,,0,0,1,1,1,,,,,0,0,,0,0,0,0.023411371,1
1265,1266,0.107,Olymer Tyrell,Ser,1,,,,,,,House Tyrell,Lysa Meadows,0,0,1,1,0,,,,1.0,1,1,,0,0,0,0.130434783,1
1266,1267,0.63,Ondrew Locke,Lord of Oldcastle,1,Northmen,,,,,,House Locke,,0,1,1,1,1,,,,,0,1,,0,0,0,0.036789298,1
1267,1268,0.017,Orbert Caswell,Lord Commander of the Night's Watch,1,,,0.0,,,,House Caswell,,0,0,0,1,0,,,,,0,1,,0,0,0,0.056856187,0
1268,1269,0.531,Ordello,Magister of Pentos,0,Pentoshi,,299.0,,,,,,0,0,0,0,1,,,,,0,1,,0,0,0,0.013377926,0
1269,1270,0.232,Omer Florent,Maester,0,,,,,,,,,0,1,1,1,0,,,,,0,1,,0,0,0,0.070234114,1
1270,1271,0.008,Orland of Oldtown,,1,,,,,,,House Baratheon of King's Landing,,0,0,1,1,1,,,,,0,0,,0,0,0,0.006688963,1
1271,1272,0.228,Ormond Yronwood,Yronwood,0,,,,,,,House Yronwood,,0,0,0,0,0,,,,,0,1,,0,0,0,0.0,1
1272,1273,0.029,Orphan Oss,,0,,,300.0,,,,Night's Watch,,0,0,1,1,1,,,,,0,0,,0,0,0,0.023411371,0
1273,1274,0.174,Osbert Serry,Lord of Southshield,0,,,,,,,House Serry,,0,0,0,1,1,,,,,0,1,,0,0,0,0.026755853,1
1274,1275,0.239,Osmund Frey,,0,,297.0,,,,,House Frey,,0,1,1,1,0,,,,,0,0,8.0,0,0,0,0.050167224,1
1275,1276,0.241,Oswell Kettleblack,,1,,,,,,,House Kettleblack,,0,0,1,1,1,,,,,0,0,,0,0,0,0.056856187,1
1276,1277,0.055,Ossifer Plumm,Lord,1,,,176.0,,,,House Plumm,Elaena Targaryen,0,0,1,1,1,,,,0.0,1,1,,0,0,0,0.086956522,0
1277,1278,0.956,Otho Bracken,Ser,1,,,,,,,House Bracken,,0,0,0,0,0,,,,,0,1,,0,0,0,0.026755853,1
1278,1279,0.788,Ottyn Wythers,Ser,0,,230.0,299.0,,,,House Wythers,,0,1,1,0,0,,,,,0,1,69.0,0,0,0,0.043478261,0
1279,1280,0.254,Owen Norrey,,0,Northern mountain clans,,299.0,,,,House Norrey,,0,0,1,1,0,,,,,0,0,,0,0,0,0.030100334,0
1280,1281,0.202,Pate of the Blue Fork,Ser,1,,,299.0,,,,House Frey,Amerei Frey,0,1,1,1,0,,,,1.0,1,1,,0,0,0,0.170568562,0
1281,1282,0.211,Patrek Mallister,,1,,,,,,,House Mallister,,1,1,1,1,1,,,,,0,0,,0,0,0,0.076923077,1
1282,1283,0.195,Patrek Vance,,0,,264.0,,,,,House Vance,,0,1,1,1,0,,,,,0,0,41.0,0,0,0,0.10367893,1
1283,1284,0.25,Perriane Frey,,0,,241.0,,,,,House Haigh,Leslyn Haigh,0,1,1,1,1,,,,1.0,1,0,64.0,0,0,0,0.073578595,1
1284,1285,0.253,Perra Frey,,0,,294.0,,,,,House Frey,,0,1,1,1,0,,,,,0,0,11.0,0,0,0,0.100334448,1
1285,1286,0.419,Perwyn Frey,Ser,1,,269.0,,,,,House Frey,,1,1,1,1,1,,,,,0,1,36.0,0,0,0,0.08361204,1
1286,1287,0.85,Philip Foote,Ser,1,,,,,,,House Foote,,0,1,1,0,1,,,,,0,1,,0,0,0,0.050167224,1
1287,1288,0.523,Philip Plumm,Lord,1,,,,,,,House Plumm,,0,0,1,1,1,,,,,0,1,,0,0,0,0.030100334,1
1288,1289,0.204,Pono,KhalKo (formerly),0,Dothraki,,,,,,,,1,1,1,1,1,,,,,0,1,,0,0,0,0.060200669,1
1289,1290,0.014,Qarro Volentin,First Sword of Braavos,0,Braavosi,,,,,,,,0,0,0,1,0,,,,,0,1,,0,0,0,0.013377926,1
1290,1291,0.504,Qarlton Chelsted,Master of Coin,1,,,283.0,,,,House Chelsted,,0,0,1,1,0,,,,,0,1,,0,0,1,0.357859532,0
1291,1292,0.399,Lord Commander Qorgyle,Lord Commander of the Night's Watch,1,,,288.0,,,,House Qorgyle,,0,0,1,0,0,,,,,0,1,,0,0,0,0.066889632,0
1292,1293,0.7,Quent,,1,northmen,,,,,,House Stark,,1,1,1,1,0,,,,,0,0,,0,0,0,0.023411371,1
1293,1294,0.053,Quenten Banefort,Banefort,1,,,,,,,House Banefort,,1,0,1,1,1,,,,,0,1,,0,0,0,0.023411371,1
1294,1295,0.013,Quenton Hightower,Hightower,1,,,,,,,House Hightower,,0,0,0,1,0,,,,,0,1,,0,0,0,0.006688963,1
1295,1296,0.828,Quentyn Ball,Ser,1,,,196.0,,,,House Ball,,0,0,0,0,0,,,,,0,1,,0,0,0,0.066889632,0
1296,1297,0.214,Quentyn Qorgyle,Sandstone,0,,,,,,,House Qorgyle,,0,0,0,1,1,,,,,0,1,,0,0,0,0.023411371,1
1297,1298,0.446,Quincy Cox,Serthe Knight of Saltpans,1,,,,,,,House Cox,,0,0,0,1,0,,,,,0,1,,0,0,0,0.033444816,1
1298,1299,0.002,Ragwyle,,0,Free folk,,,,,,,,0,1,1,1,1,,,,,0,0,,0,0,0,0.010033445,1
1299,1300,0.034,Ralf Kenning,CastellanCommander,1,Ironborn,,300.0,,,,House Kenning of Harlaw,,0,0,0,1,1,,,,,0,1,,0,0,0,0.046822742,0
1300,1301,0.002,Raymun Redbeard,King-Beyond-the-Wall,1,free folk,,226.0,,,,,,0,0,0,0,0,,,,,0,1,,0,0,0,0.0,0
1301,1302,0.04,Raynard,Septon,1,,,,,,,Faith of the Seven,,0,0,0,1,1,,,,,0,0,,0,0,0,0.02006689,1
1302,1303,0.262,Raynald Westerling,Ser,1,,,299.0,,,,House Westerling,,0,0,1,1,0,,,,,0,1,,0,0,0,0.070234114,0
1303,1304,0.205,Red Alyn of the Rosewood,,1,,,300.0,,,,Night's Watch,,0,0,1,0,0,,,,,0,0,,0,0,0,0.013377926,0
1304,1305,0.02,Raynard Ruttiger,Ser,0,,,,,,,House Ruttiger,,0,0,0,1,1,,,,,0,1,,0,0,0,0.02006689,1
1305,1306,0.476,Raymund Frey,Ser,1,,264.0,,,,,House Frey,Beony Beesbury,0,1,1,1,1,,,,1.0,1,1,41.0,0,0,0,0.177257525,1
1306,1307,0.048,Regenard Estren,Wyndhall,0,,,,,,,House Estren,,1,0,1,1,1,,,,,0,1,,0,0,0,0.02006689,1
1307,1308,0.297,Renly Norcross,,1,,296.0,,,,,House Norcross,,0,1,1,1,0,,,,,0,0,9.0,0,0,0,0.08361204,1
1308,1309,0.097,Renfred Rykker,Duskendale,1,,,,,,,House Rykker,,0,0,0,1,1,,,,,0,1,,0,0,0,0.023411371,1
1309,1310,0.465,Rhea Royce,Runestone,0,,,115.0,,,,House Royce,Daemon Targaryen,0,0,0,0,0,,,,0.0,1,1,,0,0,0,0.093645485,0
1310,1311,0.015,Rennifer Longwaters,Chief Undergaoler,1,,,,,,,House Longwaters,,0,0,0,1,1,,,,,0,1,,0,0,0,0.016722408,1
1311,1312,0.305,Rhea Florent,,0,,,,,,,House Florent,Leyton Hightower,0,1,1,1,0,,,,1.0,1,0,,0,0,0,0.107023411,1
1312,1313,0.515,Rhogoro,Khalakka,1,Dothraki,,,,,,,,1,0,0,1,0,,,,,0,1,,0,0,0,0.010033445,1
1313,1314,0.522,Rickard Ryswell,,1,Northmen,,,,,,House Ryswell,,0,0,0,1,1,,,,,0,0,,0,0,0,0.040133779,1
1314,1315,0.585,Rickard Thorne,Ser,1,,,130.0,,,,House Thorne,,0,0,0,0,0,,,,,0,1,,0,0,0,0.026755853,0
1315,1316,0.267,Rickard Wylde,,0,,295.0,,,,,House Wylde,,0,1,1,1,0,,,,,0,0,10.0,0,0,0,0.160535117,1
1316,1317,0.183,Robert Frey,,0,,286.0,,,,,House Frey,,0,1,1,1,0,,,,,0,0,19.0,0,0,0,0.060200669,1
1317,1318,0.232,Robert Flowers,Ser,1,,,,,,,Kingsguard,,0,0,0,1,0,,,,,0,1,,0,0,0,0.060200669,1
1318,1319,0.767,Robert Brax,Ser,0,,,299.0,,,,House Brax,,0,1,1,0,0,,,,,0,1,,0,0,0,0.046822742,0
1319,1320,0.339,Robin Hill,Lord Commander of the Night's Watch,1,,,,,,,Night's Watch,,0,0,1,0,0,,,,,0,1,,0,0,0,0.056856187,1
1320,1321,0.354,Robin Flint,Lord of Flint's Finger,0,,,299.0,,,,House Flint of Widow's Watch,,1,1,1,1,0,,,,,0,1,,0,0,0,0.050167224,0
1321,1322,0.027,Robin Moreland,Lord,1,,,,,,,House Moreland,,0,0,0,1,1,,,,,0,1,,0,0,0,0.013377926,1
1322,1323,0.54,Robin Ryger,Ser,1,,237.0,,,,,House Ryger,,1,1,1,1,1,,,,,0,1,68.0,0,0,0,0.073578595,1
1323,1324,0.241,Rodrik Flint,Lord Commander of the Night's Watch,1,,,,,,,House Flint,,0,0,1,0,0,,,,,0,1,,0,0,0,0.063545151,1
1324,1325,0.418,Rodrik Stark,King in the North,1,Northmen,,,,,,House Stark,,1,0,0,0,0,,,,,0,1,,0,0,0,0.040133779,1
1325,1326,0.166,Rodrik Ryswell,Rills,1,Northmen,,,,,,House Ryswell,,0,0,0,1,1,,,,,0,1,,0,0,0,0.040133779,1
1326,1327,0.216,Roger Hogg,Ser,1,,,,,,,House Hogg,,0,0,0,1,0,,,,,0,1,,0,0,0,0.026755853,1
1327,1328,0.591,Rodwell Stark,Winterfell,1,Northmen,,,,,,House Stark,Myriame Manderly,0,1,0,0,0,,,,1.0,1,1,,0,0,0,0.130434783,1
1328,1329,0.01,Rolland Longthorpe,Longsister,0,,,,,,,House Longthorpe,,0,0,0,1,1,,,,,0,1,,0,0,0,0.016722408,1
1329,1330,0.341,Rolland Uffering,Ser,1,,,,,,,House Uffering,Rohanne Webber,0,0,0,0,0,,,,0.0,1,1,,0,0,0,0.023411371,1
1330,1331,0.306,Ronel Rivers,,0,,,,,,,House Frey,,1,1,1,1,1,,,,,0,0,,0,0,0,0.023411371,1
1331,1332,0.34,Ronald Connington,Knight of Griffin's Roost,1,,,,,,,House Connington,,0,0,0,0,1,,,,,0,1,,0,0,0,0.033444816,1
1332,1333,0.233,Ronald Vance,Ser,1,,,,,,,House Vance of Atranta,,0,0,1,1,0,,,,,0,1,,0,0,0,0.026755853,1
1333,1334,0.056,Roro Uhoris,Cobblecat,1,Tyroshi,,,,,,,,0,0,1,0,1,,,,,0,1,,0,0,0,0.02006689,1
1334,1335,0.02,Royce Coldwater,Coldwater Burn,0,,,,,,,House Coldwater,,0,0,0,1,0,,,,,0,1,,0,0,0,0.006688963,1
1335,1336,0.278,Rufus Leek,Ser,0,,,,,,,House Leek,,0,0,0,1,1,,,,,0,1,,0,0,0,0.026755853,1
1336,1337,0.021,Rugen,Undergaoler,1,,,,,,,,,1,0,1,1,0,,,,,0,1,,0,0,0,0.023411371,1
1337,1338,0.477,Runcel Hightower,Lord Commander of the Night's Watch,1,,,,,,,House Hightower,,0,0,1,0,0,,,,,0,1,,0,0,0,0.053511706,1
1338,1339,0.807,Rupert Brax,Ser,1,,,299.0,,,,House Brax,,0,1,1,0,0,,,,,0,1,,0,0,0,0.040133779,0
1339,1340,0.032,Rycherd Crane,Ser,0,,,,,,,House Crane,Rylene Florent,0,1,1,1,0,,,,1.0,1,1,,0,0,0,0.070234114,1
1340,1341,0.413,Ryam Redwyne,Ser,1,,,105.0,,,,House Redwyne,,1,1,1,1,0,,,,,0,1,,0,0,1,0.364548495,0
1341,1342,0.204,Ryam Florent,Ser,1,,,,,,,House Florent,,0,1,1,1,0,,,,,0,1,,0,0,0,0.063545151,1
1342,1343,0.482,Ryger Rivers,,1,,,,,,,House Frey,,1,1,1,1,1,,,,,0,0,,1,1,0,0.023411371,1
1343,1344,0.255,Ryella Frey,,0,,294.0,,,,,House Frey,,0,1,1,1,0,,,,,0,0,11.0,0,0,0,0.137123746,1
1344,1345,0.299,Ryella Royce,,0,,,,,,,House Royce,Arwood Frey,0,1,1,1,0,,,,1.0,1,0,,0,0,0,0.140468227,1
1345,1346,0.17,Rylene Florent,,0,,,,,,,House Florent,Rycherd Crane,0,1,1,1,0,,,,1.0,1,0,,0,0,0,0.070234114,1
1346,1347,0.518,Ryon Allyrion,Ser,1,Dornish,,,,,,House Allyrion,Ynys Yronwood,0,0,1,1,1,,,,1.0,1,1,,0,0,0,0.053511706,1
1347,1348,0.999,Saera Targaryen,Princess,1,Valyrian,61.0,,,,,House Targaryen,,0,0,0,0,0,,,,,0,1,100.0,0,0,0,0.070234114,0
1348,1349,0.325,Sallei Paege,,0,,,,,,,House Paege,Jammos Frey,0,1,1,1,0,,,,1.0,1,0,,0,0,0,0.080267559,1
1349,1350,0.253,Sandor Frey,,0,,287.0,,,,,House Frey,,0,1,1,1,0,,,,,0,0,18.0,0,0,0,0.147157191,1
1350,1351,0.549,Sarya Whent,Lady,0,,,,,,,House Whent,Walder Frey,0,1,1,1,1,,,,1.0,1,1,,0,0,0,0.030100334,1
1351,1352,0.203,Sarra Frey,,0,,285.0,,,,,House Frey,,0,1,1,1,0,,,,,0,0,20.0,0,0,0,0.137123746,1
1352,1353,0.063,Sawane Botley,Lordsport,1,Ironborn,,299.0,,,,House Botley,,0,1,1,1,0,,,,,0,1,,0,0,0,0.090301003,0
1353,1354,0.014,Scolera,Septa,0,,,,,,,Faith of the Seven,,0,0,0,1,1,,,,,0,0,,0,0,0,0.016722408,1
1354,1355,0.08,Sebaston Farman,Fair Isle,1,Westerman,,,,,,House Farman,,0,0,0,1,1,,,,,0,1,,0,0,0,0.02006689,1
1355,1356,0.636,Selwyn Tarth,,1,,245.0,,,,,House Tarth,,0,1,1,1,1,,,,,0,0,60.0,0,0,0,0.063545151,1
1356,1357,0.024,Selmond Stackspear,Lord,0,,,,,,,House Stackspear,,0,0,1,1,1,,,,,0,1,,0,0,0,0.02006689,1
1357,1358,0.926,Serala,Duskendale,0,Myrish,,,,,,House Darklyn,Denys Darklyn,0,0,0,1,0,,,,1.0,1,1,,0,0,0,0.043478261,1
1358,1359,0.289,Serwyn of the Mirror Shield,Ser,1,,,,,,,Kingsguard,,0,0,0,0,0,,,,,0,1,,0,0,0,0.0,1
1359,1360,0.239,Serra Frey,,0,,285.0,,,,,House Frey,,0,1,1,1,0,,,,,0,0,20.0,0,0,0,0.137123746,1
1360,1361,0.144,Shella Whent,Harrenhal,0,Rivermen,,300.0,,,,House Whent,Walter Whent,1,1,1,1,1,,,,1.0,1,1,,1,1,0,0.080267559,0
1361,1362,0.328,Shierle Swyft,,0,,,,,,,House Swyft,Melwyn Sarsfield,0,0,1,1,0,,,,1.0,1,0,,0,0,0,0.026755853,1
1362,1363,0.299,Shiera Crakehall,,0,,,,,,,House Crakehall,Damion Lannister,0,0,1,1,1,,,,1.0,1,0,,0,0,0,0.066889632,1
1363,1364,0.177,Shirei Frey,,0,,292.0,,,,,House Frey,,0,1,1,1,1,,,,,0,0,13.0,0,0,0,0.043478261,1
1364,1365,0.072,Simon Staunton,Ser,1,,,,,,,House Staunton,Rohanne Webber,0,0,0,0,0,,,,0.0,1,1,,0,0,0,0.016722408,1
1365,1366,0.063,Sigfryd Harlaw,Master of Harlaw Hall,1,Ironborn,,,,,,House Harlaw of Harlaw Hall,,0,0,0,1,1,,,,,0,1,,0,0,0,0.063545151,1
1366,1367,0.027,Lord Staunton,Rook's Rest,1,,,129.0,,,,House Staunton,,0,0,0,0,0,,,,,0,1,,0,0,0,0.016722408,0
1367,1368,0.322,Stannis Seaworth,,1,,289.0,,,,,House Seaworth,,0,1,1,1,1,,,,,0,0,16.0,0,0,0,0.056856187,1
1368,1369,0.787,Steffon Seaworth,,1,,293.0,,,,,House Seaworth,,0,1,1,1,1,,,,,0,0,12.0,0,0,0,0.063545151,1
1369,1370,0.253,Steffon Frey,,0,,263.0,,,,,House Frey,,0,1,1,1,0,,,,,0,0,42.0,0,0,0,0.100334448,1
1370,1371,0.195,Steffon Swyft,Ser,1,,,,,,,House Swyft,,0,0,1,1,1,,,,,0,1,,0,0,0,0.030100334,1
1371,1372,0.724,Steffon Darklyn,Ser,0,,,129.0,,,,House Darklyn,,0,0,0,0,0,,,,,0,1,,0,0,0,0.093645485,0
1372,1373,0.011,Steffon Stackspear,Ser,0,,,,,,,House Stackspear,,0,0,1,1,0,,,,,0,1,,0,0,0,0.02006689,1
1373,1374,0.566,Sumner Crakehall,Crakehall,1,,,,,,,House Crakehall,,0,0,1,1,0,,,,,0,1,,0,0,0,0.026755853,1
1374,1375,0.002,Sylas Flatnose,King of the Iron Islands,1,Ironborn,,,,,,,,0,0,0,1,0,,,,,0,1,,0,0,0,0.010033445,1
1375,1376,0.152,Sybell Spicer,Crag,0,,,,,,,House Spicer,Gawen Westerling,0,0,1,1,0,,,,1.0,1,1,,0,0,0,0.086956522,1
1376,1377,0.121,Symon Santagar,Ser,1,,,,,,,House Santagar,,0,0,0,1,1,,,,,0,1,,0,0,0,0.016722408,1
1377,1378,0.579,Sybelle Glover,Deepwood Motte,0,Northmen,,,,,,House Locke,Robett Glover,0,1,1,1,1,,,,1.0,1,1,,0,0,0,0.070234114,1
1378,1379,0.338,Sylwa Paege,,0,,,,,,,House Paege,Whalen Frey,0,1,1,1,0,,,,1.0,1,0,,0,0,0,0.080267559,1
1379,1380,0.313,Symon Hollard,Ser,1,,,,,,,House Hollard,,0,0,0,1,0,,,,,0,1,,0,0,0,0.043478261,1
1380,1381,0.278,Symond Templeton,Ser,0,,,,,,,House Templeton,,0,0,0,1,1,,,,,0,1,,0,0,0,0.030100334,1
1381,1382,0.339,Symond Frey,,1,,252.0,300.0,,,,House Frey,Betharios of Braavos,0,1,1,1,1,,,,1.0,1,0,48.0,0,0,0,0.200668896,0
1382,1383,0.096,Tallad,Ser,1,,,,,,,House Baratheon of King's Landing,,0,1,1,1,1,,,,,0,1,,0,0,0,0.046822742,1
1383,1384,0.677,Tanton Fossoway,Ser,0,,,,,,,House Fossoway of Cider Hall,,0,1,1,1,1,,,,,0,1,,0,0,0,0.023411371,1
1384,1385,0.037,Ternesio Terys,Captain,1,Braavosi,,,,,,,,0,0,1,1,0,,,,,0,1,,0,0,0,0.023411371,1
1385,1386,0.015,Terrence Kenning,Kayce,0,,,,,,,House Kenning of Kayce,,0,0,1,1,1,,,,,0,1,,0,0,0,0.016722408,1
1386,1387,0.05,Theodan Wells,Ser,0,Northmen,,,,,,House Wells,,0,0,0,1,1,,,,,0,1,,0,0,0,0.016722408,1
1387,1388,0.817,Terrence Toyne,Ser,1,,,178.0,,,,House Toyne,,0,0,1,1,1,,,,,0,1,,0,0,0,0.040133779,0
1388,1389,0.072,Theodore Tyrell,Ser,1,,,,,,,House Tyrell,Lia Serry,0,0,1,1,0,,,,1.0,1,1,,0,0,0,0.137123746,1
1389,1390,0.049,Theomar Smallwood,Acorn Hall,1,,,,,,,House Smallwood,Ravella Swann,0,0,1,1,1,,,,1.0,1,1,,0,0,0,0.043478261,1
1390,1391,0.778,Theomore Harlaw,Lord of the Ten TowersLord Harlaw of HarlawHarlaw of Harlaw,1,,,,,,,House Harlaw,,0,0,0,1,0,,,,,0,1,,0,0,0,0.053511706,1
1391,1392,0.017,Tim Tangletongue,,0,,,,,,,Night's Watch,,0,0,1,1,1,,,,,0,0,,0,0,0,0.013377926,1
1392,1393,0.006,Three-Tooth,Ten Towers,0,Ironborn,,,,,,House Harlaw,,0,0,0,1,0,,,,,0,1,,0,0,0,0.010033445,1
1393,1394,0.165,Titus Peake,Starpike,1,,,,,,,House Peake,Margot Lannister,0,0,1,1,1,,,,1.0,1,1,,0,0,0,0.02006689,1
1394,1395,0.416,Tion Frey,,1,,279.0,299.0,,,,,,1,1,1,1,1,,,,,0,0,20.0,0,0,0,0.120401338,0
1395,1396,0.927,Todder,,1,,,,,,,Night's Watch,,1,1,1,0,1,,,,,0,0,,0,0,0,0.036789298,1
1396,1397,0.791,Tomard,,1,northmen,249.0,298.0,,,,House Stark,,1,1,1,0,1,,,,,0,0,49.0,0,0,0,0.063545151,0
1397,1398,0.012,Tommen Costayne,Three Towers,0,,,,,,,House Costayne,,0,0,0,1,0,,,,,0,1,,0,0,0,0.006688963,1
1398,1399,0.019,Torbert,Septon,1,,,,,,,Faith of the Seven,,0,0,0,1,1,,,,,0,0,,0,0,0,0.016722408,1
1399,1400,0.031,Torren Liddle,The LiddleLord Liddle,0,Northern mountain clans,,,,,,House Liddle,,0,0,0,1,1,,,,,0,1,,0,0,0,0.02006689,1
1400,1401,0.238,Torwynd,,1,Free Folk,,300.0,,,,,,0,0,1,1,1,,,,,0,0,,0,0,0,0.026755853,0
1401,1402,0.031,Trebor Jordayne,Lord of the Tor,0,,,,,,,House Jordayne,,0,0,0,1,1,,,,,0,1,,0,0,0,0.016722408,1
1402,1403,0.018,Tremond Gargalen,Salt Shore,0,Dornish,,,,,,House Gargalen,,0,0,1,1,1,,,,,0,1,,0,0,0,0.023411371,1
1403,1404,0.261,Tristan Mudd,Lord Commander of the Night's Watch,1,,,,,,,House Mudd,,0,0,1,0,0,,,,,0,1,,0,0,0,0.053511706,1
1404,1405,0.569,Triston of Tally Hill,Ser,0,,,,,,,House Sunglass,,0,0,1,1,1,,,,,0,1,,0,0,0,0.030100334,1
1405,1406,0.002,Triston Farwynd,Sealskin Point,0,Ironborn,,,,,,House Farwynd,,0,0,0,1,1,,,,,0,1,,0,0,0,0.013377926,1
1406,1407,0.329,Triston Sunderland,Three Sisters,1,,,,,,,House Sunderland,,0,0,0,1,1,,,,,0,1,,0,0,0,0.030100334,1
1407,1408,0.116,Tybolt Hetherspoon,Ser,1,,,,,,,House Hetherspoon,,0,0,0,1,1,,,,,0,1,,0,0,0,0.010033445,1
1408,1409,0.301,Tybolt Crakehall,Ser,1,,,,,,,House Crakehall,,0,0,1,1,0,,,,,0,1,,0,0,0,0.023411371,1
1409,1410,0.915,Tybolt Lannister,Ser,1,Westerman,,212.0,,,,House Lannister,Teora Kyndall,0,0,0,0,0,,,,1.0,1,1,,0,0,0,0.076923077,0
1410,1411,0.243,Tyana Wylde,,0,,,,,,,House Wylde,Aenys Frey,0,1,1,1,0,,,,0.0,1,0,,0,0,0,0.050167224,1
1411,1412,0.177,Tyta Frey,,0,,269.0,,,,,House Frey,,0,1,1,1,1,,,,,0,0,36.0,0,0,0,0.086956522,1
1412,1413,0.475,Tyrek Lannister,,1,,286.0,299.0,,,,House Lannister,Ermesande Hayford,1,1,1,1,1,,,,1.0,1,0,13.0,0,0,0,0.133779264,0
1413,1414,0.226,Tysane Frey,,0,,292.0,,,,,House Frey,,0,1,1,1,0,,,,,0,0,13.0,0,0,0,0.08361204,1
1414,1415,0.625,Tytos Brax,Ser,1,,,,,,,House Brax,,1,1,1,1,1,,,,,0,1,,0,0,0,0.043478261,1
1415,1416,0.296,Tytos Frey,Ser,1,,261.0,299.0,,,,House Frey,Zhoe Blanetree,0,1,1,1,0,,,,1.0,1,1,38.0,0,0,0,0.063545151,0
1416,1417,0.268,Tywin Frey,Ser,1,,287.0,,,,,House Frey,,0,1,1,1,1,,,,,0,1,18.0,0,0,0,0.080267559,1
1417,1418,0.241,Ulrick Dayne,Ser,1,Dornish,,,,,,House Dayne,,0,0,0,0,0,,,,,0,1,,0,0,0,0.006688963,1
1418,1419,0.014,Ulwyck Uller,Ser,1,,,,,,,House Uller,,0,0,1,1,1,,,,,0,1,,0,0,0,0.02006689,1
1419,1420,0.045,Unella,Septa,0,,,,,,,Faith of the Seven,,0,0,0,1,1,,,,,0,0,,0,0,0,0.02006689,1
1420,1421,0.36,Utherydes Wayn,Steward,0,,237.0,,,,,House Wayn,,1,1,1,1,1,,,,,0,1,68.0,0,0,0,0.033444816,1
1421,1422,0.016,Uthor Tollett,Grey Glen,0,Valemen,,,,,,House Tollett,,0,0,0,1,0,,,,,0,1,,0,0,0,0.010033445,1
1422,1423,0.926,Vaemond Velaryon,Ser,1,Valyrian,,126.0,,,,House Velaryon,,0,0,0,0,0,,,,,0,1,,0,0,0,0.030100334,0
1423,1424,0.983,Valaena Velaryon,Dragonstone,0,Valyrian,,,,,,House Velaryon,Aerion Targaryen,0,0,0,0,0,,,,0.0,1,1,,0,0,0,0.080267559,1
1424,1425,0.567,Vayon Poole,Winterfell,1,,,298.0,,,,House Poole,,1,1,0,0,0,,,,,0,1,,0,0,0,0.053511706,0
1425,1426,0.757,Vickon Greyjoy,Lord Reaper of Pyke,0,,,33.0,,,,House Greyjoy,,1,1,1,1,0,,,,,0,1,,0,0,0,0.036789298,0
1426,1427,1.0,Viserys Plumm,Lord,0,,176.0,,,,,House Plumm,,0,0,0,0,1,,,,,0,1,100.0,0,0,0,0.093645485,0
1427,1428,0.212,Vylarr,Captain of the guard,1,,,,,,,House Lannister,,0,1,1,1,1,,,,,0,1,,0,0,0,0.040133779,1
1428,1429,0.028,Vortimer Crane,Ser,0,,,,,,,House Crane,,1,1,1,1,1,,,,,0,1,,0,0,0,0.026755853,1
1429,1430,0.183,Walda Rivers,,0,,294.0,,,,,House Frey,,0,1,1,1,0,,,,,0,0,11.0,0,0,0,0.033444816,1
1430,1431,0.285,Walder Haigh,,0,,294.0,,,,,House Haigh,,0,1,1,1,0,,,,,0,0,11.0,0,0,0,0.076923077,1
1431,1432,0.297,Walder Brax,,0,,293.0,,,,,House Brax,,0,1,1,1,0,,,,,0,0,12.0,0,0,0,0.117056856,1
1432,1433,0.19,Walder Goodbrook,,1,,290.0,,,,,House Goodbrook,,0,1,1,1,0,,,,,0,0,15.0,0,0,0,0.066889632,1
1433,1434,0.47,Waldon Wynch,Lord of Iron Holt,1,Ironborn,,,,,,House Wynch,,0,1,1,1,1,,,,,0,1,,0,0,0,0.023411371,1
1434,1435,0.133,Wallace Waynwood,Ser,1,,,,,,,House Waynwood,,0,0,0,1,1,,,,,0,1,,0,0,0,0.026755853,1
1435,1436,0.069,Walgrave,Archmaester,1,,,,,,,Maesters,,0,0,0,1,0,,,,,0,1,,0,0,0,0.043478261,1
1436,1437,0.313,Walder Vance,,1,,263.0,,,,,House Vance,,0,1,1,1,0,,,,,0,0,42.0,0,0,0,0.110367893,1
1437,1438,0.007,Walton Stark,King in the North,1,,,,,,,House Stark,,0,1,0,0,0,,,,,0,1,,0,0,0,0.010033445,1
1438,1439,0.186,Walton Frey,,1,,249.0,,,,,House Frey,Deana Hardyng,0,1,1,1,0,,,,1.0,1,0,56.0,0,0,0,0.107023411,1
1439,1440,0.043,Warryn Beesbury,Lord of Honeyholt,0,,,,,,,House Beesbury,,0,0,0,1,0,,,,,0,1,,0,0,0,0.006688963,1
1440,1441,0.232,Waltyr Frey,,1,,289.0,,,,,House Frey,,0,1,1,1,1,,,,,0,0,16.0,0,0,0,0.050167224,1
1441,1442,0.24,Wendel Frey,,1,,286.0,,,,,House Frey,,0,1,1,1,1,,,,,0,0,19.0,0,0,0,0.050167224,1
1442,1443,0.326,Whalen Frey,Ser,1,,267.0,,,,,House Frey,Sylwa Paege,1,1,1,1,1,,,,1.0,1,1,38.0,0,0,0,0.100334448,1
1443,1444,0.279,Willamen Frey,Maester,1,,272.0,,,,,,,0,1,1,1,1,,,,,0,1,33.0,0,0,0,0.063545151,1
1444,1445,0.852,Willam Wells,Ser,1,Dornish,,300.0,,,,House Wells,,0,0,0,0,1,,,,,0,1,,0,0,0,0.040133779,0
1445,1446,0.991,Willem Darry,Ser,1,,,289.0,,,,House Darry,,1,1,1,0,1,,,,,0,1,,1,1,0,0.120401338,0
1446,1447,0.158,Willam Wythers,Ser,1,,,,,,,House Wythers,,0,0,0,1,0,,,,,0,1,,0,0,0,0.010033445,1
1447,1448,0.542,Willem Lannister,,1,,285.0,299.0,,,,House Lannister,,1,1,1,1,1,,,,,0,0,14.0,4,1,0,0.16722408,0
1448,1449,0.268,Willem Frey,,1,,289.0,,,,,House Frey,,0,1,1,1,1,,,,,0,0,16.0,0,0,0,0.080267559,1
1449,1450,0.462,Willam Stark,Winterfell,1,Northmen,,226.0,,,,House Stark,Melantha Blackwood,0,1,0,0,0,,,,1.0,1,1,,0,0,0,0.117056856,0
1450,1451,0.553,William Mooton,Maidenpool,1,,,,,,,House Mooton,,0,1,1,1,1,,,,,0,1,,0,0,0,0.043478261,1
1451,1452,0.03,Wynton Stout,Ser,1,Northmen,219.0,,,,,House Stout,,0,0,1,1,0,,,,,0,1,86.0,0,0,0,0.033444816,1
1452,1453,0.69,Wynafrei Whent,,0,,,,,,,House Whent,Danwell Frey,0,1,1,1,0,,,,1.0,1,0,,0,0,0,0.133779264,1
1453,1454,0.643,Ysilla Royce,,1,Valemen,,,,,,House Royce,Mychel Redfort,0,0,0,1,1,,,,1.0,1,0,,0,0,0,0.043478261,1
1454,1455,0.275,Zachery Frey,,1,,287.0,,,,,House Frey,,0,1,1,1,0,,,,,0,0,18.0,0,0,0,0.046822742,1
1455,1456,0.205,Zhoe Blanetree,,0,,,,,,,House Blanetree,Tytos Frey,0,1,1,1,0,,,,0.0,1,0,,0,0,0,0.050167224,1
1456,1457,0.177,Zia Frey,,0,,285.0,,,,,House Frey,,0,1,1,1,0,,,,,0,0,20.0,0,0,0,0.046822742,1
1457,1458,0.54,Addam Marbrand,Ser,1,,,,,,,House Marbrand,,1,1,1,1,1,,,,,0,1,,0,0,0,0.130434783,1
1458,1459,0.027,Aegor Rivers,Ser,1,,172.0,241.0,,,,House Bracken,Calla Blackfyre,0,0,0,1,1,,,,1.0,1,1,69.0,4,1,0,0.210702341,0
1459,1460,0.338,Aenys Frey,Ser,1,,240.0,300.0,,,,House Frey,Tyana Wylde,1,1,1,1,1,,,,1.0,1,1,60.0,0,0,0,0.147157191,0
1460,1461,0.996,Aerion Targaryen,Prince,1,Valyrian,191.0,232.0,,,,House Targaryen,Daenora Targaryen,0,1,1,0,1,,,,1.0,1,1,41.0,4,1,0,0.20735786,0
1461,1462,0.971,Aemond Targaryen,Protector of the Realm,1,Valyrian,110.0,130.0,,,,House Targaryen,,0,0,0,0,1,,,,,0,1,20.0,4,1,0,0.311036789,0
1462,1463,0.249,Amerei Frey,Lady of Darry,0,,282.0,,,,,House Frey,Pate of the Blue Fork,0,1,1,1,0,,,,0.0,1,1,23.0,0,0,0,0.237458194,1
1463,1464,0.297,Androw Ashford,Ser,1,Reach,,,,,,House Ashford,,0,0,0,0,0,,,,,0,1,,0,0,0,0.016722408,1
1464,1465,0.024,Anders Yronwood,Yronwood,1,,,,,,,House Yronwood,,0,0,1,1,1,,,,,0,1,,0,0,0,0.060200669,1
1465,1466,0.536,Arnolf Karstark,Karhold,1,Northmen,,,,,,House Karstark,,0,0,0,1,1,,,,,0,1,,0,0,0,0.137123746,1
1466,1467,0.685,Arya Stark,Princess,0,Northmen,289.0,,,,,House Stark,,1,1,1,1,1,,,,,0,1,16.0,8,1,1,1.0,1
1467,1468,0.448,Axell Florent,Ser,1,,,,,,,House Florent,,0,1,1,1,1,,,,,0,1,,1,1,0,0.307692308,1
1468,1469,0.945,Aurane Waters,master of ships,1,Valyrian,277.0,,,,,House Velaryon,,0,1,1,1,1,,,,,0,1,28.0,0,0,1,0.377926421,1
1469,1470,0.259,Ben Plumm,Commander of the Second Sons,1,,,,,,,Second Sons,,0,0,1,1,1,,,,,0,1,,0,0,0,0.140468227,1
1470,1471,0.326,Benfred Tallhart,,1,Northmen,281.0,299.0,,,,House Tallhart,,0,1,1,1,1,,,,,0,0,18.0,0,0,0,0.070234114,0
1471,1472,0.503,Boros Blount,Ser,1,,,,,,,House Blount,,1,1,1,1,1,,,,,0,1,,0,0,0,0.217391304,1
1472,1473,0.367,Black Balaq,,1,Summer Islander,,,,,,Golden Company,,0,0,0,0,0,,,,,0,0,,0,0,0,0.0,1
1473,1474,0.813,Bloodbeard,,0,,,,,,,Company of the Cat,,0,0,0,0,1,,,,,0,0,,0,0,0,0.090301003,1
1474,1475,0.711,Bran Stark,Prince of Winterfell,1,Northmen,290.0,,,,,House Stark,,1,1,1,1,1,,,,,0,1,15.0,7,1,1,1.0,1
1475,1476,0.938,Bronn,Ser,1,,264.0,,,,,House Stokeworth,Lollys Stokeworth,1,1,1,1,1,,,,1.0,1,1,41.0,0,0,1,0.471571906,1
1476,1477,0.833,Bryce Caron,Nightsong,1,,,299.0,,,,House Caron,,1,1,0,0,1,,,,,0,1,,0,0,0,0.066889632,0
1477,1478,0.077,Butterbumps,,1,,,,,,,House Tyrell,,0,1,1,1,1,,,,,0,0,,0,0,0,0.036789298,1
1478,1479,0.577,Cassana Estermont,,1,,,278.0,,,,House Estermont,Steffon Baratheon,0,1,1,0,1,,,,0.0,1,0,,0,0,0,0.10367893,0
1479,1480,0.915,Chett,,1,,,299.0,,,,Night's Watch,,1,1,1,0,0,,,,,0,0,,0,0,0,0.197324415,0
1480,1481,0.313,Clayton Suggs,Ser,1,,,,,,,House Suggs,,0,0,0,1,1,,,,,0,1,,0,0,0,0.043478261,1
1481,1482,0.166,Cersei Lannister,Light of the West,0,Westerlands,266.0,,,,,House Lannister,Robert Baratheon,1,1,1,1,1,,,,1.0,1,1,39.0,9,1,1,1.0,1
1482,1483,0.813,Chiswyck,,0,,,299.0,,,,House Clegane,,0,1,1,0,0,,,,,0,0,,0,0,0,0.063545151,0
1483,1484,0.216,Cleon,King of Astapor,1,Astapori,,300.0,,,,,,0,0,1,1,1,,,,,0,1,,0,0,0,0.10367893,0
1484,1485,0.904,Cohollo,Bloodrider,1,Dothraki,,298299.0,,,,Khal,,1,0,0,0,0,,,,,0,0,,0,0,0,0.033444816,0
1485,1486,0.661,Cortnay Penrose,Ser,1,,,299.0,,,,House Penrose,,0,1,1,0,0,,,,,0,1,,0,0,0,0.160535117,0
1486,1487,0.053,Cotter Pyke,Eastwatch-by-the-Sea,1,Ironborn,,,,,,Night's Watch,,1,1,1,1,1,,,,,0,1,,0,0,0,0.150501672,1
1487,1488,0.496,Cragorn,,1,,,300.0,,,,House Greyjoy,,0,0,0,1,1,,,,,0,0,,0,0,0,0.023411371,0
1488,1489,0.248,Crawn,,1,Vale mountain clans,,,,,,Moon Brothers,,0,1,0,0,0,,,,,0,0,,0,0,0,0.016722408,1
1489,1490,0.204,Creighton Longbough,Ser,1,,240.0,,,,,,,0,0,0,1,0,,,,,0,1,65.0,0,0,0,0.046822742,1
1490,1491,0.253,Cressen,Maester,1,,219.0,299.0,,,,,,0,1,1,1,0,,,,,0,1,80.0,0,0,0,0.183946488,0
1491,1492,0.895,Daario Naharis,,1,Tyroshi,,,,,,Stormcrows,,0,0,1,1,1,,,,,0,0,,0,0,0,0.220735786,1
1492,1493,0.166,Dagmer,Foamdrinker,1,Ironborn,,,,,,House Greyjoy,,0,1,0,1,1,,,,,0,1,,0,0,0,0.120401338,1
1493,1494,0.24,Dagos Manwoody,Lord of Kingsgrave,1,,,,,,,House Manwoody,,0,0,1,1,1,,,,,0,1,,0,0,0,0.033444816,1
1494,1495,0.113,Danelle Lothston,Harrenhal,0,,,,,,,House Lothston,,0,0,0,1,0,,,,,0,1,,0,0,0,0.016722408,1
1495,1496,0.263,Dalla,,0,Free Folk,,300.0,,,,,,0,0,1,1,1,,,,,0,0,,0,0,0,0.086956522,0
1496,1497,0.822,Doran Martell,Prince of Dorne,1,Dornish,247.0,,,,,House Nymeros Martell,Mellario of Norvos,1,1,1,1,1,,,,1.0,1,1,58.0,6,1,1,0.498327759,1
1497,1498,0.015,Ebrose,Archmaester,1,,,,,,,,,0,0,0,1,0,,,,,0,1,,0,0,0,0.016722408,1
1498,1499,0.324,Eddison Tollett,,1,Valemen,,,,,,House Tollett,,0,1,1,1,1,,,,,0,0,,0,0,0,0.100334448,1
1499,1500,0.379,Edric Dayne,Lord of Starfall,1,Dornishmen,287.0,,,,,House Dayne,,1,1,1,1,0,,,,,0,1,18.0,0,0,0,0.08361204,1
1500,1501,0.251,Edwyn Frey,,1,,259.0,,,,,House Frey,Janyce Hunter,0,1,1,1,0,,,,1.0,1,0,46.0,0,0,0,0.147157191,1
1501,1502,0.252,Eldon Estermont,Ser,1,Stormlands,228.0,,,,,House Estermont,Sylva Santagar,0,1,1,1,1,,,,1.0,1,1,77.0,0,0,0,0.060200669,1
1502,1503,0.561,Ellaria Sand,,0,Dornish,,,,,,House Uller,Oberyn Martell,0,0,1,1,1,,,,0.0,1,0,,2,1,0,0.160535117,1
1503,1504,0.834,Ethan Glover,,1,Northmen,,283.0,,,,House Glover,,1,1,0,0,0,,,,,0,0,,0,0,0,0.033444816,0
1504,1505,0.075,Emmon Frey,Riverrun,1,,237.0,,,,,House Frey of Riverrun,Genna Lannister,1,1,1,1,1,,,,1.0,1,1,68.0,0,0,0,0.230769231,1
1505,1506,0.306,Galbart Glover,Master of Deepwood Motte,1,Northmen,,,,,,House Glover,,1,1,1,1,1,,,,,0,1,,0,0,0,0.120401338,1
1506,1507,0.939,Gerold Hightower,Ser,1,,,283.0,,,,House Hightower,,1,1,1,0,0,,,,,0,1,,0,0,1,0.414715719,0
1507,1508,0.242,Ghost of High Heart,,0,,,,,,,,,0,0,1,1,1,,,,,0,0,,0,0,0,0.086956522,1
1508,1509,0.864,Gerris Drinkwater,Ser,1,Dornish,275.0,,,,,House Drinkwater,,0,0,0,0,1,,,,,0,1,30.0,0,0,0,0.157190635,1
1509,1510,0.92,Gilly,,0,Free Folk,282.0,,,,,,Craster,0,1,1,1,1,,,,0.0,1,0,23.0,1,1,0,0.287625418,1
1510,1511,0.087,Greydon Goodbrother,,1,Ironborn,,,,,,House Goodbrother,,0,0,0,1,0,,,,,0,0,,0,0,0,0.046822742,1
1511,1512,0.158,Harmen Uller,Lord of Hellholt,1,,,,,,,House Uller,,0,0,1,1,1,,,,,0,1,,0,0,0,0.043478261,1
1512,1513,0.877,Gyles Rosby,Master of Coin,1,,,300.0,,,,House Rosby,,1,1,1,1,1,,,,,0,1,,0,0,1,0.364548495,0
1513,1514,0.219,Harren Hoare,,1,Ironborn,,,,Halleck Hoare,,,,0,0,0,0,0,,1.0,,,0,0,,0,0,0,0.204013378,0
1514,1515,0.036,Harras Harlaw,Ser,1,Ironborn,,,,,,House Harlaw of Grey Garden,,0,0,0,1,1,,,,,0,1,,0,0,0,0.107023411,1
1515,1516,0.509,Harrold Hardyng,Ser,1,Valemen,281.0,,,,,House Hardyng,,0,0,0,1,1,,,,,0,1,24.0,0,0,0,0.120401338,1
1516,1517,0.934,Helaena Targaryen,Queen,0,,109.0,130.0,,,,House Targaryen,Aegon II,0,0,0,0,0,,,,1.0,1,1,21.0,0,0,0,0.27090301,0
1517,1518,0.515,Hodor,,1,Northmen,,,,,,House Stark,,1,1,1,1,1,,,,,0,0,,0,0,0,0.244147157,1
1518,1519,0.572,Harrion Karstark,Karhold,1,Northmen,,,,,,House Karstark,,1,1,1,1,1,,,,,0,1,,2,1,0,0.096989967,1
1519,1520,0.986,Iggo,,1,Dothraki,,299.0,,,,Brave Companions,,0,0,1,0,0,,,,,0,0,,0,0,0,0.016722408,0
1520,1521,0.297,Hother Umber,Castellan,1,Northmen,241.0,,,,,House Umber,,0,1,1,1,1,,,,,0,1,64.0,0,0,0,0.143812709,1
1521,1522,0.388,Jalabhar Xho,Red Flower Vale,1,Summer Islands,,,,,,Summer Islands,,1,1,1,1,1,,,,,0,1,,0,0,0,0.073578595,1
1522,1523,0.547,Janos Slynt,Lord of Harrenhal,1,,278.0,300.0,,,,Night's Watch,,1,1,1,1,1,,,,,0,1,22.0,0,0,1,0.56187291,0
1523,1524,0.346,Jared Frey,Ser,1,,248.0,300.0,,,,House Frey,Alys Frey,1,1,1,1,1,,,,1.0,1,1,52.0,0,0,0,0.147157191,0
1524,1525,0.911,Jasper Wylde,Rain House,1,,,130.0,,,,House Wylde,,0,0,0,0,0,,,,,0,1,,0,0,0,0.25083612,0
1525,1526,0.296,Jhaqo,KhalKo (formerly),0,Dothraki,,,,,,,,1,1,1,1,1,,,,,0,1,,0,0,0,0.066889632,1
1526,1527,0.985,Jeyne Lothston,,0,,164.0,,,,,House Lothston,,0,0,0,0,0,,,,,0,0,100.0,0,0,0,0.023411371,0
1527,1528,0.304,Jhiqui,,0,Dothraki,284.0,,,,,House Targaryen,,1,1,1,1,1,,,,,0,0,21.0,0,0,0,0.143812709,1
1528,1529,0.165,Jon Bulwer,Blackcrown,1,,,,,,,House Bulwer,Victaria Tyrell,0,0,1,1,0,,,,1.0,1,1,,0,0,0,0.137123746,1
1529,1530,0.976,Jory Cassel,Captain of the guard,1,Northmen,,298.0,,,,House Cassel,,1,1,1,0,1,,,,,0,1,,1,1,0,0.170568562,0
1530,1531,0.714,Jorah Mormont,Ser,1,Northmen,254.0,,,,,House Mormont,Glover,1,1,1,1,1,,,,1.0,1,1,51.0,1,1,1,0.722408027,1
1531,1532,0.503,Karyl Vance,Ser,1,,,,,,,House Vance of Wayfarer's Rest,,1,1,1,1,1,,,,,0,1,,0,0,0,0.117056856,1
1532,1533,0.217,Khrazz,,1,Ghiscari,277.0,300.0,,,,House of Loraq,,0,0,0,0,1,,,,,0,0,23.0,0,0,0,0.076923077,0
1533,1534,0.041,Kurleket,,1,,,298.0,,,,House Bracken,,1,0,0,0,0,,,,,0,0,,0,0,0,0.010033445,0
1534,1535,0.861,Lann the Clever,,1,,,,,,,House Lannister,,1,0,0,0,0,,,,,0,0,,0,0,0,0.060200669,1
1535,1536,0.828,Kyle Condon,Ser,1,,,,,,,House Condon,,0,0,1,0,0,,,,,0,1,,0,0,0,0.040133779,1
1536,1537,0.982,Lancel Lannister,Ser,1,,282.0,,,,,House Lannister of Casterly Rock,Amerei Frey,1,1,1,1,1,,,,1.0,1,1,23.0,5,1,1,0.47826087,1
1537,1538,0.013,Likely Luke,,0,,,,,,,Brotherhood Without Banners,,0,0,1,1,0,,,,,0,0,,0,0,0,0.013377926,1
1538,1539,0.855,Lucas Inchfield,Ser,1,,,211.0,,,,House Inchfield,,0,0,0,0,0,,,,,0,1,,0,0,0,0.053511706,0
1539,1540,0.958,Lollys Stokeworth,Stokeworth,0,,265.0,,,,,House Stokeworth,Bronn,0,1,1,1,1,,,,1.0,1,1,40.0,2,1,0,0.127090301,1
1540,1541,0.96,Lyanna Stark,,1,Northmen,266.0,283.0,,,,House Stark,,1,1,1,0,1,,,,,0,0,17.0,5,1,1,0.35451505,0
1541,1542,0.57,Lyle Crakehall,Ser,1,,,,,,,House Crakehall,,0,1,1,1,1,,,,,0,1,,0,0,0,0.107023411,1
1542,1543,0.64,Lucas Blackwood,,1,,,299.0,,,,House Blackwood,,0,1,1,1,1,,,,,0,0,,0,0,0,0.073578595,0
1543,1544,0.443,Lyn Corbray,Ser,1,,,,,,,House Corbray,,1,1,1,1,1,,,,,0,1,,0,0,0,0.090301003,1
1544,1545,0.265,Lynesse Hightower,,1,,,,,,,House Hightower,Jorah Mormont,0,1,1,1,1,,,,1.0,1,0,,1,1,0,0.117056856,1
1545,1546,0.187,Mace Tyrell,Highgarden,1,,256.0,,,,,House Tyrell,Alerie Hightower,1,1,1,1,1,,,,1.0,1,1,49.0,1,1,1,0.856187291,1
1546,1547,0.24,Mag Mar Tun Doh Weg,,1,,,300.0,,,,,,0,0,1,1,1,,,,,0,0,,0,0,0,0.040133779,0
1547,1548,0.94,Mandon Moore,Ser,1,Valemen,,299.0,,,,House Moore,,1,1,1,0,0,,,,,0,1,,0,0,0,0.120401338,0
1548,1549,0.607,Mago,Bloodrider,0,Dothraki,,,,,,,,1,0,1,1,1,,,,,0,0,,0,0,0,0.033444816,1
1549,1550,0.697,Maron Botley,,1,,,,,,,House Botley,,0,1,1,0,0,,,,,0,0,,0,0,0,0.02006689,1
1550,1551,0.427,Marillion,,1,,279.0,300.0,,,,,,1,1,1,1,0,,,,,0,0,21.0,0,0,0,0.143812709,0
1551,1552,0.822,Marya Seaworth,Lady,0,,,,,,,House Seaworth,Davos Seaworth,0,1,1,1,1,,,,1.0,1,1,,1,1,0,0.063545151,1
1552,1553,0.3,Marwyn,Archmaester,1,,,,,,,,,1,0,1,1,0,,,,,0,1,,0,0,0,0.160535117,1
1553,1554,0.858,Masha Heddle,,0,,,298.0,,,,,,1,1,0,0,0,,,,,0,0,,0,0,0,0.040133779,0
1554,1555,0.204,Matthos Seaworth,,1,,,299.0,,,,House Seaworth,,0,1,1,1,1,,,,,0,0,,0,0,0,0.076923077,0
1555,1556,0.287,Meera Reed,,0,Crannogmen,283.0,,,,,House Reed,,0,1,1,1,1,,,,,0,0,22.0,0,0,0,0.27090301,1
1556,1557,0.322,Melara Hetherspoon,,0,,264.0,276.0,,,,House Hetherspoon,,0,0,0,1,1,,,,,0,0,12.0,0,0,0,0.046822742,0
1557,1558,1.0,Melissa Blackwood,,0,,156.0,,,,,House Blackwood,,0,0,0,0,1,,,,,0,0,100.0,0,0,0,0.050167224,0
1558,1559,0.116,Melisandre,,0,Asshai,,,,,,R'hllor,,0,1,1,1,1,,,,,0,0,,0,0,1,0.745819398,1
1559,1560,0.002,Merrit,,0,,,,,,,Brotherhood without banners,,0,0,1,1,0,,,,,0,0,,0,0,0,0.010033445,1
1560,1561,0.55,Meryn Trant,Ser,1,,,,,,,House Trant,,1,1,1,1,1,,,,,0,1,,0,0,0,0.220735786,1
1561,1562,0.678,Merrett Frey,,1,Riverlands,262.0,300.0,,,,House Frey,Mariya Darry,1,1,1,1,1,,,,1.0,1,0,38.0,0,0,1,0.434782609,0
1562,1563,0.041,Mohor,,1,,,298.0,,,,House Bracken,,1,0,0,0,0,,,,,0,0,,0,0,0,0.010033445,0
1563,1564,0.175,Missandei,,0,Naathi,288.0,,,,,House Targaryen,,0,0,1,1,1,,,,,0,0,17.0,0,0,0,0.173913043,1
1564,1565,0.11,Moon Boy,,1,,,,,,,House Baratheon of King's Landing,,1,1,1,1,1,,,,,0,0,,0,0,0,0.076923077,1
1565,1566,0.373,Monster,,0,Free Folk,299.0,,,,,,,0,0,1,1,1,,,,,0,0,6.0,0,0,0,0.076923077,1
1566,1567,0.539,Mord,,1,,,,,,,House Arryn,,1,1,1,1,1,,,,,0,0,,0,0,0,0.046822742,1
1567,1568,0.574,Minisa Whent,Riverrun,0,Rivermen,,,,,,House Whent,Hoster Tully,1,1,1,0,0,,,,0.0,1,1,,0,0,0,0.043478261,1
1568,1569,0.719,Mordane,Septa,0,,,298.0,,,,House Stark,,1,1,1,0,0,,,,,0,0,,0,0,0,0.10367893,0
1569,1570,0.016,Murenmure,Maester,1,,,,,,,,,0,0,0,1,0,,,,,0,1,,0,0,0,0.010033445,1
1570,1571,0.012,Myles,Maester,1,,,,,,,House Martell,,0,0,0,1,1,,,,,0,1,,0,0,0,0.023411371,1
1571,1572,0.193,Mors Martell,Sandship,0,Dornish,,,,,,House Martell,Nymeria,1,0,0,1,0,,,,1.0,1,1,,0,0,0,0.053511706,1
1572,1573,0.239,Mya Stone,,0,,279.0,,,,,House Royce of the Gates of the Moon,,1,1,1,1,1,,,,,0,0,26.0,0,0,0,0.120401338,1
1573,1574,0.417,Myrcella Baratheon,Princess,0,,290.0,,,,,House Baratheon of King's Landing,,1,1,1,1,1,,,,,0,1,15.0,5,1,1,0.56187291,1
1574,1575,0.169,Nestor Royce,Keeper of the Gates of the Moon,1,,,,,,,House Royce of the Gates of the Moon,,1,1,1,1,1,,,,,0,1,,0,0,0,0.086956522,1
1575,1576,0.283,Nute,Lord of Oakenshield,1,Ironborn,,,,,,House Greyjoy,,0,0,0,1,1,,,,,0,1,,0,0,0,0.050167224,1
1576,1577,0.594,Nymeria Sand,,0,Dornishmen,274.0,,,,,House Martell,,0,0,1,1,1,,,,,0,0,31.0,1,1,1,0.377926421,1
1577,1578,0.36,Nymeria,PrincessQueen,0,Rhoynar,,,,,,House Martell,Mors Martell,1,1,0,1,1,,,,1.0,1,1,,0,0,0,0.197324415,1
1578,1579,0.728,Oberyn Martell,Ser,1,Dornishmen,257.0,300.0,,,,House Martell,,1,1,1,1,1,,,,,0,1,43.0,5,1,1,0.772575251,0
1579,1580,0.197,Obella Sand,,0,Dornishmen,287.0,,,,,House Martell,,0,0,1,1,1,,,,,0,0,18.0,1,1,0,0.10367893,1
1580,1581,0.18,Olenna Redwyne,Highgarden,0,,228.0,,,,,House Redwyne,Luthor Tyrell,1,1,1,1,1,,,,1.0,1,1,77.0,0,0,0,0.287625418,1
1581,1582,0.447,Mychel Redfort,Ser,1,Valemen,,,,,,House Redfort,Ysilla Royce,1,1,1,1,1,,,,1.0,1,1,,0,0,0,0.070234114,1
1582,1583,0.953,Orwyle,Grand Maester,1,,,,,,,,,0,0,0,0,0,,,,,0,1,,0,0,0,0.254180602,1
1583,1584,0.037,Osha,,1,Free folk,,,,,,House Stark,,1,1,1,1,1,,,,,0,0,,0,0,0,0.25083612,1
1584,1585,0.187,Osfryd Kettleblack,Ser,1,,,,,,,House Kettleblack,,0,1,1,1,1,,,,,0,1,,0,0,0,0.086956522,1
1585,1586,0.158,Osney Kettleblack,Ser,1,,,,,,,House Kettleblack,,0,1,1,1,1,,,,,0,1,,0,0,0,0.123745819,1
1586,1587,0.969,Orys Baratheon,Storm's End,1,,,38.0,,,,House Baratheon,Argella Durrandon,1,0,0,0,0,,,,1.0,1,1,,5,1,1,0.488294314,0
1587,1588,0.293,Osmund Kettleblack,Ser,1,,,,,,,House Kettleblack,,0,1,1,1,1,,,,,0,1,,0,0,0,0.170568562,1
1588,1589,0.366,Othell Yarwyck,First Builder,1,,,,,,,House Yarwyck,,1,1,1,1,1,,,,,0,1,,0,0,0,0.063545151,1
1589,1590,0.898,Oswell Whent,Ser,1,Rivermen,,283.0,,,,House Whent,,1,0,1,0,1,,,,,0,1,,1,1,0,0.080267559,0
1590,1591,0.919,Otto Hightower,Ser,1,,,130.0,,,,House Hightower,,0,0,1,0,0,,,,,0,1,,0,0,1,0.371237458,0
1591,1592,0.171,Patchface,,1,,,,,,,House Baratheon of Dragonstone,,0,1,1,1,1,,,,,0,0,,0,0,0,0.107023411,1
1592,1593,0.249,Paxter Redwyne,Arbor,1,,,,,,,House Redwyne,Mina Tyrell,1,1,1,1,1,,,,1.0,1,1,,0,0,1,0.511705686,1
1593,1594,0.621,Pearse Caron,Nightsong,1,,,,,,,House Caron,,0,0,0,0,0,,,,,0,1,,0,0,0,0.013377926,1
1594,1595,0.525,Petyr Frey,,1,,281.0,300.0,,,,House Frey,Mylenda Caron,0,1,1,1,0,,,,1.0,1,0,19.0,0,0,0,0.177257525,0
1595,1596,0.696,Pia,,0,,,,,,,House Whent,,0,1,1,1,0,,,,,0,0,,0,0,0,0.046822742,1
1596,1597,0.611,Podrick Payne,,1,,286.0,,,,,House Payne,,1,1,1,1,1,,,,,0,0,19.0,0,0,0,0.2909699,1
1597,1598,0.111,Preston Greenfield,Ser,1,Westermen,,299.0,,,,House Greenfield,,1,1,1,1,0,,,,,0,1,,0,0,0,0.093645485,0
1598,1599,0.7,Polliver,Castellan of Harrenhal,1,,,300.0,,,,House Clegane,,0,1,1,1,0,,,,,0,1,,0,0,0,0.076923077,0
1599,1600,0.292,Pyat Pree,Warlock,0,,,,,,,Undying Ones,,0,1,1,1,1,,,,,0,1,,0,0,0,0.096989967,1
1600,1601,0.27,Pylos,Maester,1,,273.0,,,,,,,0,1,1,1,1,,,,,0,1,32.0,0,0,0,0.056856187,1
1601,1602,0.548,Pycelle,Grand Maester,1,,216.0,300.0,,,,House Lannister,,1,1,1,1,1,,,,,0,1,84.0,0,0,1,0.638795987,0
1602,1603,0.324,Qhorin Halfhand,,1,,,299.0,,,,Night's Watch,,1,1,1,1,1,,,,,0,0,,0,0,0,0.210702341,0
1603,1604,0.852,Qotho,Bloodrider,1,Dothraki,,298299.0,,,,,,1,0,0,0,0,,,,,0,0,,0,0,0,0.063545151,0
1604,1605,0.503,Quentyn Martell,Ser,1,Dornishmen,281.0,300.0,,,,House Martell,,1,1,1,1,1,,,,,0,1,19.0,0,0,1,0.551839465,0
1605,1606,0.04,Ralf Stonehouse,Red Jester,1,Ironborn,,,,,,House Stonehouse,,0,0,0,1,1,,,,,0,1,,0,0,0,0.033444816,1
1606,1607,0.64,Ramsay Snow,Lord of the Hornwood,1,Northmen,282.0,,,,,House Bolton of the Dreadfort,Donella Hornwood,0,1,1,1,1,,,,0.0,1,1,23.0,1,1,1,0.461538462,1
1607,1608,0.595,Randyll Tarly,Horn Hill,1,,,,,,,House Tarly,Melessa Florent,1,1,1,1,1,,,,1.0,1,1,,0,0,1,0.618729097,1
1608,1609,0.755,Raymun Fossoway,Ser,1,,,,,,,House Fossoway of New Barrel,,0,0,0,0,0,,,,,0,1,,0,0,0,0.040133779,1
1609,1610,0.626,Raymun Darry,Darry,1,,,298.0,,,,House Darry,,1,0,1,1,0,,,,,0,1,,0,0,0,0.076923077,0
1610,1611,0.165,Ravella Swann,Acorn Hall,0,,,,,,,House Swann,Theomar Smallwood,0,0,1,1,0,,,,1.0,1,1,,0,0,0,0.060200669,1
1611,1612,0.273,Small Paul,,1,,,299.0,,,,Night's Watch,,0,0,1,1,1,,,,,0,0,,0,0,0,0.026755853,0
1612,1613,0.75,Tristifer Botley,Lordsport,1,Ironborn,,,,,,House Botley,,0,0,0,1,1,,,,,0,1,,0,0,0,0.120401338,1
1613,1614,0.842,Styr,Magnar of Thenn,1,Free Folk,,300.0,,,,Thenn,,0,0,1,1,1,,,,,0,1,,0,0,0,0.140468227,0
1614,1615,0.966,Rat Cook,,1,,,,,,,Night's Watch,,0,0,1,0,1,,,,,0,0,,0,0,0,0.056856187,1
1615,1616,0.336,Prendahl na Ghezn,,1,Ghiscari,,299.0,,,,Stormcrows,,0,0,1,0,0,,,,,0,0,,0,0,0,0.040133779,0
1616,1617,0.24,Ulmer,,1,,,,,,,Kingswood Brotherhood,,0,0,1,1,1,,,,,0,0,,0,0,0,0.053511706,1
1617,1618,0.873,Oznak zo Pahl,,1,Meereen,,299.0,,,,House of Pahl,,0,0,1,0,1,,,,,0,0,,0,0,0,0.056856187,0
1618,1619,0.994,Aegon Blackfyre,,1,Valyrian,184.0,196.0,,,,House Blackfyre,,0,0,1,0,0,,,,,0,0,12.0,2,1,0,0.08361204,0
1619,1620,0.959,Addam Velaryon,Ser,1,Valyrian,114.0,130.0,,,,House Velaryon,,0,0,0,0,0,,,,,0,1,16.0,0,0,0,0.107023411,0
1620,1621,0.93,Aegon V Targaryen,,1,,,,Dyanna Dayne,Maekar I Targaryen,Duncan Targaryen,,,0,0,0,0,0,1.0,0.0,0.0,,0,0,,7,1,1,0.695652174,0
1621,1622,0.996,Aemon Blackfyre,,1,Valyrian,184.0,196.0,,,,House Blackfyre,,0,0,1,0,0,,,,,0,0,12.0,2,1,0,0.086956522,0
1622,1623,0.687,Aeron Greyjoy,Golden Storm,1,Ironmen,269.0,,,,,House Greyjoy,,1,1,1,1,1,,,,,0,1,36.0,4,1,1,0.45819398,1
1623,1624,0.24,Alfyn,,1,Free Folk,,299.0,,,,,,0,0,0,0,0,,,,,0,0,,0,0,0,0.0,0
1624,1625,0.421,Alannys Harlaw,Iron Islands,0,Ironborn,,,,,,House Greyjoy,Balon Greyjoy,1,1,0,1,1,,,,0.0,1,1,,0,0,0,0.237458194,1
1625,1626,0.053,Alayaya,,0,,282.0,,,,,Chataya's brothel,,0,1,1,1,1,,,,,0,0,23.0,0,0,0,0.076923077,1
1626,1627,0.83,Alyn,,1,,,298.0,,,,House Stark,,1,1,1,0,1,,,,,0,0,,0,0,0,0.073578595,0
1627,1628,0.89,Alliser Thorne,Ser,1,,,,,,,House Thorne,,1,1,1,1,1,,,,,0,1,,0,0,0,0.230769231,1
1628,1629,0.91,Alester Florent,Brightwater,1,,,300.0,,,,House Florent,Melara Crane,0,1,1,0,1,,,,1.0,1,1,,0,0,0,0.327759197,0
1629,1630,0.108,Alysane Mormont,,0,Northmen,273.0,,,,,House Mormont,,0,0,0,1,1,,,,,0,0,32.0,0,0,0,0.070234114,1
1630,1631,0.547,Alerie Hightower,Highgarden,0,,257.0,,,,,House Hightower,Mace Tyrell,1,1,1,1,1,,,,1.0,1,1,48.0,0,0,0,0.227424749,1
1631,1632,0.334,Anguy,,1,,,,,,,Brotherhood without banners,,1,0,1,1,0,,,,,0,0,,0,0,0,0.130434783,1
1632,1633,0.033,Andrik,Lord of Southshield,1,Ironborn,,,,,,House Drumm,,0,1,1,1,1,,,,,0,1,,0,0,0,0.043478261,1
1633,1634,0.596,Amory Lorch,Ser,1,,,299.0,,,,House Lorch,,1,1,1,1,1,,,,,0,1,,0,0,0,0.277591973,0
1634,1635,0.945,Archibald Yronwood,Ser,1,,,,,,,House Yronwood,,0,0,0,0,1,,,,,0,1,,0,0,0,0.140468227,1
1635,1636,0.799,Arlan of Pennytree,Ser,1,,149.0,209.0,,,,,,0,0,0,0,0,,,,,0,1,60.0,0,0,0,0.10367893,0
1636,1637,0.362,Areo Hotah,Sunspear,1,Norvos,257.0,,,,,House Martell,,1,1,1,1,1,,,,,0,1,48.0,0,0,0,0.257525084,1
1637,1638,0.908,Arwyn Oakheart,Old Oak,1,,,,,,,House Oakheart,,1,1,1,1,1,,,,,0,1,,0,0,0,0.036789298,1
1638,1639,0.054,Arthur Dayne,Ser,1,Dornishmen,,283.0,,,,House Dayne,,1,1,1,1,1,,,,,0,1,,0,0,0,0.153846154,0
1639,1640,0.752,Arys Oakheart,Ser,1,Reach,,300.0,,,,House Oakheart,,1,1,1,1,1,,,,,0,1,,0,0,1,0.344481605,0
1640,1641,0.848,Ashara Dayne,,0,,,283.0,,,,House Dayne,,1,1,1,0,1,,,,,0,0,,0,0,0,0.093645485,0
1641,1642,0.447,Aron Santagar,Ser,1,Dornish,,299.0,,,,House Santagar,,1,1,0,1,0,,,,,0,1,,0,0,0,0.066889632,0
1642,1643,0.635,Asha Greyjoy,Black Wind,0,Ironborn,275.0,,,,,House Greyjoy,Erik Ironmaker,1,1,0,1,1,,,,1.0,1,1,30.0,0,0,1,0.7090301,1
1643,1644,0.342,Azor Ahai,,0,Asshai,,,,,,,Nissa Nissa,0,1,1,1,1,,,,1.0,1,0,,0,0,0,0.117056856,1
1644,1645,0.0,Bael the Bard,King-Beyond-the-Wall,1,Free folk,,,,,,,,0,0,0,0,0,,,,,0,1,,0,0,0,0.0,1
1645,1646,0.039,Baelor Blacktyde,Blacktyde,1,Ironborn,,300.0,,,,House Blacktyde,,0,1,1,1,0,,,,,0,1,,0,0,0,0.060200669,0
1646,1647,0.643,Balon Greyjoy,,1,,,,,Quellon Greyjoy,Theon Greyjoy,,,0,0,0,0,0,,0.0,1.0,,0,0,,4,1,1,0.739130435,0
1647,1648,0.061,Ballabar,Maester,1,,,,,,,House Redwyne,,0,1,1,1,1,,,,,0,1,,0,0,0,0.030100334,1
1648,1649,0.967,Baelor I Targaryen,,1,,,,Daenaera Velaryon,Aegon III Targaryen,,,,0,0,0,0,0,1.0,0.0,,,0,0,,9,1,1,0.501672241,0
1649,1650,0.506,Balon Swann,Ser,1,Stormlander,,,,,,House Swann,,1,1,1,1,1,,,,,0,1,,0,0,0,0.311036789,1
1650,1651,0.999,Barba Bracken,,0,,155.0,,,,,House Bracken,,0,0,0,0,1,,,,,0,0,100.0,0,0,0,0.050167224,0
1651,1652,0.414,Barristan Selmy,Ser,1,Westeros,236.0,,,,,House Selmy,,1,1,1,1,1,,,,,0,1,69.0,0,0,1,1.0,1
1652,1653,0.532,Barbrey Dustin,Barrowton,0,Northmen,,,,,,House Ryswell,Willam Dustin,0,0,0,1,1,,,,0.0,1,1,,0,0,0,0.163879599,1
1653,1654,0.256,Bellegere Otherys,,0,Braavosi,,,,,,,,0,0,0,1,0,,,,,0,0,,0,0,0,0.040133779,1
1654,1655,0.032,Beardless Dick,,0,,,,,,,Brotherhood Without Banners,,0,0,1,1,0,,,,,0,0,,0,0,0,0.02006689,1
1655,1656,0.125,Belwas,,1,Meereenese,,,,,,House Targaryen,,0,1,1,1,1,,,,,0,0,,0,0,0,0.143812709,1
1656,1657,0.938,Benjen Stark,First Ranger,1,Northmen,267.0,,,,,House Stark,,1,1,1,1,1,,,,,0,1,38.0,5,1,1,0.401337793,1
1657,1658,0.737,Bethany Bracken,,0,,156.0,178.0,,,,House Bracken,,0,0,0,0,0,,,,,0,0,22.0,0,0,0,0.030100334,0
1658,1659,0.59,Beric Dondarrion,Lord of Blackhaven,1,,276.0,299.0,,,,,,1,1,1,1,1,,,,,0,1,23.0,0,0,1,0.434782609,0
1659,1660,0.916,Biter,,1,,,300.0,,,,Brave Companions,,0,1,1,1,0,,,,,0,0,,0,0,0,0.127090301,0
1660,1661,0.047,Bluetooth,,1,Ironborn,,,,,,House Greyjoy,,0,1,1,1,0,,,,,0,0,,0,0,0,0.013377926,1
1661,1662,0.951,Brandon Norrey,The NorreyLord Norrey,1,Northern mountain clans,,,,,,House Norrey,,0,0,0,1,1,,,,,0,1,,0,0,0,0.030100334,1
1662,1663,0.577,Bowen Marsh,Lord Steward,1,,,,,,,Night's Watch,,1,1,1,1,1,,,,,0,1,,0,0,0,0.254180602,1
1663,1664,0.285,Bonifer Hasty,Ser,1,,,,,,,House Hasty,,0,1,1,1,1,,,,,0,1,,0,0,0,0.053511706,1
1664,1665,0.066,Bran the Builder,King of Winter,0,First Men,,,,,,House Stark,,1,1,1,1,1,,,,,0,1,,0,0,0,0.090301003,1
1665,1666,0.815,Brynden Rivers,Ser,1,Valyrian,175.0,252.0,,,,House Targaryen,,0,0,0,1,1,,,,,0,1,77.0,4,1,1,0.605351171,0
1666,1667,0.904,Brynden Tully,Ser,1,Rivermen,242.0,,,,,House Tully,,1,1,1,1,1,,,,,0,1,63.0,5,1,1,0.341137124,1
1667,1668,0.157,Caleotte,Maester,1,,,,,,,House Martell,,1,1,1,1,1,,,,,0,1,,0,0,0,0.040133779,1
1668,1669,0.322,Cassella Vaith,Vaith,0,Dornishmen,,,,,,House Vaith,,0,0,0,0,0,,,,,0,1,,0,0,0,0.010033445,1
1669,1670,0.313,Cellador,Septon,1,,,,,,,Night's Watch,,1,1,1,1,1,,,,,0,0,,0,0,0,0.033444816,1
1670,1671,0.729,Chella,,0,Vale mountain clans,,,,,,Black Ears,,1,1,1,0,0,,,,,0,0,,0,0,0,0.036789298,1
1671,1672,0.023,Cletus Yronwood,Ser,1,,,300.0,,,,House Yronwood,,0,0,0,1,1,,,,,0,1,,0,0,0,0.070234114,0
1672,1673,0.539,Colemon,Maester,1,,,,,,,House Arryn,,1,1,1,1,1,,,,,0,1,,0,0,0,0.066889632,1
1673,1674,0.995,Corlys Velaryon,Lord of the Tides,1,Valyrian,53.0,132.0,,,,House Velaryon,Rhaenys Targaryen,0,0,0,0,0,,,,0.0,1,1,79.0,0,0,1,0.525083612,0
1674,1675,0.578,Criston Cole,Ser,1,Stormlands,82.0,130.0,,,,House Cole,,0,0,0,1,0,,,,,0,1,48.0,0,0,1,0.505016722,0
1675,1676,0.782,Daemon I Blackfyre,Ser,1,Valyrian,170.0,196.0,,,,House Blackfyre,Rohanne of Tyrosh,0,0,0,0,0,,,,1.0,1,1,26.0,0,0,0,0.0,0
1676,1677,0.994,Daemon Targaryen,Commander of the City Watch,1,Valyrian,81.0,130.0,,,,House Targaryen,Rhea Royce,0,0,0,0,0,,,,0.0,1,1,49.0,5,1,1,0.668896321,0
1677,1678,0.953,Daenerys Targaryen,Andals,0,Valyrian,284.0,,,,,House Targaryen,Drogo,1,1,1,1,1,,,,0.0,1,1,21.0,15,1,1,1.0,1
1678,1679,0.799,Danny Flint,,0,Northmen,,,,,,House Flint,,0,0,1,0,1,,,,,0,0,,0,0,0,0.023411371,1
1679,1680,0.843,Daven Lannister,Ser,1,Westerman,273.0,,,,,House Lannister,,1,1,1,1,1,,,,,0,1,32.0,0,0,0,0.20735786,1
1680,1681,0.217,Dick Crabb,,1,,,300.0,,,,House Crabb,,0,0,0,1,0,,,,,0,0,,0,0,0,0.070234114,0
1681,1682,0.426,Donal Noye,,1,,244.0,300.0,,,,House Baratheon,,1,1,1,1,1,,,,,0,0,56.0,0,0,0,0.140468227,0
1682,1683,0.026,Domeric Bolton,,1,Northmen,279.0,297.0,,,,House Bolton,,0,1,0,1,1,,,,,0,0,18.0,0,0,0,0.090301003,0
1683,1684,0.918,Davos Seaworth,Ser,1,Westeros,260.0,,,,,House Seaworth,Marya Seaworth,0,1,1,1,1,,,,1.0,1,1,45.0,1,1,1,0.969899666,1
1684,1685,0.747,Doreah,,0,Lysene,278279.0,299.0,,,,House Targaryen,,1,1,0,0,1,,,,,0,0,-277980.0,0,0,0,0.110367893,0
1685,1686,0.204,Dorea Sand,,0,Dornishmen,291.0,,,,,House Martell,,0,0,0,1,1,,,,,0,0,14.0,1,1,0,0.10367893,1
1686,1687,0.765,Dywen,,1,,,,,,,Night's Watch,,1,1,1,1,1,,,,,0,0,,0,0,0,0.093645485,1
1687,1688,0.113,Eddard Karstark,,1,Northmen,,298.0,,,,House Karstark,,1,1,1,1,1,,,,,0,0,,0,0,0,0.073578595,0
1688,1689,0.555,Eddard Stark,Winterfell,1,Northmen,263.0,299.0,,,,House Stark,Catelyn Tully,1,1,1,1,1,,,,1.0,1,1,36.0,6,1,1,1.0,0
1689,1690,0.204,Elia Sand,,0,Dornishmen,285.0,,,,,House Martell,,0,0,1,1,1,,,,,0,0,20.0,1,1,0,0.117056856,1
1690,1691,0.972,Edmure Tully,Ser,1,Rivermen,267.0,,,,,House Tully,Roslin Frey,1,1,1,1,1,,,,1.0,1,1,38.0,8,1,1,0.655518395,1
1691,1692,0.524,Elia Martell,Princess,0,,256.0,283.0,,,,,Rhaegar Targaryen,1,1,1,1,1,,,,0.0,1,1,27.0,7,1,1,0.441471572,0
1692,1693,0.848,Emmon Cuy,Ser,1,,,299.0,,,,House Cuy,,0,1,0,0,0,,,,,0,1,,0,0,0,0.036789298,0
1693,1694,0.178,Eleyna Westerling,,0,,287.0,,,,,House Westerling,,0,0,1,1,0,,,,,0,0,18.0,0,0,0,0.046822742,1
1694,1695,0.997,Falena Stokeworth,Harrenhal,1,,125.0,,,,,House Stokeworth,Lucas Lothston,0,0,0,0,0,,,,1.0,1,1,100.0,0,0,0,0.023411371,0
1695,1696,0.286,Falia Flowers,,0,,281.0,,,,,House Hewett,,0,0,0,1,1,,,,,0,0,24.0,0,0,0,0.026755853,1
1696,1697,0.101,Eustace Osgrey,Knight,1,,,,,,,House Osgrey,Rohanne Webber,0,0,0,0,0,,,,0.0,1,1,,0,0,0,0.147157191,1
1697,1698,0.852,Farlen,,1,,,299.0,,,,House Stark,,1,1,1,0,1,,,,,0,0,,0,0,0,0.056856187,0
1698,1699,0.361,Falyse Stokeworth,,0,,265.0,300.0,,,,House Stokeworth,Balman Byrch,0,1,1,1,1,,,,0.0,1,0,35.0,1,1,0,0.100334448,0
1699,1700,0.608,Galazza Galare,Green Grace,0,Ghiscari,217.0,,,,,Graces,,0,0,0,0,1,,,,,0,1,88.0,0,0,0,0.090301003,1
1700,1701,0.005,Emmond,,1,Ironborn,,,,,,Drowned men,,0,0,0,1,0,,,,,0,0,,0,0,0,0.010033445,1
1701,1702,0.287,Garth Hightower,Ser,0,,,,,,,House Hightower,,0,0,0,1,0,,,,,0,1,,0,0,0,0.050167224,1
1702,1703,0.927,Gared,,1,,231.0,297.0,,,,Night's Watch,,1,1,0,0,0,,,,,0,0,66.0,0,0,0,0.093645485,0
1703,1704,0.265,Genna Lannister,Lady,0,,245.0,,,,,,Emmon Frey,1,1,1,1,1,,,,1.0,1,1,60.0,0,0,0,0.217391304,1
1704,1705,0.707,Garlan Tyrell,Ser,1,,277.0,,,,,House Tyrell of Brightwater Keep,Leonette Fossoway,1,1,1,1,1,,,,1.0,1,1,28.0,0,0,0,0.327759197,1
1705,1706,0.44,Gerion Lannister,,1,,255.0,291.0,,,,House Lannister,,1,1,1,1,1,,,,,0,0,36.0,0,0,0,0.140468227,0
1706,1707,0.187,Gevin Harlaw,,0,Ironborn,,299.0,,,,House Harlaw,,0,1,1,0,0,,,,,0,0,,0,0,0,0.016722408,0
1707,1708,0.311,Gerold Dayne,Ser,1,Dorne,270.0,,,,,House Dayne of High Hermitage,,0,0,0,1,1,,,,,0,1,35.0,0,0,0,0.107023411,1
1708,1709,0.506,Godry Farring,Ser,1,,,,,,,House Farring,,0,0,0,1,1,,,,,0,1,,0,0,0,0.063545151,1
1709,1710,0.04,Gorold Goodbrother,Lord of Hammerhorn,1,Ironborn,,,,,,House Goodbrother,,0,1,1,1,1,,,,,0,1,,0,0,0,0.080267559,1
1710,1711,0.829,Grenn,,1,Westeros,281.0,,,,,Night's Watch,,1,1,1,1,1,,,,,0,0,24.0,0,0,0,0.204013378,1
1711,1712,0.824,Grey Worm,,1,,,,,,,Unsullied,,0,0,1,1,1,,,,,0,0,,0,0,0,0.140468227,1
1712,1713,0.656,Greenbeard,,1,Tyroshi,,,,,,Brotherhood without banners,,0,0,0,0,0,,,,,0,0,,0,0,0,0.036789298,1
1713,1714,0.222,Groleo,[1],0,Pentoshi,,300.0,,,,House Targaryen,,0,0,1,1,1,,,,,0,1,,0,0,0,0.110367893,0
1714,1715,0.496,Grunt,,1,Northmen,,,,,,House Bolton,,0,0,0,0,1,,,,,0,0,,0,0,0,0.026755853,1
1715,1716,0.595,Gregor Clegane,Ser,1,,265.0,300.0,,,,House Clegane,,1,1,1,1,1,,,,,0,1,35.0,1,1,1,0.836120401,0
1716,1717,0.063,Gylbert Farwynd,Lonely Light,1,Ironborn,,,,,,House Farwynd of the Lonely Light,,0,0,1,1,1,,,,,0,1,,0,0,0,0.040133779,1
1717,1718,0.807,Guyard Morrigen,Ser,1,,278.0,299.0,,,,House Morrigen,,0,1,0,0,1,,,,,0,1,21.0,0,0,0,0.063545151,0
1718,1719,0.063,Hallyne,LordWisdom,1,,,,,,,Alchemists' Guild,,0,1,1,1,0,,,,,0,1,,0,0,0,0.086956522,1
1719,1720,0.894,Haggo,Bloodrider,1,Dothraki,,298299.0,,,,,,1,0,0,0,0,,,,,0,0,,0,0,0,0.033444816,0
1720,1721,0.301,Hazzea,,0,Ghiscari,295.0,300.0,,,,,,0,0,0,0,1,,,,,0,0,5.0,0,0,0,0.043478261,0
1721,1722,0.812,Hizdahr zo Loraq,,1,Ghiscari,,,,,,,,0,0,0,0,0,,,,,0,0,,0,0,1,0.444816054,1
1722,1723,0.953,Harma,,0,Wildlings,,300.0,,,,,,0,1,1,0,1,,,,,0,0,,0,0,0,0.053511706,0
1723,1724,0.811,Harry Strickland,Captain-General,1,,,,,,,House Strickland,,0,0,0,0,1,,,,,0,1,,0,0,0,0.076923077,1
1724,1725,0.048,Harys Swyft,Knight,1,,,,,,,House Swyft,,1,1,1,1,1,,,,,0,1,,1,1,1,0.451505017,1
1725,1726,0.342,Harwin,,0,Northmen,271.0,,,,,House Stark,,1,1,1,1,1,,,,,0,0,34.0,0,0,0,0.130434783,1
1726,1727,0.765,Hobb,,1,,,,,,,Night's Watch,,1,1,1,1,1,,,,,0,0,,0,0,0,0.043478261,1
1727,1728,0.262,High Sparrow,High Septon,1,,,,,,,Faith of the Seven,,0,0,0,1,1,,,,,0,1,,0,0,0,0.16722408,1
1728,1729,0.443,Hot Pie,,0,,,,,,,,,0,1,1,1,0,,,,,0,0,,0,0,0,0.183946488,1
1729,1730,0.36,Howland Reed,Greywater Watch,1,Crannogmen,260.0,,,,,House Reed,Jyana,1,1,1,1,1,,,,1.0,1,1,45.0,0,0,0,0.177257525,1
1730,1731,0.787,Holly,,1,Free Folk,283.0,300.0,,,,,,0,0,0,0,1,,,,,0,0,17.0,0,0,0,0.056856187,0
1731,1732,0.89,Hugh,Ser,1,Valemen,,298.0,,,,House Arryn,,1,0,0,0,0,,,,,0,1,,0,0,0,0.063545151,0
1732,1733,0.385,Hyle Hunt,Ser,0,,,,,,,House Hunt,,0,0,0,1,0,,,,,0,1,,0,0,0,0.10367893,1
1733,1734,0.985,Hoster Tully,Lord Paramount of the Trident,1,Rivermen,237.0,299.0,,,,House Tully,Minisa Whent,1,1,1,1,1,,,,1.0,1,1,62.0,6,1,0,0.331103679,0
1734,1735,0.229,Humfrey Hewett,Oakenshield,1,,,,,,,House Hewett,,0,0,0,1,1,,,,,0,1,,0,0,0,0.030100334,1
1735,1736,0.443,Ilyn Payne,Ser,1,Westeros,,,,,,House Payne,,1,1,1,1,1,,,,,0,1,,0,0,0,0.224080268,1
1736,1737,0.952,Illyrio Mopatis,Magister,1,Pentoshi,,,,,,House Targaryen,Cousin to the Prince of Pentos,1,1,1,1,1,,,,1.0,1,1,,0,0,1,0.394648829,1
1737,1738,0.526,Irri,,0,Dothraki,283.0,,,,,House Targaryen,,1,1,1,1,1,,,,,0,0,22.0,0,0,0,0.193979933,1
1738,1739,0.423,Imry Florent,Ser,1,,,299.0,,,,House Florent,,0,1,1,1,0,,,,,0,1,,0,0,0,0.183946488,0
1739,1740,0.175,Jack-Be-Lucky,,1,,,,,,,Brotherhood without banners,,0,0,1,1,0,,,,,0,0,,0,0,0,0.026755853,1
1740,1741,0.216,Jacelyn Bywater,Ser,1,,,299.0,,,,House Bywater,,0,1,1,1,0,,,,,0,1,,0,0,0,0.130434783,0
1741,1742,0.648,Jaime Lannister,Ser,1,Westerlands,266.0,,,,,House Lannister,,1,1,1,1,1,,,,,0,1,39.0,7,1,1,1.0,1
1742,1743,0.532,Jason Mallister,Seagard,1,Riverlands,,,,,,House Mallister,,1,1,1,1,1,,,,,0,1,,0,0,0,0.127090301,1
1743,1744,0.959,Jeyne Poole,,0,Northmen,,,,,,House Poole,Ramsay Bolton,1,1,1,1,1,,,,1.0,1,0,,1,1,1,0.384615385,1
1744,1745,0.603,Jon Arryn,Eyrie,1,Valemen,217.0,298.0,,,,House Arryn,Jeyne Royce,1,1,1,1,1,,,,1.0,1,1,81.0,5,1,1,0.836120401,0
1745,1746,0.14,Jon Fossoway,Knight,1,Reach,,,,,,House Fossoway of New Barrel,Janna Tyrell,0,1,0,0,0,,,,1.0,1,1,,0,0,0,0.18729097,1
1746,1747,0.521,Jonos Bracken,Stone Hedge,1,,,,,,,House Bracken,,1,1,1,1,1,,,,,0,1,,0,0,0,0.190635452,1
1747,1748,0.341,Justin Massey,Ser,1,,,,,,,House Massey,,0,0,0,1,1,,,,,0,1,,0,0,0,0.080267559,1
1748,1749,0.172,Kedry,Maester,1,,,300.0,,,,,,0,0,0,1,1,,,,,0,1,,0,0,0,0.030100334,0
1749,1750,0.116,Jon Snow,Lord Commander of the Night's Watch,1,Northmen,283.0,,,,,House Stark,,1,1,1,1,1,,,,,0,1,22.0,5,1,1,1.0,1
1750,1751,0.504,Joss Stilwood,,1,,,,,,,House Clegane,,1,1,0,1,0,,,,,0,0,,0,0,0,0.016722408,1
1751,1752,0.74,Kevan Lannister,Ser,1,,244.0,300.0,,,,House Lannister,Dorna Swyft,1,1,1,1,1,,,,1.0,1,1,56.0,4,1,1,0.869565217,0
1752,1753,0.014,Lady of the Leaves,Lady of the Leaves,0,,,,,,,,,0,0,1,1,0,,,,,0,1,,0,0,0,0.02006689,1
1753,1754,0.024,Lharys,,1,,,298.0,,,,House Bracken,,1,0,0,0,0,,,,,0,0,,0,0,0,0.016722408,0
1754,1755,0.32,Leyton Hightower,Hightower,1,,,,,,,House Hightower,Rhea Florent,1,1,1,1,1,,,,1.0,1,1,,0,0,0,0.150501672,1
1755,1756,1.0,Larys Strong,Lord of Harrenhal,1,,91.0,,,,,House Strong,,0,0,0,0,0,,,,,0,1,100.0,0,0,0,0.297658863,0
1756,1757,0.112,Lomys,Maester,1,,,,,,,,,1,1,1,1,1,,,,,0,1,,0,0,0,0.023411371,1
1757,1758,0.265,Lewyn Martell,Ser,1,Dornish,,283.0,,,,House Martell,,1,0,1,1,1,,,,,0,1,,2,1,0,0.147157191,0
1758,1759,0.162,Lothar Frey,Twins,1,Rivermen,264.0,,,,,House Frey,Leonella Lefford,1,1,1,1,1,,,,1.0,1,1,41.0,1,1,0,0.173913043,1
1759,1760,0.428,Lothor Brune,Ser,1,,,,,,,House Brune of Brownhollow,,1,1,1,1,1,,,,,0,1,,0,0,0,0.137123746,1
1760,1761,0.546,Lysa Arryn,Lady of the Vale,0,,266.0,300.0,,,,House Tully,Jon Arryn,0,0,0,0,0,,,,0.0,1,1,34.0,5,1,0,0.0,0
1761,1762,0.31,Maege Mormont,Lady of Bear Island,0,Northmen,239.0,,,,,House Mormont,,1,1,1,1,1,,,,,0,1,66.0,1,1,0,0.137123746,1
1762,1763,0.175,Mad Huntsman,,1,,,,,,,Brotherhood without banners,,0,0,1,1,0,,,,,0,0,,0,0,0,0.036789298,1
1763,1764,0.933,Mance Rayder,,1,Free folk,,,,,,,,0,0,0,0,0,,,,,0,0,,0,0,1,0.7090301,1
1764,1765,0.363,Mark Mullendore,Ser,1,,,,,,,House Mullendore,,0,1,1,1,1,,,,,0,1,,0,0,0,0.050167224,1
1765,1766,0.248,Mark Ryswell,Ser,0,Northmen,,283.0,,,,House Ryswell,,1,0,0,0,0,,,,,0,1,,0,0,0,0.02006689,0
1766,1767,0.165,Marlon Manderly,Ser,1,,,,,,,House Manderly,,0,0,0,1,1,,,,,0,1,,0,0,0,0.043478261,1
1767,1768,0.597,Maron Greyjoy,,1,Ironborn,275.0,289.0,,,,House Greyjoy,,1,1,1,1,1,,,,,0,0,14.0,4,1,0,0.140468227,0
1768,1769,0.919,Martyn Cassel,,0,Northmen,,284.0,,,,House Cassel,,1,1,0,0,0,,,,,0,0,,0,0,0,0.033444816,0
1769,1770,0.306,Marq Piper,Ser,1,Rivermen,,,,,,House Piper,,1,1,1,1,1,,,,,0,1,,0,0,0,0.140468227,1
1770,1771,0.555,Mathis Rowan,Goldengrove,1,Reach,,,,,,House Rowan,Bethany Redwyne,1,1,1,1,1,,,,1.0,1,1,,0,0,1,0.364548495,1
1771,1772,0.233,Meribald,Septon,1,,247.0,,,,,Faith of the Seven,,0,0,0,1,0,,,,,0,0,58.0,0,0,0,0.10367893,1
1772,1773,0.696,Mirri Maz Duur,Godswife,0,Lhazareen,257.0,299.0,,,,,,1,1,1,1,1,,,,,0,1,42.0,0,0,0,0.143812709,0
1773,1774,0.24,Mikken,,1,Northmen,,299.0,,,,House Stark,,1,1,1,1,1,,,,,0,0,,0,0,0,0.096989967,0
1774,1775,0.523,Morros Slynt,Lord,1,,,,,,,House Slynt,,0,1,1,0,0,,,,,0,1,,0,0,0,0.043478261,1
1775,1776,0.132,Myranda Royce,,0,,279.0,,,,,House Royce of the Gates of the Moon,,0,1,1,1,1,,,,,0,0,26.0,0,0,0,0.043478261,1
1776,1777,1.0,Nettles,,0,,113.0,,,,,Blacks,,0,0,0,0,0,,,,,0,0,100.0,0,0,0,0.063545151,0
1777,1778,0.019,Notch,,0,,,,,,,Brotherhood without Banners,,0,0,1,1,0,,,,,0,0,,0,0,0,0.013377926,1
1778,1779,0.173,Obara Sand,,0,Dornish,271.0,,,,,House Martell,,0,0,1,1,1,,,,,0,0,34.0,1,1,0,0.140468227,1
1779,1780,0.988,Ulf the White,Ser,1,,,130.0,,,,Blacks,,0,0,0,0,0,,,,,0,1,,0,0,0,0.060200669,0
1780,1781,0.765,Pypar,,1,,,,,,,Night's Watch,,1,1,1,1,1,,,,,0,0,,0,0,0,0.113712375,1
1781,1782,0.289,Roose Bolton,Dreadfort,1,Northmen,260.0,,,,,House Bolton,Bethany Ryswell,1,1,1,1,1,,,,1.0,1,1,45.0,1,1,1,0.97993311,1
1782,1783,0.619,Shireen Baratheon,Princess,0,,289.0,,,,,House Baratheon of Dragonstone,,1,1,1,1,1,,,,,0,1,16.0,4,1,0,0.230769231,1
1783,1784,0.233,Smiling Knight,,1,,,,,,,Kingswood Brotherhood,,0,0,1,1,0,,,,,0,0,,0,0,0,0.040133779,1
1784,1785,0.55,Renly Baratheon,Lord Paramount of the Stormlands,1,Stormlands,277.0,299.0,,,,House Baratheon,Margaery Tyrell,1,1,1,1,1,,,,1.0,1,1,22.0,2,1,1,1.0,0
1785,1786,0.741,Theon Greyjoy,green lands,1,Ironmen,278.0,,,,,House Greyjoy,,1,1,1,1,1,,,,,0,1,27.0,4,1,1,1.0,1
1786,1787,0.828,Robyn Rhysling,Ser,1,,,,,,,House Rhysling,,0,0,0,0,0,,,,,0,1,,0,0,0,0.023411371,1
1787,1788,0.103,Rodrik Harlaw,Harlaw,1,Ironborn,,,,,,House Harlaw,,0,1,1,1,1,,,,,0,1,,0,0,0,0.160535117,1
1788,1789,0.072,Wendamyr,Maester,1,,,,,,,House Greyjoy,,0,1,1,1,0,,,,,0,1,,0,0,0,0.02006689,1
1789,1790,0.931,Varamyr,,1,Free Folk,,300.0,,,,,,0,0,1,0,1,,,,,0,0,,0,0,0,0.227424749,0
1790,1791,0.053,Robin Potter,Ser,1,,,,,,,House Potter,,0,0,0,1,0,,,,,0,1,,0,0,0,0.02006689,1
1791,1792,0.216,Richard Horpe,Ser,1,,,,,,,House Horpe,,0,0,0,1,1,,,,,0,1,,0,0,0,0.063545151,1
1792,1793,0.039,Sansa Stark,Princess,0,Northmen,286.0,,,,,House Stark,Tyrion Lannister,1,1,1,1,1,,,,1.0,1,1,19.0,10,1,1,1.0,1
1793,1794,0.997,Vargo Hoat,Lord of Harrenhal,1,Qohor,,300.0,,,,Brave Companions,,1,1,1,1,0,,,,,0,1,,0,0,0,0.210702341,0
1794,1795,0.915,Jaqen H'ghar,,1,,,,,,,Faceless Men,,0,0,0,0,0,,,,,0,0,,0,0,0,0.200668896,1
1795,1796,0.66,Robert Arryn,Eyrie,1,Valemen,292.0,,,,,House Arryn,,1,1,1,1,1,,,,,0,1,13.0,0,0,0,0.321070234,1
1796,1797,0.601,Rakharo,Bloodrider,1,Dothraki,,,,,,House Targaryen,,1,1,1,1,1,,,,,0,0,,0,0,0,0.183946488,1
1797,1798,0.906,Rhaella Targaryen,PrincessQueenDowager Queen,1,Valyrian,245.0,284.0,,,,House Targaryen,Aerys II Targaryen,1,0,1,1,1,,,,0.0,1,1,39.0,8,1,0,0.321070234,0
1798,1799,0.947,Tywin Lannister,Casterly Rock,1,,242.0,300.0,,,,House Lannister,Joanna Lannister,1,1,1,1,1,,,,0.0,1,1,58.0,5,1,1,1.0,0
1799,1800,0.27,Shagga,,1,Vale mountain clans,,,,,,Stone Crows,,1,1,1,1,1,,,,,0,0,,0,0,0,0.073578595,1
1800,1801,0.53,Wyman Manderly,Lord of White Harbor,1,,239.0,,,,,House Manderly,,1,1,1,1,1,,,,,0,1,66.0,0,0,1,0.35451505,1
1801,1802,0.083,Yellow Dick,,1,Westeros,,300.0,,,,House Bolton,,0,0,0,0,1,,,,,0,0,,0,0,0,0.043478261,0
1802,1803,0.195,Yoren,,0,Westeros,,299.0,,,,Night's Watch,,1,1,1,1,0,,,,,0,0,,0,0,0,0.267558528,0
1803,1804,0.011,Watty,,0,,,,,,,Brotherhood without banners,,0,0,1,1,0,,,,,0,0,,0,0,0,0.013377926,1
1804,1805,0.497,Skahaz mo Kandaq,,0,Ghiscari,,,,,,House of Kandaq,,0,0,0,0,1,,,,,0,0,,0,0,0,0.197324415,1
1805,1806,0.519,Wylis Manderly,Ser,1,,252.0,,,,,House Manderly,,1,1,1,1,1,,,,,0,1,53.0,0,0,0,0.157190635,1
1806,1807,0.531,Theo Wull,,1,Northern mountain clans,,283.0,,,,House Wull,,1,0,1,0,0,,,,,0,0,,0,0,0,0.02006689,0
1807,1808,0.203,Wylla Manderly,,0,,284.0,,,,,House Manderly,,0,0,0,1,1,,,,,0,0,21.0,0,0,0,0.070234114,1
1808,1809,0.269,Willas Tyrell,,1,,270.0,,,,,House Tyrell,,1,1,1,1,1,,,,,0,0,35.0,0,0,0,0.2909699,1
1809,1810,0.226,Wendel Manderly,Ser,1,,254.0,299.0,,,,House Manderly,,1,1,1,1,1,,,,,0,1,45.0,0,0,0,0.133779264,0
1810,1811,0.826,Simon Toyne,,0,,,281.0,,,,House Toyne,,1,1,1,1,0,,,,,0,0,,0,0,0,0.036789298,0
1811,1812,0.934,Steffon Baratheon,Storm's End,1,,246.0,278.0,,,,House Baratheon,Cassana Estermont,0,1,1,0,1,,,,0.0,1,1,32.0,2,1,1,0.371237458,0
1812,1813,0.928,Shagwell,,1,,,300.0,,,,Brave Companions,,0,1,1,1,0,,,,,0,0,,0,0,0,0.08361204,0
1813,1814,0.43,Rickard Karstark,Karhold,1,Northmen,,299.0,,,,House Karstark,,1,1,1,1,1,,,,,0,1,,1,1,0,0.230769231,0
1814,1815,0.203,Senelle,,1,,,300.0,,,,House Lannister,,0,0,0,1,0,,,,,0,0,,0,0,0,0.033444816,0
1815,1816,0.999,Shiera Seastar,,0,Westeros,178.0,,,,,House Targaryen,,0,0,0,0,1,,,,,0,0,100.0,4,1,0,0.043478261,0
1816,1817,0.389,Reznak mo Reznak,Seneschal,1,Ghiscari,,,,,,House of Reznak,,0,0,0,0,1,,,,,0,1,,0,0,0,0.080267559,1
1817,1818,0.027,Ronnet Connington,Ser,1,,274.0,,,,,House Connington,,0,1,1,1,1,,,,,0,1,31.0,0,0,0,0.113712375,1
1818,1819,0.993,Tytos Blackwood,Raventree Hall,1,,,,,,,House Blackwood,,1,1,1,1,1,,,,,0,1,,0,0,0,0.220735786,1
1819,1820,0.04,Syrio Forel,,0,Braavosi,,298.0,,,,House Stark,,1,1,1,1,1,,,,,0,0,,0,0,0,0.120401338,0
1820,1821,0.909,Rodrik Cassel,Ser,1,Northmen,,299.0,,,,House Cassel,,1,1,1,1,1,,,,,0,1,,1,1,1,0.397993311,0
1821,1822,0.338,Stevron Frey,Ser,1,,233.0,299.0,,,,House Frey,Corenna Swann,1,1,1,1,1,,,,1.0,1,1,66.0,0,0,0,0.173913043,0
1822,1823,0.241,Steely Pate,,1,,,,,,,,,0,0,0,0,0,,,,,0,0,,0,0,0,0.013377926,1
1823,1824,0.055,Victaria Tyrell,,0,,,,,,,House Tyrell,Jon Bulwer,0,0,1,1,0,,,,1.0,1,0,,0,0,0,0.133779264,1
1824,1825,0.122,Jon Connington,Lord of Griffin's Roost,1,Stormlands,263.0,,,,,House Connington,,0,0,1,1,1,,,,,0,1,42.0,0,0,1,0.719063545,1
1825,1826,0.92,Rorge,,1,,,300.0,,,,Brave Companions,,0,1,1,1,0,,,,,0,0,,0,0,0,0.16722408,0
1826,1827,0.709,Rickard Stark,Winterfell,1,Northmen,230.0,282.0,,,,House Stark,Lyarra Stark,1,1,1,0,1,,,,1.0,1,1,52.0,5,1,0,0.27090301,0
1827,1828,0.942,Visenya Targaryen,QueenDowager Queen,0,Valyrian,-28.0,44.0,,,,House Targaryen,Aegon I Targaryen,1,1,1,1,1,,,,0.0,1,1,72.0,5,1,0,0.277591973,0
1828,1829,0.918,Petyr Baelish,Master of coin,1,Valemen,268.0,,,,,House Baelish,Lysa Arryn,1,1,1,1,1,,,,0.0,1,1,37.0,5,1,1,1.0,1
1829,1830,0.918,Viserys Targaryen,Lord of the Seven Kingdoms,1,Valyrian,276.0,298.0,,,,House Targaryen,,1,1,1,1,1,,,,,0,1,22.0,11,1,1,0.622073579,0
1830,1831,0.535,Varys,Master of Whisperers,1,,,,,,,,,1,1,1,1,1,,,,,0,1,,0,0,1,0.899665552,1
1831,1832,0.97,Stygg,,0,,,,,,,House Greyjoy,,0,1,1,0,0,,,,,0,0,,0,0,0,0.036789298,1
1832,1833,0.269,Salladhor Saan,Prince of the Narrow Sea,1,Lysene,,,,,,House Baratheon of Dragonstone,,0,1,1,1,1,,,,,0,1,,0,0,0,0.18729097,1
1833,1834,0.746,Victarion Greyjoy,Lord Captain of the Iron Fleet,1,Ironborn,268.0,,,,,House Greyjoy,,1,1,1,1,1,,,,,0,1,37.0,4,1,1,0.705685619,1
1834,1835,0.944,Timeon,,1,Dornish,,300.0,,,,Brave Companions,,0,0,1,1,0,,,,,0,0,,0,0,0,0.056856187,0
1835,1836,0.819,Tysha,,1,,271.0,,,,,,Tyrion Lannister,1,1,1,0,1,,,,1.0,1,0,34.0,1,1,0,0.130434783,1
1836,1837,0.537,Shae,,0,,280.0,300.0,,,,,,1,1,1,1,1,,,,,0,0,20.0,0,0,0,0.2909699,0
1837,1838,0.372,Spotted Cat,,1,Ghiscari,,,,,,,,0,0,0,0,1,,,,,0,0,,0,0,0,0.050167224,1
1838,1839,0.696,Tormund,Ruddy Hall,1,Free Folk,,,,,,,,0,0,1,1,1,,,,,0,1,,0,0,0,0.214046823,1
1839,1840,0.586,Rodrik Greyjoy,,1,Ironborn,274.0,289.0,,,,House Greyjoy,,1,1,1,1,1,,,,,0,0,15.0,4,1,0,0.153846154,0
1840,1841,0.707,Tyrion Lannister,Hand of the King,1,,273.0,,,,,House Lannister,Tysha,1,1,1,1,1,,,,1.0,1,1,32.0,12,1,1,1.0,1
1841,1842,0.323,Josmyn Peckledon,,1,,284.0,,,,,House Peckledon,,0,1,1,1,1,,,,,0,0,21.0,0,0,0,0.050167224,1
1842,1843,0.906,Trystane Martell,Prince,1,Dornish,287.0,,,,,House Martell,,1,1,1,1,1,,,,,0,1,18.0,6,1,0,0.150501672,1
1843,1844,0.324,Rolland Storm,Ser,1,,,,,,,House Caron,,0,0,1,1,1,,,,,0,1,,0,0,0,0.070234114,1
1844,1845,0.348,Willam Dustin,Barrowton,1,Northmen,,283.0,,,,House Dustin,Barbrey Ryswell,1,0,0,1,1,,,,1.0,1,1,,0,0,0,0.063545151,0
1845,1846,0.145,Torrhen Karstark,,1,Northmen,,298.0,,,,House Karstark,,1,1,1,1,1,,,,,0,0,,1,1,0,0.076923077,0
1846,1847,0.775,Three Toes,,1,,,,,,,Brave Companions,,0,0,1,1,0,,,,,0,0,,0,0,0,0.013377926,1
1847,1848,0.488,Ygritte,,1,Wildling,280.0,299.0,,,,Mance Rayder,,0,1,1,1,1,,,,,0,0,19.0,0,0,0,0.244147157,0
1848,1849,0.906,Tyland Lannister,Ser,1,,,133.0,,,,House Lannister,,0,0,0,0,0,,,,,0,1,,0,0,1,0.35451505,0
1849,1850,0.78,Thoren Smallwood,First Ranger,1,,,299.0,,,,Night's Watch,,0,1,1,0,0,,,,,0,1,,0,0,0,0.086956522,0
1850,1851,0.278,Rolph Spicer,Ser,0,,,,,,,House Spicer,,0,0,1,1,0,,,,,0,1,,0,0,0,0.060200669,1
1851,1852,0.472,Selyse Florent,LadyQueen,0,,,,,,,House Florent,Stannis Baratheon,1,1,1,1,1,,,,1.0,1,1,,0,0,1,0.397993311,1
1852,1853,0.984,Tyrion Tanner,,1,,300.0,,,,,House Stokeworth,,0,0,0,1,1,,,,,0,0,5.0,0,0,0,0.050167224,1
1853,1854,0.955,Sandor Clegane,,1,,270.0,300.0,,,,House Clegane,,1,1,1,1,1,,,,,0,0,30.0,1,1,1,0.695652174,0
1854,1855,0.318,Ulf son of Umar,,1,Vale mountain clans,,298.0,,,,Moon Brothers,,1,0,0,0,0,,,,,0,0,,0,0,0,0.023411371,0
1855,1856,0.979,Urswyck,,1,,,,,,,Brave Companions,,0,0,1,1,0,,,,,0,0,,0,0,0,0.030100334,1
1856,1857,0.334,Clydas,,1,,240.0,,,,,Night's Watch,,1,1,1,1,1,,,,,0,0,65.0,0,0,0,0.063545151,1
1857,1858,0.237,Damion Lannister,SerCastellan of Casterly Rock,1,,,,,,,House Lannister,Shiera Crakehall,0,0,1,1,1,,,,1.0,1,1,,0,0,0,0.08361204,1
1858,1859,0.852,Kraznys mo Nakloz,,1,Astapor,,299.0,,,,Good Masters,,0,0,1,0,1,,,,,0,0,,0,0,0,0.076923077,0
1859,1860,0.157,Dacey Mormont,,0,Northmen,252.0,299.0,,,,House Mormont,,1,1,1,1,1,,,,,0,0,47.0,0,0,0,0.086956522,0
1860,1861,0.316,Jojen Reed,,1,Crannogmen,286.0,,,,,House Reed,,0,1,1,1,1,,,,,0,0,19.0,0,0,0,0.2909699,1
1861,1862,0.79,Lyonel Baratheon,Ser,1,,,239.0,,,,House Baratheon,,0,0,0,0,0,,,,,0,1,,0,0,0,0.056856187,0
1862,1863,0.218,Khorane Sathmantes,,0,Lyseni,,,,,,,,0,0,1,0,0,,,,,0,0,,0,0,0,0.010033445,1
1863,1864,0.937,Vardis Egen,Ser,1,Valemen,249.0,298.0,,,,House Egen,,1,1,1,0,0,,,,,0,1,49.0,0,0,0,0.090301003,0
1864,1865,0.289,Tya Lannister,,1,,,,,,,House Baratheon,Gowen Baratheon,1,0,0,0,0,,,,1.0,1,0,,0,0,0,0.016722408,1
1865,1866,0.463,Vyman,Maester,0,,,,,,,,,1,1,1,1,1,,,,,0,1,,0,0,0,0.040133779,1
1866,1867,0.522,Orton Merryweather,Longtable,1,Reachmen,,,,,,House Merryweather,Taena of Myr,0,0,1,1,1,,,,1.0,1,1,,0,0,1,0.37458194,1
1867,1868,0.468,Jeor Mormont,Bear Island,1,Northmen,230.0,299.0,,,,House Mormont,,1,1,1,1,1,,,,,0,1,69.0,0,0,1,0.618729097,0
1868,1869,0.64,Rhaego,,0,,298299.0,298.0,,,,House Targaryen,,1,1,1,1,0,,,,,0,0,-298001.0,6,1,0,0.16722408,0
1869,1870,0.051,Samwell Stone,Ser,1,,,,,,,House Royce,,0,0,0,1,0,,,,,0,1,,0,0,0,0.013377926,1
1870,1871,0.241,Mors Umber,Castellan,1,Northmen,235.0,,,,,House Umber,,0,1,1,1,1,,,,,0,1,70.0,0,0,0,0.147157191,1
1871,1872,0.34,Rhaegar Frey,,1,,269.0,300.0,,,,House Frey,Jeyne Beesbury,0,1,1,1,1,,,,1.0,1,0,31.0,0,0,0,0.133779264,0
1872,1873,0.724,Parmen Crane,Ser,1,,,,,,,House Crane,,0,1,1,0,0,,,,,0,1,,0,0,0,0.040133779,1
1873,1874,0.344,Qyburn,Master of whisperers,1,,,,,,,House Lannister,,0,1,1,1,1,,,,,0,1,,0,0,1,0.535117057,1
1874,1875,0.701,Weese,,1,,,299.0,,,,House Whent,,0,1,1,1,0,,,,,0,0,,0,0,0,0.040133779,0
1875,1876,0.027,Qarl the Maid,,1,Ironborn,,,,,,,,0,1,1,1,1,,,,,0,0,,0,0,0,0.066889632,1
1876,1877,0.764,Rickon Stark,Prince of WinterfellHeir to Winterfell,1,Northmen,295.0,,,,,House Stark,,1,1,1,1,1,,,,,0,1,10.0,8,1,1,0.551839465,1
1877,1878,0.554,Roslin Frey,,1,Rivermen,282.0,,,,,House Frey,Edmure Tully,0,1,1,1,1,,,,1.0,1,0,23.0,6,1,0,0.217391304,1
1878,1879,0.548,Robar Royce,Ser,1,Valemen,277.0,299.0,,,,House Royce,,1,1,1,1,0,,,,,0,1,22.0,1,1,0,0.096989967,0
1879,1880,0.448,Robett Glover,,1,Northmen,,,,,,House Glover,Sybelle Glover,1,1,1,1,1,,,,1.0,1,0,,0,0,0,0.16722408,1
1880,1881,0.999,Rhae Targaryen,Princess,0,Valyrian,201.0,,,,,House Targaryen,,0,0,0,0,0,,,,,0,1,100.0,0,0,0,0.080267559,0
1881,1882,0.507,Ryman Frey,Ser,1,,246.0,300.0,,,,House Frey,,0,1,1,1,1,,,,,0,1,54.0,0,0,0,0.217391304,0
1882,1883,0.248,Quaithe,,0,Asshai'i,,,,,,,,0,1,1,1,1,,,,,0,0,,0,0,0,0.127090301,1
1883,1884,0.704,Rolly Duckfield,Ser,1,,,,,,,House Targaryen,,0,0,0,0,1,,,,,0,1,,0,0,0,0.086956522,1
1884,1885,0.619,Togg Joth,,1,Ibbenese,,,,,,Brave Companions,,0,0,1,1,0,,,,,0,0,,0,0,0,0.016722408,1
1885,1886,0.235,Taena of Myr,,0,Myrish,276.0,,,,,House Merryweather,Orton Merryweather,0,0,1,1,1,,,,1.0,1,0,29.0,0,0,0,0.113712375,1
1886,1887,0.922,Pyg,,0,,,300.0,,,,Brave Companions,,0,0,1,1,0,,,,,0,0,,0,0,0,0.046822742,0
1887,1888,0.264,Stonesnake,,1,,250.0,,,,,Night's Watch,,0,1,1,1,1,,,,,0,0,55.0,0,0,0,0.056856187,1
1888,1889,0.85,Tycho Nestoris,,1,Braavosi,,,,,,Iron Bank of Braavos,,0,0,0,0,1,,,,,0,0,,0,0,0,0.086956522,1
1889,1890,0.611,Tanselle,,0,Dornishmen,,,,,,,,0,0,0,0,0,,,,,0,0,,0,0,0,0.02006689,1
1890,1891,0.021,Rhaelle Targaryen,Princess,0,,229.0,,,,,House Targaryen,Ormund Baratheon,0,0,0,1,1,,,,1.0,1,1,76.0,0,0,0,0.137123746,1
1891,1892,0.046,Tom of Sevenstreams,,1,,240.0,,,,,Brotherhood without banners,,0,0,1,1,0,,,,,0,0,65.0,0,0,0,0.153846154,1
1892,1893,0.182,Shyra Errol,Haystack Hall,0,,,,,,,House Errol,,0,1,0,0,0,,,,,0,1,,0,0,0,0.013377926,1
1893,1894,0.033,Steelskin,,1,Ghiscari,,,,,,House of Loraq,,0,0,0,0,1,,,,,0,0,,0,0,0,0.016722408,1
1894,1895,0.022,Val,,0,Free folk,,,,,,,,0,0,1,1,1,,,,,0,0,,0,0,0,0.140468227,1
1895,1896,0.685,Satin,,1,,280.0,,,,,Night's Watch,,0,1,1,1,1,,,,,0,0,25.0,0,0,0,0.10367893,1
1896,1897,0.553,Xaro Xhoan Daxos,,1,Qartheen,,,,,,Thirteen,,0,1,1,1,1,,,,,0,0,,0,0,0,0.244147157,1
1897,1898,0.94,Maelor Targaryen,Prince,1,,127.0,130.0,,,,House Targaryen,,0,0,0,0,0,,,,,0,1,3.0,0,0,0,0.180602007,0
1898,1899,0.537,Arianne Martell,Princess,0,Dornishmen,276.0,,,,,House Martell,,1,1,1,1,1,,,,,0,1,29.0,0,0,1,0.571906355,1
1899,1900,0.351,Damon Dance-for-Me,,1,,,,,,,House Bolton,,0,0,0,0,1,,,,,0,0,,0,0,0,0.033444816,1
1900,1901,0.95,Alysanne Targaryen,,0,,,,Alyssa Velaryon,Aenys I Targaryen,,,,0,0,0,0,0,1.0,0.0,,,0,0,,0,0,0,0.277591973,0
1901,1902,1.0,Baela Targaryen,Lady,0,Valyrian,116.0,,,,,House Targaryen,Alyn Velaryon,0,0,0,0,0,,,,0.0,1,1,100.0,0,0,0,0.127090301,0
1902,1903,0.941,Brandon Stark,,1,Northmen,262.0,282.0,,,,House Stark,,1,1,1,0,1,,,,,0,0,20.0,0,0,1,0.347826087,0
1903,1904,0.061,Dunstan Drumm,Old Wyk,1,Ironborn,212.0,,,,,House Drumm,,0,1,1,1,1,,,,,0,1,93.0,0,0,0,0.076923077,1
1904,1905,0.507,Daemon Sand,Ser,1,Dornish,,,,,,House Allyrion,,0,0,1,1,1,,,,,0,1,,0,0,0,0.073578595,1
1905,1906,0.868,Jafer Flowers,,1,,,298.0,,,,Night's Watch,,1,0,0,0,0,,,,,0,0,,0,0,0,0.043478261,0
1906,1907,0.804,Lysono Maar,,1,Lyseni,,,,,,Golden Company,,0,0,0,0,1,,,,,0,0,,0,0,0,0.02006689,1
1907,1908,0.705,Mycah,,1,Westeros,285.0,298.0,,,,,,1,1,1,0,0,,,,,0,0,13.0,0,0,0,0.10367893,0
1908,1909,0.542,Joyeuse Erenford,the Crossing,1,,282.0,,,,,House Erenford,Walder Frey,1,1,1,1,1,,,,1.0,1,1,23.0,0,0,0,0.043478261,1
1909,1910,0.019,Rossart,Hand of the King,1,,,283.0,,,,Alchemists' Guild,,0,1,1,1,0,,,,,0,1,,0,0,1,0.367892977,0
1910,1911,0.175,Tyene Sand,,0,Dornish,276.0,,,,,House Martell,,0,0,1,1,1,,,,,0,0,29.0,1,1,0,0.137123746,1
1911,1912,0.417,Waymar Royce,Ser,1,Valemen,278.0,297.0,,,,House Royce,,1,1,1,1,0,,,,,0,1,19.0,1,1,0,0.123745819,0
1912,1913,0.998,Stiv,,0,Wildlings,,298.0,,,,Night's Watch,,1,0,0,0,0,,,,,0,0,,0,0,0,0.033444816,0
1913,1914,0.675,Daemon II Blackfyre,Andals,1,,188.0,211.0,,,,House Blackfyre,,0,0,0,0,0,,,,,0,1,23.0,5,1,0,0.227424749,0
1914,1915,0.869,Chataya,,0,Summer Isles,,,,,,Chataya's brothel,,1,1,1,0,0,,,,,0,0,,0,0,0,0.073578595,1
1915,1916,0.953,Hugh Hammer,Ser,1,,,130.0,,,,Blacks,,0,0,0,0,0,,,,,0,1,,0,0,0,0.076923077,0
1916,1917,0.47,Tygett Lannister,Ser,1,,250.0,,,,,House Lannister,Darlessa Marbrand,1,1,1,1,1,,,,1.0,1,1,55.0,0,0,0,0.110367893,1
1917,1918,0.241,Sarella Sand,,0,Dornishmen,280.0,,,,,House Martell,,0,0,1,1,1,,,,,0,0,25.0,1,1,0,0.10367893,1
1918,1919,0.999,Rhaegar Targaryen,Prince of Dragonstone,1,Valyrian,259.0,283.0,,,,House Targaryen,Elia Martell,1,1,1,1,1,,,,0.0,1,1,24.0,11,1,1,0.799331104,0
1919,1920,0.965,Drogo,Khal,0,Dothraki,267.0,298299.0,,,,,Daenerys Targaryen,1,1,1,0,1,,,,1.0,1,0,32.0,5,1,1,0.558528428,0
1920,1921,0.862,Dunsen,,1,,,,,,,House Clegane,,0,1,1,1,1,,,,,0,0,,0,0,0,0.040133779,1
1921,1922,0.885,Barra,,1,,298.0,299.0,,,,House Baratheon,,1,1,0,0,1,,,,,0,0,1.0,1,1,0,0.107023411,0
1922,1923,0.015,Bethany Bolton,the Dreadfort,1,Northmen,,,,,,House Bolton,Roose Bolton,0,0,0,1,1,,,,1.0,1,1,,0,0,0,0.043478261,1
1923,1924,0.43,Desmond Grell,Ser,0,,237.0,,,,,House Grell,,1,1,1,1,0,,,,,0,1,68.0,0,0,0,0.076923077,1
1924,1925,0.647,Devan Seaworth,,1,,287.0,,,,,House Seaworth,,0,1,1,1,1,,,,,0,0,18.0,0,0,0,0.093645485,1
1925,1926,0.774,Gendry,Ser,1,,284.0,,,,,brotherhood without banners,,1,1,1,1,0,,,,,0,1,21.0,2,1,1,0.43812709,1
1926,1927,0.036,Gran Goodbrother,,1,Ironborn,,,,,,House Goodbrother,,0,0,0,1,0,,,,,0,0,,0,0,0,0.026755853,1
1927,1928,0.532,Loras Tyrell,Ser,1,The Reach,282.0,,,,,House Tyrell,,1,1,1,1,1,,,,,0,1,23.0,2,1,1,0.665551839,1
1928,1929,0.082,Ricasso,Sunspear,0,,,,,,,House Martell,,0,0,0,1,1,,,,,0,1,,0,0,0,0.070234114,1
1929,1930,0.801,Stalwart Shield,,0,,,300.0,,,,Unsullied,,0,0,0,0,1,,,,,0,0,,0,0,0,0.043478261,0
1930,1931,0.854,Yohn Royce,Runestone,1,Valemen,,,,,,House Royce,,1,1,1,1,1,,,,,0,1,,2,1,0,0.170568562,1
1931,1932,0.716,Yandry,,1,,,,,,,House Targaryen,Ysilla,0,0,0,0,1,,,,1.0,1,0,,0,0,0,0.050167224,1
1932,1933,0.087,Tarle,,1,Ironborn,,,,,,Drowned men,,0,0,0,1,0,,,,,0,0,,0,0,0,0.026755853,1
1933,1934,0.233,Temmo,Khal,1,Dothraki,,,,,,,,0,0,1,0,0,,,,,0,0,,0,0,0,0.02006689,1
1934,1935,0.999,Rohanne Webber,Coldmoat,0,,185.0,,,,,House Webber,Simon Staunton,0,0,0,0,0,,,,1.0,1,1,100.0,0,0,0,0.170568562,0
1935,1936,0.07,Gormond Goodbrother,,1,Ironborn,282.0,,,,,House Goodbrother,,0,0,0,1,0,,,,,0,0,23.0,0,0,0,0.040133779,1
1936,1937,0.153,Walder Rivers,Ser,1,Rivermen,,,,,,House Frey,Charlton,1,1,1,1,1,,,,1.0,1,1,,0,0,0,0.080267559,1
1937,1938,0.845,Symon Silver Tongue,,1,,,299.0,,,,,,0,1,1,0,1,,,,,0,0,,0,0,0,0.046822742,0
1938,1939,0.799,Moqorro,Slave of R'hllor,1,,,,,,,R'hllor,,0,0,0,0,1,,,,,0,1,,0,0,0,0.123745819,1
1939,1940,0.018,Meg,,0,,,,,,,Brotherhood Without Banners,,0,0,0,1,0,,,,,0,0,,0,0,0,0.010033445,1
1940,1941,0.997,Laena Velaryon,,0,Valyrian,93.0,120.0,,,,House Velaryon,Daemon Targaryen,0,0,0,0,0,,,,0.0,1,0,27.0,0,0,0,0.140468227,0
1941,1942,0.197,Luwin,,1,Westeros,,299.0,,,,House Stark,,1,1,1,1,1,,,,,0,0,,0,0,1,0.351170569,0
1942,1943,0.013,Reek,,1,,,299.0,,,,House Bolton,,0,1,0,1,1,,,,,0,0,,0,0,0,0.096989967,0
1943,1944,0.48,Symeon Star-Eyes,,1,,,,,,,,,1,1,1,1,1,,,,,0,0,,0,0,0,0.030100334,1
1944,1945,0.363,Coldhands,,1,,,,,,,Three-eyed crow,,0,0,1,1,1,,,,,0,0,,0,0,0,0.130434783,1
1945,1946,0.907,Tytos Lannister,Casterly Rock,1,,220.0,267.0,,,,House Lannister,Jeyne Marbrand,0,0,1,1,1,,,,1.0,1,1,47.0,4,1,0,0.210702341,0
