char_id,name,franchise,infobox_fields,death_sentences,text_excerpt
64dcd1f5a16a,Al Falcone,DC Extended Universe,species: Humans | gender: Male | status: In Custody | actor: Luke Brandon Field,,"Alberto ""Al"" Falcone is a criminal based in Gotham City, the son of crime lord Carmine Falcone and the brother of Sofia Falcone. Seeking to become a known criminal in Gotham, Falcone stole a deadly virus from Gotham General Hospital alongside several mercenaries, being pursued by Batman who along with Wonder Woman and Flash would end up taking him into custody. Biography Early Life Alberto ""Al"" Falcone was born to an unknown woman and Carmine Falcone, being the brother of Sofia Falcone-Gigante. During his childhood, Falcone suffered from trauma, possibly having to do with problems within his family or abuse from his father. Falcone followed his father's steps and became a criminal, although he was not very well known but that was about to change. Chase in Gotham City left|thumb|250x250px|Falcone is hanged by Batman. In 2022, Alberto Falcone sought to become a known criminal in Gotham City, so he gathered a group of mercenaries to infiltrate Gotham General Hospital, stealing a brief"
2195aeadb99f,Patty Spivot (Flashpoint),DC Extended Universe,species: Human | gender: Female | actor: Saoirse-Monica Jackson | status: Erased from existance,,"Patty Spivot is the girlfriend of Albert Desmond and a roommate of Barry Allen. Biography To be added Relationships Allies Albert Desmond - boyfriend and roommate Barry Allen † - roommate and friend Gary Barry Allen Behind the Scenes In DC comics, Patricia ""Patty"" Spivot was Barry Allen's friend and lab assistant, who eventually becomes the CCPD's full-time forensic-blood analyst. She had an unrequited crush on Barry. In the New 52, Patty is Barry's girlfriend, who eventually learns but accepts his identity as the Flash. External Links es:Patty Spivot/Flashpoint Category:The Flash Characters Category:Humans Category:Females"
bffd4f821851,Gary,DC Extended Universe,species: Human | gender: Male | status: Erased from existence | actor: Sean Rogers,,Gary is a roommate of Barry Allen. Biography To be added Relationships Allies Barry Allen † - roommate and friend Albert Desmond - roommate Patty Spivot - roommate Barry Allen Trivia Gary has a reverse tattoo of as on his left lower leg. References es:Gary Category:The Flash Characters Category:Humans Category:Males Category:Males
a056713297ce,Mrs. Curry,DC Extended Universe,species: Human | gender: Female | status: Erased from existence | actor: Rosie Ede,,"Mrs. Curry is the wife of Tom Curry. Biography When Barry Allen called Tom Curry to ask if his wife was the Queen of Atlantis, Curry looked at his wife, who was watching television, stating that she wasn't. Relationships Family Tom Curry - Husband Allies Arthur - Pet References es:Sra. Curry Category:The Flash Characters Category:Humans Category:Females"
d489842142f4,Albert Desmond (Flashpoint),DC Extended Universe,species: Human | gender: Male | status: Erased from existence | actor: Rudy Mancuso,,Albert Desmond is Patty Spivot's boyfriend and a roommate of Barry Allen. Biography To be added Relationships Allies Patty Spivot - girlfriend and roommate Barry Allen † - roommate and friend Gary Barry Allen Behind the Scenes To be added External Links es:Albert Desmond/Flashpoint Category:The Flash Characters Category:Humans Category:Males Category:Males
78c4ef90a9b8,Captain Cold,DC Extended Universe,species: Human | gender: Male | status: In Custody | actor: Bruce Thomas,"Using upgraded weaponry, Captain Cold nearly kills The Flash, but ends up destroying Cyborg’s lower half instead.","Leonard Snart, also known as Captain Cold is a criminal who used a gun, based on a cyclotron, which emitted blasts of ice and cold. He is the Flash's nemesis and got stopped by him when trying to assault the Central City Bank. Biography Assault on Central City Bank Looking to pull off a robbery, Captain Cold visited the Central City Bank. After assaulting the receptionist, Cold terrorized the crowd, subsequently kidnapping people, which prompted the police to call Flash to inform him about the bank robbery. While Snart was explaining to a police officer how his freeze gun worked before using it against him, Flash arrived and defeated him, leading to his arrest and being put in a car. Changed Timeline When Barry Allen travelled back, he changed the timeline returning to his therapy with Iris West. When Captain Cold robbed the bank and Flash was notified, he informed the police that Blue Beetle would take care of it, with the latter quickly arriving to fight Captain Cold. Equipment Capta"
127f3730c54b,El Chapulín Colorado,DC Extended Universe,species: Human | gender: Male | status: Fictional | actor: Roberto Gómez Fernández,,"El Chapulin Colorado is the superhero and protagonist of his . Biography El Chapulin Colorado was the protagonist of the television comedy of the , which Rudy Reyes grew up watching. Rudy developed a custom-made hacking device, which he named El Chapulín, after the character. When Jenny Kord and Jaime Reyes went to Kord Tower to steal Ted Watch, Rudy used El Chapulín to hack the security system and play the show's intro over the feeds. The broadcast featured El Chapulin Colorado hosting his show in stop motion, highlighting his great cunning and agility. Equipment Chipote Chillón: El Chapulin Colorado is the possessor of the powerful weapon, which requires being more agile than a turtle, stronger than a mouse and nobler than a lettuce to be worthy. Trivia In the comics, El Chapulín Colorado made a brief cameo in Action Comics #820, drawn by Carlos D'anda, where the character appears running away from danger, leaving Superman to handle a situation. Behind the Scenes Director Angel M"
39e5ab039fba,Carlos Guerrero,Dexter,seasons: '''Season One''' | status: '''Incarcerated''' | gender: '''Male''' | actor: '''Rudolf Martin''',"After he orders the death of undercover officer, Ricky Simmons, and his wife, Kara, Guerrero serves as an antagonist for Sergeant James Doakes. Lieutenant Maria LaGuerta and Sergeant James Doakes head to his Ricky's house to inform his wife, Kara, of Ricky's death. A DNA match reveals that Ricky was assassinated by Norberto Cervantes, one of Guerrero's many henchmen.","Carlos Guerrero is a character in Season One of the Showtime series DEXTER. He is a drug lord and the head of a cartel operating in Miami. After he orders the death of undercover officer, Ricky Simmons, and his wife, Kara, Guerrero serves as an antagonist for Sergeant James Doakes. Description Guerrero is a tall, slender man with short black hair and pronounced cheekbones. He appears to be of Latin American descent—likely Cuban, having dark-toned skin. There is slight facial hair above his lip and around his chin. His outfits consist of long-sleeved designer shirts, expensive pants, and dress shoes. Personality Carlos Guerrero is a man who takes pride in circumventing the law. He ensures that his crimes cannot be traced back to him. When one of his henchmen is arrested, he's quick to have another assassin kill him to keep him from talking, He acts like the drug kingpin he is, on top of the world with men following his orders. He's arrogant, and thinks that he's above the law"
321aff1ef00a,Albert Chung,Dexter,status: '''Incarcerated''' | gender: '''Male''' | actor: '''N/A''' | seasons: '''Season Three''',"He was only a petty burglar until he nearly killed a woman, after which he was represented by defense attorney, Ellen Wolf. When Chung received no jail time, he murdered a college student. Chung tackled her, killed her, and fled.","Albert Chung is a character in Season Three of the Showtime series DEXTER. He was only a petty burglar until he nearly killed a woman, after which he was represented by defense attorney, Ellen Wolf. When Chung received no jail time, he murdered a college student. Summary ""Easy As Pie"" Chung first broke into an elderly woman's house while wearing only socks on his feet. When the woman interrupted his burglary, he pushed her down the stairs. Chung escaped prosecution with the help of defense attorney Ellen Wolf after the victim couldn't identify him in a line-up. Six months later, Chung broke into the Morton house. While there, Chung was discovered by a young college student named Lisa Morton. Chung tackled her, killed her, and fled. Since the pattern of bloody socks were found at the scene, Vince Masuka believed that Chung had killed Lisa. Ellen Wolf tried to get Chung's charges lessened, as well as giving him several other benefits, in exchange for his surrender. This ended in a "
99139985df32,Nikki Wald,Dexter,gender: '''Female''' | status: '''Incarcerated''' | actor: '''Alicia Lagano''' | seasons: '''Season Four''',"She and her boyfriend, Johnny Rose, were responsible for a series of robberies and two murders, thus dubbed the ""Vacation Murderers."" Nikki also killed Johnny.","Nikki Wald is a character in Season Four of the Showtime series DEXTER. She and her boyfriend, Johnny Rose, were responsible for a series of robberies and two murders, thus dubbed the ""Vacation Murderers."" Nikki also killed Johnny. Description Nikki is a young woman with long, brown wavy hair. She wears a sleeveless yellowish green top underneath an unzipped, pink long-sleeve jacket atop a set of short blue jeans with what appears to be brown shoes. Personality She is an unstable individual who can react violently, due in part to her meth addiction. This is apparent when she learns about Johnny's syphilis and multiple partners, and ends up killing him. After he's dead, Nikki hallucinates that she is still in the hotel with Johnny, and continues to angrily talk to his dead body. History Nikki first met Johnny Rose in high school and they began a shoplifting spree (before the fourth season). They were eventually caught and she testified against him for a reduced sentence. Later, John"
f19da7fae744,Victor Torres,Dexter,actor: '''None''' | seasons: '''Season Six''' | status: '''Incarcerated''' | gender: '''Male''',"Apparently, Victor worked for Sam at his body shop after he was paroled, but then he killed a young woman. It is likely that Victor is serving a heavy sentence in prison, if not on death row. Sam continues to regret the death of the poor girl and reaches out to her family to help as much as he can.","Victor Torres is a character in Season Six of the Showtime series DEXTER He is an ex-convict turned murderer. Summary ""Once Upon a Time..."" Angel Batista mentions him to Brother Sam when questioning him about Omar Rivera. Apparently, Victor worked for Sam at his body shop after he was paroled, but then he killed a young woman. It is likely that Victor is serving a heavy sentence in prison, if not on death row. Sam continues to regret the death of the poor girl and reaches out to her family to help as much as he can. Victim Unnamed 19-year-old girl Related Pages Brother Sam Omar Rivera Category:Characters Category:Season 6 characters Category:Minor Characters Category:Unseen Characters Category:Murderers Category:Brother Sam's Ex-Cons Category:Ex-Cons and Parolees Category:Incarcerated Category:Indexter Category:Alive"
d78b7fcb733d,Timothy Brand,Dexter,status: '''Incarcerated''' | gender: '''Male''' | actor: '''John Griffin''' | seasons: '''Season Four''',Her arm was found after a man killed and cut open an alligator. Evidence showed that she was murdered before her body was discarded in the Everglades. It was only after Dexter killed Farrow that Brand was arrested by Sergeant Angel Batista on solid surveillance and DNA evidence.,"Timothy Brand is a character in Season Four of the Showtime series DEXTER. He is a photographer's assistant and a serial killer. He is first seen while accompanying Jonathan Farrow to the police station as he books photo shoots on his phone. Summary ""Slack Tide"" Brand's final victim was Estrella Carazo. Her arm was found after a man killed and cut open an alligator. Evidence showed that she was murdered before her body was discarded in the Everglades. Initially, the murder was believed by many, including Dexter, to have been committed by Brand's boss, Jonathan Farrow, a fashion and S&M photographer. It was only after Dexter killed Farrow that Brand was arrested by Sergeant Angel Batista on solid surveillance and DNA evidence. This disturbed Dexter because he had broken the Code of Harry and killed an innocent man. Because Farrow suddenly disappeared, it was suspected (except by Dexter), that Brand had killed Farrow. After his arrest, Brand was not seen again. Note During d"
89d01ba6db2b,Fiona Kemp,Dexter,status: '''Incarcerated''' | gender: '''Female''' | actor: '''Julie Ann Emery''' | seasons: '''Season Three''',"She was obsessed with a man named Jack Rice, whom she killed when he rejected her advances.","Fiona Camp is a character in Season Three of Showtime's series DEXTER. She was obsessed with a man named Jack Rice, whom she killed when he rejected her advances. Summary ""All in the Family"" From the moment that Fiona laid eyes on Jack Rice at the coffee shop where she worked, she believed they were meant for each other. She imagined they were in a relationship, and began to stalk him. When Jack rejected Fiona's advances, she bludgeoned him with a statue in his home. She then set up the scene to look like the murder had been committed by a robber who was responsible for several similar crimes in the area. When questioned by the police, Fiona was extremely emotional and presented herself as Jack's fiance. With the help of a fake photo of her and Jack together, she initially avoided suspicion. Dexter soon discovered that the blood spatter did not match someone who was the height of the alleged killer, but fit perfectly for someone of Fiona's height. Debra then confronted Fiona, "
0ed9045dae56,Benjamin Alvaro,Dexter,status: '''Incarcerated''' | gender: '''Male''' | actor: '''Tone Rodriguez''' | seasons: '''Season Two''',"He is an internet blogger who killed his online rival, Denny Foster.","Benjamin Alvaro is a character in Season Two of the Showtime series DEXTER. He is an internet blogger who killed his online rival, Denny Foster. Description According to Sgt. James Doakes, Alvaro is Hispanic, weighs 380 lbs, and is 6'2."" Summary ""The Dark Defender"" Benjamin Alvaro was engaged in an online feud with a fellow blogger named Denny Foster. This flame war escalated until Alvaro paid a visit to the comic book store where Denny was working nights. He grabbed a snow globe and repeatedly bashed Denny over the head. Because Alvaro stole no money from the scene, the police suspected that the crime was personal. Alvaro's 1971 pickup truck was caught on a security camera in a nearby restaurant's parking lot after the comic book store closed. He was arrested by Lt. Maria LaGuerta and Sgt. James Doakes during a stake-out of Alvaro's workplace. Trivia Alvaro is portrayed by the comic book artist, Tone Rodriguez, who also contributed to the art of The Dark Defender, a fi"
75a93cfee809,Lloyd Paulson,Dexter,status: '''Incarcerated''' | gender: '''Male''' | actor: '''Unknown''' | seasons: '''Season Four''',"Summary 

 ""Hungry Man""

Ten years earlier, Paulson mugged and killed the wife of Carl Haas.","Lloyd Paulson is a character in Season Four of the Showtime series DEXTER. He was a murderer whom Sergeant Angel Batista had been after for ten years. Summary ""Hungry Man"" Ten years earlier, Paulson mugged and killed the wife of Carl Haas. He avoided suspicion until the police begin a DNA sweep to find the Trinity Killer. Paulson's DNA is obtained at a checkpoint and, as a result, he is arrested when it matches the DNA evidence from the woman's crime scene. Batista interrogates him and Paulson confesses to murdering her and he is sent to prison. Batista and Maria LaGuerta visit the woman's husband, Carl Haas, in the hospital, and find him in a vegetative state. Batista tells him that his wife's killer was finally caught and apologizes for not catching the killer sooner. Victims Mrs. Haas Related Page Carl Haas Haas Murder Case Category:Incarcerated Category:Characters Category:Season 4 characters Category:Minor Characters Category:Murderers Category:Thieves and Robber"
6095c4a9ce08,Restaurant Shooter,Dexter,gender: '''Male''' | status: '''Incarcerated''' | actor: '''Uncredited''' | seasons: '''Season Six''',"He killed the manager in the middle of the restaurant, and Debra yelled for everyone to get down while she drew her weapon. In the midst of the shooting, the shooter killed a patron.","The Restaurant Shooter is an unnamed character in Season Six of the Showtime series DEXTER. He is a former waiter who was fired from his job and returned to the restaurant to kill the manager and its patrons. Summary ""Those Kinds of Things"" The shooter used to work for a restaurant ķ waiting tables until the manager fired him for unknown reasons. After this, the man became so enraged that he bought two handguns and a Kevlar vest in preparation to go back to the restaurant to take his revenge. While off-duty, Detectives Debra Morgan and Joey Quinn stopped by the restaurant where Joey was planning to propose to Debra. Due to his nervousness. Joey went into the restroom to practice his proposal. While Debra waited for Joey to return to the table, the shooter walked in and began shooting. He killed the manager in the middle of the restaurant, and Debra yelled for everyone to get down while she drew her weapon. She and the shooter exchanged bullets and Debra put a few in his chest"
624f9310326a,IT,Dexter,actor: '''N/A''' | status: '''Lying in wait''',"History 

 Dexter in the Dark

The first creature that IT inhabited was a lizard and IT experienced a great thrill when the lizard killed little creatures. IT didn't like humans at first but when IT saw how they hurt and killed each other, IT thought, ""I can work with this.""

IT would inhabit people at will to feel their pain.","IT is a character in the Dexter Novels, only appearing in one novel, Dexter in the Dark. Description IT is an ancient, godlike entity that is worshiped by various cults. History Dexter in the Dark The first creature that IT inhabited was a lizard and IT experienced a great thrill when the lizard killed little creatures. IT didn't like humans at first but when IT saw how they hurt and killed each other, IT thought, ""I can work with this."" IT would inhabit people at will to feel their pain. After a while, IT felt unsatisfied and so caused numerous people to kill whole families and tribes. IT's hosts began to notice ITs presence and gave IT various names and built temples. In some places, IT was known as Moloch. These worshipers practiced child sacrifice with a ritual of burning them alive, This released their ""essence"" into the world, which made IT very happy. IT spawned its own offspring, but they became too numerous. IT then went to war with them, with IT coming out victor"
881c58aaf5c2,Joe Jensen,Dexter,gender: '''Male''' | status: '''Incarcerated''' | actor: '''Mike Foy''' | seasons: '''Season Seven''',"History 

 1998

When he was twelve, Joe helped his best friend, Bobby Hamilton, set their school's gym on fire, in which Bobby was inadvertently killed. Summary 

""Helter Skelter"" (killing spree starts)

The first arson victim is thought by arson investigator Phil Bosso to have died by self-incineration (a form of suicide). At the second crime scene (in an elevator), Dexter Morgan notices that a void is present in the soot and suggests that someone was responsible for the man's death.","Joe Jensen aka The Phantom Arsonist is a character in Season Seven of the Showtime series DEXTER. He was a killer who burned his victims alive. Dexter Morgan dubbed Jensen as ""The Phantom Arsonist"" after he noticed a void in the scorched area surrounding the first two victims, with the name ""Bobby"" mysteriously written in soot. The next case is the Brain Surgeon Case. History 1998 When he was twelve, Joe helped his best friend, Bobby Hamilton, set their school's gym on fire, in which Bobby was inadvertently killed. When the fire was over, Joe was caught by the police and sent to a juvenile facility for six years, while blaming Bobby for it. During his time at juvie, he would often fight with the other children. 2000 Two years after his imprisonment, Joe set his roommate's bunk on fire. His privileges were suspended for two months and he was forced to live in an individual room with higher supervision. 2006 Joe was sent to a psychiatric facility for six years. 2011 He "
8944cb329ee0,Charlie Lewis,Dexter,actor: '''Unknown''' | seasons: '''Season Two''' | status: '''Incarcerated''' | gender: '''Male''',,"Charlie Lewis is a character in Season Two of the Showtime series DEXTER. He is a drug dealer who was briefly suspected of being The Bay Harbor Butcher before it was discovered that he was incarcerated at the time. Summary ""Morning Comes"" While going through Lenny Asher's notes from 2002, they discover the license plate number of the car that was used to kidnap Anthony Rodrigo. After failed attempts to find it in the Miami database, it's learned that the car is registered in the state of Georgia. Angel Batista recognizes the name, Charlies Lewis, and says that he is out of New York City. Angel remarks that Charlies is a tough guy, known for using a large knife as his weapon of choice. Debra is sure they have found The Bay Harbor Butcher. Their hopes are suddenly dashed when, according his prison record, Charlie was arrested for murder and incarcerated at the time of Rodrigo's abduction. Since Charlie's car was in police lockup, they realize that someone within the department"
7ffcdb2fa344,David Berkowitz,Dexter,status: '''Incarcerated''' | gender: '''Male''' | seasons: '''Dexter: Original Sin''' | actor: '''Osama Awadalla''',,"David Richard Berkowitz (born Richard David Falco; June 1, 1953), also known as the Son of Sam and the .44 Caliber Killer, is a European-American serial killer and former U.S. Army soldier who committed a stabbing and a series of shootings between 1975 and 1977 in New York City, killing six people and wounding eleven others. Armed with a .44 Special caliber Bulldog revolver during most of his crimes, he terrorized New Yorkers with many letters mocking the police and promising further crimes, leading to possibly the biggest manhunt in the city's history. Berkowitz was arrested on August 10, 1977, and subsequently indicted for eight shootings. He confessed to all of them, and initially claimed to have been obeying the orders of a demon manifested in the form of a black dog ""Sam"" which belonged to his neighbor. After being found mentally competent to stand trial, he pleaded guilty to second-degree murder and was sentenced to six concurrent life sentences in state prison with the possibil"
6a568f2dafa4,Gareth Pike,Dexter,gender: '''Male''' | seasons: '''Dexter: Resurrection''' | actor: '''David Dastmalchian''',"Gareth's calm exterior only breaks once Dexter reveals that he had murdered Gareth's brother, causing Gareth to snap and try to kill Dexter in a rage. The two of them would go on to kill at least 32 victims - brothers, sisters, sons and fathers, lovers...in their view the closest you are with someone is in the moments before death. Dexter realizes that the man he murdered was actually Gareth's Twin.","Gareth Pike (also referred to as Gareth 1) is a major antagonist in the first season of the Showtime series Dexter: Resurrection.Rosy Cordero, ‘Dexter: Resurrection’ Casts David Dastmalchian In Guest Star Role, Deadline Hollywood, March 13, 2025. Alongside his homonymous identical twin (who is often referred to as Gareth 2 by viewers), he is one of the two Gemini Killers. Perhaps unlike his brother, he's far more verbose and concerned about his image - believing that Gemini is the greatest serial killer in history having earned their place on the top of the Federal Bureau of Investigation's most wanted list. Both killers are responsible for killing their victims in pairs - with the belief that a victim is never closer with someone else than at each other's deaths. He is among Prater's Serial Killers, a group of loyal serial killers that are bankrolled by the billionaire venture capitalist Leon Prater and serves as one of the Central Antagonists of the series. Following his brother"
875317a2919d,Edmund Kemper,Dexter,,"Years earlier, at the age of 15, Kemper had murdered his paternal grandparents. Found sane and guilty at his trial in 1973, Kemper requested the death penalty for his crimes. He took great delight in torturing and killing cats; one of them he stabbed to death.","Edmund Emil Kemper III (born December 18, 1948) a.k.a. ""The Co-Ed Killer"" or ""The Co-Ed Butcher"", is a European-American rapist and necrophiliac, ephebophilic, and cannibalistic serial/spree killer active in the early 1970s. His murders coincided with those of another California serial killer, Herbert Mullin. Most of his victims were European-American females. He was convicted of murdering seven European-American women and one girl between May 1972 and April 1973. Years earlier, at the age of 15, Kemper had murdered his paternal grandparents. Kemper was nicknamed the ""Co-ed Killer"", as most of his non-familial victims were White American female college students hitchhiking in the vicinity of Santa Cruz County, California. Most of his murders included necrophilia, decapitation, dismemberment and possibly cannibalism. Found sane and guilty at his trial in 1973, Kemper requested the death penalty for his crimes. Capital punishment was suspended in California at the time, and he instead r"
3b8660482dc6,Joseph DeAngelo,Dexter,status: '''Incarcerated''' | gender: '''Male''' | seasons: '''Dexter: Resurrection (mentioned)''' | actor: '''N/A''',"On 29 June 2020, in order to avoid the death penalty, he either admitted or pleaded guilty to his 76 confirmed crimes, including some he committed as the ""Visalia Ransacker"". Category:Serial Killers
Category:Real People
Category:Deceased
Category:Deceased (Resurrection)
Category:Rapists","Joseph DeAngelo (The Golden State Killer) was a serial killer mentioned in Dexter: Resurrection as a part of Leon Prater's collection. Joseph James DeAngelo, Jr., also known as ""The Visalia Ransacker"", ""The East Area Rapist"", ""The Original Night Stalker"", and, more recently, ""The Golden State Killer"", is an American burglar, rapist, and killer who was active in Northern California from March 1974 (possibly 1968 or mid-1973) to July 1979, and Southern California from October 1979 to May 1986. He is not to be confused with serial killer Richard Ramirez, who holds a similar title of The Night Stalker. After more than forty years from the beginning of his crime spree, on 25 April 2018, then 72-year-old DeAngelo was arrested and charged with thirteen counts of murder and kidnapping related to the ""Original Night Stalker"" killings. On 29 June 2020, in order to avoid the death penalty, he either admitted or pleaded guilty to his 76 confirmed crimes, including some he committed as the ""Visa"
aa6421687e7f,Rex Heuermann,Dexter,status: '''Incarcerated''' | gender: '''Male''' | seasons: '''Dexter: Resurrection (mentioned)''' | actor: '''N/A''',,"Rex Heuermann is an an American serial killer accused of murdering at least 11 women. he Gilgo Beach serial killings were part of a series of murders on Long Island, New York, spanning from 1993 to 2011. Many of the victims' remains were found over a period of months in late 2010 and 2011 during a police search of the area along Ocean Parkway, a road near the remote beach town of Gilgo in southern Suffolk County, New York. In December 2010, the remains of four victims designated as ""The Gilgo Four"" were found within a quarter of a mile of each other near Gilgo Beach. Six more sets of remains, believed to predate those four, were found in March and April 2011 in Suffolk and Nassau counties. Rex Heuermann was mentioned in Dexter: Resurrection as a part of Leon Prater's collection. Related Pages Leon Prater's Trophy Collection Serial Killer Category:Real People Category:Serial Killers (Resurrection) Category:Indexter"
a9ca1aaefc68,Ronald Dominique,Dexter,status: '''Incarcerated''' | gender: '''Male''' | seasons: '''Dexter: Resurrection (mentioned)''' | actor: '''N/A''',"Ronald Joseph Dominique (born 9 January 1964), known as The Bayou Strangler, is an American serial killer and rapist who murdered at least 23 men and boys in the state of Louisiana between 1997 and 2006. Following his conviction, the Federal Bureau of Investigation (FBI) stated that Dominique's was the most significant serial homicide case in the country over the past two decades in terms of both death toll and duration.","Ronald Joseph Dominique (born 9 January 1964), known as The Bayou Strangler, is an American serial killer and rapist who murdered at least 23 men and boys in the state of Louisiana between 1997 and 2006. On September 23, 2008, Dominique was found guilty and sentenced to several terms of life imprisonment without parole for his crimes. Following his conviction, the Federal Bureau of Investigation (FBI) stated that Dominique's was the most significant serial homicide case in the country over the past two decades in terms of both death toll and duration. Background Ronald Joseph Dominique, born Jan. 9, 1964, in Thibodaux, Louisiana, lived a quiet, seemingly unremarkable life. He was the youngest of six children, and his parents were poor laborers who lived in a trailer park located on the outskirts of the city. During his school years, Dominique was known for his melancholic temperament, lack of communication skills and weight problems. These, coupled with his low self-esteem and poor"
7350a8156f01,Lee Boyd Malvo,Dexter,status: '''Incarcerated''' | gender: '''Male''' | seasons: '''Dexter: Resurrection (mentioned)''' | actor: '''N/A''',"Timeline of Shootings: 2002 

 October 2:  Man killed while crossing a parking lot in Wheaton, Maryland
 October 3:  Five more murders, four in Maryland and one in D.C. October 4:  Woman wounded while loading her van at Spotsylvania Mall
 October 7:  13-year-old-boy wounded at a school in Bowie, Maryland
 October 9:  Man murdered near Manassas, Virginia, while pumping gas
 October 11:  Man shot dead near Fredericksburg, Virginia, while pumping gas
 October 14:  FBI analyst Linda Franklin killed near Falls Church, Virginia
 October 19:  Man wounded outside a steakhouse in Ashland, Virginia
 October 22:  A bus driver, the final victim, killed in Aspen Hill, Maryland
 October 24:  Muhammad and Malvo arrested in Maryland

Malvo's accomplice, Muhammad, was executed by lethal injection in 2009.","Lee Boyd Malvo (born 18 February 1985), also known as John Lee Malvo, is a Jamaican convicted mass murderer who, along with John Allen Muhammad, committed a series of murders dubbed the D.C. sniper attacks over a three-week period in October 2002. Malvo was aged 17 during the span of the shootings. He is serving multiple life sentences at Keen Mountain Correctional Center in Virginia, a maximum security (level 4) prison. The D.C. sniper attacks were the last in a series of shootings across the United States connected to Muhammad and Malvo that began on the West Coast. Muhammad had befriended the juvenile Malvo and enlisted him in the attacks. According to Craig Cooley, one of Malvo's defense attorneys, Malvo believed Muhammad when he told him that the $10 million ransom sought from the U.S. government to stop the sniper killings would be used to establish a Utopian society for 140 homeless Black children on a Canadian compound. In 2012, Malvo claimed that Muhammad had sexually abused "
74725c067ca9,Andre Crawford,Dexter,actor: '''N/A''',"Andre Crawford (March 20, 1962 – March 18, 2017) was an American serial killer, rapist and necrophile who killed 11 women between 1993 and 1999 in Chicago. He either strangled them or stabbed them to death with a knife. He died on 18 March 2017, two days before his 55th birthday, of liver cancer.","Andre Crawford (March 20, 1962 – March 18, 2017) was an American serial killer, rapist and necrophile who killed 11 women between 1993 and 1999 in Chicago. Many of the women were addicted to drugs or worked as sex workers. He also had sex with their corpses. In 2009, Crawford was found guilty on all counts and sentenced to life imprisonment without parole. All of the crimes were committed in the Englewood neighborhood, where, at the time, at least one other serial killer, Hubert Geralds, was active. Geralds would later falsely confess to a murder actually committed by Crawford. Background Crawford was born in Chicago in 1962. His father left the family shortly after his birth. His mother paid little attention to him, leading to her being prosecuted in the late 1960s for inappropriate parenting, and both Crawford and his sister being placed in a foster family with four other children. According to Crawford, he was subjected to beatings by his foster parents and was sexually abused b"
6504b43967e2,Randall Woodfield,Dexter,status: '''Incarcerated''' | gender: '''Male''' | seasons: '''Dexter: Resurrection (mentioned)''' | actor: '''N/A''',"Though convicted in only one murder, he has been linked to a total of 18 murders and is suspected of having killed up to 44 people.","Randall Brent Woodfield (born December 26, 1950) is an American serial killer, serial rapist, kidnapper, robber, burglar and former football player who was dubbed the I-5 Killer or the I-5 Bandit by the media due to the crimes he committed along the Interstate 5 corridor running through Washington, Oregon and California. Before his crimes, Woodfield was best known for having played for the Green Bay Packers. Before his capture, Woodfield was suspected of multiple sexual assaults and murders. Though convicted in only one murder, he has been linked to a total of 18 murders and is suspected of having killed up to 44 people. Category:Real People Category:Incarcerated Category:Rapists Category:Murderers"
17607c9866c9,The Bender Family,Dexter,seasons: '''Dexter: Resurrection (mentioned)''' | actor: '''N/A''',"Estimates report that the Benders killed at least a dozen travelers and perhaps as many as 20 before they were discovered. One of the women would cut the victim's throat to ensure death, and the body was then dropped through the trap door. Although some of the victims were wealthy, others carried little of value, and it was surmised that the Benders had killed them simply for the sheer thrill.","The Bender family, more well known as the Bloody Benders, were a family of serial killers in Labette County, Kansas, United States, from May 1871 to December 1872. The family supposedly consisted of John Bender, his wife Kate Sr. (or Almira), their son John Jr. and their daughter Kate Jr.. Contemporary newspaper accounts reported that the Benders' neighbors claimed John Jr. and Kate were actually husband and wife, possibly via a common-law marriage. Estimates report that the Benders killed at least a dozen travelers and perhaps as many as 20 before they were discovered. The family's fate remains unknown, with theories ranging from a lynching to an escape. Much folklore and legend surround the Benders, making it difficult to separate fact from fiction. It was one of the first murder cases in United States history — and more than 150 years later, there are still few answers about what happened at the “Bloody Benders'” cabin — and why. Between 1870 and 1873, a Kansas family now known a"
d5bcd2f3a81e,William Suff,Dexter,status: '''Incarcerated''' | gender: '''Male''' | seasons: '''Dexter: Resurrection (mentioned)''' | actor: '''N/A''',"William Lester Suff (born Bill Lee Suff; 20 August 1950) is an American serial killer who tortured and killed at least thirteen women in Riverside County, California, from 1986 to 1991, earning nicknames such as the Riverside Prostitute Killer and the Lake Elsinore Killer, as some of his victims were dumped in Lake Elsinore. Years earlier, in 1973, he murdered his two-month-old daughter in Texas, a crime for which he had only served ten years of a seventy-year sentence. He forced her to carry out his orders under threat of death.","William Lester Suff (born Bill Lee Suff; 20 August 1950) is an American serial killer who tortured and killed at least thirteen women in Riverside County, California, from 1986 to 1991, earning nicknames such as the Riverside Prostitute Killer and the Lake Elsinore Killer, as some of his victims were dumped in Lake Elsinore. Years earlier, in 1973, he murdered his two-month-old daughter in Texas, a crime for which he had only served ten years of a seventy-year sentence. Background Suff's parents had five children, of which he was the eldest. Nothing special happened during his childhood, but Suff proved gifted at playing music. Although not popular, Suff made friends easily. Suff's mother was very domineering and had a strong influence over her husband. This is how Suff understood that he could get what he wanted by coercing others. In 1960, at the age of 10, his parents separated after accusing each other of infidelity. Suff's mother even went so far as to become a prostitute, thu"
957bab3a744b,Henry Louis Wallace,Dexter,status: '''Incarcerated''' | gender: '''Male''' | seasons: '''Dexter: Resurrection (mentioned)''' | actor: '''N/A''',"Henry Louis Wallace (born 4 November 1965), also known as the ""Taco Bell Strangler"", is an American serial killer who killed eleven black women in South Carolina and North Carolina from March 1990 to March 1994. When he moved to Charlotte, he first killed Sharon Nance by beating her to death when she wanted payment for being solicited. Defense attorney Isabel Day pleaded insanity for Wallace, in response to the prosecutor, Marsha Goodnow, pressing first-degree murder charges for all the women and girls, save for Tashanda and Sharon, and arguing Wallace should be sentenced to death.","Henry Louis Wallace (born 4 November 1965), also known as the ""Taco Bell Strangler"", is an American serial killer who killed eleven black women in South Carolina and North Carolina from March 1990 to March 1994. He is currently awaiting execution at Central Prison in Raleigh. Background Henry Louis Wallace was born in Barnwell, South Carolina, the son of Lottie Mae Wallace. Wallace grew up with his mother working long hours as a textile worker. She was verbally and physically abusive, criticizing her son for even the smallest mistakes and even beating him. He attended Barnwell High School, where he was elected to the student council and was a cheerleader. After he graduated in 1983, Wallace became a disc jockey for a Barnwell radio station. Wallace went to several colleges before joining the U.S. Navy in 1985. That same year, he married his high school sweetheart, the former Maretta Brabham in 1987. In 1988, Wallace was honorably discharged from the Navy. During his time in the Na"
851022b878da,Robert Lee Yates,Dexter,status: '''Incarcerated''' | gender: '''Male''' | seasons: '''Dexter: Resurrection (mentioned)''' | actor: '''N/A''',"Army aircraft pilot who murdered at least sixteen people, mostly female prostitutes, in eastern Washington between 1975 and 1998. He is believed to have begun killing in 1975 when a couple was shot to death in Walla Walla. He was sentenced to death in 2002 but it was commuted to life without parole after the Washington Supreme Court ruled capital punishment unconstitutional in 2018.","Robert Lee Yates Jr. (born May 27, 1952), also known as the Spokane Serial Killer and the Grocery Bag Killer, is an American serial killer, kidnapper, rapist, necrophile, and former U.S. Army aircraft pilot who murdered at least sixteen people, mostly female prostitutes, in eastern Washington between 1975 and 1998. Yates was enlisted in the United States Army from 1977 to 1996, during which time he flew helicopters. He is believed to have begun killing in 1975 when a couple was shot to death in Walla Walla. Between 1988 and 1998, Yates committed eleven murders in Spokane County, two in Pierce County, and one in Skagit County. He was sentenced to death in 2002 but it was commuted to life without parole after the Washington Supreme Court ruled capital punishment unconstitutional in 2018. He is currently serving life in prison at the Washington State Penitentiary. Background Yates was born on May 27, 1952 in Oak Harbor, Washington, where he was also raised. in a middle-class family. "
5823b56dae62,Wayne Williams,Dexter,status: '''Incarcerated''' | gender: '''male''',"The medical examiner ruled he had died of probable asphyxia but never specifically said he had been strangled. Police theorized that Williams had killed Cater and that the sound they had heard as Williams's car crossed the bridge was Cater's body hitting the water. Category:Real People
Category:Serial Killers (Resurrection)
Category:Killed Children
Category:Rapists
Category:Necrophiles
Category:Incarcerated
Category:Indexter","Wayne Bertram Williams (born 27 May 1958) is an American convicted murderer and suspected serial killer who is serving life imprisonment for the 1981 killings of two men in Atlanta, Georgia. Although never tried for the additional murders, he is also believed to be responsible for at least twenty-four of the thirty Atlanta murders of 1979–1981, also known as the Atlanta Child Murders. Background Wayne Williams, son of Homer and Faye Williams, was born on 27 May 1958, and raised in the Dixie Hills neighborhood of southwest Atlanta, Georgia. Both of his parents were teachers. Williams graduated from Douglass High School and developed a keen interest in radio and journalism. He constructed his own carrier current radio station and began frequenting stations WIGO and WAOK, where he befriended a number of the announcing crew and began dabbling in becoming a pop music producer and manager. Atlanta Murders Williams first became a suspect in the Atlanta murders on the morning of 22 May 1"
c972a61447de,Kenneth Bianchi,Dexter,status: '''Incarcerated''' | gender: '''Male''' | seasons: '''Dexter: Resurrection (mentioned)''' | actor: '''N/A''',,"Kenneth Alessio Bianchi (born 22 May 1951) is an American serial killer, kidnapper, and rapist. He is known for the Hillside Strangler murders which he committed with his cousin Angelo Buono Jr. in Los Angeles, as well as for two more murders in Washington State as the sole perpetrator. Bianchi is currently serving a sentence of life imprisonment in Washington State Penitentiary for these crimes. He was also at one time a suspect in the Alphabet murders, three unsolved murders in his home city of Rochester, New York, from 1971 to 1973. Bianchi was most recently denied parole in 2025. Page in progress... Category:Real People Category:Serial Killers (Resurrection) Category:Kidnappers Category:Murderers Category:Rapists Category:Indexter"
b431240336dc,Max Bernard Franc,Dexter,status: '''Incarcerated''' | gender: '''Male''' | seasons: '''Dexter; Resurrection (mentioned)''' | actor: '''N/A''',,"Max Bernard Franc was a tenured professor of public administration at the California State University at Fresno. The unmarried Wisconsin native had earned his Ph.D. at New York University. He’d joined the Fresno faculty in 1969. His colleagues knew him as quiet and scholarly, so you can imagine their shock when he was arrested in Hollywood for the murder and dismemberment of the young man whose body parts had been found scattered along highways between Los Angeles and Fresno. Investigation On Tuesday, August 25, 1987, the head and torso of a male, probably in his late teens with a punk-rock style haircut, were found by a Madera County rancher. The body parts were discovered off a rural highway about 20 miles north of Fresno. The young man had a gunshot wound to the head and had been dead about two days. From marks on the bones and the tearing of the flesh it it appeared that the killer may have used a chain saw to dismember the body. On Thursday, August 27, body parts wrapped in a "
6ece6e2e841b,Salvatore Perrone,Dexter,status: '''Incarcerated''' | gender: '''Male''' | seasons: '''Dexter: Resurrection (mentioned)''' | actor: '''N/A''',,"Salvatore Perrone, a Staten Island salesman, dubbed ""John Doe Duffel Bag,"" was arrested in connection with a series of shopkeeper slayings, following tips to police from Brooklyn residents who recognized him in video recorded near two of three shopkeeper slayings in Brooklyn. He had been sought in connection with the murders of three Brooklyn, N.Y., shopkeepers -- all of whom were of Middle Eastern descent, senior police officials said. He had connections with the clothing business -- and possibly once had a clothing store -- and reportedly carried merchandise in his duffel bag, law enforcement sources said. Clothing was used to cover the bodies of the murder victims, police have said. Footage, captured by a bakery across the street from victim Isaac Kadare’s Flatbush store, shows Salvatore Perrone shuffling by around 7:02 p.m. on 2 Aug. 2012, carrying a large black duffel bag that prosecutors have called his “kill kit.” Kadare’s body was found later that night, shot in the face and "
584ea7c782c7,Carter Verone,Fast & Furious,"actor: Cole Hauser | gender: Male | status: Incarcerated | born: April 12, 1968 Buenos Aires, Argentina","Brian and Roman soon learned from Monica that Verone planned to have them killed after they delivered the package and consequently devised a plan to thwart him, which included disposing his two bodyguards.","Carter Verone is a ruthless former Argentine-American drug lord who worked for Almeida Drug Cartel and was targeted by U.S. Customs due to his drug operations and later arrested after Brian O'Conner and Roman Pearce went undercover with aid from undercover U.S. Customs agent Monica Fuentes. Biography 2 Fast 2 Furious Carter Verone was born on April 12, 1968 in Buenos Aires, Argentina. He was exceedingly rich and owned many properties including a mansion, boat yard, and trailer park. He's also hired a high amount of people under his employ including bodyguards and go to thugs Enrique and Roberto. Also under his employ was Monica Fuentes, who was an undercover U.S. Customs agent who it is suggested he has a sexual relationship with. Verone puts out the word that he needed drivers to deliver a package and subsequently has Monica employ Brian Earl Spilner (O'Conner) and Roman Pearce as the drivers; however, Monica and U.S. Customs tell them to infiltrate his drug ring as drivers to facili"
de81e7e290cf,Enrique,Fast & Furious,actor: Mo Gallini | status: Incarcerated | gender: Male,,"Enrique is a hired hand for Carter Verone who was tasked to observe Brian O'Conner and Roman Pearce during their job to deliver several stashes of drug money to Verone. Biography Working for Carter Verone Enrique was a hired accomplice of Carter Verone who worked alongside Roberto and Monica Fuentes, the latter being an undercover U.S. Customs agent. He was seen when Verone hired several street racers for an audition race to get a package from one of Verone's boatyards in exchange for employment under Verone. It was also known that he does not know how to drive. He was later in charge of observing Brian O'Conner and Roman Pearce. On one occasion, he and Roberto kept tabs on Roman and Brian while they were at Tej's Garage. Annoyed by this, Roman pretended to clean their car's windshield before lighting it ablaze. Later, he and Roberto confronted Roman and Brian over the act and searched their boat before Verone broke up the fight, stating that he and Roberto would be escorting t"
045bad73bc1c,Braga's Decoy,Fast & Furious,actor: Robert Miano | status: Incarcerated | gender: Male,,"Ramon Campos was the double of drug lord Arturo Braga. Biography Double for Braga When Arturo Braga established the Braga Cartel, he created a double to keep his true identity hidden from international authorities. Under the alias ""Ramon Campos"", he was believed to be Braga's second-in-command. However, the real Ramon Campos was a recruiter for street racers and posed as Braga as a decoy, whereas ""Campos"" turned out to be the real Braga. Arrest Later, after Dominic Toretto and undercover FBI agent Brian O'Conner escape an assassination attempt by Fenix Calderon and Braga's other henchmen, they planned to force Braga to give them payment in exchange for stolen heroin with Brian also hoping to apprehend Braga in a sting operation. As a result, Campos was sent to pose as Braga with the payment. However, the FBI soon realized that Campos was a double, resulting in the operation going awry and a shoot-out ensuing. In the ensuing shootout, Braga was able to escape with Fenix, forci"
8d212c0d8b09,Echo,Fast & Furious,actor: Charlet Chung | gender: Female,"The five men used Skeleton Key for their own benefit, but not trusting one of them to possess it, built the vault and the five keys to lock the weapon away, and killed Shashi's parents to keep secret the existence of Skeleton Key. thumb|250px|Tony rejects Shashi's invitation
Now in possession of the Skeleton Key helmet, Shashi announces that he would build a new world and destroy the fortunes of those five men, and that he would go after one of them, Cleve Kelso, as he was the one who murdered his parents. San Rafaela was pure, and kind to everyone; but she was killed when assassins killed her father, as she was caught in the crossfire.","Margaret ""Echo"" Pearl is a talented artist, eco-engineer, street racer, and a member of Tony Toretto's Crew. History Season 1 ""Born a Toretto"" In Los Angeles, Echo is hanging out with Cisco Renaldo and Frostee Benson when they notice Tony Toretto driving up to them in a muscle car. Tony informs them that the car is a ten-second car and that he is about to beat the record his cousin Dominic Toretto set on that very street, and by doing so becoming the next greatest street racer. His friends remind Tony that he has said the same thing in the past, only to not succeed. A car then pulls up, driven by a street racer named Mitch, who is interested in Echo, although she does not reciprocate. Mitch has added rockets to the back of his car, but despite this, Tony believes he can beat him, clarifying that according to Dom, the type of driver mattered more than the type of car. Tony proposes they have a street race, with the loser washing the other's car. The race ends with Mitch winning, al"
13fe9ae39802,Sissy Benson,Fast & Furious,gender: Female | actor: Similce Diesel,,"Sissy Benson is the younger sister of Frostee Benson and the daughter of Wanda and Tiffany Benson. History Sissy oversaw Frostee Benson working on his computerized medallion, calling him weird but informing him that he had missed a spot. After Wanda Benson wanted Frostee to deliver tapas to a table, Sissy replied that she had told Frostee that he was supposed to be working. As Frostee set about delivering the tapas, Ms. Nowhere, a federal agent, arrived at the restaurant, claiming that Frostee had been accepted to a prestigious science camp. Sissy took this opportunity to play around with the medallion and accidentally fired a laser, burning a hole onto the roof. As a result, their mothers allowed Nowhere to take Frostee.The Owl Job Rio References Category:Characters Category:Fast & Furious: Spy Racers characters Category:Females"
a1556be8c428,Cisco Renaldo,Fast & Furious,gender: Male | actor: Jorge Diaz,"The five men used Skeleton Key for their own benefit, but not trusting one of them to possess it, built the vault and the five keys to lock the weapon away, and killed Shashi's parents to keep secret the existence of Skeleton Key. thumb|250px|left|Tony rejects Shashi's invitation
Now in possession of the Skeleton Key helmet, Shashi announces that he would build a new world and destroy the fortunes of those five men, and that he would go after one of them, Cleve Kelso, as he was the one who murdered his parents. San Rafaela was pure, and kind to everyone; but she was killed when assassins killed her father, as she was caught in the crossfire.","Cisco Renaldo is a mechanic and a member of Tony Toretto's Crew who is described as the muscle and the sweetheart. History Season 1 ""Born a Toretto"" In Los Angeles, Cisco is hanging out with friends Echo and Frostee Benson when they notice Tony Toretto driving up to them in a muscle car. Tony informs them that the car is a ten-second car and that he is about to beat the record his cousin Dominic Toretto set on that very street, and by doing so becoming the next greatest street racer. His friends remind Tony that he has said the same thing in the past, only to not succeed. A car then pulls up, driven by a street racer named Mitch, who is interested in Echo, although she does not reciprocate. Mitch has added rockets to the back of his car, but despite this, Tony believes he can beat him, clarifying that according to Dom, the type of driver mattered more than the type of car. Tony proposes they have a street race, with the loser washing the other's car. The race ends with Mitch winning"
b75892b3a93b,Ms. Nowhere,Fast & Furious,gender: Female | actor: Renée Elise Goldsberry,"Once they get in, Layla is told she must race someone, winner getting to live, while the other is killed. Echo told her they must hurry, as the team would be executed in an hour. Never knowing which stranger in a café is the one that holds their death warrants.","Janet, also known as Ms. Nowhere, is a covert agent who serves as the liaison between Tony Toretto's Crew and the Agency. History Season 1 ""Born a Toretto"" thumb Ms. Nowhere is introduced to Tony Toretto, Echo (whose real name is Margaret), Cisco Renaldo and Frostee Benson where she arranges to have Dominic Toretto publicly ""kidnapped"", knowing that Tony Toretto's Crew would pursue them. In order to test the crew, she has bikers follow the drivers to gauge how they would react and how fast they would manage to track Dom to their government warehouse facility. As the gang enter the warehouse, Dom reveals to the crew that it was a test and that Mr. Nobody, whose organization Dom has worked with in the past, needs a group of street racers to infiltrate SH1FT3R, a criminal organization who hosts street races to serve as cover for its massive heists, with its leader Shashi Dhar already haven stolen over three billion dollars from Silicon Valley's richest men. Tony wonders why they need t"
b68e2a0ce926,Gary,Fast & Furious,gender: Male | actor: Tru Valentino,,"Gary is a member of the Agency, working under Ms. Nowhere. History Born a Toretto Gary is introduced to Tony Toretto, Echo, Cisco Renaldo and Frostee Benson when his superior, Ms. Nowhere, arranges to have Dominic Toretto publicly ""kidnapped"", knowing that Tony Toretto's Crew would pursue them. In order to test the crew, she has bikers follow the drivers to gauge how they would react and how fast they would manage to track Dom to their government warehouse facility. As the crew are successfully enlisted to help them take down SH1FT3R, Gary is berated by Ms. Nowhere for constantly looking at cat photos. Tony gleefully asks Ms. Nowhere if this means that the government would be paying for his car's new fuel pump, and she tells him that he would need much more than, revealing that SH1FT3R races allow the racers to use rockets, grappling hooks and smoke cannons, adding that ""anything goes."" She discloses that notable street racer Layla Gray is SH1FT3R's recruiter and that she hosts their"
4206134b9158,Mitch,Fast & Furious,actor: Jimmy Tatro | gender: Male,,"Mitch is a street racer who is romantically interested in Echo. History In Los Angeles, Mitch pulls up to Tony Toretto, Echo, Cisco Renaldo and Frostee Benson, declaring himself the king of the road. Mitch is interested in Echo, although she does not reciprocate. Mitch has added rockets to the back of his car, but despite this, Tony believes he can beat him, clarifying that according to his cousin Dominic Toretto, the type of driver mattered more than the type of car. Tony proposes they have a street race, with the loser washing the other's car. The race ends with Mitch winning, although he finds himself unable to stop once he activates the rockets and ends up crashing as a result. Mitch, an eligible racer for SH1FT3R, is later tracked by Tony and Frostee to outside a taco cart. Tony arrives with a bucket and soap to honor his agreement to wash Mitch's car, although Mitch attempts to postpone it, citing he could get an important call at any time. As Tony distracts Mitch, Frostee ste"
1863dd27eddb,Wanda Benson,Fast & Furious,gender: Female | actor: Kimberly Brooks,,"Wanda Benson is the mother of Frostee Benson and Sissy Benson and the wife of Tiffany Benson. History Wanda married Tiffany Benson and the pair had two children, a son named Frostee and a daughter named Sissy, and operated a restaurant in Los Angeles known as Salchicas. One day, while working at the restaurant, Wanda asked Frostee to deliver tapas over table five, as her son was too busy working on his computerized medallion. Tiffany then asked what the weird smell was and asked Wanda if she was messing with the curry, to which Wanda replied that it was their son. Frostee suggested that the restaurant implement his tech to cut down the work by half, although Wanda reminded him that the last time she used his tech, their refrigerator was cut in half. Ms. Nowhere and two men then arrived, claiming that they were from a prodigious science camp and had accepted Frostee as a participant. While Wanda and Tiffany were initially curious what kind of camp it was, looking at the brochure, Sis"
ab09b1c1d04f,Sudarikov,Fast & Furious,gender: Male | actor: Fred Tatasciore,,"Sudarikov is a Russian oligarch and high-end arms dealer. History Sudarikov sold high-end arms and weapons, and possessed a certain set of encrypted codes that Shashi Dhar was interested in, although he refused to sell it to Shashi. At some point, Sudarikov traveled from Russia to Los Angeles. Leaving his apartment building, he was encountered by Shashi, who drove up to him in his Macallister Motors Superfin, informing Sudarikov that it is a rare, one of a kind car. Noting that Sudarikov was impressed by the car, especially due to its rarity, Shashi allowed Sudarikov to take the car for a spin, sitting in the passenger seat. Sudarikov drove recklessly throughout the streets, using the car's harpoon mechanism to snare a police car and drag it behind them, which led to a police chase. Sudarikov manages to evade them and returns to his apartment building, where Shashi offers to trade Sudarikov the car for the codes, although Sudarikov notifies Shashi that he only led Shashi on so that "
a028f9a8d92f,Muscles,Fast & Furious,gender: Male | actor: Bayardo De Murguia,,"Muscles is Scadan's associate and personal muscle. History Muscles is the right-hand man of Scadan and was tasked with defending Scadan and their cargo as the former was transporting a trailer full of Yoka Spirit Water from Canada through the United States all the way to the Mexican border in less than 24 hours. Scadan had a bet with SH1FT3R's Shashi Dhar on whether he could successfully complete the task, with money being involved. However, pride was more important than money for the two, and Scadan prepared defensive countermeasures, anticipating Shashi's interference and telling Muscles to keep his guard up. Rather than deal with him directly, Shashi outsourced the disruption to Tony Toretto and his crew. Scadan and Muscles attempted to defend the cargo but were unsuccessful as it was stolen by Tony Toretto's crew.Enter SH1FT3R Scadan was then invited by SH1FT3R to participate in their race at a ghost town. Before the race, Scadan and Muscles were sparring with one another, dodg"
068ee06d7180,Matsuo Mori,Fast & Furious,gender: Male | actor: Lanny Joon,"Rafaela asks Matsuo how he got his arm, and he tells her that he was a nuclear scientist in one of Cleve’s power plants in Japan in which he was nearly killed by a meltdown, but was saved by Cleve and was sent on missions until Ms.","Matsuo Mori is a skilled fighter and a former scientist who worked for Cleve Kelso. He lost his arm in an accident, but Cleve gave him a bionic one which alters his mind. History The Giant Haboob Rafaela Moreno is in an icy prison, complaining about the cold, and is told to quiet down by a guard, as well as Matsuo. On top of the prison, bombs are set, while Rafaela asks her fellow prisoner if he thinks about her while he meditates. He tells her that he thinks about infinite nothingness, but Rafaela tells him that that is all there is to see in the prison. The bombs explode, and the prison collapses, pulled away by a boat steered by Cleve Kelso. Rafaela is left behind, however, so she breaks out of her cell. Cleve greets Matsuo, and tells him he wants him working again, but Matsuo tells him he never wanted to see him again. Cleve reminds him that he owes him, and tells his guards to set him straight. The guards click a button under his right shoulder, and a bionic arm grows, which"
90c08563692c,Palindrome,Fast & Furious,gender: Male | actor: Paul Wight,,"Palindrome is a character first seen in Season 4 and have return in Season 5. History The Fugitives At headquarters, Palindrome mentions to Gary and Julius how Ms. Nowhere is the highest-value target he has had to chase down in a long time. He then explains how he tried to interrogate Frostee’s associate, about Ms.Nowhere and her team, but she just wouldn’t crack. He asks the two men for information that could help him track down Ms. Nowhere. So Julius eventually tells Palindrome that Ms. Nowhere is a Saggitarius, but reads more Scorpio due to her resourceful yet distrustful nature. He then goes onto say how Ms. Nowhere’s favorite color is khaki. But Gary interjects by saying it used to be khaki but now it’s black. Further questioning her former employees, Palindrome eventually finds out one of Ms. Nowhere’s safehouses. Upon seeing him face to face, Ms. Nowhere tells Tony Toretto and his crew, that Palindrome is the best of the best and an unstoppable tracker. She compares him to s"
89cc60281907,João Alemeida,Fast & Furious,actor: Joseph Melendez | gender: Male | status: Incarcerated,,"João Alemeida is a corrupt chief of the Civil Police of Rio de Janeiro who was on the payroll of corrupt businessman and drug kingpin, Hernan Reyes. Biography Encountering Luke Hobbs When Luke Hobbs and his team arrived in Rio de Janeiro to arrest Dominic Toretto and his crew for being suspected as the murderers of several DEA agents during a train heist, João and several members of the Rio police force oversaw his arrival. Approaching Hobbs, he consoles him on the loss of a few of his men and informs him on why it was necessary to bring more manpower to apprehend the two suspects connected to the train attack; Dominic and Brian O'Conner, to which Hobbs revealed that Brian was a former cop who defected and Dominic was a fugitive wanted for several past crimes and prison escapes. When Hobbs requested that Elena Neves assist him and his team, Hobbs dismissed João as he knew he was corrupt and that Elena was one of the few cops that wasn't under Hernan's payroll or couldn't be bribe"
a06f289baead,Thresh's grandmother,The Hunger Games,gender: Female,"Katniss was certain that she was shot after hearing gunshots that she knew killed an old man, but was proven wrong by Seeder, as when Katniss asked Seeder before the start of the 75th Hunger Games, she answered that they were alive.","Thresh's grandmother is a citizen of District 11. She has two grandchildren, Thresh and his sister, whom she most likely raised. Biography Thresh's grandmother was present at the Victory Tour for the 74th Hunger Games, standing on a special platform constructed at the bottom of the stage. She appeared proud of Katniss Everdeen for speaking up when she visited District 11, and it seemed to help her slightly with the loss of Thresh. She smiled when Katniss gave her speech. Katniss was certain that she was shot after hearing gunshots that she knew killed an old man, but was proven wrong by Seeder, as when Katniss asked Seeder before the start of the 75th Hunger Games, she answered that they were alive. Her current fate is unknown. Physical description Thresh's grandmother is elderly and has a hunched back. References de:Threshs Großmutter es:Abuela de Thresh Category:Females Category:Rebels Category:Catching Fire characters Category:People from District 11 Category:Unnamed characters"
27234f67ce55,Commander Hoff,The Hunger Games,gender: Male,Snow thought that the commander had discovered his killing of Mayfair Lipp and was about to have him executed as well.,"Commander Hoff was the commander of District 12's Peacekeepers around the time of the 10th Hunger Games. Biography He was an elderly man described as an ""old goat."" He observed Coriolanus Snow and Sejanus Plinth during Peacekeeper drills and, impressed with their performance, ordered them to attend the hanging of Arlo Chance because he wanted more bodies there for the show. During the hanging, he emerged from a car that had a flag of Panem on the hood with six other officers.The Ballad of Songbirds and Snakes, Chapter 22 Later, Hoff spoke with Snow following Sejanus Plinth's execution for treason. Snow thought that the commander had discovered his killing of Mayfair Lipp and was about to have him executed as well. Hoff, however, knew nothing of this and instead had called him in because Snow had sent a jabberjay to Volumnia Gaul in the Capitol, containing a recording which revealed Plinth's betrayal. He comforted Snow, saying that it couldn't have been easy to inform on his friend, a"
a1fdd6563017,Miss Taro (Zena Marshall),James Bond 007,status: In Custody | portrayed: Zena Marshall,,"Miss Taro (Chinese: 太郎) is a character and henchman who is a supporting antagonist in EON Productions' 1962 film Dr. No. She is the secretary to Pleydell Smith (the Chief Secretary of the colonial government in Jamaica) and an informant working for the main antagonist, Dr. Julius No. While she provides an important, but small role in the novel, in the film her role in the story was expanded significantly. She was portrayed by the late British actress Zena Marshall and would to be re-imagined for the 2015 mobile game James Bond: World of Espionage. Biography Miss Taro works as a secretary for Pleydell Smith, the British Chief Secretary for colonial affairs in Jamaica. It is in this office where she first meets James Bond. As she enters Mr. Smith's office, wearing a white dress, Bond eyes her up and down. We soon see her peering through the keyhole and eavesdropping on 007’s conversation with her boss. Bond walks through the door and catches her in the awkward position and he obviously "
e24589cf2e4b,General Gogol,James Bond 007,status: Retired | portrayed: Walter Gotell,,"General Alexei / Anatoly GogolThe name 'Alexis' is provided in the film The Spy Who Loved Me, c.53 min. It is also used in related materials such as the tabletop role-playing game (see villains mission sheet). 'Anatol' used during end credits of The Living Daylights. (Russian; Генерал Алексей / Анатолий Гоголь) was the head of the KGB and later a representative of the Soviet Ministry of Foreign Affairs. Portrayed by late German actor Walter Gotell, the recurring character first appeared in the 1977 James Bond film The Spy Who Loved Me and went on to appear in Moonraker (1979), For Your Eyes Only (1981), Octopussy (1983), A View to a Kill (1985), and The Living Daylights (1987). The character also appeared in the 1986 James Bond 007 tabletop role-playing game. Biography Despite the popular assumption about the James Bond series' Cold War focus, General Gogol is never depicted as a true villain. At his most hostile, he is a respectful competitor and more often is an ally against the c"
997ec3b8b712,James Bond (Sean Connery),James Bond 007,status: Retired | portrayed: Sean Connery,"No was responsible for Strangways' murder, Bond killed Dr. But despite several SPECTRE agents attempting to kill Bond, most notably Bulgarian assassin Krilencu at a Gypsy camp and the devious assassin Red Grant, who attempted to garrote Bond on the Orient Express before he was killed himself after being tricked into opening Bond's Attaché Case in a manner that detonates a tear gas booby trap, allowing Bond to attack and kill him. After the successful completion of his mission, Bond was attacked by an assailant, who he killed before taking a plane to Miami.","Commander James Bond CMG (b. circa 1930) is a retired British Senior Operational Officer of the 00 Section, an ultra-covert black ops unit within the Secret Intelligence Service (MI6). As an MI6 agent, Bond held cryptonym ""007"", the '00' prefix indicating his discretionary licence to kill in the performance of his duties. Operating throughout the Cold War, 007 was one of MI6's top agents, taking down many enemy operatives such as Dr. No, Red Grant, Auric Goldfinger and Emilio Largo, many of whom were employed by the criminal organisation SPECTRE. He is known for his laiback attitude and approach to murder, sardonic wit, promiscuity toward every woman he ever met, and espionage expertise. Biography Shared Background thumb|left|175px|Bond was an expert sailor Although very little of James Bond's past is directly addressed in Sean Connery's films, the TV special The Incredible World of James Bond which aired in the United States the day after Thanksgiving 1965 as a promotion for th"
2ec4f41f1d66,Yusef Kabira,James Bond 007,status: Arrested | portrayed: Simon Kassianides,"Biography
Following the death of Vesper Lynd in Venice, Italy, James Bond learns by his superior M that Vesper has a French-Algerian boyfriend and that she had stolen the winnings Bond had acquired in his poker match with Le Chiffre so that she could pay for Kabira's release from an unnamed criminal organization. However, following White's escape from custody, it turns out that Kabira is actually working for Quantum who seduces high-ranking women with valuable connections, getting them to give up government assets as ransom for himself in fake kidnappings where he is supposedly held hostage, implying that he had a role in Vesper's death the entire time. After interrogating Dominic Greene following General Medrano's death, Bond learns of Kabira's true occupation with Quantum and that he is ","Yusef Kabira (Arabic:يوسف كبيرة) is a member of the shadow organization Quantum who seduces high-ranking women with valuable connections. The character is first mentioned in the 2006 James Bond film Casino Royale before he appears in its sequel, the 2008 film Quantum of Solace as a minor antagonist. Kabira is also mentioned in the video game adaptation of the film. He is portrayed by actor Simon Kassianides. Biography Following the death of Vesper Lynd in Venice, Italy, James Bond learns by his superior M that Vesper has a French-Algerian boyfriend and that she had stolen the winnings Bond had acquired in his poker match with Le Chiffre so that she could pay for Kabira's release from an unnamed criminal organization. This prompted Bond to track Mr. White down and take him into custody. However, following White's escape from custody, it turns out that Kabira is actually working for Quantum who seduces high-ranking women with valuable connections, getting them to give up government ass"
06e6fe7d959c,M (Bernard Lee),James Bond 007,status: Retired | portrayed: Bernard Lee (1962–1979),"M would later send Captain Norman Nash to meet with Bond in Zagreb, although Nash would be assassinated by Red Grant before he could meet with Bond. Goldfinger (film)
M tasked James Bond to observe and investigate Auric Goldfinger on his business activities in Florida; upon hearing 007's return report, M was surprised to learn of the nature of Jill Masterson's death of being covered with gold paint and dying of skin suffocation, but still chastised Bond for not abiding by his given orders and blowing his cover. While informing 007 of his stationed assignment in Canada, M learnt that Bond encountered a deceased man at Shrublands the previous night who was seen in the dossier; a man known as François Derval.","Sir Miles Messervy (known by his first initial, ""M"") is a character in Ian Fleming's James Bond series; the character is the Head of Secret Intelligence Service—also known as MI6. M was played by Bernard Lee from the first Bond film Dr. No, until Moonraker. As in the novels, it is hinted that M's real name is Vice Admiral Sir Miles Messervy. While his name was hinted at throughout the novel series and finally revealed in The Man with the Golden Gun, in the film series only his first name, Miles, was revealed (in The Spy Who Loved Me). Like his novel counterpart, he also has the rank of Vice Admiral and it is generally assumed that the M of the films and of Fleming's books are one and the same person. Lee portrayed M in all of the six Sean Connery films as well as George Lazenby's film and in the first four Roger Moore films. He is succeeded by Robert Brown in 1983's Octopussy. Biography Early Life In Dr. No, M refers to his record in reducing the number of operative casualties since"
7168bf699bfc,Tiger Tanaka (Literary),James Bond 007,status: Retired (Post-Fleming Novels),"After Bond completes his mission, killing Shatterhand and destroying his Garden of Death, Tiger visits the island in search of him.","Tiger Tanaka (Japanese: タイガー田中) is the head of the Japanese Secret Service, the Koan-Chosa-Kyoku, in the novel You Only Live Twice. He takes his name from being born in the year of the tiger. History You Only Live Twice Tiger studied PPE at Oxford and spied on Britain for Japan before the war. He joined the Kempeitai (the wartime Japanese Gestapo), before resigning and bribed his way to be trained to be a kami-kaze, but never completed the mission due to the surrender of Japan. Being a believer in ""demokrasu"", he became the head of the Japanese Secret Service during the American occupation of Japan. Tanaka is a womanizer who has nearly been married three times but was talked out of them by his Australian associate, Dikko Henderson. Tiger is stoically bitter about the influence of American culture in his country, decrying it as the price of defeat. Introduced to James Bond by Dikko, the two negotiate for British access to the Japanese intelligence feed on the Soviet Union. In exchang"
a52cfdaf0d1d,Q (Desmond Llewelyn),James Bond 007,status: Retired | portrayed: Desmond Llewelyn,"The quartermaster informs 007 that Franks has killed his captors and escaped, leaving Bond to run after Franks without hanging up. After Milos Columbo killed Kristatos, Q managed to contact Bond, who was about to go skinny dipping with Melina, via his watch and connected him to the Prime Minister, but Bond left the watch on Melina's pet parrot's perch and the parrot insulted the Prime Minister. By the time Q came back, he found Vijay wounded and before he died, Vijay managed to inform Q it was Kamal Khan's men.","Major Boothroyd (also known by the initial ""Q"") was the quartermaster of the Secret Intelligence Service (SIS/MI6). The character was portrayed by late actor Desmond Llewelyn and appeared in the James Bond film series from From Russia with Love (1963) to The World Is Not Enough (1999). The character was also featured in the 2005 video-game adaptation of From Russia with Love, with the likeness of Desmond Llewelyn and voiced by Phil Proctor. Llewelyn is the second of four different actors who have filled the role of Q in the EON Productions series of films, with a further two appearing in video-games and unofficial productions. He was succeeded in the role by John Cleese, who became the new Q after his predecessor's implied retirement in 1999. Biography From Russia with Love thumb|left|250px|Q explaining his equipment to James Bond Q (standing for Quartermaster), like M, is a job title rather than a name. He is the head of Q Branch, the fictional research and development division of "
36acd212020a,Sadruddin,James Bond 007,portrayed: Albert Moses,,"Sadruddin was a fictional head of Station 'I' of the British Secret Intelligence Service. The character appeared in EON Productions' 1983 film Octopussy, was portrayed by the late Sri Lankan actor Albert Moses. Biography After meeting his assistant Vijay when James Bond arrives in India, he takes him to Sadruddin who then escorts Bond to his hotel, pointing out Kamal Khan's palace on the way. He later tells Bond about the mysterious woman known as Octopussy. Behind the Scenes The roles of Vijay and Sadruddin were originally going to be one character. Sadruddin is the second head of secret service (although in terms of section, instead of the Central Intelligence) to have assisted Bond in the field, following You Only Live Twice's Tiger Tanaka. Despite this, his screen time is much lesser than Tanaka's, and Sadruddin is never seen participating in such perilous fights or chases. Gallery References fr:Sadruddin Category:James Bond Characters Category:Film Characters Category:Octop"
e744424860b7,Rhoda Llewellyn,James Bond 007,portrayed: N/A,,"Rhoda Llewellyn was a fictional airline hostess and wife of British diplomat Philip Masters. The character appeared in Ian Fleming's 1959 short story Quantum of Solace, which was subsequently published in his 1960 story compilation For Your Eyes Only. Biography Rhoda Llewellyn was an airline hostess who traveled all over the world. During one flight she met a man named Philip Masters, a colonial office employee who was on his way back home to London from Nigeria. The two instantaneously fell in love and married shortly afterwards. The two moved to Bermuda, where Masters worked as a diplomat. After their marriage, Rhoda became bored and initiated a very public affair with the eldest son of a prominent Bermudan family. While her husband was gone, the governor's wife Lady Burford scolded Rhoda who ended her affair. When Masters returned, Rhoda seemed penitent and wanted to start anew. However, Masters was not too forgiving. He took the outlandish step of dividing their house in half so"
7c7e42d27ea6,Dikko Henderson (Literary),James Bond 007,,"Shatterhand and destroying his Garden of Death, Tiger keeps his word and gives the Magic 44 device to Dikko.","Dikko Henderson is a fictional character from the 1963 James Bond novel You Only Live Twice. Henderson is a veteran field-agent of Her Majesty's Australian Diplomatic Corps in Japan and is head of Station J. Novel biography You Only Live Twice Arriving in Tokyo, James Bond is taken to the estate of Station J's chief Dikko Henderson. Henderson tells Bond of his best route to get the Magic 44 decoding machine that M wants. It is through the head of the Japanese secret service, Tiger Tanaka. He teaches Bond the basics of Japanese culture and how a westerner should accustomise to it before he introduces Bond to Tiger. After showing Bond the aspects of the ways of the Orient he will need, Dikko takes Bond to the impromptu headquarters of the Koan-Chosa-Kyoku, the Japanese secret service. Bond is hardly amused as the building is still in the process of construction. He takes Bond to an elevator and instructs him to go underground, where he meets Tiger. After Bond completes his mission fr"
38d27a246c81,Whisper (Literary),James Bond 007,status: Arrested,"Biography
Whisper was born on 'Lung Block', on Seventh Avenue, at 142nd Street, where death from tuberculosis (TB) was twice as high as anywhere in New York. Big's death.","Whisper was a fictional American gang member and associate of SMERSH operative and Black Widow Voodoo Cult leader, Mr. Big. The character acts as one of Mr. Big's henchmen during Ian Fleming's 1954 novel Live and Let Die and was subsequently adapted for film in 1973. Biography Whisper was born on 'Lung Block', on Seventh Avenue, at 142nd Street, where death from tuberculosis (TB) was twice as high as anywhere in New York. During his childhood, Whisper's quiet voice is attributed to a bout of TB during infancy, from which one and a half of his lungs had to be removed, leaving him with only half a lung with which to breathe and talk. As an adult, Whisper fell in with the black mob of Harlem run by Mr. Big; working as a telephone messenger. When James Bond escapes Mr. Big's men, he is sent out to pursue him, though unsuccessful. He is arrested in the end of the novel after Mr. Big's death. See also Whisper (Earl Jolly Brown) References fr:Le Murmure (littérature) Category:Literary Ch"
b32d1aaf968c,Margaret Thatcher,James Bond 007,portrayed: Janet Brown,"The Prime Minister is mentioned by M in Thunderball, On Her Majesty's Secret Service, The Living Daylights, GoldenEye, Tomorrow Never Dies, Quantum of Solace and Skyfall though not by name. Video

References

Category:Film Characters
Category:For Your Eyes Only (film) Characters
Category:Female Characters
Category:Real People
Category:British
Category:Political Figures
Category:Politicians
Category:Heads of Government
Category:World Leaders
Category:Prime Ministers of the United Kingdom
Category:Minor Characters
Category:Deceased in Real Life
Category:1980s Film Characters","Margaret Thatcher (13 October 1925 – 8 April 2013) was the real-life Prime Minister of the United Kingdom from 1979 to 1990 and Leader of the Conservative Party from 1975 to 1990. She was the longest-serving British Prime Minister of the 20th century. She was the first female Prime Minister, and one of three women to ascend to the office so far. She appeared in the 1981 James Bond film For Your Eyes Only, portrayed by actress and impressionist Janet Brown. English actor John Wells (who had previously made a cameo appearance in the 1967 spoof Casino Royale) played her real life husband Denis. Biography For Your Eyes Only (film) While James Bond and Melina Havelock were spending a romantic evening aboard her father's yacht, they were interrupted by a communique being sent out from Q and Bill Tanner via his wristwatch. Rather than exchanging pleasantries, Bond gave the watch to Havelock's talking parrot Max, who is inadvertently put through to the Prime Minister, who wished to personall"
97de0669322f,Leo,James Bond 007,status: Arrested | portrayed: Emmanuel Avena,"However, this is never the case when James Bond kills Obanno and his accomplice, and he has his ally René Mathis to place the bodies on Leo's car to frame the henchman for the murders.","Leo is a enforcer and bodyguard working for terroristic banker and Quantum associate Le Chiffre. A minor character, he appeared in the 2006 James Bond film Casino Royale and was portrayed by French actor Emmanuel Avena. Biography As part of his job assigned by Mr. White, Leo is tasked to help Le Chiffre to reclaim $101,206,000 due to a failed plot to sabotage an aerospace company. He is first seen entering Casino Royale with Kratt by his side as they hope that Le Chiffre would be smart to earn the winnings and get back into Mr. White's good side and return the money back to Steven Obanno. However, this is never the case when James Bond kills Obanno and his accomplice, and he has his ally René Mathis to place the bodies on Leo's car to frame the henchman for the murders. As the police arrive to the scene, Mathis (watching the scene on a balcony with Bond) places a call, which attracts the police to open the trunk and find the bodies inside. As such, Leo is placed under arrest for the "
977402c621a8,Philly Maidenstone,James Bond 007,portrayed: Chesca Miles,,"Ophelia ""Philly"" Maidenstone is an MI6 liason to the Overseas Development Group (ODG) in Jeffery Deaver's 2011 James Bond novel Carte Blanche. Biography Carte Blanche Philly supplies James Bond with information and support throughout the novel. at some point in her life, Philly was engaged to a man named Tim, but the marriage was cancelled. Bond finds her invaluable, particularly for her ability to piece together intelligence. He finds they share many common interests, and considers pursuing a relationship with her, once he has allowed her time to recover from a broken engagement. Philly shares Bond's love of motor vehicles. Ophelia's favourite form of transportation is her BSA 1966 Spitfire motorcycle. Philly, like Bond, has nearly unlimited access to secret files. By the novel's end, she had patched up her relationship with Tim. Trivia Stunt Driver Chesca Miles portrayed Philly at the Book's launch party. Category:James Bond Characters Category:Literary Characters Category:Carte B"
def1a83034f3,Maxie,James Bond 007,portrayed: Ed Call,,"Maxie was a gambler at the Whyte House Hotel and Casino in Las Vegas, Nevada. A minor character portrayed by American actor, Ed Call, he appeared briefly in the 1971 James Bond film, Diamonds Are Forever. Biography A portly casino patron, Maxie fell victim to a run of bad luck at the Whyte House's craps table; losing all his money in a vain attempt to win the affections of opportunist and hustler, Plenty O'Toole. No longer useful or thrilling; she flatly rejects his clumsy advances and leaves him. References Category:James Bond Characters Category:Film Characters Category:Diamonds Are Forever (film) Characters Category:Male Characters Category:Gamblers Category:Americans Category:Minor Characters Category:1970s Film Characters"
82d7d329961a,PR Lady,James Bond 007,status: Fired | portrayed: Daphne Deckers,"A minor character portrayed by Dutch model, TV host and writer, Daphne Deckers, she first appeared in the 1997 James Bond film, Tomorrow Never Dies, and was also seen in the film's accompanying novelization. Gallery

References

Category:James Bond Characters
Category:Film Characters
Category:Tomorrow Never Dies (film) Characters
Category:Female Characters
Category:Villain Affiliates
Category:Bond Girls
Category:Unnamed Characters
Category:Minor Characters
Category:Businessmen
Category:1990s Film Characters","Unnamed, the character is a fictional PR person and employee of wealthy media mogul and criminal, Elliot Carver. A minor character portrayed by Dutch model, TV host and writer, Daphne Deckers, she first appeared in the 1997 James Bond film, Tomorrow Never Dies, and was also seen in the film's accompanying novelization. Biography The PR Lady is present during a party at Carver's Hamburg media center, celebrating the launch of a new CMGN satellite. When James Bond (posing as a banker) arrives at the party, she introduces him to her patron. However, sensing that the agent means trouble, Carver uses a pretext to leave him and tells his right-hand man, Stamper, to take care of him. The latter sends three guards to lure Bond into a room behind the stage under the the pretext of a phone call. While the spy gets beaten by the henchmen, the PR Lady announces to the guests about Carver's upcoming speech. After defeating the guards, 007 shut down all the maintenance and the employee informs Carv"
881b33ef77e8,Lenkin,James Bond 007,status: Arrested | portrayed: Peter Porteous,"He becomes worried when the reproduction Fabergé Egg goes missing (in fact it had already been retrieved by 009 before he was murdered) days before an inventory of all the Kremlin's art objects is about to be compiled, fearing that he will be exposed.","Lenkin (Russian: Ленкин) is a fictional Russian jewellery expert and forger employed by the rogue Soviet General, Orlov. A minor character, he appeared in the 1983 James Bond film, Octopussy, and was played by English actor, Peter Porteous. Biography Lenkin is General Orlov's expert jewellery forger who works in the Kremlin Art Repository. He acts as an accomplice for Orlov in stealing priceless jewels from the repository and replacing them with counterfeits. He becomes worried when the reproduction Fabergé Egg goes missing (in fact it had already been retrieved by 009 before he was murdered) days before an inventory of all the Kremlin's art objects is about to be compiled, fearing that he will be exposed. It prompts Orlov to instruct Kamal Khan to buy back the genuine egg (which is selling at auction at Sotheby's) at any cost before the plot is uncovered. Few days later, General Gogol visits the Repository with Borchoi who is the curator of the Hermitage. Borchoi discovers the "
e3b496face09,Baron Von Skarin,James Bond 007,portrayed: Julian Holloway,,"Baron Von Skarin is a Bavarian baron, an international terrorist and firearms smuggler. The character first appeared in the 1991 animated television series James Bond Jr. and the accompanying 1992 Marvel comic-book series of the same name. He is one of the series' primary antagonists. Biography A wealthy Bavarian baron, Von Skarin is cold and cruel but never neglects his elegant appearance. He is often seen reporting directly to S.C.U.M. Lord, the leader of international criminal organisation S.C.U.M. and is apparently one of his more favoured agents. Henchmen & associates Appearances Live and Let's Dance Dance of the Toreadors Scottish Mist Catching the Wave Sherlock IQ Rubies Aren't Forever Northern Lights Category:James Bond Characters Category:James Bond Jr Characters Category:Television Characters Category:S.C.U.M. Members Category:Male Characters Category:Germans Category:Villains Category:Main Villains Category:Terrorists Category:Agents Category:Aristocrats Category:Unoffi"
e0f10532e083,Jaws (James Bond Jr.),James Bond 007,portrayed: Jan Rabson,,"Jaws is a fictional metal-jawed henchman who appeared in the 1991 animated television series James Bond Jr. and its accompanying 1992 Marvel comic-book series of the same name. Voiced by Jan Rabson, Jaws is loosely based on his movie counterpart (portrayed by Richard Kiel) and is often paired alongside fellow S.C.U.M. member Nick Nack. Biography Jaws is portrayed as a dim-witted villain whose trademark steel teeth destroy almost anything he chews. His clothing not only serves as a small source of comedy for the series but also compliments his lack of intelligence. He usually acts as a henchman for higher-ranking S.C.U.M. agents and is often paired with the diminutive Nick Nack for comic effect. Unlike his movie counterpart, he regularly talks, and has an entire lower jaw made of steel. In the novelisation ""A View to a Thrill"", it is explained that he was shot in the mouth during a bank robbery and ""to save his life, the doctors had given him a set of metal teeth, and motors for jaw mu"
d000461a0f21,Skullcap,James Bond 007,portrayed: Jan Rabson,,"Skullcap was a metal-capped S.C.U.M. assassin found primarily in the employ of scientist, Dr. Derange. A reoccurring antagonist voiced by American actor, Jan Rabson, the character first appeared in the 1991 animated television series, James Bond Jr; beginning with episode 9, ""The Eiffel Missile"". He was subsequently adapted for its accompanying novelisations and Marvel comic-book series. Biography Skullcap's name is derived from the steel headgear encasing the top part of his head. He is extremely cold and insidious though not particularly cunning. According to the novelisation, The Eiffel Target, he is Number 17 on Interpol's Most Wanted list, and it was Dr Derange who crafted his metallic dome after being seriously injured in a robbery. The dome also conducts static electricity. Whenever Skullcap scratches his head, it triggers little sparks. Appearances The Eiffel Missile The Inhuman Race It's All in the Timing The Last of the Tooboos The Emerald Key Weather or Not Canine Caper Th"
f2a4513389ef,Auric Goldfinger (James Bond Jr.),James Bond 007,portrayed: Jan Rabson,"Biography
Despite his death in Ian Fleming's novel Goldfinger and its Eon film adaptation, Auric Goldfinger returned in the 1991 animated television series James Bond Jr..","Auric Goldfinger is a gold smuggler who appeared in the 1991 animated television series, James Bond Jr., and its accompanying 1992 Marvel comic-book series of the same name. Voiced by Jan Rabson, Goldfinger is based on his movie counterpart (portrayed by Gert Fröbe). Biography Despite his death in Ian Fleming's novel Goldfinger and its Eon film adaptation, Auric Goldfinger returned in the 1991 animated television series James Bond Jr.. One of the least altered of the returning 007 characters, Goldfinger continued to be motivated entirely by greed and was assisted by henchman Oddjob. Aside from his unexplained survival, one of the notable changes to his character was the inclusion of a teenage daughter, named Goldie, who was as greedy and ruthless as her father. Appearances Earth Cracker Cruise to Oblivion Goldie's Gold Scam Killer Asteroid Henchmen & associates See also Auric Goldfinger Auric Goldfinger (Literary) Auric Goldfinger (Gert Fröbe) Auric Goldfinger (Ian McKellen) Auric "
cbb45735b50d,Oddjob (James Bond Jr.),James Bond 007,,,"Oddjob is a fictional henchman and assassin who appeared in the 1991 animated television series James Bond Jr. and its accompanying 1992 Marvel comic-book series of the same name. The character is loosely based on his movie counterpart (portrayed by Harold Sakata). Biography Much like Jaws and Nick Nack, Oddjob is seen working for the other villains, especially Goldfinger. He wears an odd-looking purple jumpsuit with red-orange stripes, red and white sneakers, pale green half gloves, a gold necklace bearing the initials 'OJ', a pale green winter scarf and flying goggles. His trademark Razor-Rimmed Hat is also present, but it is portrayed as a miniature top hat rather than a bowler hat. Appearances Earth Cracker Cruise to Oblivion Far Out West A Deranged Mind Goldie's Gold Scam Between a Rock and a Hard Place Killer Asteroid Garden of Evil See also Oddjob Oddjob (Literary) Oddjob (Harold Sakata) Oddjob (Jon David Yu) References Category:James Bond Jr Characters Category:S.C.U.M. Me"
794398add225,Dr. Derange,James Bond 007,portrayed: Julian Holloway,,"Dr. Derange is a fictional insane scientist who first appeared in the 1991 animated television series James Bond Jr. and the accompanying 1992 Marvel comic-book series of the same name. He is one of the series' primary antagonists and is often paired alongside fellow S.C.U.M. member Skullcap. Character biography An evil scientist with long black hair, Dr. Derange speaks with a French accent and has an insane passion for all kinds of radioactive materials, mainly plutonium. According to the novelization, ""The Eiffel Target"", Derange is part man and part machine. He is by far the most frequently appearing villain in the series, appearing in at least sixteen episodes. He is also featured in most of the spin-off material. Appearances The Eiffel Missile A Race Against Disaster The Inhuman Race It's All in the Timing Fountain of Terror Deadly Recall Red Star One Invaders from S.C.U.M. A Deranged Mind The Last of the Tooboos The Emerald Key Canine Caper Weather or Not Between a Rock and a H"
419f49eee6c1,Goldie Finger,James Bond 007,portrayed: Kath Soucie,,"Goldie Finger is a gold-obsessed criminal and the daughter of Auric Goldfinger. A reoccurring antagonist voiced by American actress, Kath Soucie, the character appeared in the 1991 animated television series, James Bond Jr; beginning with episode 14, ""City of Gold"". Biography Goldfinger's spoiled and equally crooked daughter, Goldie Finger shares her father's love of gold and his ruthlessness. Though occasionally teaming up with her father, she tends to prefer working with Barbella; acting as the brains to Barbella's brawn. Her first scheme involved a lost city of solid gold in the Caribbean. She and Barbella used the curse of the ""golden dragon"" to scare off inquisitive explorers; whilst planning on melting down the ancient structures, channelling the molten gold through the city below and into her stolen oil tanker. However, she wasn't counting on James Bond Jr. arriving for a field trip. He escapes her attempt to turn him into a golden statue and uses a foil wrapper to reflect the"
1f9962d1c33c,Spoiler,James Bond 007,portrayed: Michael Gough,,"Spoiler was a operative of the criminal organisation, S.C.U.M.. Performed by American voice actor Michael Gough, the henchman first appeared Episode 32 (""Scottish Mist"") of the 1991 spin-off animated television series, James Bond Jr.. Biography Spoiler is a gravel-voiced S.C.U.M. agent who leads a band of savage, chain-wielding motorcyclists. He has worked for various higher-ranking operatives including Baron Von Skarin, Dr. Derange, and Doctor No. ""Scottish Mist"" Looking to acquire a cold fusion fuel formula developed by chemists Maclennan and Watt, Baron von Skarin tasked Spoiler with abducting the pair. After conspicuously kidnapping Maclennan in a British museum, Spoiler posed as a conductor and attempted to acquire Watt on a train bound for Inverness, Scotland. Due to the intervention of James Bond Jr. he fails. On arriving in Scotland, he made a second attempt to abduct him at Maclennan's laboratory; resulting in a motorcycle chase with Bond that culminated in Spoiler being thr"
5e8cc23eb7ba,Snuffer,James Bond 007,portrayed: Jan Rabson,,"Snuffer is a butler and assistant to wealthy criminal aristocrat Ms. Fortune. The character first appeared in the 1991 animated television series James Bond Jr. and its accompanying 1992 Marvel comic-book series of the same name. He was voiced by Jan Rabson. Biography Snuffer is Ms. Fortune's crooked and deeply unpleasant butler and accomplice. Though Snuffer may look and sound like a humble butler, his ambitions are not nearly so humble and he enjoys devising particularly grisly ends for James Bond Jr. and his friends. He ends every sentence with ""M'aam"", unless he is ordered by Ms. Fortune to wait on her male S.C.U.M. allies, in which he refers to them as ""Sir"". Appearances Fountain of Terror The Heartbreak Caper Mindfield There But For Ms. Fortune Danger Train. References Category:James Bond Characters Category:James Bond Jr Characters Category:Villains Category:Henchmen Category:Butlers Category:Television Characters Category:S.C.U.M. Members Category:Unofficial Characters Cate"
e8d29cfdeb8f,Nick Nack (James Bond Jr.),James Bond 007,portrayed: Jeff Bennett,,"Nick Nack was an assassin and member of S.C.U.M.. Loosely based on his film counterpart, the character appeared in the 1991 animated television series James Bond Jr. and its accompanying 1992 Marvel comic-book series of the same name. He was voiced by Jeff Bennett. Biography A diminutive henchman with a huge chin, Nick Nack is often the butt of ""short jokes"" from both James Bond Jr. and his villainous ""other half"", Jaws. The pair are almost always coupled (not only in crimes but also in terms of their relatively low intellects) in S.C.U.M.'s various schemes. Appearances Valley of the Hungry Dunes Cruise to Oblivion The Inhuman Race Queen's Ransom Avalanche Run Barbella's Big Attraction Invaders from S.C.U.M. Ol' Man River Catching the Wave Sherlock IQ The Thing in the Ice Goldie Finger at the End of the Rainbow Monument to S.C.U.M. Northern Lights See also Nick Nack Nick Nack (Hervé Villechaize) References Category:James Bond Characters Category:Television Characters Category:Jame"
42ef00dca68d,Miss Taro (World of Espionage),James Bond 007,portrayed: Nelita Villezon (Uncredited),,"Miss Taro is a fictional assistant to the Jamaican Governor General (and a spy for Dr. Julius No) who appeared in the 2015 video-game James Bond: World of Espionage. The character is a re-imagining of the literary and film character who first appeared in Ian Fleming's 1958 novel Dr. No and was subsequently adapted for EON Productions' 1962 James Bond film of the same name. Game biography Part of the Chinese diaspora from Trinidad in the latter part of the 20th Century, Miss Taro round work in the Governor General's office in Kingston, Jamaica. She quickly rose through the ranks and became assistant to Governor General Plydell-Smith. Unknown to the Jamaican government, she had been turned to the Tong syndicate in Trinidad and while in Jamaica had been doing double duty as their spy, searching for Dr. No. Exactly how she was turned to Dr. No's assistant is unknown, but at present she has swapped loyalties again and uses her position at the Governor's office to provide intelligence repor"
82a13806f29a,Honey Ryder (World of Espionage),James Bond 007,portrayed: Kristin Kandrac (uncredited),"Biography
After the death of her parents, Honey was raised by a family maid.","Honey Ryder is a fictional shell-diver who appeared in the 2015 video-game James Bond: World of Espionage. The character is a re-imagining of the literary and film character who first appeared in Ian Fleming's 1958 novel Dr. No and was subsequently adapted for EON Productions' 1962 James Bond film of the same name. Biography After the death of her parents, Honey was raised by a family maid. After a vicious attack by the plantation supervisor, she took lethal revenge upon him using a black widow spider. In doing so, she emancipated herself from her difficult predicament and continued to work towards a more independent future.In-game agent dossier, James Bond: World of Espionage. Searching Crab Key, the mysterious island of Dr. Julius No, British agent James Bond startles fellow trespasser and shell-diver, Honey Ryder. Wary of Bond, she eventually warms to him and the pair (along with Quarrel) travel through the mangroves to Dr. No's facility where they are captured by the Doctor's men."
7b915a197124,Dr. Julius No (World of Espionage),James Bond 007,portrayed: James Kwong,,"Dr. Julius No is a guano refinery owner and explosives manufacturer who appeared in the 2015 video-game James Bond: World of Espionage. The character is a re-imagining of the literary and film character who first appeared in Ian Fleming's 1958 novel Dr. No and was subsequently adapted for EON Productions' 1962 James Bond film of the same name. Biography After a MI6 agent in Jamaica washes up on shore mauled by sharks, after investigating a missing persons case near a guano factory owned by Dr. Julius No, M sends Bond to follow up on the case. The factory ostensibly produces organic fertiliser, however it is revealed to be a cover for explosives manufacturing utilising the high concentration of phosphates in guano. After being attacked by assassins before and during a meeting with Miss Taro, one of the Doctor's spies on the island, Bond and fellow trespasser Honey Ryder travel through the mangroves to Dr. No's facility where they are captured by the Doctor's men. There, he dines with D"
b216664652b1,Dorian Reid,James Bond 007,portrayed: ''Unknown'',"Reid is killed in the ensuing firefight, however the Angolan conflict diamonds found in his pocket lead Bond to his paymaster in Las Vegas, Ruby Cox.","Dorian Reid is a ex-IRA bomber and rogue SIS informant who appeared in the 2015 video-game James Bond: World of Espionage, during its Dead Again Tomorrow story-line. Biography A former IRA bomber, Dorian Reid became an informant for the Secret Intelligence Service in 1993 after a bomb he had planted in a Belfast fish shop detonated prematurely, causing him to lose an arm in the process. The IRA pinned the blame on him, resulting in his cooperation with SIS, whose Q Branch built him a new prototype limb in exchange for valuable intelligence. The limb in question was derived from CANDU reactor maintenance technology, the hand is as capable of lighting a match as it is moving control rods in a nuclear furnace. Since that time, Reid went rogue and was last seen ransacking a medical supply facility on the western outskirts of Baghdad, Iraq. Bond was sent to extract him for debriefing after forensic analysis linked explosives he had used in Afghanistan to Dr. Julius No. After investigating"
5ad5cb5fbbbd,Fatima Blunt,James Bond 007,portrayed: Claire Arceneaux,,"Fatima Blunt is a fictional undercover journalist who appeared in the 2015 video-game James Bond: World of Espionage. Game biography The daughter of a British explorer and a high-ranking Iraqi Baathist general, Fatima was raised between England and the Middle East. Notably, MI6 attempted to recruit her at Cambridge University. Trained as a journalist, her outspoken nature has gotten her into more than a few tight spots, but through a combination of luck, wit and determination, she manages to make the best of her difficulties and move on.In-game agent dossier, James Bond: World of Espionage. James Bond discovers Blunt while searching for rogue bomber Dorian Reid in the 8th century ruins north of Baghdad, Iraq. After she obtains a photograph of Reid, the pair commandeer a jeep and flee from the approaching insurgents. Bond brings her to his hotel suite and attempts to persuade her to hand over the digital files for upload to MI6. Before she agrees insurgents crash through the ceiling a"
d6cbb6ed0cb4,Khalid Al Sakran,James Bond 007,portrayed: ''Unknown'',,"Khalid Al Sakran is a freedom fighter and Secret Intelligence Service informant who appeared in the 2015 video-game James Bond: World of Espionage. Biography Cunning and patient, Khalid was forced to join in raids against neighbouring groups from a young age. He bided his time before he made contact with a young, naïve British woman captured by insurgents and held captive in Algeria. When she was freed, she carried his coded message to MI6. An alcoholic living deep undercover among Islamic radicals, Khalid keeps his disguise intact by killing any man who sees him drink. Fortunately for him, the local life expectancy is so low that he has yet to attract suspicion.In-game agent dossier, James Bond: World of Espionage. Khalid teams up with James Bond whilst he infiltrates an Iraqi prison where militants had taken Fatima Blunt and her camera filled with evidence. He is skilled in firearms, hand-to-hand combat and survival, and is multi-lingual, speaking Arabic, French, Songhai and Englis"
7800c41f2095,Tiffany Case (World of Espionage),James Bond 007,portrayed: Ana Sekulic (Uncredited),Ruby isn't keen to follow and after Bond attempts to extract information from her (regarding her employer) he kills her.,"Tiffany Case is a fictional American diamond smuggler who appeared in the 2015 video-game James Bond: World of Espionage. The character is a re-imagining of the literary and film character who first appeared in Ian Fleming's 1956 novel Diamonds Are Forever and was subsequently adapted for EON Productions' 1971 James Bond film of the same name. Game biography Voluptuous and deceitful, Tiffany Case was raised by a brothel Madame on the US West Coast. As a girl, she was attacked by a rival gang. Independent and mistrustful, she has little to do with men, except on a professional basis.In-game agent dossier, James Bond: World of Espionage. Infiltrating the same diamond-smuggling pipeline which financed terrorist Dorian Reid, James Bond (travelling as Peter Franks) is met by Svetlana Koroleva on arriving in Las Vegas and is passed along to the gang's courier Tiffany Case. After being wined and dined by the protagonist she provides the name of her boss, a powerful socialite named Ruby Cox. "
4d3b54d652d9,Svetlana Koroleva,James Bond 007,portrayed: Beate Muska (Uncredited),,"Svetlana Koroleva (Russian: Светлана Королёва) is a Russian thief and diamond smuggler who appeared in the 2015 video-game James Bond: World of Espionage. Biography Hereditary kleptomania is a rare and sometimes overlooked disorder. Is it possible that the deprivations suffered by her family at the hands of the National Socialists has left an indelible mental scar? If it can be picked up, she is as liable to snatch it as she is to bid you a good morning. As she is a skillful operative, don't let her get anywhere near your pockets.In-game agent dossier, James Bond: World of Espionage. Infiltrating the same diamond-smuggling pipeline which financed terrorist Dorian Reid, James Bond (travelling as Peter Franks) is met by Svetlana Koroleva on arriving in Las Vegas and is passed along to the gang's courier Tiffany Case. She is skilled in stealth, surveillance and deception, and is multi-lingual, speaking Russian, English, Dutch and Swedish. The character offers a buff to money obtained fr"
25a2fbf05a82,Leyla Artemita,James Bond 007,portrayed: Abbey Aziz (Uncredited),,"Leyla Artemita is a fictional Kurdish militant who appeared in the 2015 video-game James Bond: World of Espionage during its ""Dead Again Tomorrow"" plotline. Game biography After the massacre of her fellow Kurdistan Workers' Party (Kurdish: Partiya Karkerên Kurdistanê‎, PKK) members, Leyla struck out on her own with a clear vision of the future that involved, neither socialism nor passive acceptance of Turkish dominance. As skilled at tracking antelopes as she is at hunting men, few have escaped once she is on their trail.In-game agent dossier, James Bond: World of Espionage. James Bond teams up with the her to find rogue bomber Dorian Reid. The pair raid an Iraqi bunker, where Leyla casually mows down the bombers within. She suffers from post traumatic stress disorder (PTSD) and is skilled in firearms, tracking and stealth, and is multi-lingual, speaking Kurdish, English, Turkish and Arabic. The character offers a buff to Offence attributes and provides a +10 total Defence bonus usin"
e20ca71f1e47,Ruby Cox,James Bond 007,portrayed: Maddison D.,Ruby isn't keen to follow and after Bond attempts to extract information from her (regarding her employer) he kills her.,"Ruby Cox is a American diamond smuggler who appeared in the 2015 video-game James Bond: World of Espionage. In the World of Espionage adaptation of Diamonds Are Forever, Ruby Cox essentially fulfils the role of Shady Tree, as well as Jack & Seraffimo Spang. Biography Infiltrating the same diamond-smuggling pipeline which financed terrorist Dorian Reid, James Bond (masquerading as smuggler 'Peter Franks') is met by Svetlana Koroleva on arriving in Las Vegas and is passed along to the gang's courier Tiffany Case. After being wined and dined by the spy she provides the name of her boss, a powerful socialite named Ruby Cox. Bond finds Cox taking a mud bath at a spa and hands over the diamonds. Ruby then instructs him to play a fixed game of blackjack at a casino to receive their payoff. After 007's cover is blown, she dispatches sadistic assassins Wint and Kidd to kill him. Eventually, the spy convinces them to take both himself and Tiffany Case alive. The assassins oblige and take Bond t"
4eeedcd36386,Papa Diablo,James Bond 007,portrayed: Marcus Natividad,,"Papa Diablo is a courier and former member of the Yakuza who appeared in the 2015 video-game James Bond: World of Espionage during its ""From Russia with Love"" story-line. He was portrayed by Marcus Natividad. Biography Turning his back on the clan that raised and trained him was no easy choice, but after what he saw one night in Bangkok, Popa could no longer live with the consequences of his actions. After drifting for a year, he found a new calling and began to hunt down and eliminate those who he had previously called friends.In-game agent dossier, James Bond: World of Espionage. In the later stages of the ""From Russia with Love"" story-line, Russian defector Tatiana Romanova agrees to deliver a copy of a mysterious algorithm at a dead drop, which is retrieved by Papa Diablo, a local courier whom Bond enlisted. Hunted by the Yakuza, he is skilled in hand-to-hand combat, stealth and interrogation, and is multi-lingual, speaking Tagalog, Japanese, English and Hindi. The character offe"
f81f50dc1979,Mr. Wint (World of Espionage),James Bond 007,portrayed: ''Unknown'',,"Mr. Wint is a assassin who appeared in the 2015 video-game James Bond: World of Espionage. The character is a re-imagining of the literary and film character who first appeared in Ian Fleming's 1956 novel Diamonds Are Forever and was subsequently adapted for EON Productions' 1971 James Bond film of the same name. Biography In the World of Espionage adaptation of Diamonds Are Forever, Mr. Wint and Mr. Kidd are sadistic enforcers in the employ of powerful American socialite Ruby Cox. As with his novel counterpart, it is implied that Mr. Wint is pathologically afraid of travel and carries a bag full of prescription pain medication with an identifying nametag that says ""Blood Type F"". After the Bond's cover (masquerading as 'Peter Franks') is blown, Wint and Kidd are dispatched to kill him. A car chase ensues in which Mr. Kidd is wounded, leading an exceptionally angry, knife-wielding Wint to corner 007 in an alley. Outmatched, the spy convinces him to take both himself and Tiffany Case a"
59791e8405b4,Mr. Kidd (World of Espionage),James Bond 007,portrayed: ''Unknown'',,"Mr. Kidd is a assassin who appeared in the 2015 video-game James Bond: World of Espionage. The character is a re-imagining of the literary and film character who first appeared in Ian Fleming's 1956 novel Diamonds Are Forever and was subsequently adapted for EON Productions' 1971 James Bond film of the same name. Biography In the World of Espionage adaptation of Diamonds Are Forever, Mr. Wint and Mr. Kidd are sadistic enforcers in the employ of powerful American socialite Ruby Cox. After the James Bond's cover (masquerading as 'Peter Franks') is blown, Wint and Kidd are dispatched to kill him. A car chase ensues in which Mr. Kidd is wounded, leading an exceptionally angry, knife-wielding Wint to corner 007 in an alley. Outmatched, the spy convinces him to take both himself and Tiffany Case alive. The assassins oblige and take Bond to Spectreville, where Kidd attempts to torture him with a blow torch. 007 escapes with Tiffany, in the process of which both Wint and Kidd end up crushed "
4426869e960d,Ming Kang,James Bond 007,portrayed: Leann Lei (Uncredited),,"Ming Kang is a fictional Chinese pilot and Secret Intelligence Service operative who appeared in the 2015 video-game James Bond: World of Espionage. Game biography Born to a Northern Chinese mother and a North Korean father, Ming's early life was anything but simple. Her drive and confidence led her to early experiments with bikes and sleds that became a lifelong obsesion with vehicles of all kinds. Initially a Chinese pilot patrolling the Russian border, she was turned to MI6/SIS while taking RnR Vladivostok. At the time of World of Espionage the character was hunted by the Russian Mafia.In-game agent dossier, James Bond: World of Espionage. Introduced in the storyline Golden Rules, Kang flies James Bond to the border of North Korea, where he enters on foot and meets up with his contact along the river. Uncomfortable with 007 going in completely alone, she provides him with a radio. After investigating a series of natural catastrophies caused by warlord Whar Zin's biological pathoge"
dabf2e9430ae,Abu Suliman,James Bond 007,portrayed: ''Unknown'',,"Abu Suliman is a Ugandan jeweller, smuggler and Secret Intelligence Service operative who appeared in the 2015 video-game James Bond: World of Espionage. Biography Working his way into a United Nations post at an early age, Abu has made friends across the world. Charismatic and practical, his economic skills are sometimes used to funnel money in and out of difficult places, or to trace others attempts to do the same. Noted for being corrupt, he keeps a little in his own pockets.In-game agent dossier, James Bond: World of Espionage. Introduced in the storyline Diamonds are Forever, Suliman is a jeweller (and MI6 informant) whom James Bond passes his illicit winnings onto. Noted for being corrupt, he is skilled in smuggling, finance and deception, and is multi-lingual, speaking Arabic, Swahili, English and Malayalam. The character offers a chance to gain +500 bonus money from missions and provides a 1% chance to avoid damage using pen-knives, and a 5% chance to avoid using stamina on a"
2e0489ba242a,Justine Dubois,James Bond 007,portrayed: Raquel Santolaya (Uncredited),,"Justine Dubois is a fictional French smuggler. The character appeared in the 2015 video-game James Bond: World of Espionage, during its Slow Down Faster story-line. Game biography Born in Nice, France, the smuggler Justine Dubois is noted for her misanthropy, preferring the company of women. At the professional level, she acts as a useful bridge between her uncle's criminal enterprise, her brother's connection to the Deuxième Bureau and the vast European smuggling ring into which she has inserted herself.In-game agent dossier, James Bond: World of Espionage. Justine serves as James Bond's initial contact in the Alps and uses her family's criminal connections to assist him in his search for a key linked to bio-terrorist Whar Zin. She points him in the direction of Anaelle Brouchard, who was given the key by her jealous 'friend', Ludovic de Baleine. Later, 007, Anaelle and Justine infiltrate Baleine's mountaintop fortress by helicopter. While Anaelle attempts to distract the Dauphin, Bo"
8dab45b38734,Hei Ding,James Bond 007,portrayed: Danielle Alcaraz (Uncredited),,"Hei Ding is a fictional North Korean 'nymph of the forest' who appeared in the 2015 video-game James Bond: World of Espionage, during its Golden Rules story-line. Game biography As the oppression in her home state increased to the point where life was nearly unbearable, Hei Ding's parents chose to hide her very existence from the authorities. Raised in the mountains and forests surrounding her home place, Hei Ding remains unassimilated into the dominant socialist state surrounding her. Instead, she lives in a dream-like world populated by her imagination. Traditional Korean nature spirits make up most of her 'friends'. As likely to speak with a tree or a bird as with a human, her ways can seem strange to outsiders.In-game agent dossier, James Bond: World of Espionage. Escaping his captors and crossing the border, James Bond encounters this 'curious nymph of the forest' whilst searching for Korean warlord Whar Zin's bio-weapon facility. He enlists her help and she reveals that the pat"
936ea30db9c6,Yana Iskakov,James Bond 007,portrayed: Leila Dee Thomas (Uncredited),"She first appears in the Golden Rules story-line, when James Bond is forced to fight her in a gladiatorial death match.","Yana Iskakov is a fictional Kazakh assassin employed by North Korean warlord Whar Zin. The character appeared in the 2015 video-game James Bond: World of Espionage, during its Golden Rules story-line. Game biography Daughter of a worker in a large Soviet era arms plant, Yana became disgusted with how the modern weapons her father manufactured were used to control and oppress the Kazakh people. Fleeing to the wilderness Yana went rogue and learned to live in a traditional manner, hunting on horseback with bow and arrow. Unsatisfied with her role as a rural woman, Yana travelled back to civilisation and began working as an assassin based out of Ulaanbaatar. In-game agent dossier, James Bond: World of Espionage. She first appears in the Golden Rules story-line, when James Bond is forced to fight her in a gladiatorial death match. Gaining the upper-hand, he refuses to kill her, much to the spectators' disappointment. Bond encounters her once again after he is taken captive by Whar Zin's m"
dcbfed656951,Benoit Dubois,James Bond 007,portrayed: ''Unknown'',,"Benoit Dubois is a French intelligence asset who appeared in the 2015 video-game James Bond: World of Espionage, during its Slow Down Faster story-line. Biography Born in Marseille in France, Benoit is brother to Justine Dubois and nephew of Rene Dubois. He is the technical side of the family and is involved in all manner of plots, from those sanctioned by the Deuxième Bureau, to those that deal with shady underworld car races. Benoit is skilled in driving, firearms and surveillance, and is multilingual, speaking French, German and English.In-game agent dossier, James Bond: World of Espionage. Benoit was assigned to assist James Bond by his sister Justine and drives him to the mountain villa of Ludovic de Baleine. The character offers a buff to the player's offence attribute and provides a +5 Energy bonus using armored cars and a +2 stamina bonus using fake moustaches. He is a 'common agent' (white) and can be levelled to level 5. References See also Justine Dubois Rene Dubois Cat"
d7f0e6e2e393,Dragomir,James Bond 007,portrayed: ''Unknown'',,"Dragomir is a professional assassin employed by Ludovic de Baleine. The character appeared in the 2015 video-game James Bond: World of Espionage, during its Slow Down Faster story-line. Biography After James Bond uncovers Ludovic de Baleine's scheme to completely destroy the European Union's currency and seize control of the European Union in its wake, the self-proclaimed Dauphin sends Dragomir – a tall and immensely strong assassin – to pursue and kill the British spy. The pair fight on-board a cable car high above the Alps, and later on skis. Dragomir pursues the spy on skis, down a hill to the edge of a large icy lake, with 007 narrowly escaping in a boat belonging to smuggler Rene Dubois. References Category:James Bond Characters Category:Game Characters Category:World of Espionage Characters Category:Assassins Category:Male Characters Category:Intelligence Operatives Category:Agents Category:Henchmen Category:Villains"
