char_id,name,franchise,infobox_fields,death_sentences,text_excerpt
5ce08da5257b,Davos,Marvel Cinematic Universe,species: Human | gender: Male | actor: Sacha DhawanShiv Pai (young) | status: In Custody,"|Davos discusses becoming the Iron Fist
The friends then discussed the Iron Fist and the teachings of Kung and Yü-Ti, as Davos had noted that the Iron Fist must strike without mercy or hesitation, claiming that the Iron Fist not only guarded the pass to K'un-Lun but also killed them against all of their enemies. Lei Kung explained that neither of the fighters would be allowed to leave the room until one was finally victorious, noting that their fight would only end by yield or death. |Davos brings Danny Rand back to K'un-Lun
Davos had carried Rand all the way back to K'un-Lun, as Rand could barely stand following his furious duel against Shou-Lao which had almost killed him.","Davos is a member of the Order of the Crane Mother, the son of Lei Kung and Priya, and a contender for the Iron Fist mantle. Davos had became friends with Danny Rand, but grew jealous of Rand once he received the honor of becoming the Iron Fist. Davos' jealousy turned to anger as Rand had left his post at K'un-Lun to return to New York City, as Davos turned against his best friend as he saw how Rand changed while he was in New York, and his unwillingness to kill the Hand during their conflicts with Bakuto. Seeking the help of Joy Meachum, Davos instead chose to take revenge, by killing Rand for his decision to leave K'un-Lun and for seemingly betraying him. Gaining the corpse of a previous Iron Fist, Davos and Meachum hired Mary Walker to track down and kidnap Rand, using the Crane Sisters to perform a ceremony to transfer the Iron Fist over to Davos. Seeking to use the powers, as he believed it was intended, Davos recruited the aid of the criminal Chen Wu and Ryhno's Gang to murder m"
e5eaac59b3fa,Shocker,Marvel Cinematic Universe,species: Human | gender: Male | actor: Bokeem Woodbine | status: In Custody,,"Herman Schultz is a salvage worker who had become a professional criminal and a member of Adrian Toomes' Crew who had sold Chitauri and Ultron based weaponry created by Tinkerer. Following Toomes' murder of Jackson Brice, who had used a modified gauntlet under the alias of Shocker, Toomes passed the gauntlet down onto Schultz and appointed him as the new Shocker. Schultz continued to help Toomes with fighting against Spider-Man's ongoing attempts to bring an end to all of the black market arms deals, which resulted in Shocker being defeated during a fight and subsequently arrested by the NYPD. Biography Bestman Salvage Battle of New York Clean-up |Schultz cleaning up the Battle of New York In 2012, Herman Schultz was employed to work for the Bestman Salvage by Adrian Toomes. During his career, he helped with the clean-up in the wake of the recent Battle of New York. Schultz attempted to take apart one of the crashed Chitauri Chariots, only for Toomes to recommend that he instead use"
4198e8047f53,Scorpion,Marvel Cinematic Universe,species: Human | gender: Male | status: In Custody | actor: Michael Mando,,"""Mac"" Gargan is a professional criminal and one of Adrian Toomes' potential buyers. Following an encounter with Spider-Man, Gargan was arrested by the FBI and vowed revenge, seeking out new allies to help him kill Spider-Man. Biography Buying Weapons Deal with Aaron Davis Mac Gargan was involved in conflicts with the CIA and NSA during his criminal lifestyle. He piled up an extensive criminal record, which included homicide. During this period, Gargan briefly worked alongside Aaron Davis. However, their partnership ended sometime before 2016, allegedly due to Gargan's dangerous nature, although Davis still kept tabs on him. Eventually, Gargan became affiliated with Vulture and planned to strike a deal with him on the to buy new Chitauri and Ultron-based weapons from some of Vulture's crew in secret. Staten Island Ferry Incident |Gargan makes a deal with Herman Schultz Gargan met Herman Schultz on board the Spirit of America to purchase alien technology from Adrian Toomes' Crew, w"
68892cf193e4,Lopes,Marvel Cinematic Universe,species: Human | gender: Male | actor: Jared Blake DiCroce | status: In Custody,,"Lopes is a henchman working at Harlem's Paradise who took his orders from Diamondback and Shades. Biography Working for Diamondback Attack on Harlem's Paradise When Diamondback, Shades, and several of their henchmen, Lopes decided to come along with them in order to capture several important political figures in order to evade the New York City Police Department's siege. Lopes, along with several of Diamondback's henchmen came into Harlem's Paradise and shot at Misty Knight in hopes of killing her, however Knight was shielded by Luke Cage, who was unaffected by the bullets. Lopes, along with Sugar and Ty were assigned to take the remaining hostages captive and execute them if they resist to be arrested. When Diamondback had went to go find Cage and Knight Diamondback had Lopes, Ty, and the rest of his henchmen to accompanied him. When Diamondback finds that Cage and Knight are gone, he ordered his henchmen to search every inch until they find Cage and Knight. When Lopes and Sugar had"
9700c3bb905e,Teardrop Brother,Marvel Cinematic Universe,species: Human | gender: Male | actor: Jose Guns Alves | status: In Custody,"The mission was successful and Dutton was killed, although the Punisher survived.","Valdez is an inmate within Rikers Island. He and his brother, Miguel Valdez, made a deal with Wilson Fisk in exchange for helping their mother financially while they were inside. They became Fisk's main henchmen within the prison, and helped the assassination of Dutton at the hands of Frank Castle. Biography Rikers Island Protecting Stewart Finney Valdez, alongside his brother, was sent into Rikers Island due to them both committing a crime that was almost too horrible to mention. During their time in Rikers, the brothers became associates with Stewart Finney, another inmate who was also unsure of Dutton's leadership of the prison. The brothers' time in prison had resulted in their mother struggling to pay rent, as they sought a way to assist her financially from the inside. Recruited by Wilson Fisk |Valdez and his brother eating lunch together While they were eating their lunch with Stewart Finney, Valdez and his brother had witnessed Finney get up from their table and go sit down"
f85d4a7518a1,Krista Dumont,Marvel Cinematic Universe,species: Human | gender: Female | actor: Floriana LimaReagan Grella (young) | status: In Custody,"However, once Madani discovered Dumont's manipulation, they engaged in a furious fight which resulted in Dumont being thrown out of her window, paralyzing her, as Russo's death followed while attempting to avenge her. |Dumont talks to Dinah Madani about her past
However, Dumont noted that when Madani last arrested Russo, she nearly killed him as she tore up his face, although Madani noted that Dumont had not been there, questioning if Dumont had tried to have her banned from the investigation. |Dumont telling Billy Russo that he is a criminal
Dumont questioned what Russo would have done if she had told Mahoney the truth about the situation, questioning if he would have killed him.","Doctor Krista Dumont is a psychotherapist who had a strong compassion for military veterans following her father's suicide many years earlier. When Dumont was tasked with overseeing the treatments for Billy Russo following his disfigurement, she found herself developing feelings for Russo, and aided him in his escape. While Russo was hiding out in her home, Dumont fell into a sexual relationship with Russo and began assisting him with his return to strength, even manipulating Dinah Madani in order to gain information on the Punisher, which Russo could use against him. However, once Madani discovered Dumont's manipulation, they engaged in a furious fight which resulted in Dumont being thrown out of her window, paralyzing her, as Russo's death followed while attempting to avenge her. Biography Early Life Protecting the Bird Krista Dumont was the daughter of a soldier in the United States Armed Forces who served in the , although Dumont's father struggled to cope with the he experience"
1f4b1e0a8897,Inez Green,Marvel Cinematic Universe,species: Human | gender: Female | actor: Leah Gibson | status: In Custody,"McClure was killed by Alisa, and although Green survived, she sustained extensive lacerations and psychological trauma. Moments later, Green killed Ryback with the gun, and Hogarth anonymously reported the crime to the police, thus obtaining her revenge against Green and Ryback.","Inez Green is a former nurse who was employed by IGH before she was attacked by Alisa Jones and developed psychological problems. She later met Jeri Hogarth and the two developed feelings. However, Green had other motives and tricked Hogarth into getting her friend, Shane Ryback, out of prison by making Hogarth believe Ryback had powers that could heal Hogarth's ALS. Once Ryback was out, Green and him robbed Hogarth and left to live together. Hogarth soon found Green again and tricked her into killing Ryback, getting her revenge. Biography Early Life When Green was eighteen she got a tattoo on her back of a Japanese character that meant ""good luck."" Soon she enrolled in nursing school. Days in IGH Inez Green was a brand-new nurse working with IGH providing aftercare for their human trial subjects. While training for the job, Green and Luanne McClure were attacked by their patient, Alisa Jones. McClure was killed by Alisa, and although Green survived, she sustained extensive lacerati"
05ad57005496,David Kawecki,Marvel Cinematic Universe,species: Human | gender: Male | actor: Daniel Everidge | status: In Custody,"Framed

After the death of Luanne McClure, Kawecki became the scapegoat for the murder.","David ""Dave"" Kawecki was a formerly employed janitor that worked for IGH and was framed for the murder of Luanne McClure. Biography Work at IGH During his time working at IGH, Kawecki befriended Karl Malus. The two would often converse with one another and have lunch by the octopi at an aquarium. He also sought a romantic interest in Luanne McClure, though she rejected his offer to become more than friends. Framed After the death of Luanne McClure, Kawecki became the scapegoat for the murder. He was rehearsed into the story that during one night, he hugged McClure, experienced a dissociative episode, and placed her corpse in the bathtub. Though he was deemed mentally inconfident to stand trial, Kawecki spent the rest of his time in a psychiatric hospital. He was visited by a new physician whom identified herself as Anne Thorpe. Facilities Industrial Garments & Handling Facility: To be added Birch Psychiatric Hospital: To be added Relationships Allies Luanne McClure † - Former C"
6ef50be5d1ea,Alpha (New York),Marvel Cinematic Universe,species: Human | gender: Male | actor: Patrick Brana | status: In Custody,,"Alpha is a criminal who ran a gang of his own in New York City following Wilson Fisk's arrest. Biography Alpha, such as his fellow mobsters, was scared of a new enemy who had recently been attacking and almost wiped out the Kitchen Irish, including their leader Nesbitt. Fearing that this enemy would come for him and his gang, he did business with Turk Barrett, who broke out of Rikers Island and had been selling guns and other weapons he had to make business with other gangs. While Barrett recommended which guns the mobsters should use, Alpha and his mobsters were suddenly intercepted by Daredevil, who quickly knocked them out. Relationships Allies Turk Barrett Enemies Frank Castle/Punisher Matt Murdock/Daredevil References Category:Characters Category:Daredevil (TV series) Characters Category:Humans Category:Males Category:Brown Hair Category:Brown Eyes Category:Criminals"
badc9171bf46,Wyatt (Criminal),Marvel Cinematic Universe,species: Human | gender: Male | actor: Evan Hall | status: In Custody,"However, Adams was killed shortly after by Alisa Jones, resulting in the New York City Police Department arresting Wyatt and his friends for the crime, since they were seen leaving the bar with Adams.","Wyatt was a criminal who lent Stirling Adams money for his dream of a nightclub. Biography Criminal Career Tormenting Stirling Adams Wyatt invested in Stirling Adams' Club Alias, and was promised a fifty percent return on his profits. After a year of waiting, Wyatt was tired that Club Alias had not opened and confronted Adams in his home, wanting his money back. Wyatt assaulted Adams, forcing Stirling's girlfriend, Jessica Jones, to intervene and beat him and his two friends up. Following him and his friends being beaten up, Wyatt later approached Adams in a bar with an offer. He would forgive all of Adam's debt if he loaned Jones out to the them as muscle in several crimes he had planned. Adams eventually agreed to the deal and Wyatt left. However, Adams was killed shortly after by Alisa Jones, resulting in the New York City Police Department arresting Wyatt and his friends for the crime, since they were seen leaving the bar with Adams. Relationships Enemies Stirling Adams † Jessi"
9e15c97eafe2,Bryce (Criminal),Marvel Cinematic Universe,species: Human | gender: Male | actor: David Chen | status: In Custody,,"Bryce is a criminal based in Harlem. Biography New York Criminal Encountering Luke Cage Bryce and Michael entered Willie Gomez's store in Harlem and began robbing it. Bryce held Gomez and the store's other occupant, Method Man, at gunpoint while Michael stole cash from the register. Bryce took off his mask and explained to Meth that he did not like holding him up, having grown up listening to Wu-Tang Clan, but was doing it out of necessity. Michael angrily told him to put his mask back on and watch the door, and Bryce hit back at him for saying his real name. Luke Cage then entered and Bryce recognized him just before Cage knocked him out. Equipment Weapons : Bryce used this handgun to hold store owner Willie Gomez and Method Man at gunpoint during a robbery together with his partner Michael, and he was quickly knocked down by Luke Cage before having the chance to use the gun. Relationships Allies Michael Enemies Willie Gomez Clifford Smith/Method Man Luke Cage References Categ"
22ca9a39df38,Michael (Thief),Marvel Cinematic Universe,species: Human | gender: Male | actor: Andrew Casanova | status: In Custody,,"Michael is a criminal based in Harlem. Biography Michael and Bryce entered Willie Gomez's store in Harlem and began robbing it. Bryce held Gomez and the store's other occupant, Method Man, at gunpoint while Michael stole cash from the register. Bryce took off his mask and explained to Meth that he did not like holding him up, having grown up listening to Wu-Tang Clan, but was doing it out of necessity. Michael angrily told him to put his mask back on and watch the door, and Bryce hit back at him for saying his real name. Luke Cage then entered and Bryce recognised him just before Cage knocked him out. Michael shot Cage several times to no effect. Cage advanced on Michael and demanded that he hand over his phone, which he did. Michael then attempted to explain himself before Cage knocked him out. Equipment Weapons : Michael carried this gun during a robbery on Willie Gomez together with Bryce. Just as Luke Cage entered into the shop and knocked Bryce down, Michael shot at him, but "
2cd9ee0748ce,Nandi Tyler,Marvel Cinematic Universe,species: Human | gender: Female | actor: Antonique Smith | status: In Custody,"Changing Gears Towards Bushmaster
Piranha Jones' Death
Mark Higgins, Cockroach Hamilton, and Ray Ray's heads were found on posts. Tom Ridenhour's Death
Tyler later heard that Tom Ridenhour was shot, so she arrived to investigate. Tyler and Mark Bailey then went to find evidence linking Mariah Dillard to Ridenhour's death.","Detective Nandi Tyler is a former classmate and rival of Misty Knight who took over her position in the New York City Police Department after she got her arm cut off by Bakuto in the Destruction of Midland Circle. Biography Early Life Meeting Misty Knight Nandi Tyler attended DeWitt Clinton High School, and was one year ahead of Misty Knight. They both played on the same varsity basketball team. During a tournament in Philadelphia, Tyler and her teammate Tasha Bowles made a deal. Bowles stole and iPod and Tyler stole wallets. However, Tyler never stole the wallets, then proceeded to rat out Bowles so that she could be the best players. Karma got the best as Tyler twisted her knee, allowing Misty to take her place on the team. Investigation of Dontrell Hamilton Clashing with Misty Knight Tyler got a job at the 29th Precinct Police Station following Misty Knight's forced absence when she lost an arm in the Excavation of Midland Circle. Months later, Knight returned and asked for her d"
d9dcd7364b7f,Sonny Burch,Marvel Cinematic Universe,species: Human | gender: Male | actor: Walton Goggins | status: In Custody,,"Sonny Burch is a criminal, restaurateur, and black-market technology dealer with connections in the FBI. Over the course of two years after the Avengers Civil War, Burch was contacted by Hank Pym and Hope van Dyne, who requested import materials for the Quantum Tunnel. However, Burch double-crossed them and sought the Mobile Laboratory for himself when he realized the potential profits to be made from Pym's research. During his chase for the laboratory, Burch was confronted by Ant-Man, Ghost and X-Con Security Consultants. Following a high-speed pursuit, Burch and his subordinates were arrested by the SFPD. Biography Notable Criminal Selling Quantum Technology Sonny Burch became known in a criminal underworld as a notorious black-market technology dealer. In order to keep his illicit activity in an appropriate state, Burch came into a contract with Stoltz, bribing him for information and security from the FBI. Hiring several mercenaries and criminals, such as former MI6 member Uzman"
683f6f6826d7,Gideon Shaw,Marvel Cinematic Universe,species: Human | gender: Male | actor: R.A. Guirand | status: In Custody,,"Gideon Shaw is a childhood friend of John McIver and member of the Stylers. Biography Growing Up in Jamaica Gideon Shaw grew up in Kingston with John McIver and Sheldon, and considered himself as an older brother figure to McIver. Shaw knew about McIver's experience with the Stokes Crime Family that resulted in him losing his family and everything he ever had. Together with McIver, Shaw listened to Anansi who would tell them stories about the ""man on top of the hill."" Helping McIver |Shaw talks with Misty Knight Years later, Shaw moved from Jamaica to New York City and when Bushmaster returned to get his revenge on the Stokes Crime Family, Shaw agreed to help him. Snaw purchased a warehouse in Brooklyn, which was previously owned by the Yardies and later by the Stylers. However, Shaw was arrested for a broken taillight and a weed possession in New Jersey and was put at the ICE facility in Kearny Point. As Homeland Security flagged Shaw for his links to the Stylers, ICE groomed him "
e095faf90af2,Uzman,Marvel Cinematic Universe,species: Human | gender: Male | actor: Divian Ladwa | status: In Custody,,"Uzman is a former member of MI6 who was hired by Sonny Burch as his personal enforcer. Biography Working for MI6 Uzman was recruited by the MI6 and he proved himself as a master at extracting needed information. Working for MI6, Uzman created his own type of sedative that makes a person extremely suggestible. However, Uzman later left the MI6 and was hired by black-market dealer Sonny Burch. Battle at the Oui |Uzman talks with Sonny Burch at the Oui Before his meeting with a contact, Sonny Burch ordered his subordinates to guard the Oui while he was discussing his next moves with Uzman. Later, Hope van Dyne arrived at the restaurant in order to purchase Quantum Stabilizer and gave Burch his money. Uzman checked the bag with money and stayed with Burch while he informed van Dyne that he knew who she is and refused to sell a device to her. |Uzman is defeated by Wasp When van Dyne left, Burch and his gang prepared to leave the restaurant. Burch proposed that van Dyne and Hank Pym are w"
0606e98263d3,Ty,Marvel Cinematic Universe,species: Human | gender: Male | actor: Adam Shippey | status: In Custody,,"Ty is a henchman hired by Diamondback. Biography Working for Diamondback Attack on Harlem's Paradise When Diamondback, Shades, and several of their henchmen, Lopes decided to come along with them in order to capture several important political figures in order to evade the New York City Police Department's siege. Lopes, along with several of Diamondback's henchmen came into Harlem's Paradise and shot at Misty Knight in hopes of killing her, however Knight was shielded by Luke Cage, who was unaffected by the bullets. Later Diamondback assigns Ty to guard Damon Boone and tells Ty to keep a gun pointed at Boone under he returns. Later when Diamondback returns he has Ty leave Cage battled Diamondback's henchmen and defeated them while Diamondback waits for Cage. Later, on a police unit lead by Mario Green, came into Harlem's Paradise and arrested Cage, Shades, Sugar, Lopes, Ty, and the rest of Diamondback's henchmen and brought them to a police station for questioning. Relationships Al"
0b17155bc31b,Snowflake,Marvel Cinematic Universe,gender: Female | actor: Brooke Williams | status: In Custody,"She traveled with Sarge on many planets, helping him to put an end to the Shrike plague created by Izel, and was noticeable because of her constant belief that some of the people she murdered would be reincarnated as butterflies. Snowflake asked him about Tinker but the mercenary informed her of his death. Pax continued to complain about Snowflake getting Fox killed, but she defended herself as wanting the man to be reincarnated as a butterfly.","Snowflake is a mercenary and former member of Sarge's Squad. She traveled with Sarge on many planets, helping him to put an end to the Shrike plague created by Izel, and was noticeable because of her constant belief that some of the people she murdered would be reincarnated as butterflies. Upon arriving on Earth, Snowflake helped in the capture of S.H.I.E.L.D. agent Melinda May, whose fighting skills she came to admire, but was eventually captured in turn along with Sarge and imprisoned in the Lighthouse. She was released after Sarge struck a deal with Alphonso Mackenzie, Snowflake joined in a mission to prevent the Shrike from destroying Earth, but was horrified upon realizing that Sarge was willing to let her die if it could help kill Izel. Snowflake helped S.H.I.E.L.D. to find and defuse the Atom Bomb Sarge planned on using. Despite this assistance, and her newfound relationship with Deke Shaw, she was imprisoned again on Daisy Johnson's orders in the aftermath of the destruction o"
40401e52c08c,Keely,Marvel Cinematic Universe,species: Human | gender: Male | actor: David Marston Fobbs | status: In Custody,,"Keely is an inmate at Seagate Penitentiary who was often sent into an intervention with the other prison mates led by Reva Connors. Biography Seagate Inmate Keely was incarcerated in Seagate Penitentiary and went to psychology meetings with Reva Connors. He witnessed Carl Lucas reverse the notion and ask Connors questions. This ended the meeting. The next day, Connors talked about how Jimmy Quinto took a plea deal. Squabbles doubted it, but Keely pointed out that he wasn't at the meeting. Relationships Allies Reva Connors † - Counselor Carl Lucas - Co-Inmate Squabbles † - Co-Inmate Jimmy Quinto - Former Co-Inmate Gallery References Category:Characters Category:Luke Cage (TV series) Characters Category:Humans Category:Males Category:Black Hair Category:Brown Eyes Category:Criminals Category:Seagate Penitentiary Inmates"
dfebd9d55317,Crank,Marvel Cinematic Universe,species: Human | gender: Male | actor: Sky Lakota-Lynch | status: In Custody,"Going to the Golden Tiger's nightclub, Crank learned that Ho and his men had been killed by a guy with a glowing fist, and nobody knew he would replace him.","Crank is a member of Ryhno's Gang. He was present with Ryhno when the gang found an injured Danny Rand and tried to ransom him to the Golden Tigers. Crank would become Davos' most loyal disciple, killing Ryhno for his disloyalty, and later murdering BB before being defeated by Colleen Wing. Biography Ryhno's Gang Crank was a member of Ryhno's Gang, and went to check on Ho, the leader of the Golden Tigers, who wanted to make peace between the gangs in New York. Going to the Golden Tiger's nightclub, Crank learned that Ho and his men had been killed by a guy with a glowing fist, and nobody knew he would replace him. Crank returned to Ryhno with the news, and that there was no deal for now. Alliance with Davos Ho's killer greeted the gang, showing off his power in awe to Ryhno, and made an alliance to help him. Davos told the gang to come to Eden Towers where they would be given food, supplies, and taught martial arts to fight their enemies. Upon going to the location, Davos warmly we"
a267b8b1134a,Torx,Marvel Cinematic Universe,species: Human | gender: Female | actor: Jowin Marie Batoon | status: In Custody,Davos took it as him being on the opposition and killed him.,"Torx is a member of Ryhno's Gang. She was present with Ryhno when the gang found an injured Danny Rand and tried to ransom him to the Golden Tigers. Biography Triad War Ryhno's Gang Torx was a member of Ryhno's Gang and witnessed Colleen Wing offer shelter as she knew they were struggling with the gang war. A few days later, the gang kidnapped an injured Danny Rand. They attempted to use him to get money, but were stopped by Detective Misty Knight, who fired her gun as a warning shot. Ryhno finally gave Rand to them. Torx found a man with a red fist attacking a building and ran in to see the aftermath. Davos' Gang Ryhno's Gang was soon recruited by Davos (the man with the red fist). They trained with Davos until he took them to Henry Yip with the intention of apologizing for attacking. Davos then offered Yip protection, but he refused saying he did not want to be on any side. Davos took it as him being on the opposition and killed him. Ryhno immediately wanted to leave the gang, but "
7edfdd12c3ca,Tammy Hattley,Marvel Cinematic Universe,species: Human | gender: Female | actor: Kate Udall | status: In Custody,"Both Tower and DiMolina ultimately dismissed Hattley's offer, despite her arguments, as Fisk was a notorious criminal responsible for the death of multiple NYPD officers and civilians. Multiple agents died and got hurt. Fisk told them that Poindexter gave the Albanians a chance to surrender, but they shot, so Poindexter killed in self-defense.","Tammy Hattley is the former Special Agent in Charge of the FBI New York Crime Division who was forced by Wilson Fisk into helping his return to power. Hattley had used her position to put Ray Nadeem in charge of Fisk's transfer out of Rikers Island and also gave Fisk all the resources to rebuild his own criminal empire. However, once Nadeem attempted to expose Fisk, Hattley forced him to obey Fisk's orders as well, which eventually led to Nadeem betraying Fisk and exposing his control over the FBI agents, including Hattley, until she and everyone under Fisk's control were finally exposed and arrested for all their crimes. Biography Early Life Father's White Lies As a child, Hattley lived with her father who worked as a trucker who mostly hauled chemical tankers. He sometimes brought barrels with chemicals in their house. Hattley had a nightmare while thinking about what could happen with those chemicals. Her father learned about Hattley's fears and showed her a decal on a barrel with"
6edd66f0c602,Michael Kemp,Marvel Cinematic Universe,species: Human | gender: Male | actor: Luke Robertson | status: In Custody,,"Michael Kemp is a criminal who was arrested and incarcerated in Rikers Island. With the help of the Nelson and Murdock law firm, Kemp got a reduced sentence. Biography Michael Kemp was a low-level criminal based in New York City who briefly worked with the Albanian Syndicate, usually doing small chores. Eventually, Kemp was arrested and imprisoned in Rikers Island. Nelson and Murdock were assigned as his lawyers, as their juridical assistance allowed Kemp to reduce his sentence by sixteen years. Kemp decided to quietly serve his sentence, earning a degree in psychology. |Kemp is talking with Matt Murdock Kemp was informed that his lawyers requested for meeting with him. Cheerful, Kemp met Matt Murdock at the meeting room, embracing his lawyer and asking where is Foggy Nelson. Murdock told him that Nelson and Murdock is over and they are not working together anymore. He then asked Kemp for help, keeping it a secret from anyone, even Nelson. Kemp agreed and Murdock questioned him about"
961ca0b2a382,Felix Manning,Marvel Cinematic Universe,species: Human | gender: Male | actor: Joe Jones | status: In Custody,"Failing to ensure Karen Page's death, Manning was kidnapped by Daredevil, who forced him to reveal the details of Fisk and Marianna's wedding. Manning went on to prove he knew that Page's past drug addiction had led to the death of her brother, Kevin Page, in a car crash before commenting that drug addicts really did destroy families like hers. |Manning arranges Julie Barnes' murder
Following Poindexter's attack onto the New York Bulletin, which had resulted in Jasper Evans being assassinated before he could go on record, as well as Daredevil being blamed for the entire incident, Fisk began to fear that Poindexter's mental state could begin falling apart, and he could be at risk of turning against Fisk out of guilt.","Felix Manning is a fixer hired by Wilson Fisk to aid with Fisk's return to power. Manning oversaw the protection of Vanessa Marianna and used various methods to silence anybody who had challenged Fisk's return, which included blackmailing Foggy Nelson's family and threatening to have Ray Nadeem accused of murder. Failing to ensure Karen Page's death, Manning was kidnapped by Daredevil, who forced him to reveal the details of Fisk and Marianna's wedding. Manning agreed to testify in exchange for Daredevil sparing his life, and so he was arrested. Biography Early Tasks Guarding Vanessa Marianna Under the employment of Wilson Fisk, Manning was recruited to ensure Vanessa Marianna was safe while on the run. During this time, Marianna had insisted upon going to Spain, just as Fisk was attacked by the Albanian Syndicate. When Fisk learned of this, he demanded that Manning move Marianna to somewhere even closer to New York City where she would be safer. Manning ensured that Fisk's cash coul"
3cc5020ad98e,Vic Jusufi,Marvel Cinematic Universe,species: Human | gender: Male | actor: James Biberi | status: In Custody,"However, Fisk survived because of Benjamin Poindexter who killed the attacking gang members, including Jusufi's cousin.","Vic Jusufi is the former leader of the Albanian Syndicate and an inmate in Rikers Island. Biography Arrested by the FBI Being a leader of the Albanian Syndicate, Jusufi was arrested by the FBI and incarcerated inside Rikers Island. In a prison, Jusufi heard some rumors that Albanians were arrested because of Wilson Fisk who cut a deal with FBI and was released. In order to revenge, Jusufi sent a team, led by his cousin to ambush the convoy and eliminate Fisk. However, Fisk survived because of Benjamin Poindexter who killed the attacking gang members, including Jusufi's cousin. Approaching Matt Murdock Still inside Rikers Island, Jusufi learned that someone asked Michael Kemp about him. During the riot, Jusufi ordered his men to apprehend Matt Murdock who became a target of inmates and guards, bribed by Wilson Fisk. Jusufi and Murdock came to an understanding in an effort to take down Fisk. Jusufi revealed that the Albanian Syndicate were not behind the stabbing that got Fisk release"
e49c01db265c,Ramsey,Marvel Cinematic Universe,species: Human | gender: Male | actor: Andy Lucien | status: In Custody,"|Ramsey helps Benjamin Poindexter
Ramsey and Poindexter were presented at the FBI press conference, during which Hattley claimed that Nadeem was killed during the prosecution, accusing him of murdering Winn and resisting arrest.","Ramsey is a former FBI agent who was assigned to Wilson Fisk's protective detail. Ramsey was eventually coerced by Fisk into working for him, and when Fisk was taken down, Ramsey was charged as his accomplice and arrested. Biography FBI Agent Wilson Fisk's Accomplice |Ramsey inside of Tammy Hattley's office Following a successful FBI operation against the Albanian Syndicate, Ramsey and Arinori met with Tammy Hattley to convince her into handing Wilson Fisk's case over to them. Ray Nadeem then came to the office himself, as Ramsey and Arinori congratulated him, as he got intel from Fisk, that allowed the FBI to strike the Albanians. Nadeem then asked Hattley to discuss an important issue with him, so Hattley told Ramsey and Arinori to leave them alone. Nadeem eventually convinced Hattley to put him in charge of Fisk's case, while Ramsey was assigned to guard him at the Presidential Hotel. |Ramsey returning to pick up Wilson Fisk While the FBI were working on Fisk's case, Ramsey and a "
b7dd8b92a281,Mother Teresa,Marvel Cinematic Universe,species: Human | gender: Male | actor: Ron Fehmiu | status: In Custody,,"Mother Teresa is a leader of the Albanian Syndicate who was arrested thanks to the information provided by Wilson Fisk. He gained this nickname due to a huge tattoo of the actual in his back. Biography Kingpin's Betrayal Arrest of the Albanian Syndicate |Mother Teresa being arrested by FBI agents Mother Teresa was the nickname of one of the key leaders of the Albanian Syndicate. When Wilson Fisk decided to make a deal with the FBI to get out of Rikers Island, he gave up key evidence about Mother Teresa and the Albanian Syndicate, resulting in Ray Nadeem leading a team of agents to arrest Mother Teresa and his allies. Abilities Master Tactician: Mother Teresa was the leader of the Albanian Syndicate, gaining a reputation due to the tattoo on his back resembling Mother Teresa. He was sought out by the FBI and eventually caught because Wilson Fisk sold him out. Relationships Allies Albanian Syndicate - Subordinates Enemies Wilson Fisk FBI Ray Nadeem † Gallery References Category:"
abcded048322,Jimbo,Marvel Cinematic Universe,species: Human | gender: Male | actor: Manny Urena | status: In Custody,,"Jimbo is a United States Army veteran who attended Curtis Hoyle's group therapy sessions. Biography Discharged from Military Jimbo lived in , New York with the strong hatred to this town and his abusive father. Getting tired of his unenviable life, Jimbo enlisted the United States Army. However, he was soon wrongfully discharged, as he believed. Moving to New York City, Jimbo had nothing, living in his car and being unable to buy glasses for himself, due to his bad eyesight. Group Therapy Sessions Befriending Curtis Hoyle, Jimbo attended his group therapy session for military veterans in St. John's Evangelical Lutheran Church where he told about his life and discharge from the military. Hoyle then said that he can appeal his status in the military, much to Jimbo's surprise. However, Jake Nelson interrupted them to question Dinah Madani's presence. At the next session, Hoyle organized a free providing of food for low-income citizens. Hoyle handed Jimbo a bowl of chili before asking"
aef7ced12459,O'Connor (FBI),Marvel Cinematic Universe,species: Human | gender: Male | actor: Sam Slater | status: In Custody,Nadeem explained that convoy was ambushed by the Albanian Syndicate who killed several agents and attempted to kill Fisk.,"O'Connor is a former member of the FBI who was assigned to work on Wilson Fisk's detail. However, Fisk eventually forced O'Connor to work under his command as a part of his criminal conspiracy. Biography Wilson Fisk's Detail O'Connor waited for the arrival of the FBI convoy at the Presidential Hotel, together with Doyle, Arinori, and Johnson. Eventually, the convoy arrived with Wilson Fisk, however, O'Connor noted that convoy had suffered heavy casualties. As agents helped Ray Nadeem and Benjamin Poindexter to escort Fisk through the hotel, O'Connor asked Nadeem what happened on the way to the point. Nadeem explained that convoy was ambushed by the Albanian Syndicate who killed several agents and attempted to kill Fisk. As Fisk was brought to his quarters, Tammy Hattley assigned O'Connor to work with Nadeem on his detail. However, Fisk managed to manipulate O'Connor, as well as several of his colleagues and forced O'Connor to obey his commands. Attack on the New York Bulletin Buildi"
b108063a49f0,Johnson (FBI),Marvel Cinematic Universe,species: Human | gender: Male | actor: David Anthony Buglione | status: In Custody,"As the agents entered the office, they found out that ""Daredevil"" murdered multiple New York Bulletin employees. Fisk offered them a deal to use the protection from federal prosecutions, however, Starr declined the offer, which resulted in his death by hands of Poindexter. Enraged Fisk then murdered Wellers and ordered Johnson to stop the car and get rid of his body.","Johnson is a former FBI agent who was working under Tammy Hattley's command. As the FBI had begun working with Wilson Fisk in order to take down the Albanian Syndicate and other criminal groups within New York City, Johnson was one of agents who were coerced by Fisk into working for him. Eventually, Fisk's criminal conspiracy was exposed and Johnson was arrested by New York City Police Department. Biography FBI Agent Relocating Wilson Fisk |Fisk is brought into the hotel In the wake of the Ambush on the FBI Convoy, Johnson, as well as other FBI agents, met Ray Nadeem and Benjamin Poindexter at the Presidential Hotel. Nadeem and Poindexter brought Wilson Fisk to the hotel, informing agents about the attack, which was perpetrated by the Albanian Syndicate, and passing by Benjamin Donovan and Nicholas Lee. Johnson, Doyle, Arinori, O'Connor, and Wellers escorted Fisk to his suite, while Nadeem asked Poindexter to report to Tammy Hattley. Hattley assigned Johnson to work on Fisk's protect"
89d05249cc6c,Lia Dewan,Marvel Cinematic Universe,species: Human | gender: Female | actor: Dilshad Vadsaria | status: In Custody,"However, the girls were saved by Cloak and Dagger, so Dewan claimed that they tried to escape, so they were killed. With the phone, Del realized that Dewan was lying about the people she ""killed,"" As Del started to fight back, Bowen owned her hope and dagger back.","Avandalia ""Lia"" Dewan is a former nurse and the leader of a community support group specializing in victims of abuse. She was secretly part of a human trafficking ring in New Orleans orchestrated by Andre Deschaine, who used the support group to target young women who Dewan later had kidnapped to force them into prostitution. Dewan welcomed Tandy Bowen and her mother into her support group, and subtly manipulated Bowen before kidnapping her and bringing her to the Viking Motel. Dewan then fled with Deschaine after the motel was attacked by Tyrone Johnson, but then reluctantly let Deschaine manipulate her own despair to ease his migraines before being ruthlessly abandoned on the road. Dewan was later found by Bowen and Mayhem and briefly taken to St. Theresa's Church so that Cloak and Dagger could know more about Deschaine's whereabouts. In the aftermath of D'Spayre's defeat, Dewan was brought to justice. Biography Early Life From a young age, Lia Dewan wanted to become a cellist. On o"
414981990fa5,Doyle (FBI),Marvel Cinematic Universe,species: Human | gender: Male | actor: Richard Prioleau | status: In Custody,,"Doyle is a former FBI agent who was assigned to work on Wilson Fisk's protective detail. Doyle was eventually coerced by Fisk into working for him, and when Fisk was taken down, Doyle was charged as his accomplice and arrested. Biography FBI Agent Wilson Fisk's Accomplice Doyle was present at Presidential Hotel, awaiting for the FBI convoy with Wilson Fisk, who was being relocated from Rikers Island. The convoy was ambushed by the Albanian Syndicate, but Ray Nadeem and Benjamin Poindexter managed to bring Fisk, so Doyle accompanied them to the lobby. Passing by Benjamin Donovan and Nicholas Lee, Doyle and other agents escorted Fisk to the elevator to the high floor. Assigned to work on Fisk's protective detail, Doyle stayed to monitor the hotel lobby, and reported that no threats were detected. When Seema Nadeem showed up to see Ray Nadeem, Doyle directed her to the agent. While on detail, Doyle and Wellers received a report about the attack on New York Bulletin, supposedly carried "
1903454c3d56,Anitolov,Marvel Cinematic Universe,species: Human | gender: Male | actor: Goran Kostić | status: In Custody,,"Anitolov is a henchman who was hired by Sonny Burch. Biography Working for Sonny Burch Battle at the Oui Anitolov reported to the Oui for a meeting between Sonny Burch and Susan. When Burch told Susan he kew her name was actually Hope van Dyne, Anitolov pulled out her seat, making her sit down to make a forced deal. van Dyne did not take the deal and left. As Anitolov and the rest walked out, the man in front of them suddenly went flying with no enemy in sight. van Dyne then appeared in her Wasp suit and attacked. Anitolov shot, but missed many times as Wasp shrunk down multiple times. He then followed her into the kitchen and swung a pan. However, Wasp grabbed the pan and used him to knock out his ally. Anitolov was then knocked out and fell to the floor where Wasp took the money. Taking Hostages Angry, Sonny Burch took his men to see Luis at X-Con Security Consultants. Burch threatened the X-Cons before having Uzman inject Luis with a serum that would make Luis very suggestible. H"
d66fe6b87ad9,Asa Henderson,Marvel Cinematic Universe,species: Human | gender: Male | actor: John Fertitta | status: In Custody,"Henderson was contacted by his nephew, James Connors, who accidentally shot and killed Billy Johnson. Soon later, Henderson was arrested when James Connors was killed, leading to the secrets of his involvement to come out.","Asa Henderson is a former Louisiana State Senator and member of the Promenade Society. Biography Favor for Nephew Born in the old and powerful family, Asa Henderson became a Louisiana State Senator. He also joined the Promenade Society that was founded by his ancestor years ago. With possession of valuable blackmail material, Henderson was able to increase his influence within the state even more than possible. Henderson was contacted by his nephew, James Connors, who accidentally shot and killed Billy Johnson. In order to keep his nephew out of jail, Henderson used his position within Promenade Society and cleaned Connors, bribing and blackmailing judges and NOPD officers. Upon Henderson's request, Connors was transferred to the Vice unit, as his personal data was erased from the system. Dealing with Roxxon During a board meeting to approve the investigation of an officer using excessive force against a woman. Henderson made sure Adina Johnson voted against it. Henderson then went "
707b447b289a,Edith Barton,Marvel Cinematic Universe,species: Human | gender: Female | actor: Joanna Whicker | status: In Custody,"She and her drunk husband were eventually killed in a car crash, leaving both Barney and Clint as orphans.","Edith Barton is a street thief and the mother of Clint Barton. Biography Thief's Life |Barton with her son Clint in 1984 Edith Barton lived in Iowa and mothered a son, Clint Barton. However, she had no money to keep him fed, so Edith became a thief together with Clint. In 1984, Edith and Clint attended a local fair where they walked into a man and robbed him, pretending it was an accident. Edith then took Clint to the shooting gallery where Clint failed to hit a target, but Edith knew about her son's accuracy and said that it was rigged. Clint managed to hit the target, surprising the owner, who had to give Clint a prize, and Edith congratulated him. At night, Edith and Clint stole some snacks and stayed in their car, although Clint was unsure if it was okay for them to steal. Edith assured Clint that there were people who had too much and thus being robbed didn't mean much for them, but that that same money kept them fed. She also told Clint that she would never put her son in harm"
6ff88614d65b,Andrew Brandt,Marvel Cinematic Universe,species: Human | gender: Male | actor: Matt Weiss | status: In Custody,,"Andrew Brandt , the half-brother of Madeline Brandt, had his sister brutally assaulted by a group of thugs when she inherited a prized statue instead of him. Biography Heritage Issue Learning that his sister, Madeline, inherited a valuable sculpture instead of him, Andrew Brandt hired a group of thugs who brutally assaulted Madeline. After beating her to a critical state, they stole the statue from her and handed it to Brandt, who stored it in his apartment. Brandt was arrested by the NYPD, however, they couldn't find the sculpture to link him to his sister's attack. Without any other significant evidence, the police had to drop the charges against Brandt. Without any police prosecutions, Brandt looked forward to selling the sculpture to an art gallery. Assaulted by the Vigilante |Brandt is attacked by the masked vigilante One night, while Brandt was watching a boxing match at his apartment, something triggered the security system, so he went to check it, only to be confronted by a"
c77549b30696,Reid Pearson,Marvel Cinematic Universe,species: Human | gender: Male | actor: Spencer House | status: In Custody,,"Reid Pearson is a rapist who was apprehended by Trish Walker. Biography First Offense Reid Pearson was born to rich parents. He raped someone, but his rich parents were able to hire Hogarth & Associates to represent them, getting the charges dropped. Second Offense Attack on Reid Pearson Trish Walker became interested in Pearson's case and began staking him out. One night, unaware that Walker was watching him, Pearson put a drug into Birdie's drink. As the drugs began to take effect, Pearson led Birdie out of the bar and led her into an alley, where he tried to rape her. Walker rushed over and easily defeated Pearson. She stayed with Birdie and told her about Pearson's offense, and told her to call the police and say that she defeated him. Pearson was arrested for attacking Birdie. Pearson claimed that a masked vigilante beat him up when he attacked Birdie, which caught Zaya Okonjo's attention. She showed the information to Jeri Hogarth, who told Okonjo to interview Pearson. Relat"
37171d3382f6,Todd White,Marvel Cinematic Universe,species: Human | gender: Male | actor: Brady Adair | status: In Custody,,"Todd White is a photographer who specialized in sexual photographs of underage girls. Biography Todd White established his own business of making sexual photographs of underage girls at his apartment. White received a vague, anonymous note from the person who hinted that he knew about crimes committed by him. The person demanded White leave him money or they will expose everything he did, which he did, feeling afraid for being exposed. White was visited by Jessica Jones and Erik Gelden who pretended to be couriers to ask him some questions. Jones assumed that he was guilty in insurance fraud, however, it was proven to be genuine. Jones then asked him why he left the money for blackmail and White realized that the extortion note was left by them and threatened to call the police. However, Jones noticed a doll, although White never had children, and felt quite suspicious about White's agenda. Despite White's constant protests, Jones entered the apartment and found strange girls' room"
0266e235464b,Michael Duffy (Fiction),Marvel Cinematic Universe,species: Human | gender: Male | status: Fictional,,"Michael Duffy is a fictional character based on the real world person of the same name. He was set as the superior to Captain America. History In a fictional comic book, Sargeant Duffy still helped Captain America train. Duffy posed as the enemy in a mask and tried to steal the Electro Suit. Once they got it, Captain America came and fought the team. However, Simon, in the Electro suit, was able to knock Captain America out. When Captain America awoke, he broke free and defeated everyone. Duffy was on the ground and Rogers assured him he did well, saying he recognized Duffy's fighting style. Duffy said he believed Simon was just happy to get out of the suit. Relationships Allies Captain America - Subordinate Simon - Subordinate Gallery References Category:Characters Category:Captain America: The First Avenger Characters Category:Comic Characters Category:Humans Category:Males Category:United States Army Soldiers Category:Fictional Characters"
cf9bec02444f,Eleanor Bishop,Marvel Cinematic Universe,species: Human | gender: Female | actor: Vera Farmiga | status: In Custody,"Following the death of her husband, Derek, a tough financial situation had forced Bishop to become an associate of Wilson Fisk, cooperating to his operations in New York City, what she had to keep a secret from her daughter. Repaying Debt
|Bishop attends a meeting with Wilson Fisk

Following the death of her husband, Bishop learned that Derek was indebted to Wilson Fisk, having borrowed money from the crime lord when the Bishops were struggling financially. |Bishop agrees to work for Wilson Fisk
Fisk expressed his respect to Bishop's eagerness to get down to the business and extended his condolences for Derek's death to Bishop and her daughter.","Eleanor Bishop is the former CEO of Bishop Security and the mother of Kate Bishop. Following the death of her husband, Derek, a tough financial situation had forced Bishop to become an associate of Wilson Fisk, cooperating to his operations in New York City, what she had to keep a secret from her daughter. When Kate started investigating the Tracksuit Mafia together with Clint Barton, Bishop hired Yelena Belova and put a bounty on Barton's head. Eventually, Bishop realized that her daughter might be endangered, so she made a decision to quit working for Fisk. Bishop's decision had made her the target of the Tracksuits and Fisk himself, but she was saved by Kate, before she was arrested for murdering Armand Duquesne III. Biography Early Life Marrying Derek Bishop Eleanor married Derek Bishop. Together they had a daughter named Kate and lived in the luxurious penthouse in New York City Derek had inherited from his family. Battle of New York |Bishop and her husband argue On May 4, 201"
618cb1d26fe4,Tyler Hayward,Marvel Cinematic Universe,species: Human | gender: Male | actor: Josh Stamberg | status: In Custody,"operative who was promoted to acting director following the Snap and Maria Rambeau's death. Having acquired several traces of Maximoff's magic to resurrect Vision, Hayward intended to have Maximoff and her family killed to cover up his activities. In 2020, Maria died of complications with cancer, leaving Hayward the acting director in her place.","Tyler Hayward is a former high-ranking S.W.O.R.D. operative who was promoted to acting director following the Snap and Maria Rambeau's death. In his tenure, Hayward focused S.W.O.R.D.'s efforts from their extraterrestrial operations onto artificial intelligence and sentient weapons. In 2023, Hayward intended to reconstruct Vision into a sentient weapon, to this end, Hayward led an operation into the investigation of an energy field surrounding the town of Westview, which was under the control of Wanda Maximoff. Having acquired several traces of Maximoff's magic to resurrect Vision, Hayward intended to have Maximoff and her family killed to cover up his activities. However, his plans were foiled by Jimmy Woo and Darcy Lewis, and he was subsequently arrested by the FBI for his crimes. Biography Director of S.W.O.R.D. Surviving the Snap Tyler Hayward was an agent of S.W.O.R.D. for years, working with S.W.O.R.D. Director Maria Rambeau and her daughter Monica until she, alongside many oth"
6df04d77dbc0,L. Atwood,Marvel Cinematic Universe,species: Human | gender: Female | actor: Rebecca Lines | status: In Custody,,"Senator L. Atwood is a former United States Senator who was used as a pawn by Hydra. Biography Hydra Pawn Winter Soldier Confrontation Atwood was a pawn used by Hydra, who installed her in political office by having the super soldier assassin Winter Soldier eliminate any rivals, allowing her to become a Senator in New York. When Hydra was dismantled, Atwood continued to abuse her political power, attempting to have other political rivals eliminated. However, she was unaware that her conversations were being recorded by Winter Soldier, who disabled her car and turned her over to federal custody. Abilities Tactician: Atwood utilized Winter Soldier to become a United States Senator and kept abusing her power when Hydra fell. Relationships Allies Hydra - Former Benefactors Enemies Bucky Barnes/Winter Soldier - Former Ally (under coercion) Lockhart - Rival Gallery References Category:Characters Category:The Falcon and The Winter Soldier Characters Category:Humans Category:Females C"
bda5b2626776,Rudy,Marvel Cinematic Universe,species: Human | gender: Male | actor: Neal Kodinsky | status: In Custody,,"Rudy is the owner of 1337 Connect and a supporter of the Flag Smashers. Biography Shelter for Flag Smashers Firmly believing in the Flag Smashers' cause, Rudy let them stay at 1337 Connect when they were in the need of a shelter in Munich, and also provided them with food. Rudy told Karli Morgenthau that her people were becoming a legend, as more and more people were talking about them as a freedom fighters fighting for the greater cause, comparing them with . Rudy assured Morgenthau that people admire them and their goals, so the Flag Smashers would be able to find support wherever they need. Rudy then let Morgenthau and the Flag Smashers to the room they prepared for them, saying that they can stay for as much as they need. |Rudy is interrogated by Captain America and Battlestar Rudy's affiliation with the Flag Smashers was eventually uncovered, so the Global Repatriation Council deployed Captain America and Battlestar with the Munich police unit to investigate. The police stormed "
f95a27aafac1,Bucky Barnes (Fiction),Marvel Cinematic Universe,species: Human | gender: Male | status: Fictional,"History
Creation
In June 1943, Heinz Kruger assassinated Abraham Erskine during the process of transformation of Steve Rogers into the first super soldier.","James Buchanan ""Bucky"" Barnes is a fictional character designed to mimic the real Bucky Barnes and accompany Captain America. History Creation In June 1943, Heinz Kruger assassinated Abraham Erskine during the process of transformation of Steve Rogers into the first super soldier. Empowered by the Super Soldier Serum, Rogers chased Kruger through the streets of New York City, capturing him, though he committed suicide with the cyanide pill. The only remaining sample of the Super Soldier Serum was lost, and Chester Phillips decided that Rogers wasn't enough to help the Allies win World War II. However, some journalists were able to take photos of Rogers' heroic act, and the newspaper report about the mysterious hero caused the renewed interest among the Americans in fighting the Axis. The recruitment offices were overcrowded with volunteers for the United States Armed Forces, and Brandt realized that Rogers could become a symbol for the American spirit during the war. Creating the col"
493d05c3041c,Red Queen,Marvel Cinematic Universe,species: Zombified Human | gender: Female | status: Zombified,"Having been disturbed by the survivors' presence and having not eaten in days, Maximoff broke out of her cell and killed Goreshter. |Red Queen tries to manipulate Kamala Khan
Red Queen harassed Khan, claiming that if she stopped her Kate Bishop and Riri Williams would have died for nothing. Relationships

Allies
Avengers - Former Teammates
Vision † - Lover and Former Caretaker
Red Queen's Army - Thralls
Okoye - Former Enemy and Infection Victim
Hope van Dyne/Wasp
Steve Rogers/Captain America †
Clint Barton/Hawkeye †
Emil Blonsky/Abomination †
Ava Starr/Ghost †
Namor †
Hank Pym †
Janet van Dyne †
Alexei Shostakov/Red Guardian - Former Enemy
Yelena Belova
Melina Vostokoff
Samantha
Celeste
Ruta
Candice
Helen
Léa
Jimmy Woo - Former Enemy
Li Ching-Lin/Death Dealer - Former Enemy
Thor † - Former","Queen Wanda Maximoff is a Sokovian sorceress and a former member of the Avengers who possesses vast magical abilities as Scarlet Witch. In 2018, when a contaminated Janet Van Dyne unleashed the Quantum Virus on Earth, Maximoff was among those who were infected and turned into flesh-eating zombies. Despite Vision's many attempts to cure her with the Mind Stone, Maximoff's powers, which were too strong, resisted the treatment. Unable to bring himself to kill her, Vision decided the only course of action was to contain her and her hunger, luring survivors to Camp Lehigh to feed her. However, when the Zombie Outbreak Survivor Group came there, she was awakened and set free. Five years after the start of the Zombie Apocalypse, Maximoff had regained her sentience and, upon learning of the Battle of Wakanda, coveted the power of the Infinity Stones for herself so that she could reshape the world. However, the power was now within Infinity Hulk, who had become a conduit for the energy, and s"
38de96eaf719,Blackwell,Marvel Cinematic Universe,species: Human | gender: Male | actor: Russell Edge | status: In Custody,,"Blackwell is a former agent of the Strategic Scientific Reserve who worked for Vernon Masters. Biography Attack on Daniel Sousa As Daniel Sousa refused to cooperate to his cause, Vernon Masters ordered Blackwell and Vega to assault Sousa. Covering their faces with masks, agents ambushed Sousa when he was not expecting attack and brutally beat him, leaving him incapacitated. Sousa, however, was able to identify them because of Blackwell's Aqua Velva cologne. Call for Vernon Masters Blackwell received a phone call from a woman who wanted to speak with Masters. She stated that it was an urgent matter and told him Masters' secret code, so Blackwell informed Masters about a call while he was talking with Jack Thompson. Mission at the Desert Blackwell and Vega were sent by Masters to intercept and kill Sousa and whoever was with him at the Mojave Desert. Upon their arrival, they witnessed Sousa holding Thompson on the gunpoint, ordering Blackwell and Vega that he is under arrest. Blackw"
082ab093a331,Icarus,Marvel Cinematic Universe,species: Human | gender: Male | actor: Kingo | status: Fictional,"During this period, Sprite created a  about Icarus, a fictionalized version of Ikaris who had wings and died after flying too close to the Sun. Kingo was filming a dance sequence involving himself for the film when the real Ikaris, along with Sersi and Sprite, arrived to inform him about the death of Ajak and the return of the Deviants.","Icarus is a fictional character based on Ikaris created by Sprite during their time living in Ancient Greece. As a result of Sprite introducing her story to the people of Athens, Icarus was adopted into Greek legend and mythology as a boy with wings who flew too close to the sun. In 2024, Kingo portrayed Icarus for the film Legend of Icarus. History Ancient Greek Mythology The Eternals eventually relocated to Athens, Greece to continue fighting the Deviants. During this period, Sprite created a about Icarus, a fictionalized version of Ikaris who had wings and died after flying too close to the Sun. As a result of Sprite sharing her story to the citizens of Athens, Ikaris, as Icarus, became one of Ancient Greece's historical legends and was incorporated into their mythology. Legend of Icarus |Kingo portraying Icarus in Legend of Icarus Throughout the years, the Eternal Kingo starred in several Bollywood films. Eventually, he decided to make a movie about his fellow Eternal and lon"
35f71ce9aee7,Shadow Warrior,Marvel Cinematic Universe,species: Human | gender: Male | actor: Kingo | status: Fictional,,"Shadow Warrior is a fictional character portrayed by Kingo in the films The Shadow Warrior 2: Voyage of Time and Shadow Warrior 3. History Shadow Warrior is a fictional character that was featured in three Shadow Warrior films, being portrayed by the Eternal Kingo. Kingo liked the character, and was excited for the public to learn that the character was portrayed by an Eternal. Trivia In the comics, the Shadow Warriors were foot soldiers for the Atlas Foundation. Notes References External Links Category:Characters Category:Eternals (film) Characters Category:Fictional Characters Category:Males Category:Black Hair Category:Brown Eyes"
25a7f3e05163,Toxic Janitor,Marvel Cinematic Universe,species: Human | gender: Male | actor: Simon Williams | status: Fictional,,The Toxic Janitor is a fictional character portrayed by Simon Williams in the film Toxic Janitor 2. History Toxic Janitor was a fictional character featured in at least two films and was portrayed by Simon Williams. Notes References Category:Characters Category:Guardians of the Galaxy Vol. 2 Characters Category:Humans Category:Males Category:No Hair Category:Brown Eyes Category:Fictional Characters
6cbc085e9bf5,Shark,Marvel Cinematic Universe,species: Human | gender: Female | actor: Dizzie Harris | status: In Custody,,"Shark is an inmate of Los Angeles Women's Penitentiary, who was asked by Tamar to kill Catherine Wilder. Biography Assassination of Catherine Wilder While she was imprisoned in Los Angeles Women's Penitentiary, Shark was contacted by Tamar who wanted Catherine Wilder dead, as a retribution for killing Darius Davis. Shark and two other inmates ambushed Wilder in her cell, while the guards blocked the door, so she had nowhere to run. Although Wilder tried to reason with the inmates, offering them money and her power as a defense attorney, Shark replied that Wilder got rich by sending a lot of people in jail, hurting them and tearing families apart. Shark then relayed Tamar's message to Wilder, before stabbing in the stomach and leaving her dead body to be found by the guards. Relationships Allies Tamar Enemies Catherine Wilder † - Victim References Category:Characters Category:Runaways (TV series) Characters Category:Humans Category:Females Category:Black Hair Category:Brown Eyes "
2e784dfcf5b3,Steven Grant (Fiction),Marvel Cinematic Universe,species: Human | gender: Male | actor: Joseph Millson | status: Fictional,,"Doctor Steven Grant is a fictional character and the main character of Tomb Buster. He is an adventurous explorer who goes on a journey to South America with his ward Rosser. Biography Tomb Buster As the main character of the film Tomb Buster, Doctor Steven Grant went on an adventure with Rosser to find a treasure in South America. At a point in their journey, they stumbled across a statue of the Aztec lunar goddess . Relationships Allies Rosser - Partner Enemies Montalban † - Former Partner References Category:Characters Category:Moon Knight (TV series) Characters Category:Humans Category:Males Category:Brown Hair Category:Brown Eyes Category:Fictional Characters"
8ee344bd84bf,Rosser,Marvel Cinematic Universe,species: Human | gender: Male | actor: Bill Bekele | status: Fictional,,"Rosser is a fictional character in Tomb Buster. He is an adventurer, and the apprentice of the explorer Steven Grant. Biography Tomb Buster As a character of the film Tomb Buster, Rosser was partnered with Steven Grant when he went to South America to discover a lost treasure. During their journey through the jungle, Rosser unwittingly pushes down on a rock which springs the skeletal remains of Montalban at him from above, startling him. The two explorers later come across a statue of the Aztec lunar goddess . Relationships Allies Steven Grant - Partner Enemies Montalban † - Former Partner References Category:Characters Category:Moon Knight (TV series) Characters Category:Humans Category:Males Category:Black Hair Category:Brown Eyes Category:Fictional Characters"
034644f978e8,Leapfrog,Marvel Cinematic Universe,species: Human | gender: Male | actor: Brandon Stanley | status: In Custody,,"Eugene Patilio is a frog-themed vigilante known as Leapfrog. Acquiring a custom-made superhero suit from Luke Jacobson, Patilio's efforts of vigilantism went awry when his suit malfunctioned. Blaming Jacobson for the error, Patilio turned to Goodman, Lieber, Kurtzberg & Holliway, hiring She-Hulk as his attorney to sue Jacobson, only to lose the case after Jacobson's attorney, Matt Murdock, made Patilio accidentally admit that his own actions resulted in the error. Seeking vengeance, Patilio kidnapped Jacobson and forced him to make him a new suit for his vigilante activities, only for She-Hulk and Daredevil to come to Jacobson's aid and rescue him. Patilio tried to escape, though he broke his legs in the attempt, leading to his arrest. Biography Early Life Eugene Patilio is the son of Vincent Patilio, a wealthy and prominent client of Goodman, Lieber, Kurtzberg & Holliway. Becoming Leapfrog Getting the Suit |Patilio picks up his suit In 2025, Patilio began to operate as a frog-theme"
d1ac8a4d54d2,High Evolutionary,Marvel Cinematic Universe,species: Cyborg | gender: Male | actor: Chukwudi Iwuji | status: In Custody,"Anticipating P13's attempt to escape with Batch 89, High Evolutionary killed Lylla. He also ordered Mantis, Drax, and Nebula to be killed by the Abilisks in his ship, in spite of Vim's warnings regarding how tactically poor his decisions were.","High Evolutionary is a geneticist who sought to create a perfect species out of what he viewed as lower life forms and build his own utopia. Founding his own research company, OrgoCorp, as a front for his genetic engineering experiments, he was responsible for the creation of numerous lifeforms across the galaxy. With the intent to form a flawless civilization evolved from animals for Counter-Earth, High Evolutionary abducted and experimented on creatures such as raccoons from Earth, one of which was named Rocket, who provided him the key information for developing Humanimals. High Evolutionary still planned to dispose of Rocket and his fellow subjects, but Rocket managed to escape and maul High Evolutionary's face, forcing him to wear a prosthetic face mask and cybernetic implants. Many years later, High Evolutionary sought to acquire Rocket for his genius intellect to improve his experiments, as he deemed his current Humanimals to be imperfect and slated them to planetary destructio"
e70a0a92fca2,Josh Miller,Marvel Cinematic Universe,species: Human | gender: Male | actor: Trevor Salter | status: In Custody,,"Josh Miller is a member of Intelligencia who tricked Jennifer Walters into thinking he was romantically interested in her. Biography Intelligencia Agent Agent Josh Miller worked as an agent in Intelligencia and developed espionage skills. Meeting Jennifer Walters |Miller meets Jennifer Walters In 2025, Miller was invited by his friend, Adam, to attend his and Lulu's wedding. He was informed by Todd Phelps that Jennifer Walters would also be there and hired him to seduce her. He found Walters sitting alone outside eating candied nuts and introduced himself. He sat down next to her and flirted with her, until Lulu walked out asking for his assistance inside. |Miller speaks with Jennifer Walters The next day, Miller found Walters sitting inside by the bar and sat next to her again. He noticed that she was drunk and she stated he had a nice name and a good face. She said she wanted to show him her She-Hulk hair but said she couldn't. She then excused herself abruptly. |Miller witnesses"
ffabe8e77050,Todd Phelps,Marvel Cinematic Universe,species: Human | gender: Male | actor: Jon Bass | status: In Custody,"Vendetta Against She-Hulk
Slutty She-Hulk Site

In 2025, Phelps launched a campaign against Jennifer Walters, specifically her She-Hulk identity, on the Intelligencia website, frequently bashing her online and called for her death.","Todd Phelps is a billionaire and the founder of Intelligencia, known online as HulkKing. Phelps developed an obsession with She-Hulk, and while being fascinated by her, he ultimately felt that she did not deserve Hulk's powers. He launched a harassment campaign against her and conspired to get a sample of her blood, while presenting himself to She-Hulk as an admirer. During an event at Summer Twilights, Phelps injected himself with She-Hulk's blood and became a Hulk himself, although history was rewritten so that Phelps did not receive any powers and was instead arrested. Biography Early Life Studying Abroad In 2016, Phelps learned that Wakanda opened its country to the public and travelled there on a study abroad program. Founder of Intelligencia By 2024, Phelps became embittered by the increase in super-powered people, specifically women who became enhanced. In order to let others like himself vent out their frustrations with the world, he created Intelligencia. Phelps then coin"
5f2a7d40fe65,Hydra Commander,Marvel Cinematic Universe,species: Human | gender: Male | status: In Custody,,"The Hydra Commander was a leading operative of a Hydra facility in Eastern Europe that continued to survive, even after the fall of Baron Strucker and his facility. His unit salvaged the remains of Ultron Sentries and used them to construct Ultimo, only for the robot to be destroyed by the Avengers, who subsequently took the Hydra agents, their commander included, into custody. Biography Robot Experiments Constructing Ultimo |The Hydra Commander witnessing the birth of Ultimo In the aftermath of the Battle of Sokovia, many parts of the destroyed Ultron Sentries were successful secured by Hydra and transferred to an undisclosed location within Eastern Europe, where they were used to construct a similarly-designed but larger robot they dubbed Ultimo, which Hydra had commissioned built for its own use, the Hydra Commander overseeing the construction work personally. Inspecting the head of such a sentry, the Commander inquired to one of his subordinates how went their progress with constr"
3abea43ab8b3,Cadre Commander,Marvel Cinematic Universe,species: Human | gender: Male | status: In Custody,,"Cadre Commander is the leader of the Cadre. Biography The commander wanted to abduct nobel winner, Sana Amanat so he assigned Eyeball One and Eyeball Two to track down Amanat. However, Captain America and Black Widow caught them in the act, ambushing the two eyeballs. Suddenly, Rogers found the Cadre Headquarters and ambushed the commander who simply laughed at Rogers, saying he was too late. Just then, the Cadre had Amanat, but Rogers caught up, defeating the Cadre and putting the commander in prison. Relationships Allies Cadre Eyeball One Eyeball Two Enemies Sana Amanat - Target S.H.I.E.L.D. Steve Rogers/Captain America Natasha Romanoff/Black Widow † Gallery References Category:Characters Category:Comic Characters Category:Humans Category:Males Category:Black Hair Category:Brown Eyes Category:Cadre Leaders"
76bc026eb16e,Zaniac,Marvel Cinematic Universe,gender: Male | actor: Brad Wolfe | status: Fictional,,"The Zaniac is a fictional comic book character played in a film adaptation by Brad Wolfe when he took over his life on the Sacred Timeline. Biography Zaniac was a fictional monster in a comic book. A film adaptation was made in which Zaniac was portrayed by Brad Wolfe. Zaniac was a popular character in the late 1970s and was the face of many The Zaniac! posters. Trivia In the comics, Zaniac is a swarm of demonic parasites that are from the Dark Dimension. Notes References External Links Category:Characters Category:Loki (TV series) Characters Category:Wonder Man (TV series) Characters Category:Fictional Characters Category:Males Category:Black Hair Category:Green Hair Category:Green Eyes"
a669624070df,Death,Marvel Cinematic Universe,species: Cosmic Entity | gender: Female | actor: Aubrey Plaza | status: Existing,"Death is a cosmic entity, the embodiment of death and decay of all living things. Nearly three centuries later, Death freed Harkness from a spell she had been placed under by Scarlet Witch and sent the Salem Seven, a coven with a grudge against Harkness, after her. Death came into conflict with Harkness on the Road because she wanted to claim the soul of Billy Maximoff, who had violated the natural order.","Death is a cosmic entity, the embodiment of death and decay of all living things. She lived on Earth as the original Green Witch under the name Rio Vidal, and started a relationship with Agatha Harkness. Nearly three centuries later, Death freed Harkness from a spell she had been placed under by Scarlet Witch and sent the Salem Seven, a coven with a grudge against Harkness, after her. Later, Vidal was summoned to the Witches' Road by Harkness and her coven, who had escaped the Seven when they attacked, as a replacement green witch. Death came into conflict with Harkness on the Road because she wanted to claim the soul of Billy Maximoff, who had violated the natural order. The tension came to a head in a vicious duel, during which Harkness sacrificed herself to Death to save Maximoff. Biography Legend Death came into existence at the dawn of time along with Eternity, Infinity, and Entropy. The walls of the Temple Vault on Morag displayed Entropy, Infinity, Death, and Eternity surroun"
1cf4a77dae98,Phone Ranger,Marvel Cinematic Universe,species: Human | gender: Male | actor: Charles Theobald | status: Fictional,,"is a fictional superhero under the codename of Phone Ranger and the titular character of the film Phone Ranger. History Film Debut In 1974, Goodman Productions produced a film centering around Phone Ranger with Charles Theobald starring as the titular hero.Phone Ranger Poster The film was screened at the Leopold Theatre and as such posters featuring Phone Ranger were placed around the building. Trivia In the comics, Phone Ranger is a real superhero who uses technology from the extraterrestrial Seltas to tap any piece of communication technology. Later, during the Superhuman Civil War, he would join Captain America's anti-registration side. Gallery References External Links Category:Characters Category:Loki (TV series) Characters Category:Humans Category:Males Category:Fictional Characters"
a578a0dd3853,Patsy Walker (Fiction),Marvel Cinematic Universe,species: Human | gender: Female | actor: Trish WalkerUnspecifiedUnspecified | status: Fictional,,"Patricia ""Patsy"" Walker is a fictional character portrayed by Trish Walker. Biography Conceptualized Trish Walker was forced by her mother, Dorothy, to audition for That's Our Girl. However, the producers loved Trish so much that they scrapped the show and rebranded it around Trish, nicknaming her Patsy and giving her her own show. Patsy soon became an icon and ended up having multiple seasons of her show, her own comic book run and even her own dolls. Strain on Trish Walker Due to popularity and abuse from Dorothy Walker, Trish began resenting her character and tried to stray away from it, getting her own show centered around her actual appearance called Trish Talk and even working in the music business. However, Dorothy always lived in the past and kept bringing up the character for business opportunities. She often called Trish ""Patsy"" against her wishes. When Trish fell in the hospital, Dorothy told the news to ""pray for her Patsy."" Appearances Appearances for Patsy Walker Gal"
f0cdc9fad6c7,Mr. Paradox,Marvel Cinematic Universe,species: Human | gender: Male | actor: Matthew Macfadyen | status: In Custody,"Having constructed an unauthorized Time Ripper capable of destroying timelines entirely, Paradox planned to accelerate the destruction of Earth-10005 due to the death of its Anchor Being, Wolverine. However, despite initially loving his job at the TVA, when the organization decided to stop pruning timelines, Paradox was given the responsibility of watching all the timelines of the Multiverse, including the Sacred Timeline and Earth-10005, seeing many universes getting slowly destroyed thanks to the death of their anchor beings, with him being also responsible of watching each of those universes slowly wither away. When his idol, the anchor being of Earth-10005, died, which resulted in his whole timeline starting to unravel, Paradox decided to test the new Time Ripper on his universe, but n","Mr. Paradox is a rogue agent who worked for the Time Variance Authority and was placed in charge of overseeing timelines within the Multiverse. Having constructed an unauthorized Time Ripper capable of destroying timelines entirely, Paradox planned to accelerate the destruction of Earth-10005 due to the death of its Anchor Being, Wolverine. He recruited Deadpool and gave him the chance to relocate to Earth-616, but this act backfired heavily when Deadpool learned of Paradox's conspiracy and escaped to different realities. When Deadpool returned with an alternate Wolverine that Deadpool had acquired, he pruned them to the Void, before they both ultimately returned to Earth-10005 to stop Paradox. Cassandra Nova, having extracted information from Paradox's sleeper agent Pyro, angrily confronted him and decided to destroy all timelines, but her plans were foiled by Deadpool and Wolverine. When the conflict was ended, Paradox was arrested by his former leader B-15 for his defection. Biog"
ca7f53769232,Headpool,Marvel Cinematic Universe,species: Zombified Mutant | gender: Male | actor: Geoff Redknap (puppeteer) | status: Zombified,,"Wade Winston Wilson is a zombified mutant mercenary dubbed Deadpool who only consists of a flying head, giving him the fitting name of Headpool. A member of the Deadpool Corps, Headpool was tasked to stop Deadpool and Wolverine from reaching his boss, Cassandra Nova. However, they ceased fighting once Peter Wisdom interfered. Biography Pruned Wade Wilson was a zombified mercenary who went by the name Deadpool and became friends with Peter Wisdom. The Time Variance Authority deemed Deadpool a threat to the Multiverse and sent him to the Void, where he met other Deadpool Variants who formed the Deadpool Corps. Attack on Earth-10005 |Headpool arrives in Earth-10005 Headpool and the rest of the Deadpool Corps were sent to Earth-10005 by Cassandra Nova to prevent Deadpool and Wolverine from reaching her and the Time Ripper, so she could use it to destroy the Multiverse. Shortly after the arrival of Dogpool and her owner, Nicepool, the rest of the Corps arrived via an Inter-Dimensional P"
9e6ce2515728,Perkins,Marvel Cinematic Universe,species: Human | gender: Male | status: Fictional,"Biography
In Captain America Comics #1, Admiral Perkins was killed by Number 3 and Number 15 at the instructions of Rathcone and Herr Kameleon. Relationships

Allies
Captain America
Bucky Barnes

Enemies
Rathcone
Herr Kameleon
Number 3
Number 15 - Murderer

Trivia
In the comics, Perkins was an admiral in the United States military during World War II who was assassinated under the orders of the Nazi operative Rathcone at a military lecture, leading to Captain America and Bucky Barnes investigating his murder.","Admiral PerkinsCaptain America: The First Avenger Auction Catalog is a fictional character that appears in the first issue of Captain America Comics. Biography In Captain America Comics #1, Admiral Perkins was killed by Number 3 and Number 15 at the instructions of Rathcone and Herr Kameleon. Relationships Allies Captain America Bucky Barnes Enemies Rathcone Herr Kameleon Number 3 Number 15 - Murderer Trivia In the comics, Perkins was an admiral in the United States military during World War II who was assassinated under the orders of the Nazi operative Rathcone at a military lecture, leading to Captain America and Bucky Barnes investigating his murder. References External Links Category:Characters Category:Captain America: The First Avenger Characters Category:Humans Category:Males Category:Brown Hair Category:United States Navy Officers Category:Fictional Characters"
8a1f59d9f4bd,Sidewinder,Marvel Cinematic Universe,species: Human | gender: Male | actor: Giancarlo Esposito | status: In Custody,"The priest did not know, so Sidewinder ordered for the hostages to be executed one at a time. Sidewinder threw a grenade at Wilson's truck, destroying it, and assumed that he had killed his target. He eventually retired and the Sidewinder name was taken by two other individuals; the former was killed by S.H.I.E.L.D.","Seth Voelker is a former member of the United States Army who became an assassin and the leader of SERPENT and assumed the moniker Sidewinder. In 2027, Sidewinder and SERPENT were hired by Leader to steal adamantium from Japan so that Leader could frame U.S. President Thaddeus Ross for the illegal sale in Oaxaca, Mexico. However, the sale was stopped by Captain America as Sidewinder escaped the premises. Sidewinder later attempted to kill Captain America but was ultimately defeated and arrested, where he offered information about Leader's plan in exchange for a lesser sentence. Biography Early Life Capturing Samuel Sterns Seth Voelker was born on May 2, 1969, and when he was older he joined the United States Armed Forces. In the aftermath of the Duel of Harlem, Voelker led his unit into the wreckage of Grayburn College, where they found the injured Samuel Sterns, whose blood had been tainted with gamma radiation, due to the actions of Abomination. Leader of SERPENT Skirmish at Cate"
b30c4022a946,Tony Stark (Fiction),Marvel Cinematic Universe,species: Human | gender: Male | status: Fictional | actor: Simon Williams,,"Anthony Edward ""Tony"" Stark is a fictional character portrayed by Simon Williams. He is based on the person of the same name. Biography Tony Stark Simon Williams' Portrayal Simon Williams portrayed Tony Stark in a R-rated biographical film based on the real Tony Stark. The film was directed by Iain McFadyen and written by Daniel Frank. Gallery Notes References External Links Category:Characters Category:Guardians of the Galaxy Vol. 2 Characters Category:Humans Category:Males Category:Brown Hair Category:Brown Eyes Category:Fictional Characters"
5a759fc41a8c,Iron Man (Go-Avenger),Marvel Cinematic Universe,species: Human | gender: Male | status: Fictional,,is a fictional superhero known as Iron Man from the TV series Go-Avenger: Heroes of the Gamma War who created a series of mechs to fight off Hulk and his Gamma Beasts. The character is based on the real superhero of the same name. Biography To be added Powers and Abilities To be added Equipment Iron Man Armors Mark VII Iron Man Armor: To be added Weapons Hulkbuster Armor: To be added Facilities To be added Relationships Allies Avengers - Teammates Steve Rogers/Captain America Thor Natasha Romanoff/Black Widow Clint Barton/Hawkeye Enemies Ultron Bruce Banner/Hulk Gamma Beasts Gallery References External Links Category:Characters Category:What If...? Characters Category:Humans Category:Males Category:Brown Hair Category:Brown Eyes Category:Fictional Characters Category:No Actor
e5b1f7211c5c,Black Widow (Go-Avenger),Marvel Cinematic Universe,species: Human | gender: Female | status: Fictional,,(Russian: ) is a fictional mech piloting superhero known as from the TV series Go-Avenger: Heroes of the Gamma War. She is based on the real superhero of the same name. Biography To be added Powers and Abilities To be added Equipment Weapons Black Widow's Bite: To be added Black Widow Hulkbuster: To be added Vehicles Van: To be added Facilities To be added Relationships Allies Avengers - Teammates Steve Rogers/Captain America Tony Stark/Iron Man Thor Clint Barton/Hawkeye Enemies Ultron Bruce Banner/Hulk Gamma Beasts Gallery References External Links Category:Characters Category:What If...? Characters Category:Humans Category:Females Category:Red Hair Category:Green Eyes Category:Fictional Characters Category:No Actor
be8efe5aeaea,Ultron (Go-Avenger),Marvel Cinematic Universe,species: Robot | gender: Male | status: Fictional,,Ultron is a fictional character on the television show Go-Avenger: Heroes of the Gamma War. Biography To be added Relationships Enemies Avengers Steve Rogers/Captain America Tony Stark/Iron Man Thor Natasha Romanoff/Black Widow Clint Barton/Hawkeye Gallery References External Links Category:Characters Category:What If...? Characters Category:Artificial Intelligence Category:Robots Category:Males Category:No Hair Category:Red Eyes Category:Fictional Characters Category:No Actor
29af9cbf3247,Hulk (Go-Avenger),Marvel Cinematic Universe,species: Human | gender: Male | status: Fictional,,"Bruce Banner is a fictional character from the TV series Go-Avenger: Heroes of the Gamma War who transforms into a rage-fueled monster known as Hulk. The character is based on the real person of the same name. Biography Hulk in Go-Avenger: Heroes of the Gamma War is loosely based on the real Bruce Banner and his actions which accidentally that started the Gamma War. In the show, Hulk, in a rage-filled state, created an army of Gamma Beasts that began attacking the people of Earth and currently lives in a lair at the center of a volcano. Facilities Volcano Lair: The Hulk currently operates out of a base located at the center of an active volcano. Relationships Allies Gamma Beasts Enemies Avengers Steve Rogers/Captain America Tony Stark/Iron Man Thor Natasha Romanoff/Black Widow Clint Barton/Hawkeye Trivia Hulk's visual appearance in Go-Avenger: Heroes of the Gamma War is nearly identical to his appearance in the 1982 TV series. Gallery References External Links Category:Char"
f31dcd594e62,Copperhead,Marvel Cinematic Universe,species: Human | gender: Male | actor: Jóhannes Haukur Jóhannesson | status: In Custody,,"is a member of SERPENT who operates under the moniker of Copperhead. Biography Member of SERPENT Fighting Captain America Davis Lawfers joined the mercenary group known as SERPENT, going under the codename Copperhead. In 2027, SERPENT were hired to steal adamantium from a Japanese mining site on Celestial Island and meet up with the buyer at Catedral de Santo Ramos. Copperhead used some of the adamantium to forge daggers for himself. SERPENT were found by Captain America, so Copperhead went to attack him when he confronted Sidewinder. |Copperhead fights against Captain America Copperhead snuck up behind Captain America and went to stab him with his daggers, but Captain America blocked them with his shield. As the two fought, Copperhead was able to knock the shield away and commented that he had dreamt of killing the former Captain America. Copperhead claimed that this Captain America would break easy, and they continued to fight, with Copperhead quickly overpowering him. Copperhead "
0411bac73c11,Richard Parker,Marvel Cinematic Universe,species: Human | gender: Male | status: In Custody,who was killed in a plane crash alongside his wife and fellow agent Mary Parker.,"Richard Parker is the husband of Mary Parker and father of Peter Parker. Biography Early Life Living in New York City, Richard Parker married Mary Fitzpatrick and gave birth to their son, Peter. However, Mary eventually passed away, while Parker was arrested and sentenced to jail, so his brother Ben and his wife May took over as Peter's guardians. Imprisoned May Parker's Visit In 2016, while Parker continued to serve his sentence, he was visited by May, although he did not expect her to actually come. They briefly exchanged pleasantries, but Parker knew that she did not come for small talk and suggested they cut to the chase. He then placed a photo of himself with Mary and Peter in front of May, and asked her how was his son doing. Relationships Family Ben Parker † - Brother Mary Parker † - Wife May Parker - Sister-in-Law Peter Parker - Son Trivia In the comics, Richard Parker was a spy who worked for the CIA and S.H.I.E.L.D. who was killed in a plane crash alongside his wife and"
963f29e08b8c,Devlin,Marvel Cinematic Universe,species: Human | gender: Male | actor: Cillian O'Sullivan | status: In Custody,"|Devlin pressures Yusuf Khan into opening the vault
Devlin also threatened the hostages that they would not hesitate to shoot anyone who tries to disobey and Murdock spoke up, claiming that if he kills anyone, he would be charged with felony murder and could even be sentenced to life in prison. Devlin then told Kim that his job was to rob the bank, while her job was to prevent the hostages from getting killed, warning her that she had time until 9.45 before the first hostage dies.","Devlin is a criminal and Luca's right-hand man, affiliated with the Five Families. In 2027, in the aftermath of the Hijacking at Red Hook Port, Devlin was ordered to steal a valuable diamond from New York Mutual Bank so Luca could pay his restitution to Viktor. However, when Matt Murdock and the New York City Police Department intervened during his robbery, Devlin attempted to evade the police only to be incapacitated by a Masked Man. He was then arrested, and realized that his team failed to steal the diamond. Biography Working for Luca Five Families Meeting |Devlin talks to Viktor's bodyguard Devlin joined Luca on a Five Families meeting, where Luca was telling Viktor that anyone going through his territory was required to pay a toll, even though Red Hook was supposed to be exempt from any tariffs. As their argument continued, one of Viktor's bodyguards reached for his gun, but Devlin noticed that and warned him to take it easy before it was too late. Vanessa Fisk approached Devlin"
21707f1da163,Connor Powell,Marvel Cinematic Universe,species: Human | gender: Male | DOD: May 2018 (resurrected in October 2023) | actor: Hamish Allan-Headley | status: In Custody,"On New Years Eve, while coming into conflict with their informant Nicky Torres, Powell and Shanahan were confronted by Hector Ayala, which inadvertently resulted in Shanahan's death, as Powell arrested Ayala. Later, Powell became a member of the Anti-Vigilante Task Force, whose existence to the public was legitimized using Muse's death, and attempted to recruit the captured Punisher during Kingpin's city-wide blackout, although Punisher refused. The Ayala Case
Death of Kel Shanahan
|Powell orders Hector Ayala to stay away

On December 31, 2026, Powell and Kel Shanahan met with Nicky Torres in the 168th Street Station.","Officer Connor Powell is a former New York City Police Department officer and member of the Anti-Vigilante Task Force. Coming from a family of police officers, Powell became a corrupt officer who idolized Punisher while being partnered up with his best friend Kel Shanahan. On New Years Eve, while coming into conflict with their informant Nicky Torres, Powell and Shanahan were confronted by Hector Ayala, which inadvertently resulted in Shanahan's death, as Powell arrested Ayala. However, in 2027, during Ayala's trial, Matt Murdock became his lawyer and stopped Powell when he attempted to kill Torres. Later, Powell became a member of the Anti-Vigilante Task Force, whose existence to the public was legitimized using Muse's death, and attempted to recruit the captured Punisher during Kingpin's city-wide blackout, although Punisher refused. Biography Joining the NYPD Early Police Career |Connor Powell NYPD file Connor Powell was born on October 3, 1978, coming from a family of the New Yo"
eabd65d9ee49,Blue (Robber),Marvel Cinematic Universe,species: Human | gender: Male | actor: Cameron Moir | status: In Custody,,"""Blue"" is a bank robber who joined Devlin's robbery of New York Mutual Bank. Biography Bank Robbery |Blue holds Yusuf Khan at gunpoint On March 17, 2027, Blue joined Devlin along with Red, Yellow, and Purple to rob New York Mutual Bank. As they entered the bank, they started rounding up hostages with Blue discovering Yusuf Khan attempting to call the police. Blue then took Khan down to the vault and threatened to shoot him if he did not open it. He was soon taken down by Murdock much to Yusuf's astonishment. Relationships Allies Luca † - Superior Devlin Red Yellow Purple Selene Enemies Wilson Fisk New York Mutual Bank Yusuf Khan - Hostage and Attempted Victim Meghan Checca - Hostage Theo Blasko - Hostage AJ - Hostage Belinda - Hostage Keith - Hostage Johnny Santini - Hostage Matt Murdock - Hostage New York City Police Department Angie Kim Rodriguez Behind the Scenes Turner Smith was a stunt double for Cameron Moir in the role of Blue. References Category:Characters Category:Da"
64bdc0cbbade,Red,Marvel Cinematic Universe,species: Human | gender: Male | actor: John Ford-Dunker | status: In Custody,,"""Red"" is a bank robber who worked with Devlin during the robbery of New York Mutual Bank. Biography Bank Robbery Taking Hostages |Red knocks AJ down Being forced to pay Viktor a $1.8 million restitution by Wilson Fisk, Luca ordered Devlin and his men to rob New York Mutual Bank and steal a valuable diamond from the vault. Devlin brought in Red and three more robbers with him for the robbery, arriving at the bank and preparing their weapons, while Selene acted as their woman on the inside. Once they cut the power at the bank, Devlin and the robbers walked in brandishing their guns, and Red approached AJ to knock him down. Red and the others soon took the situation under their control, taking civilians and bank employees as their hostages, gathering them at the foyer. |Red holds Matt Murdock at gunpoint Suddenly, Matt Murdock casually strolled into the bank, so Red pointed the gun at him and ordered Murdock to freeze, while Murdock acted confused and disorientated. Noticing that Murdoc"
e189ec59c420,Yellow,Marvel Cinematic Universe,species: Human | gender: Male | actor: John Anthony Gorman | status: In Custody,,"""Yellow"" is a bank robber who worked with Devlin during the robbery of New York Mutual Bank. Biography Robbery of New York Mutual Bank |Yellow releasing Belinda and Keith On March 17, 2027, Yellow was a part of a group of bank robbers led by Devlin to rob New York Mutual Bank. As soon as they entered the bank, they started rounding up hostages, including assistant manager Yusuf Khan as well as Matt Murdock. Looking out the window, Yellow noticed that the New York City Police Department was pulling up and notified Devlin. Yellow then released Belinda and Keith to the NYPD. Yellow later remained with the hostages when the NYPD swarmed in. Yellow opened fire but was then knocked out by Murdock. Relationships Allies Luca † - Superior Devlin Blue Red Purple Selene Enemies Wilson Fisk New York Mutual Bank Yusuf Khan - Hostage Meghan Checca - Hostage Theo Blasko - Hostage AJ - Hostage Belinda - Hostage Keith - Hostage Johnny Santini - Hostage Matt Murdock - Hostage New York City Police"
7e20ac23f606,Purple,Marvel Cinematic Universe,species: Human | gender: Male | actor: Ryan Ward | status: In Custody,,"""Purple"" is a criminal working for Luca. Biography To be added Relationships Allies Luca † Devlin Red Blue Yellow Selene Enemies Wilson Fisk New York Mutual Bank Yusuf Khan - Hostage Meghan Checca - Hostage Theo Blasko - Hostage AJ - Hostage Keith - Hostage Belinda - Hostage Johnny Santini - Hostage Matt Murdock - Hostage New York City Police Department Angie Kim Rodriguez Behind the Scenes David Anthony Buglione was a stunt double for Ryan Ward in the role of Purple. References Category:Characters Category:Daredevil: Born Again Characters Category:Humans Category:Males Category:Black Hair Category:Brown Eyes Category:Criminals"
bfb139bddcbe,Invisible Woman (Fiction),Marvel Cinematic Universe,species: Human | gender: Female | status: Fictional,,"Susan ""Sue"" Storm is a fictional character known as Invisible Woman in The Fantastic Four Power Hour television cartoon. Biography To be added Equipment Vehicles Fantasticar: To be added Other Equipment Fantastic Four Uniforms: To be added Relationships Family Johnny Storm/Human Torch - Brother and Teammate Reed Richards/Mister Fantastic - Husband and Teammate Allies Fantastic Four Ben Grimm/Thing H.E.R.B.I.E. Harvey Elder/Mole Man - Former Enemy Enemies Super-Adaptive Android Dragon Man Super-Apes Ivan Kragoff/Red Ghost Peotor Miklho Igor Bentley Wittman/Wizard Phillip Masters/Pupper Master Esteban de Pablo/Diablo References Category:Characters Category:The Fantastic Four: First Steps Characters Category:Comic Characters Category:Humans Category:Females Category:Blond Hair Category:Blue Eyes Category:Fictional Characters"
416af9da6ca5,Mister Fantastic (Fiction),Marvel Cinematic Universe,species: Human | gender: Male | status: Fictional,,Reed Richards is a fictional character known as Mister Fantastic in The Fantastic Four Power Hour television cartoon. Biography To be added Equipment Vehicles Fantasticar: To be added Other Equipment Fantastic Four Uniforms: To be added Relationships Family Sue Storm/Invisible Woman - Wife and Teammate Johnny Storm/Human Torch - Brother-in-Law and Teammate Allies Fantastic Four Ben Grimm/Thing H.E.R.B.I.E. Harvey Elder/Mole Man - Former Enemy Enemies Super-Adaptive Android Dragon Man Super-Apes Ivan Kragoff/Red Ghost Peotor Miklho Igor Bentley Wittman/Wizard Phillip Masters/Pupper Master Esteban de Pablo/Diablo References Category:Characters Category:The Fantastic Four: First Steps Characters Category:Humans Category:Males Category:Brown Hair Category:Brown Eyes Category:Fictional Characters
a8d12a111fa2,Human Torch (Fiction),Marvel Cinematic Universe,species: Human | gender: Male | status: Fictional,,"Jonathan ""Johnny"" Storm is a fictional character known as Human Torch in The Fantastic Four Power Hour television cartoon. Biography To be added Equipment Vehicles Fantasticar: To be added Other Equipment Fantastic Four Uniforms: To be added Relationships Family Sue Storm/Invisible Woman - Sister and Teammate Reed Richards/Mister Fantastic - Brother-in-Law and Teammate Allies Fantastic Four Ben Grimm/Thing H.E.R.B.I.E. Harvey Elder/Mole Man - Former Enemy Enemies Super-Adaptive Android Dragon Man Super-Apes Ivan Kragoff/Red Ghost Peotor Miklho Igor Bentley Wittman/Wizard Phillip Masters/Pupper Master Esteban de Pablo/Diablo References Category:Characters Category:The Fantastic Four: First Steps Characters Category:Humans Category:Males Category:Blond Hair Category:Blue Eyes Category:Fictional Characters"
06d30b8787a0,Red Ghost (Fiction),Marvel Cinematic Universe,species: Human | gender: Male | status: Fictional,,Ivan Kragoff (Russian: Иван Крагофф) is a fictional version of an enemy of the Fantastic Four with the same name. Biography To be added Relationships Allies Super-Apes - Subordinates Peotor Igor Miklho Enemies Fantastic Four Reed Richards/Mister Fantastic Sue Storm/Invisible Woman Johnny Storm/Human Torch Ben Grimm/Thing Gallery References External Links Category:Characters Category:The Fantastic Four: First Steps Characters Category:Humans Category:Males Category:White Hair Category:Brown Eyes Category:Fictional Characters
690e752284ff,Mole Man (Fiction),Marvel Cinematic Universe,species: Human | gender: Male | status: Fictional,,"Harvey Elder, also known as Mole Man, is a fictional version of the man of the same name. Biography To be added Abilities To be added Relationships Allies Fantastic Four - Former Enemies Reed Richards/Mister Fantastic Sue Storm/Invisible Woman Ben Grimm/Thing Johnny Storm/Human Torch Gallery References External Links Category:Characters Category:The Fantastic Four: First Steps Characters Category:Humans Category:Males Category:Brown Hair Category:Green Eyes Category:Scientists Category:Fictional Characters"
82aaaf4a8052,Wonder Man (Fiction),Marvel Cinematic Universe,species: Human | gender: Male | status: Fictional | actor: Brent WillardSimon Williams,,"Wonder Man is a fictional character and the main character of the Wonder Man franchise, including the 1980 film and its remake. He was a superhero from Earth who became stranded on a foreign planet and choose to protect it regaining his humanity along the way due to his experiences with his best and only friend Barnaby. In the remake, a major change was that Wonder Man also had to face the betrayal of his best friend. He was portrayed by Brent Willard and was later succeeded by Simon Williams in Wonder Man. Biography Original Film Fight with Embera |Wonder Man shoots at Embera Wonder Man was on a mission to 'reverse the tomography' in order to save Barnaby. However, the plan went wrong when a spaceship full of Embera arrived. Refusing to pull out, needing to save Barnaby, Wonder Man launched his jetpack up and began shooting down on the Embera. When he landed, he gave a speech about how Barnaby had pulled him out of the dark place he was in, whilst shooting at more Embera. Remake R"
50fc21f93bcf,Doorman,Marvel Cinematic Universe,species: Human | gender: Male | actor: Byron Bowers | status: In Custody,,"DeMarr Davis is a former bouncer at Wilcox who gained extradimensional abilities after making contact with Darkforce. Acquiring the ability to turn his body into a portal, Davis starred in Cash Grab with Josh Gad and became a star overnight, taking the name Doorman. However, his stardom soon started dwindling and his struggle to deal with the mounting pressure negatively affected Davis' powers. During the filming of Cash Grab 2, a drunk Davis lost control of his powers and accidentally sent Gad into the Dark Dimension with no way to retrieve him. Gad's mysterious disappearance caused Davis to be arrested and studied by Damage Control while the American movie industry created the Doorman Clause to prevent superpowered individuals from acting in movies and television shows. Biography Wilcox Employee Meeting Josh Gad |Davis greets Josh Gad DeMarr Davis was hired by Wilcox as a bouncer to their club. Three years later, working at night, Davis joked with some girls in line about not letti"
2056e998b8ca,Barnaby,Marvel Cinematic Universe,species: Human | gender: Male | actor: Trevor SlatteryJoe Pantoliano | status: Fictional,,"Barnaby is a fictional character and a secondary character of the Wonder Man franchise, including the 1980 film and its remake. He was the best and only friend of Wonder Man who helped him reclaim his humanity. In the remake by Von Kovak, a major departure from the original was that he betrayed Wonder Man after being bribed by General Broulard. He was slated to be portrayed by Trevor Slattery in the remake of Wonder Man, but ultimately got recast, with Joe Pantoliano portraying him instead. Biography Original Film Saving Wonder Man To be added Aided by Wonder Man To be added Remake Betraying Wonder Man To be added Relationships Allies Wonder Man - Best Friend (original) Broulard (remake) Enemies Broulard (original) Wonder Man - Former Best Friend (remake) Gallery Appearances In chronological order: (mentioned) (mentioned) (mentioned) Notes References Category:Characters Category:Wonder Man (TV series) Characters Category:Humans Category:Males Category:Fictional Characte"
eceb9b41f6cc,Mira,Marvel Cinematic Universe,species: Human | gender: Female | status: Fictional | actor: Jackie Kay,,Mira is a fictional character and a secondary character of the Wonder Man franchise. She was portrayed by Jackie Kay in Wonder Man. Biography To be added Relationships Allies Wonder Man References Category:Characters Category:Wonder Man (TV series) Characters Category:Humans Category:Females Category:Blond Hair Category:Brown Eyes Category:Fictional Characters Category:Unknown Actor
05afd2d233e0,Harpin,Marvel Cinematic Universe,species: Human | gender: Male | actor: Simon Williams | status: Fictional,,"Professor Harpin is a fictional character in American Horror Story, portrayed by Simon Williams, who was cut from the series. Biography To be added Relationships Enemies Sarah Johnson - Former Colleague and Killer Notes References Category:Characters Category:Wonder Man (TV series) Characters Category:Humans Category:Males Category:Black Hair Category:Brown Eyes Category:Professors Category:Fictional Characters"
5e8145e547f9,Sarah Johnson,Marvel Cinematic Universe,species: Human | gender: Female | actor: Ashley Greene | status: Fictional,,Professor Sarah Johnson is a fictional character in American Horror Story portrayed by Ashley Greene. Biography To be added Relationships Enemies Harpin - Former Colleague and Victim Notes References Category:Characters Category:Wonder Man (TV series) Characters Category:Humans Category:Females Category:Black Hair Category:Brown Eyes Category:Professors Category:Fictional Characters
a768b0e0580c,Jack Kronk,Marvel Cinematic Universe,species: Human | gender: Male | actor: Trevor Slattery | status: Fictional,"Biography

 Death 
To be added

References

Category:Characters
Category:Wonder Man (TV series) Characters
Category:Humans
Category:Males
Category:Physicians
Category:Fictional Characters",Doctor Jack Kronk is a fictional character portrayed by Trevor Slattery from the television show South Shore Hospital. Biography Death To be added References Category:Characters Category:Wonder Man (TV series) Characters Category:Humans Category:Males Category:Physicians Category:Fictional Characters
f11e8b91f353,Gustavo,Marvel Cinematic Universe,species: Human | gender: Male | actor: DeMarr Davis | status: Fictional,,"Gustavo is a fictional character in the films Cash Grab and Cash Grab 2. Biography Cash Grab When Jake and his crew became trapped during a heist, Gustavo walked through the wall of the safe door to rescue them, before taking off his mask and said his catchphrase ""Ding-Dong"" with an added expletive. Cash Grab 2 Later, whilst inside an armored truck, as Jake loaded the cash stored in the truck into his bags, Jake asked Gustavo if he was ready. Gustavo affirmed he was, then opened his coat, ready for Jake to throw the money through and out of the truck. Jake threw two bags through, before on the final bag said he was going through, and went through along with the bag, going inside Gustavo as he began to vomit. Relationships Allies Jake Trivia Gustavo's mask is similar in design to the mask worn by Doorman in the comics. Notes References Category:Characters Category:Wonder Man (TV series) Characters Category:Humans Category:Males Category:Black Hair Category:Brown Eyes Category:Fic"
e8674f846480,Jake (Fiction),Marvel Cinematic Universe,species: Human | gender: Male | actor: Josh Gad | status: Fictional,,"Jake is a fictional character in the films Cash Grab and Cash Grab 2. Biography Cash Grab When Jake and his team enacted the heist they had spent ten years planning for, Jake led his team inside, encouraging them to hurry up, as they only had thirty seconds. Jake began to stuff Gold Bars into his bag, when the lights went off and the safe door closed, locking them inside. Both members of Jake's crew began to panic, hitting on the door, before arguing with each other. Jake told his team to keep it together, and the man in his crew said that it was time to panic, but Jake said he should not be so sure about that. Suddenly, Gustavo appeared, having walked through the door, and took of his mask before uttering his catchphrase ""Ding-Dong"" with an added expletive. Cash Grab 2 Later, inside a moving armored truck, Jake loaded the cash stored in the truck into his bags, and asked Gustavo if he was ready. Gustavo affirmed he was, then opened his coat, ready for Jake to throw the money throug"
d243b6cb6e26,The Great Paris,Mission: Impossible,gender: Male,"Apparent background
Also, when he was actually learning stage magic, his teacher, called “Meerghan,” shot and killed his own assistant, who he believed had become Paris's lover.","""The Great"" Paris was an actor, a magician and a master of disguise who was a member of the Impossible Missions Force. He appeared in Seasons 4 and 5, taking over from Rollin Hand in this capacity. (Martin Landau and Barbara Bain had resigned from the cast after ""Archive"" 3.) He was acted out by the late Leonard Nimoy, who had become most famous for his role as Mr. Spock on Star Trek. Personal life History and real name Though little is definitely known of him that can be independently corroborated using what little declassified information about him is currently available, Paris is believed to have been born in Cleveland, Ohio. It has been claimed that his father drove his mother away because he believed her unfit to rear their son. But it is not known whether this is true, and Paris was known to have disagreed with those statements himself. There is also some question about whether ""Paris"" is his real name, what his family name is, and if it is not ""Paris,"" then the question arises"
57b121fcf2bc,Hagar,Mission: Impossible,species: Human | gender: Male | status: Arrested,,"Hagar is a U.S. Navy diver. He was secretly a Doomsday cultist. According to Ethan Hunt, Hagar spent too much time of his life on the internet. Biography Appearances Mission: Impossible – The Final Reckoning References Category:Male Characters Category:Villains Category:Mission: Impossible – The Final Reckoning characters Category:Antagonists"
c245365e7176,Blonde Hooker,Ozark,,,"The Blonde Hooker is a minor character on Ozark. She appeared in one of Marty Byrde's fantasy in Sugarwood after he learned of his wife's affair. Throughout The Series In Sugarwood, the Blonde Hooker appeared in a fantasy of Marty's. After finding out that his wife, Wendy, had been cheating on him, Marty drove to a remote part of town where there was an influx of hookers. Marty imagined having oral sex with the woman, as revenge for his wife's actions. However, it was soon revealed to be a fantasy, and that the woman didn't actually look like his fantasy, nor did they engage in oral sex. Relationships Marty Byrde Within Marty's fantasy the Blonde Hooker and he have a very intimate relationship. Unlike Wendy, the hooker appreciated everything Marty provided for his wife and children. The two got very close and engaged in oral sex until Marty's fantasy was disturbed by the 'real' blonde hooker. In reality the two share a very brief interaction and have no bond. Category:Characters"
428661a0fbbd,Lincoln Burrows,Prison Break,played by: Dominic Purcell Max Kirsch (teenage Lincoln) Hunter Jablonski (child Lincoln) | gender: Male,"An innocent man, he was sentenced to death in Fox River State Penitentiary after being set-up for killing the vice president's brother. After their mother's death, Lincoln became Michael's guardian. He plead not guilty at the trial, but was convicted on all counts and sentenced to death.","You may be looking for his counterpart in the ""Prison Break: The Conspiracy"". Lincoln ""Linc"" Burrows is one of the two protagonists in Prison Break. An innocent man, he was sentenced to death in Fox River State Penitentiary after being set-up for killing the vice president's brother. Michael Scofield, Lincoln's younger brother, formed an elaborate plan to break him out of prison. Biography Background Lincoln Burrows was born on March 17, 1970. After their mother's death, Lincoln became Michael's guardian. Lincoln dropped out of Morgan Park High School during his sophomore year and began his life of crime. Prior to being convicted for the murder of the Terrence Steadman, he had been convicted of theft, criminal damage to property, possession of drug paraphernalia, and battery. He and Lisa Rix had a son together, Lincoln Burrows, Jr. (L.J.). When Michael was 18, Lincoln borrowed $90,000 to pay for Michael's university education, telling him that it was his half of his mother's life ins"
6dbf415763f1,Fernando Sucre,Prison Break,played by: Amaury Nolasco *Karlo Hackenberger (Deutch),"He is caught by police, however, the old man (whose wife had died only a week before) only wanted to give Sucre gas money, and lets him go with the car.","You may be looking for his counterpart in the ""Prison Break: The Conspiracy"". Fernando Sucre is a main character in Prison Break. He was the cell mate of Michael Scofield in Fox River State Penitentiary who was motivated to escape when his girlfriend got pregnant. He later becomes one of the Fox River Eight and through a series of events becomes part of the team that is attempting to take down The Company. He is the father of Lila Maria Sucre. He is one of Michael's best friends. Biography Background Of Puerto Rican descent, Fernando grew up in Chicago where he had several run-ins with the law. His mother sent him to live with a relative in New York City to help him out. There, he found a steady job at a warehouse and his girlfriend, Maricruz Delgado. He was sent into Fox River for robbing a liquor store. (1x1) The reason Fernando had held up a liquor store was to get enough money to pay for an engagement ring for Maricruz. His cousin Hector then tips him off to the cops, as he was a"
4bd7538f923f,Seth Hoffner,Prison Break,played by: Blaine Hogan,"Post-Death 
Michael Scofield felt guilty for Cherry's death. He appeared season 2 in archive footage in a montage of bad things caused by T-Bag.Category:Criminals
Category:Theodore Bagwell's gang
Category:Season 1 characters
Category:Deceased characters
Hoffner, Seth
Hoffner, Seth ""Cherry""
Category:LGBT characters
Category:Characters of unknown sentences","Serving 8 years at Fox River State Penitentiary for Vehicular Invasion and Kidnapping, Seth Hoffner was quickly given the nickname Cherry and forced into a sexual relationship with T-Bag. Seth appealed to Michael for help, Michael refused to get involved since T-Bag was aware of Michael's escape plan. Shortly thereafter, Seth committed suicide by hanging himself, causing Michael to feel guilty. Appearances Trivia Cherry's name is likely inspired by Seth Hoffman, a Prison Break writer and director. Sarah Wayne Callies mentions this in Episode 7 of Prison Breaking with Sarah and Paul. Post-Death Michael Scofield felt guilty for Cherry's death. He appeared season 2 in archive footage in a montage of bad things caused by T-Bag.Category:Criminals Category:Theodore Bagwell's gang Category:Season 1 characters Category:Deceased characters Hoffner, Seth Hoffner, Seth ""Cherry"" Category:LGBT characters Category:Characters of unknown sentences"
1d40498dd4c5,Debra Jean Belle,Prison Break,played by: Kristin Malko,,"Debra Jean Belle is a student at St. Louis Tech who helped Tweener in his escape. Biography Season 2 Early life Little is known about her family except the fact that her father is an Air Force Colonel. Meeting Tweener Debra Jean posted an ad requesting someone to share ride expenses with to Utah. Tweener, one of the Fox River 8, in an effort to reach Utah to recover Westmoreland's five million dollars, responds to Debra Jean's ad. Debra Jean does show some initial suspicion but they wane and she becomes infatuated with him. Once Debra Jean Belle learns who Tweener is, she aids in his escape by ""taking a walk"" and leaving her car keys behind. Debra Jean Belle's only other appearance is after Tweener's capture by Mahone. Tweener, supposedly leading Mahone and his team of FBI agents to Michael Scofield, instead leads them to Debra Jean Belle's family home. Personality Debra Jean is proven to have quite a sense of humour.In her ad, it reads: Driving Home to Utah ""Don't Laugh"" Looking f"
