char_id,name,franchise,infobox_fields,death_sentences,text_excerpt
32fd0978de38,Jackson (candidate),Lost,,,"Jackson is a surname that appeared on the lighthouse dial, and may be one of Jacob's candidates. His or her ""number"" is 131. File:6x05 Number 131.jpg Trivia Members of the band Geronimo Jackson came to the Island. Scott Jackson was a middle section survivor. Louis Jackson was an alias of Anthony Cooper. Category:Unseen Characters Category:Jacob's candidates Category:Season 6 characters"
3f5df111d095,Ford (A Tale of Two Cities),Lost,Last: The Oceanic Six: A Conspiracy of Lies,,"Ford is a police officer who appeared in . He was seen in the police station where Jack was held after a fight with his father. He later appeared in archive footage in The Oceanic Six: A Conspiracy of Lies. Trivia His name is seen on his nametag. Although he had one single line, he wasn't credited. Category:Season 3 characters Category:Law enforcement Category:Flashback Characters Category:Jack's flashback characters Category:Characters portrayed by unknown actors"
7dca53ef8ba1,Madson,Lost,"First: Hearts and Minds | Last: Exodus, Part 1 | Actor: Barry Brandt",,"Madson is a cop in Sydney, Australia. He and another cop dragged Sawyer into the police station where Boone was filing a complaint against Shannon's abusive boyfriend. Trivia His name is seen on his nametag. Category:Season 1 characters Category:Sawyer's flashback characters Category:Boone and Shannon's flashback characters Category:Flashback Characters Category:Characters Category:Law enforcement Category:Australian characters"
d2d3b5d5d601,Jackson (DHARMA Initiative),Lost,,"It is possible that Jackson survived the battle, as he was not seen being killed. He may have been killed along with other members of the DHARMA Initiative in the Purge, or he may have left the island sometime between 1977 and the Purge.","Jackson was a member of the DHARMA Initiative. He was holding a gun, and was touched by Lowell before the 1977 Barracks battle happened. It is possible that Jackson survived the battle, as he was not seen being killed. Jackson's jumpsuit had no logo, and the inscription of his job was not clear. He may have been killed along with other members of the DHARMA Initiative in the Purge, or he may have left the island sometime between 1977 and the Purge. Category:Season 5 characters Category:DHARMA Initiative Category:DHARMA Initiative Staff Category:Episodic characters Category:Unknown Status Characters Category:Characters portrayed by unknown actors"
b78ad69325ad,Larry (DHARMA Initiative),Lost,First: Unknown | Last: Unknown | Actor: Shiloh,,"Larry was a member of the DHARMA Initiative. It's not known which episode, if any, featured the character, but the actor claims on his Hawaii Actor Network that he portrayed a DHARMA member in Lost. Category:Characters Category:DHARMA Initiative Staff Category:Season 5 characters Category:Episodic characters Category:Unknown Status Characters"
ea293523daa6,Helen (DHARMA Initiative),Lost,Actor: Katie James,,"Helen was a DHARMA Initiative cryptologist who was seen in 1974. On the Island 1974 Helen pushed an 8 year old girl on a swing, then she stood by a fence and talked to another DHARMA member. A siren suddenly went off, signaling a hostile incursion, so she ran to the little girl, picked her up, then ran into a house. Helen later walked down a sidewalk right past LaFleur. Trivia Cryptology is the study of secret codes or ciphers and the devices used to create and decipher them. Helen has only been seen briefly in the background in , when she was pushing her daughter on a swing. All information about her came from leaked pre-season 5 material which was posted on DarkUFO and the actress' blog, but the spoiler and the blog post has been removed. The scene where she wore her ""Helen jumpsuit"" did not make it to the final cut. It is unknown if the scene was supposed to be in , or she filmed it for other episodes. According to the actress' blog, she was officially cast as ""Mom on Swing""."
bccbbf7d0417,Mitchell (DHARMA Initiative),Lost,Actor: Rudy,"He may have been killed along with other members of the DHARMA Initiative in the Purge, or he may have left the island sometime between 1977 and The Purge. The member was presented at ""the vote"" to determine if Sayid should be executed, helped other members to put out the fire caused by young Ben , and presented during Horace's speech after the fire had been put out .","Mitchell was a member of the DHARMA Initiative, he worked at the Motor Pool. On the Island 1977 When Jack, Kate, and Hurley were discussing Sayid in the cafeteria during breakfast, Mitchell was seen sitting at the back with Kurt and two female members. Later, Mitchell was seen carrying tires at the Motor Pool at the background, before Miles and Hurley went to The Orchid, to deliver Alverez's body and lunch. On the next day, he walked in front of Jack, Kate and Faraday when they went to the Motor Pool for guns. He may have been killed along with other members of the DHARMA Initiative in the Purge, or he may have left the island sometime between 1977 and The Purge. Trivia Rudy, who portrayed Mitchell, also portrayed another DHARMA member who wore a grey jumpsuit. The member was presented at ""the vote"" to determine if Sayid should be executed, helped other members to put out the fire caused by young Ben , and presented during Horace's speech after the fire had been put out . Alt"
e5552fc03561,Emmanuel,Lost,Actor: Gregory Suenaga,"1992
He may have been killed along with other members of the DHARMA Initiative in the Purge, or he may have left the island sometime between 1973 and The Purge. Gregory Suenaga also claimed his character was never killed on camera, suggesting he did not film for the purge scene. However, Suenaga believed the assumption was that his character was killed along with other DHARMA members, as they couldn't bring him back for another role.","Emmanuel was a biologist of the DHARMA Initiative. He was working at the barracks assigning new recruits to the registration counter in 1973. On the Island 1973 Working as a DHARMA representative at the Processing Center, Emmanuel called Roger Linus up to receive his job assignment, and passed Roger off to Opal, who gave Roger his DHARMA jumpsuit with the tag ""Work Man"". He also smiled at Buzz when he walked past him. 1992 He may have been killed along with other members of the DHARMA Initiative in the Purge, or he may have left the island sometime between 1973 and The Purge. Trivia The character was credited as DHARMA Rep. 1, and his name Emmanuel was listed on his DHARMA jumpsuit. Although the exact name could not be identify from his jumpsuit in the episode, actor Gregory Suenaga has later provided some information about his character, including the revelation of his character's name. Gregory Suenaga also claimed his character was never killed on camera, suggesting he did not f"
581b034a1867,Ceasar,Lost,Actor: Paul Merino,,"Ceasar was a member of the DHARMA Initiative, who worked at the construction site of The Swan. Trivia Ceasar's jumpsuit was one of the item in Lost: The Auction. zh:Ceasar Category:DHARMA Initiative Staff"
757b183c6681,Jason (DHARMA Initiative),Lost,Actor: Jonathan Shirley,"He may have been killed along with other members of the DHARMA Initiative in the Purge, or he may have left the island sometime between 1977 and The Purge. Beside portraying Jason, actor Jonathan Shirley also played Wayne, another DHARMA member killed during The Purge in .","Jason was a security in the DHARMA Initiative. He was one of the crew member helping the new recruits in the Processing Center in 1977. On the Island 1977 When the new DHARMA members arrived the Island, Jason was seen helping them at the Barracks. He was later seen inside the Processing Center, guiding Erin and Anthony. He may have been killed along with other members of the DHARMA Initiative in the Purge, or he may have left the island sometime between 1977 and The Purge. Trivia In Lost: The Auction, Jason's DHARMA jumpsuits and his security hat were items of lot #815. The estimated price is $100 - $200, and it has been sold for $1,600. Although the security hat was listed as Jason's item, he was never shown wearing one during his appearance. Beside portraying Jason, actor Jonathan Shirley also played Wayne, another DHARMA member killed during The Purge in . Category:Season 5 characters Category:DHARMA Initiative Staff"
ea3715631a98,Stephen Williams (Character),Lost,Actor: Shawn Lathrop,He directed the death scene of Corvette from the season 4 finale.,"This article is about the fictional character. For the real-life person, see Stephen Williams. Stephen Williams was the director of the hit television series, Exposé. He directed the death scene of Corvette from the season 4 finale. After the shooting, he clapped his hand with Howard L. Zukerman and the other crews of Exposé, to farewell Nikki Fernandez, who portrayed Corvette. Trivia His character didn't have any speaking line, so he was uncredited. His name was seen on the slate board as Stephen Williams, and on his director's chair as Steven Williams. The character was named after the director of the episode ""Exposé"" in which he appeared, Stephen Williams Stephen Williams Stephen Williams Stephen Williams Category:Artists"
0b1527fbe1c6,Penny's mother,Lost,,,"Penny's mother (née Milton) was an unseen character who gave birth to Penelope, the daughter of Charles Widmore, some time before the mid-1970s at the latest. Charles left the Island regularly and carried on a relationship with Penny's mother during his tenure as Leader of the Others. This interaction with an ""outsider"" broke the rules that bound the group. Sometime in the 1990s, the Others discovered Charles's transgressions and banished him from the Island. Ben Linus replaced him as the Others' leader. In the flash sideways world, Penny's name was ""Penny Milton,"" while her half-brother Daniel Faraday's name was ""Daniel Widmore"". This suggests that ""Milton"" may have been her mother's maiden name, while Faraday's surname remained unchanged due to the continued marriage between Eloise and Charles. Category:Mothers"
9fe3e02e0cb1,Alice (DHARMA Initiative),Lost,Actor: Alice Carpenter,,"Alice was a DHARMA Initiative nurse who evacuated in 1977. On the Island 1977 Alice was checking up on a pregnant Amy in the infirmary, and she later left. A couple of days later, Alice walked past Pierre Chang, when he was going to the filming location to film the Arrow Orientation film. Alice was also seen in several Dharma background scenes, often with young children, presumably hers. When Pierre Chang organised the evacuation of all the DHARMA women and children from the Island, Alice was seen on the pier boarding the submarine with Sawyer and Juliet. Trivia The actress who portrayed Alice also portrayed other DHARMA members, including Renee and Fern. Although both Fern and Alice were portrayed by the same actress, their hair style had a little bit different. Alice's name was labeled on her jumpsuit, which seen in , but it's too far to identify. Thus, the actress had given some information about the name on her jumpsuit. Alice was named after the actress who portrayed her:"
af503eaf8c23,Robert (DHARMA Initiative),Lost,Actor: Kevin Craven,"He may have been killed along with other members of the DHARMA Initiative in the Purge, or he may have been evacuated off the island sometime between 1977 and The Purge.","Robert was a DHARMA Initiative crew, who was a new recruit in 1973. He may have been killed along with other members of the DHARMA Initiative in the Purge, or he may have been evacuated off the island sometime between 1977 and The Purge. On the Island 1973 After arrived on the island, Robert was welcomed by Casey, June and Mike, then he went to the Processing Center along with the other new recruits. Inside the center, Robert was standing in front of the television, and watching the Barracks video next to Earl. 1977 When the new recruits of 1977 arrived on the island, Robert was seen walking to the Processing Center. Later, he was seen sitting inside the Center, and helped the new recruits. Category:Season 3 characters Category:Season 5 characters Category:Ben's flashback characters Category:DHARMA Initiative Staff Category:Flashback Characters Category:Unknown Status Characters"
c02f1b6250de,Kurt,Lost,Actor: Chris Randolph,"Later, Kurt was present at ""the vote"" to determine if Sayid should be executed, and he was sitting next to Lowell and Rosie. He may have been killed along with other members of the DHARMA Initiative in the Purge, or he may have left the island sometime between 1977 and The Purge.","Kurt was a DHARMA Initiative medic. On the Island 1977 When Jack, Kate, and Hurley were discussing Sayid in the cafeteria during breakfast, Kurt was seen sitting at the back with Mitchell and two female members. Later, Kurt was present at ""the vote"" to determine if Sayid should be executed, and he was sitting next to Lowell and Rosie. He eventually voted in favor of the execution. That night a burning DHARMA van crashed into building 15, one of the houses at the Barracks. Kurt was standing with other DHARMA Initiative members at the house after it had been put out, and listened to Horace's speech. Days later, an accident happened under the construction site of The Orchid, which injured a drilling worker. Faraday saw Kurt helping the worker, and he was later seen carrying him out from the site with another medic. He may have been killed along with other members of the DHARMA Initiative in the Purge, or he may have left the island sometime between 1977 and The Purge. Trivia"
8444ce7daeba,Patient (The Beginning of the End),Lost,Actor: Thomas McCurdy,,"A patient at the Santa Rosa Mental Health Institute played Connect Four while Hurley met Matthew Abaddon in . The patient's actor, Thomas McCurdy, also played an Other in season 5. Marcus Marcus Category:Hurley's flashback characters Category:Unnamed characters Category:Episodic characters"
73ef9ad72b90,Traner,Lost,Actor: Curtis Bush,,Traner was a Sergeant Major in the U.S. Army. He worked with Sam Austen at the Army recruitment office. Category:Season 2 characters Category:Current or Former Military Category:Flashback Characters Category:Kate's flashback characters
17c824ea7a20,Motel maid,Lost,Actor: Jean Simon,,"The Motel maid was an employee of Corn Cob Motel in Iowa who had several items stolen from her by Kate while she was cleaning rooms. During her time as a fugitive, a blond-haired Kate ran to Iowa, where the Corn Cob Motel was located. While the motel maid was cleaning rooms, she entered one of the rooms and left her cleaning cart outside. Unknown to the maid, Kate approached the cart and stole some articles, including a white towel and two bottles of shampoo. Shortly thereafter, Kate entered a room that had just been vacated and put on the ""Do not disturb"" sign so she could wash the dye from her hair. Trivia Throughout the series, the actress also portrayed several characters, including: A dead passenger of Flight 815 whose shoes were taken by Kate after the crash. A nurse of St. Sebastian Hospital who was seen at the background when Adam Rutherford and Sarah Wagner were rushing to the hospital. A teacher at Washington Tustin High School where Ben, Arzt, and Locke worked in the f"
f4bd1d00ab40,Receptionist (Something Nice Back Home),Lost,Actor: Traci Toguchi,,The receptionist was an employee at St. Sebastian Hospital. She was seen when she told Jack that Dr. Stillman from the Santa Rosa Mental Institute called about a friend of his. Category:Season 4 characters Category:Flashforward Characters Category:Jack's flashforward characters Category:Unnamed characters Category:Episodic characters
e7bbed70a2b1,Lynn Johnson,Lost,Actor: Todd Coolidge,,"Lynn Johnson was the paramedic who brought to after she had been shot. He told they were going to take good care of her. Trivia He was credited as EMT No. 2 His name was seen on his nametag, which also described him as paramedic. Although Lynn is a given name mainly for female, it can also be a male name. Not to be confused with any of four other credited EMTs. Could be the same character as the paramedic from , though that character arrived at another hospital and wore another uniform. Both were played by the same actor. An 'emergency medical technician' (EMT) is a health care provider trained to provide pre-hospital emergency medical services. See also EMT (disambiguation) Medical personnel es:TEM Nº 2 (The Last Recruit) ru:Фельдшер скорой помощи №2 Category:Characters Category:Season 6 characters Category:Medical Personnel Category:Flash-sideways characters Category:Locke's flash-sideways characters Category:Episodic characters"
24554a06ff17,Bud (Other),Lost,Actor: Andre Derizans,,"Bud was one of the guards at the Temple, he surrendered and joined the Man in Black's recruits after the temple massacre. Trivia The name ""Bud"" was neither mentioned nor shown in the show, but according to the Facebook of the actor and the episode script, this is the name of the character. Category:The Others Category:Security Category:Season 6 characters Category:Background"
087c677efeba,Brian Costas,Lost,Actor: David Ely,"Brian did not know how, saying,  ""I can't intubate, you've got to,"" and Rutherford soon died. Brian's last line was: ""Time of death, 8:15 AM.""  

 Trivia 
Brian was credited as Intern, and his full name was seen on his staff badge. although the time of death indicated it should have been 8:15 AM.","Brian Costas was an intern worked in St. Sebastian Hospital and appeared in , as well as , and was shown working with Jack in the ER when Adam Rutherford and Sarah were brought in as patients from an automobile accident. As Jack tended first to stabilizing Sarah, he had to delegate responsibilities for the treatment of Mr. Rutherford. He told Brian to intubate him. Brian did not know how, saying, ""I can't intubate, you've got to,"" and Rutherford soon died. Brian's last line was: ""Time of death, 8:15 AM."" Trivia Brian was credited as Intern, and his full name was seen on his staff badge. Brian's name is a reference to the set decorator Brian Costa, who was also the assistant property master of the episode. Brian's watch read 11:14 A.M. although the time of death indicated it should have been 8:15 AM. es:Interno fr:Interne (Saint-Sébastien) ru:Практикант zh:Brian Costas Category:Season 2 characters Category:Flashback Characters Category:Jack's flashback characters Category:Boone "
57b0bfc7f324,Doyle,Lost,Actor: Nancy De Foster,,"Doyle was a LAPD officer worked with James and Miles in the flash sideways world. After Desmond confessed to his crime, Doyle escorted him to the jail. zh:Doyle Category:Flash-sideways characters Category:Desmond's flash-sideways characters Category:Sawyer's flash-sideways characters Category:Season 6 characters Category:Law enforcement"
361d47c3ddc2,Phippen,Lost,"Actor: Mark ""Ruz"" Rusden",,"Phippen was an airport cop approached by Shannon at Sydney Airport after Sayid had left his bag near her chair. Presumably, he took Sayid in for questioning. He was later seen releasing Sayid and apologizing for the inconvenience, to which Sayid sarcastically replied: ""I'm sure you are."" Trivia The character was credited as Airport cop, and his name was seen on his nametag. fr:Policier de l'aéroport ru:Полицейский в аэропорту Category:Season 1 characters Category:Flashback Characters Category:Jin and Sun's flashback characters Category:Boone and Shannon's flashback characters Category:Security Category:Australian characters"
fdcf6512d98f,Anthony (Namaste),Lost,Actor: Shane Curtis,"He may have been killed along with other members of the DHARMA Initiative in the Purge, or he may have left the island sometime between 1977 and The Purge.","Anthony was a fresh DHARMA Initiative recruit that arrived on the Island with other new recruits. Although his job title is not seen, the logo on his DHARMA jumpsuit is believed to represent the security branch of the initiative. He may have been killed along with other members of the DHARMA Initiative in the Purge, or he may have left the island sometime between 1977 and The Purge. Trivia There was another Anthony working for the DHARMA in 1977, but that Anthony was an architect, while this one was a security. In the Lost: On Location segment for , Anthony's actor was interviewed, and that he felt like his character was joining a cult. ar:أنطوني (مبادرة دارما) el:Anthony (Πρωτοβουλία Ντάρμα) es:Anthony (Iniciativa Dharma) zh:Anthony (迷失 第5季第9集) Category:Characters Category:Episodic characters Category:Season 5 characters Category:Unknown Status Characters Category:DHARMA Initiative Staff Category:Security"
d781221a7bd1,Earl (The Man Behind the Curtain),Lost,Actor: Lance Widner,"He may have been killed along with other members of the DHARMA Initiative in the Purge, or he may have been evacuated off the island sometime between 1977 and The Purge. Beside portraying Earl, actor Pascal Amar also played another DHARMA member who was killed during the purge.","Earl, also known as Man on bike, was a DHARMA Initiative ornithologist who appeared in the Barracks video. He also appeared in the barracks in the background several times. On the Island 1973 After arriving at the Processing Center, Roger Linus and young Ben were watching the barracks video with some of the new DHARMA recruits. In the video, Earl was seen riding a bike in the background when Dr. Chang was talking about the safety of the barracks. In the full version of the video, Earl was also seen standing in the Barracks with another DHARMA member, and the two were smiling at the camera. 1977 3 years later, Jack and Kate were watching the barracks video at the Processing Center, and the part where Earl was seen riding a bike in the background was shown again. Earl was seen running around the barracks after a burning DHARMA van crashed into one of the cabin and caused a fire. After the fire has been put out, Earl was seen placing a burned furniture removed from the burned ca"
1e0f1f0638e7,Anthony (He's Our You),Lost,Actor: Liam Avery,"He may have been killed along with other members of the DHARMA Initiative in the Purge, or he may have left the island sometime between 1977 and The Purge. He was also present at ""the vote"" to determine if Sayid should be executed.","Anthony was a DHARMA Initiative architect. He may have been killed along with other members of the DHARMA Initiative in the Purge, or he may have left the island sometime between 1977 and The Purge. On the Island 1977 Anthony was seen at the cafeteria having his breakfast one morning. He was also present at ""the vote"" to determine if Sayid should be executed. Later that night a burning DHARMA van crashed into building 15, one of the houses at the Barracks, and Anthony was seen pulling out a fire hose to put out a fire with Juliet and Clive. Later, he was seen listening to Horace's speech. He was later seen walking past Jack and Sayid in the Barracks right before the shootout began. Trivia There was another Anthony working for the DHARMA in 1977, but that Anthony was a security, while this one was an architect. Since only ""Anth"" was shown on Anthony's jumpsuit in , there's not enough evidence to support the name Anthony. However, his name and job title were both finally confirme"
b1950f8d3cf6,Renee,Lost,Actor: Alice Forsyth,,"Renee was a DHARMA Initiative worker seen in 1973. On the Island 1973 Renee was seen in the Processing Center, helping the new DHARMA recruits of 1973. She was seen walking around in the background, behind young Ben and Annie. Trivia The actress who portrayed Renee, Alice Forsyth, also portrayed other DHARMA members, including Alice and Fern. Renee's name was labeled on her jumpsuit, which was seen in , but it's too far and blurry to identify. Fortunately, the jumpsuit was auctioned online years later, and the details were revealed. Category:Season 3 characters Category:Flashback Characters Category:Ben's flashback characters Category:Episodic characters Category:DHARMA Initiative Staff"
77389d31afbe,Mike (Because You Left),Lost,,"He may have been killed along with other members of the DHARMA Initiative in the Purge, or he may have left the island sometime between 1977 and The Purge.","Mike was a DHARMA Initiative crew. He may have been killed along with other members of the DHARMA Initiative in the Purge, or he may have left the island sometime between 1977 and The Purge. On the Island 1977 Mike was working on the set of the Arrow orientation film along with Dr. Pierre Chang, Jay, Kyker, Bracken, Fern, Aaron, and the other crews. Mike was the boom operator, he helped the filming of the video until Eric came, and interrupted them. Trivia Although Mike was seen in , it is impossible to determine his name from his jumpsuit. However, his identity was revealed after the release of the Season 5 DVD, as a shot of him from another filming angle was seen on Making up for LOST Time, revealing his name and his job title in DHARMA: crew. The extra played Mike in Because You Left, has been seen playing another DHARMA member since that episode. Mike's jumpsuit was worn by Jay in . Category:Season 5 characters Category:DHARMA Initiative Staff Category:Unknown Status Chara"
941073d6b144,Other (Follow the Leader),Lost,Actor: Patrick Miller,"In 1977, after Daniel Faraday was killed by his mother Eloise Hawking, this unnamed Other was seen riding a horse and coming back to the camp along with his leader Charles Widmore.","In 1977, after Daniel Faraday was killed by his mother Eloise Hawking, this unnamed Other was seen riding a horse and coming back to the camp along with his leader Charles Widmore. They found Jack and Kate peeking at their camp, so they attacked and captured them. Widmore hit Jack with his rifle, while this other pointed his rifle at Kate and asked her to stop moving. Trivia Although the character had a few speaking lines, he wasn't credited in the episode. Instead, he was credited in a promotional photo solely featuring him. The situation is similar to Radzinsky's gunmen and Nadine's, who were also credited in promotional photos only, but it is unknown why he wasn't credited in the episode consider he actually had lines, while the gunmen and Nadine have none. Category:The Others Category:Season 5 characters Category:Unnamed characters Category:Episodic characters"
5b6b050e0f5b,Sawyer's Sparring Partner,Lost,Actor: Lobo Sebastian,,"Sawyer's Sparring Partner, also known as Prisoner #805 was one of Sawyer's fellow inmates in . As Sawyer's inmate After a boxing match with Sawyer, he and Sawyer witnessed Munson being beaten up by another inmate. He then explains to Sawyer that Munson has allegedly stolen 10 million dollars and that Warden Harris' interest in the cash is the only reason he's still alive. Trivia He was uncredited in the episode. Category:Season 3 characters Category:Flashback Characters Category:Sawyer's flashback characters Category:Unnamed characters Category:Criminals Category:Episodic characters"
f16ac6a37d99,Receptionist (The Substitute),Lost,,,A receptionist answered the phone when rang the St. Sebastian Hospital office number on Doctor business card given to him when they were at . Transcript Category:Unseen Characters Category:Flash-sideways characters Category:Jack's flash-sideways characters Category:Locke's flash-sideways characters Category:Season 6 characters Category:Characters portrayed by unknown actors Category:Episodic characters Category:Unnamed characters
3071a8d827fe,Matthews,Lost,Actor: Rafael Webb,,"Matthews is one of the police officer chasing Hurley in . He later pointed his gun at him while Randy Nations was filming at the back. Matthews's role was a non-speaking part, therefore, he wasn't credited. Trivia Although being an uncredited character, his surname Matthews was seen on the nametag. 3 other police officers chasing Hurley have clear speaking lines, but oddly none of them were credited in the episode. Category:Characters Category:Season 4 characters Category:Flashforward Characters Category:Hurley's flashforward characters Category:Law enforcement"
b19763724fa3,Police officer (Numbers),Lost,Actor: Alex Daniels,,"This police officer showed up at Hurley's new house when it was on fire. He then arrested him along with another officer, as they believed he was a drug dealer. Trivia He has clear speaking lines, but oddly he wasn't credited in the episode. Although being an unnamed character, the police officer is in fact named, as his name is shown on his nametag. However, his name is unidentifiable in the episode. Therefore, he is considered as an ""unnamed character"". Beside portraying the police officer, stunt actor Alex Daniels also played the role of the security guard at the bank where Kate robbed in . Category:Characters Category:Season 1 characters Category:Flashback Characters Category:Hurley's flashback characters Category:Unnamed characters Category:Law enforcement"
1992fe97471c,Lewis Doty (316),Lost,,,"Lewis Doty was an Ajira Airways ticket agent working at Los Angeles International Airport. Before boarding flight 316, Salinger was seen at Lewis' counter, and bought the ticket from him. Trivia Lewis Doty is named after one of the prop crew of the show. The name Lewis Doty is also used as a guest on the guest list of the benefit concert. Although Lewis was wearing a staff badge, it wasn't shown in the episode. A year later in Lost: The Auction, the staff badge prop has become one of the items of lot #1071, and images of the props revealed the name of this character. Category:Characters Category:Episodic characters Category:Season 5 characters Category:Off-Island Real Time Characters Category:Ajira Airways Staff"
2fba66e98fbf,Justin Hammer,Marvel Cinematic Universe,species: Human | gender: Male | actor: Sam Rockwell | status: In Custody,"Prison Break
|Hammer introduces himself to Ivan Vanko

Hammer had Ivan Vanko freed from prison and his death to be faked before he took him to his personal secret storage facility where they could talk in private. While Hammer was taken into custody, his Hammer Drones were destroyed and Vanko was killed during his final battle against Iron Man and War Machine. This plan included sending a man into Vanko's cell and then having Vanko blow it up to make others believe he had died in the explosion.","Justin Hammer is a military contractor and the former CEO of Hammer Industries, who had formed an intense business rivalry with Stark Industries. Seeking to improve his position and attack Tony Stark, Hammer had worked alongside Stern and attempted to damage the public's view of Stark; however, this all backfired, and Hammer's public image was highly damaged. Furious at Stark for this failure, Hammer then recruited Ivan Vanko, the convicted terrorist, to attempt to replicate Stark's Arc Reactor technology, but this backfired as well when Vanko betrayed Hammer, leading to Hammer’s incarceration inside Seagate Penitentiary for his involvement in Vanko's actions. Biography Challenging Iron Man Aerodynamic Marvel |Hammer works with Thaddeus Ross In an attempt to discredit Tony Stark's Iron Man, Thaddeus Ross soon hired Justin Hammer to develop a single pilot close-quarter combat vehicle with full protection and attack capabilities. Soon, both Hammer and Ross presented the vehicle to Ster"
2fde62eeb564,Red Hulk,Marvel Cinematic Universe,species: Human | gender: Male | DOD: May 2018 (resurrected in October 2023) | actor: William HurtHarrison Ford | status: In Custody,"His impending death also made him begin to reflect on his life, including his strained relationship with his daughter Betty, his treatment of superheroes, and whether or not he could become a better person. Thaddeus lost his wife when she died on July 21, 1993, causing further division between him and his twenty year old daughter. |Ross furiously confronting Bruce Banner 
Thaddeus was left with a badly broken arm following the incident, as well as a deep hatred of Banner, whom he blamed for the entire incident which had almost killed his daughter.","Thaddeus E. ""Thunderbolt"" Ross is a former President of the United States, a former Lieutenant General in the United States Army, and a former Secretary of State under President Matthew Ellis' administration. During his career, he was put in charge of Project Gamma Pulse, with Ross' goal being to recreate the Super Soldier Serum. However, the experiment led to an accident which then transformed the scientist Bruce Banner into Hulk. Following a long chase, Banner got recaptured, only for Emil Blonsky to use all their experiments to transform into the Abomination. In the face of these odds, Ross was forced to accept Hulk as an ally, allowing him to escape after the fight in New York City, while Ross had been left humiliated. Afterwards, Ross had Samuel Sterns take the fall for the incident, imprisoned him at Camp Echo One, and exposed him to gamma radiation in order to further heighten his intelligence and subsequently forced him to work on new ideas. Ross would leave the military and p"
5c50797889ee,Leader,Marvel Cinematic Universe,species: Human | gender: Male | actor: Tim Blake Nelson | status: In Custody,"Engineering an Antidote
|Sterns discusses their last experiment

After witnessing Bruce Banner transform into Hulk during their test and successfully reverting him back with their finalized suppressant, Sterns simply could not hold back his excitement, insisting that it was the most incredible thing that he had ever witnessed, as he discussed how Banner had been able to survive the gamma radiation when he was first exposed to it, noting that it should have killed him. He shot and killed both the admiral and his wife so that he could take over their home for the final step of his plan, ensuring that he could monitor the situation unfolding from a safe distance. Realizing this meant that Sterns had killed Dunphy, Captain America departed for Ross' press conference to stop what Sterns had don","Doctor Samuel Sterns is a cellular biologist and a former Grayburn College professor, who worked with Bruce Banner to find a cure for Banner's Hulk transformations. Sterns had managed to engineer an antidote for Banner's condition, but he was also forced to administer Banner's blood into Emil Blonsky, transforming him into Abomination. When one drop of Banner's blood fell into an open wound on Sterns' head, his brain then suffered a rapid mutation, greatly increasing his mental abilities. However, S.H.I.E.L.D. put Sterns into custody. Sterns was blamed for Abomination's creation and the Duel of Harlem by General Thaddeus Ross, who imprisoned Sterns at Camp Echo One. There, Ross exposed Sterns to more gamma radiation to amplify his intellectual capacities and forced Sterns to create technology for the government, as well as heart pills for the ailing general. Sterns was eventually offered his release and a pardon by Ross if he helped him become President of the United States, which he"
675d9069204b,Stern,Marvel Cinematic Universe,species: Human | gender: Male | actor: Garry Shandling | status: In Custody,Stern was later exposed and arrested by the FBI after Black Widow released Hydra's files to the public in the aftermath of the Battle at the Triskelion and Alexander Pierce's death.,"Stern is a former United States senator from Pennsylvania and a covert member of Hydra. Using his position, Stern tried to convince the American people that Tony Stark was actually a threat to their safety and he should hand over his Iron Man armor in the wake of the attack of Whiplash, intending to turn it over to Hydra for use in their plans. Stern even tried backing Justin Hammer to replace Stark's work, but this soon failed. Following this, Stern continued his work with Hydra, building a relationship with Jasper Sitwell, who was working for the group from within S.H.I.E.L.D. However, when Hydra was exposed by Captain America, Stern was soon arrested by the FBI, who had discovered his work with the terrorist organization. Biography Hydra Senator Working with Thaddeus Ross Six months after Tony Stark became the Iron Man, Stern had a meeting with Colonel James Rhodes of the United States Air Force, in which they discussed Stark's unpredictable behavior. Stern was frustrated over Iro"
6b8ed83890f0,Whitney Frost,Marvel Cinematic Universe,species: Human | gender: Female | actor: Wynn EverettIvy George (young)Olivia Welch (teenager) | status: In Custody,"Carter revealed that she wished to speak to Frost about the explosion at Isodyne Energy Headquarters, although Frost claimed that Wilkes' death was a tragedy and noted that he was a communist. |Frost accidentally kills and absorbs Kenneth Z. After hours of experiments, Frost had killed all the rats and studied her now large scar.","Agnes Cully, better known by her stage name Whitney Frost, is secretly a scientist but publicly an actress living in Los Angeles who used the influence of her husband Calvin Chadwick to experiment with Zero Matter. During her experiments, an accident caused Frost to become infected by the Zero Matter, granting her the ability to absorb others into her skin. Using her incredible intelligence, Frost began experimenting with her new talents while fighting off the investigation of SSR agent Peggy Carter and using her powers to take control of the Council of Nine. However, her quest for Zero Matter clouded her judgment and eventually the SSR was able to trick her and steal the Zero Matter from her, leaving Frost mentally broken and confined to an asylum. Biography Early Life Abusive Mother |Cully grows up in Oklahoma in 1920 As a child, Agnes Cully lived in Broxton, Oklahoma, the daughter of Richard and Wilma Cully. While growing up, Cully developed a keen interest in science and would o"
22a7616d4061,Gil Rodriguez,Marvel Cinematic Universe,species: Human | gender: Male | actor: Miguel Ferrer | status: In Custody,,"Gil Rodriguez is the former Vice President of the United States under the administration of President Matthew Ellis. By 2013, Rodriguez was associated with A.I.M., and utilized his power for corruption, helping aid the cover-ups for the Mandarin terrorist attacks. He was impeached and arrested after his crimes were revealed. Biography Aldrich Killian's False Flag Attacks |Rodriguez with his daughter During his tenure as Vice President of the United States, Gil Rodriguez had become associated with Advanced Idea Mechanics, primarily to promote the rebranding of Colonel James Rhodes as the Iron Patriot. Secretly, while wanting to give his daughter a new leg, Rodriguez fell into allegiance with Aldrich Killian's Extremis operations, and knowingly allowed terrorist attacks perpetrated by the ""Mandarin"" on American soil. He did anything he could to help A.I.M., including giving them the location of Matthew Ellis at all times. Tony Stark and Rhodes tried to tell Rodriguez information about "
42c42846f0a6,Ferdinand Lopez,Marvel Cinematic Universe,species: Human | gender: Male | actor: Adetokumboh M'Cormack | status: In Custody,,"Ferdinand Lopez is a mercenary and pirate who worked alongside Georges Batroc. Biography Mercenary Work Hijacking of the Lemurian Star Ferdinand Lopez worked with Georges Batroc when he captured the S.H.I.E.L.D. ship Lemurian Star and held its crew and passengers, including Jasper Sitwell, hostage. When a rescue team, including STRIKE, Captain America, and Black Widow, retook the ship, Lopez and the others were arrested. Abilities Expert Martial Artist: Lopez is a kickboxer and martial artist, having years of experience as a mercenary. He is powerful enough to work together with Georges Batroc in capturing the Lemurian Star. Relationships Allies Georges Batroc † - Leader Gerald Durand Enemies S.H.I.E.L.D. Steve Rogers/Captain America Natasha Romanoff/Black Widow † Jasper Sitwell † - Hostage STRIKE Brock Rumlow † Jack Rollins Trivia In the comics, Ferdinand Lopez, also known as Machete, was a member of Georges Batroc's Brigade. Gallery References External Links Category:Chara"
042673c278da,Camilla Reyes,Marvel Cinematic Universe,species: Human | gender: Female | actor: Leonor Varela | status: In Custody,,"Camilla Reyes is a Comandante of the Policia Militar del Perú, the special unit of the . Biography Meeting Phil Coulson Camilla Reyes joined the and eventually became an officer of the Policia Militar del Perú. In 2002, she worked alongside and befriended Phil Coulson, a high-ranking agent of S.H.I.E.L.D. stationed in Cusco, Peru, with 100 men at his disposal. The Peruvian 0-8-4 |Comandante Camilla Reyes Reyes ran into Phil Coulson again years later while working to secure an object of unknown origin that was discovered in Llactapata, Peru. Despite an initial skirmish, Reyes and Coulson were able to discuss the situation with the object concerning the Peruvian government's interests and the local rebels, while also fondly catching up on each other's recent lives. When a group of rebels attacked the archaeological site, both Coulson's Team and Reyes' soldiers were able to escape to the Bus, which began a route for a nearby S.H.I.E.L.D. base. Hijacking and Retaking of the Bus |Re"
8093601bcafb,Petra Larsen,Marvel Cinematic Universe,species: Human | gender: Female | actor: Erin Way | status: In Custody,,"Petra Larsen is a leading member of a Norse Paganist hate group based in Norway. Biography |Larsen and Jakob Nystrom Larsen and her boyfriend Jakob Nystrom discovered an ancient manuscript detailing the hidden locations of the ancient Berserker Staff. The pair believed that finding the staff was the key to ascending to Godhood. After locating the first piece in the Trillemarka National Park in Norway, Larsen touched the staff fragment with her bare hands; she screamed as the rage inside her built up. When a park custodian approached her, Larsen hit him in his chest and sent him flying backward. Larsen, Nystrom and their followers then started hate-fueled riots in Oslo, Norway proclaiming ""We Are Gods."" Larsen, Nystrom, and their followers gained possession of the second piece of the staff after taking it from Professor Elliot Randolph in Seville, Spain. Randolph was secretly the ancient Asgardian ""Warrior Who Stayed"" who hid the staff in the first place and he sought to find the pie"
71f72a1819b9,Jakob Nystrom,Marvel Cinematic Universe,species: Human | gender: Male | actor: Michael Graziadei | status: In Custody,,"Jakob Nystrom is the leader of a Norse Paganist hate group based in Norway. Nystrom and his girlfriend Petra Larsen fell into conflict with S.H.I.E.L.D. and Elliot Randolph when they attempted to harness the power of the Berserker Staff and cause chaos. Biography Finding the Berserker Staff |Nystrom and Petra Larsen Nystrom and his girlfriend Petra Larsen discovered an ancient manuscript detailing the hidden locations of the ancient Berserker Staff. The pair believed that finding the staff was the key to ascending to Godhood. Nystrom and Larsen located the first piece in the Trillemarka National Park, and then, under the influence of the staff's rage, lead their followers in hate-fueled riots across Oslo, proclaiming themselves as gods. Nystrom and his followers gained possession of the second piece of the staff after taking it from Professor Elliot Randolph in Seville, Spain, who was secretly the ancient Asgardian warrior who hid the staff in the first place. The Paganists then t"
2fe75f4d0a58,Vilca,Marvel Cinematic Universe,species: Human | gender: Male | actor: Celestin Cornielle | status: In Custody,,"Vilca was one of the members of the Peruvian Armed Forces who was allowed access onto The Bus after Coulson's Team escaped from a Peruvian jungle with a weapon of unknown origin. Vilca took part in commandeering the Bus from Coulson's team. Biography On a mission to retrieve a Peruvian artifact with his team, they encountered a S.H.I.E.L.D. team. After a brief scuffle, his leader, Camilla Reyes revealed that she knew the S.H.I.E.L.D. team leader, Phil Coulson. Suddenly, they were attacked by rebels and everyone ran onto the Bus. |Vilca subdued by Melinda May Reyes turned on Coulson in order to get the artifact, so Vilca helped overtake Coulson's Team. Vilca asked Coulson where the drinks were. Vilca took Leo Fitz and Jemma Simmons hostage, forcing the surrender of the rest of the team. Vilca was guarding the team when Melinda May broke out of her restraints and subdued him. Equipment Vehicles Bus: Vilca escaped with everyone else by resorting to the Bus. He and his team then turned o"
0e9d88610979,Fletcher Heggs,Marvel Cinematic Universe,species: Human | gender: Male | actor: Allen Maldonado | status: In Custody,,"Fletcher Heggs is an inmate of Seagate Prison and a fan of Trevor Slattery. Biography Seagate Inmate Meeting the Mandarin Fletcher Heggs was a member of one of the prison gangs at Seagate Prison. When Trevor Slattery was threatened by White Power Dave, Heggs and his cohorts came to Slattery's defense, calling them his fan base. When Dave left Slattery alone, Heggs asked Slattery to do his impersonation of the Mandarin, and while Slattery refused at first, he was convinced to do it. Heggs was thrilled by the performance and thanked Slattery for doing it. Facilities Seagate Penitentiary: Heggs was sent to Seagate Penitentiary and became one of the members of a prison gang. After Heggs defended Trevor Slattery from a physical confrontation, he admitted to him of how much of a fan he was of Slattery's work. Relationships Allies Trevor Slattery - Former Fellow Inmate and Idol Herman † - Former Fellow Inmate and Friend Justin Hammer - Fellow Inmate Enemies White Power Dave - Fellow Inma"
69d32f9b1f70,White Power Dave,Marvel Cinematic Universe,species: Human | gender: Male | actor: Matt Gerald | status: In Custody,,"Dave, also known as White Power Dave, is an inmate of Seagate Penitentiary. Biography Seagate Inmate Threatening Trevor Slattery Dave is a white supremacist who was imprisoned at Seagate Prison sometime before the arrival of Trevor Slattery. One day during lunch, Slattery accidentally spilled his lunch tray on him. Dave began threatening and insulting him, but did not take physical measures as Herman and a group of prisoners led by Fletcher Heggs was ready to defend their idol. Facilities Prisons Seagate Penitentiary: Dave was sent to the penitentiary for his crimes, where he stayed as an inmate in 2013. Relationships Enemies Trevor Slattery - Former Fellow Inmate Fletcher Heggs - Fellow Inmate Herman † - Former Fellow Inmate Gallery References Category:Characters Category:Marvel One-Shot: All Hail the King Characters Category:Humans Category:Males Category:Bald Hair Category:Brown Eyes Category:Criminals Category:Seagate Penitentiary Inmates"
d5d16a447d85,Shades,Marvel Cinematic Universe,species: Human | gender: Male | actor: Theo Rossi | status: In Custody,"Once released from Seagate, Shades was recruited by Diamondback and was sent to Harlem to watch over the criminal operations of Cottonmouth, which put him back into conflict with Luke Cage, another former prisoner at Seagate, while also witnessing the rise of Mariah Dillard, in the wake of Cottonmouth's death. However, when she was murdered by Tilda Johnson, Shades was arrested when their deal fell apart with Dillard's death, and Shades was sent back to prison. Betraying Carl Lucas
|Shades and Comanche corner Carl Lucas

When it was discovered that Carl Lucas was attempting to expose the illegal prison fights, Shades and Comanche had been ordered to attack Squabbles in order to learn more about Lucas' plans to bring down the fight ring, resulting in Squabbles' death.","Hernán Enrique Salazar Álvarez, also known as Shades, is a criminal and member of the Rivals. As an inmate at Seagate Penitentiary, he worked for Albert Rackham, organizing illegal prison fights. Once released from Seagate, Shades was recruited by Diamondback and was sent to Harlem to watch over the criminal operations of Cottonmouth, which put him back into conflict with Luke Cage, another former prisoner at Seagate, while also witnessing the rise of Mariah Dillard, in the wake of Cottonmouth's death. When Diamondback arrived in Harlem to kill Cage, Shades stayed by his side, although his constant questioning of his employer eventually made him his target, forcing him to side with Dillard and betray Diamondback in order to save his own life. Shades remained with Dillard as she ruled over her family's criminal empire from within Harlem's Paradise, with their intention to go straight and retire together. However, their attempts to sell the empire were then derailed by the arrival of Bu"
2d0855932c8c,Luis Allegre,Marvel Cinematic Universe,species: Human | gender: Male | status: In Custody,"Facilities

Seagate Penitentiary: To be added

Relationships
Allies
Trevor Slattery - Idol and Fellow Prisoner

Trivia
In the comics, Luis Allegre was a member of the same Maggia family that murdered Frank Castle's family.","Allegre is an inmate of Seagate Penitentiary and a fan of Trevor Slattery. Biography Allegre was a criminal and fellow prisoner of Trevor Slattery, becoming one of his many fans inside Seagate Prison. As Slattery walked down the hallway where his cell was located, Allegre claimed Slattery's name. Facilities Seagate Penitentiary: To be added Relationships Allies Trevor Slattery - Idol and Fellow Prisoner Trivia In the comics, Luis Allegre was a member of the same Maggia family that murdered Frank Castle's family. References External Links Category:Characters Category:Marvel One-Shot: All Hail the King Characters Category:Humans Category:Males Category:Criminals Category:Seagate Penitentiary Inmates Category:Unknown Actor"
2dec860df57e,Ador,Marvel Cinematic Universe,species: Human | gender: Male | actor: Steve De Castro | status: In Custody,,"Ador is a member of the Norse Paganists. Biography Jakob Nystrom and Petra Larsen recruited Ador and Rollo into the Paganists. He and Rollo then touched the partially completed Berserker Staff to gain its power. At their hideout, Ador assisted Nystrom in researching the location of the final piece of the staff. They discovered its location and traveled to Ireland, where Ador was subdued by Grant Ward with the staff and taken into custody for his crimes. Relationships Allies Norse Paganists Jakob Nystrom Petra Larsen Olaf Lars Rollo Enemies Elliot Randolph S.H.I.E.L.D. Coulson's Team Grant Ward † References Category:Characters Category:Agents of S.H.I.E.L.D. Characters Category:Humans Category:Males Category:Brown Hair Category:Brown Eyes Category:Norse Paganists Members"
46a528bce0ca,Rollo,Marvel Cinematic Universe,species: Human | gender: Male | actor: Dennis Keiffer | status: In Custody,,"Rollo is a member of the Norse Paganists. Biography Jakob Nystrom and Petra Larsen discovered a piece of the Berserker Staff in a forest. They recruited Ador and Rollo into their group, the Norse Paganists. He and Ador then touched the staff to gain its power. At their hideout, he assisted Nystrom in researching the location of the final piece. They discovered its location and traveled to Ireland. He was subdued by Grant Ward with the staff, then taken into custody. Relationships Allies Norse Paganists Jakob Nystrom Petra Larsen Olaf Ador Lars Enemies Elliot Randolph S.H.I.E.L.D. Grant Ward † References Category:Characters Category:Agents of S.H.I.E.L.D. Characters Category:Humans Category:Males Category:Black Hair Category:Bald Hair Category:Blue Eyes Category:Norse Paganists Members"
d0d7893ac55f,Lars,Marvel Cinematic Universe,species: Human | gender: Male | actor: Jessen Noviello | status: In Custody,,"Lars is a member of the Norse Paganists. Biography Staff Chase Lars, Jakob Nystrom, Petra Larsen, and Olaf traveled to Seville, Spain to acquire the second piece of the Berserker Staff. On the way to the tomb the group believed the piece was located, they passed Elliot Randolph and noticed he was in possession of the staff fragment. The group followed Randolph into a parking lot, flipped his car, and stole the piece. Back at their hideout, he assisted Nostrum in researching the location of the final piece. They discovered its location and traveled to Ireland. Lars was subdued by Grant Ward with the staff, and imprisoned for his crimes. Relationships Allies Norse Paganists Jakob Nystrom Petra Larsen Olaf Ador Rollo Enemies Elliot Randolph S.H.I.E.L.D. Coulson's Team Grant Ward † Gallery References Category:Characters Category:Agents of S.H.I.E.L.D. Characters Category:Humans Category:Males Category:Brown Hair Category:Blue Eyes Category:Norse Paganists Members"
91c7e03324f3,Olaf,Marvel Cinematic Universe,species: Human | gender: Male | actor: Brian Orosco | status: In Custody,,"Olaf is a member of the Norse Paganists. Biography After Jakob Nystrom and Petra Larsen discovered a piece of the Berserker Staff in Trillemarka National Park in Norway, he and Lars traveled to Seville, Spain to acquire the second piece. On the way to the tomb, they passed Elliot Randolph and noticed he was in possession of the staff and flipped his car and stole the piece. Back at their hideout, he assisted Jakob in researching the location of the final piece. They discovered its location and traveled to Ireland. He was subdued by Grant Ward with the staff, then taken into custody with the surviving Paganists. Relationships Allies Norse Paganists Jakob Nystrom Petra Larsen Lars Ador Rollo Enemies Elliot Randolph S.H.I.E.L.D. Grant Ward † Gallery References Category:Characters Category:Agents of S.H.I.E.L.D. Characters Category:Humans Category:Males Category:Blond Hair Category:Brown Eyes Category:Norse Paganists Members"
8c14939563a7,Infinity,Marvel Cinematic Universe,species: Cosmic Entity | gender: Female | status: Existing,"Biography
Infinity came into existence at the dawn of time along with Eternity, Death, and Entropy. The walls of the Temple Vault on Morag displayed Entropy, Infinity, Death and Eternity surrounding the Infinity Stones. At the Gates of Eternity, Infinity has a statue alongside statues of Eternity, the Living Tribunal, Death, Watcher, Eon, and the One Above All.","Infinity is a cosmic entity, the spatial embodiment of the universe, and the sister of Eternity. Biography Infinity came into existence at the dawn of time along with Eternity, Death, and Entropy. The walls of the Temple Vault on Morag displayed Entropy, Infinity, Death and Eternity surrounding the Infinity Stones. At the Gates of Eternity, Infinity has a statue alongside statues of Eternity, the Living Tribunal, Death, Watcher, Eon, and the One Above All. Relationships Family Eternity - Brother Death - Sister Entropy - Nephew Eon - Nephew Nicholas Scratch † - Nephew Trivia In the comics, Infinity and Eternity are the personification of the universe itself. Infinity embodies the spatial aspect while Eternity embodies the temporal aspect, but they are two sides of the same coin. Each reality has its own Infinity and they all make up a larger Infinity which embodies the entire multiverse. Gallery References External Links Category:Characters Category:Mentioned Only Characters Ca"
5b613408daa1,Hydra Officer,Marvel Cinematic Universe,species: Human | gender: Male | actor: Ben Turner Dixon | status: In Custody,,"The Hydra Officer was a Lieutenant of Hydra during World War II who worked under Werner Reinhardt until Hydra's defeat. Biography World War II Serving General Reinhardt |Officer giving an update to Werner Reinhardt The Hydra Officer was in charge of the evacuation of a Hydra Research Facility in Austria, 1945 after the disappearance of the Red Skull. Hydra General Werner Reinhardt instructed him to have the men hurry because time was running out before the Strategic Scientific Reserve would discover their base. Reinhardt also explained to the officer that he would personally take the Obelisk, one of the alien artifacts stored there. The Officer was arrested, along with Reinhardt, when the facility was raided by a Strategic Scientific Reserve team led by Peggy Carter that included Dum Dum Dugan and Jim Morita. Equipment Weapons : The Officer was armed with the standard pistol used by members of the armed forces of Nazi Germany. Other Equipment Uniform: During World War II, the Off"
222bc8c03a61,Centipede Soldier 2,Marvel Cinematic Universe,species: Human (Cyborg) | gender: Male | actor: Matt Mullins | status: In Custody,,"The Centipede Soldier #2 is an agent of the Centipede Project, who served as one of their Centipede-enhanced Super Soldiers through the use of the Centipede Serum. Biography This Centipede Serum infused soldier was a former soldier of the United States Armed Forces. He was recruited into the Centipede Project, a branch of Hydra, founded by the Clairvoyant. The soldier became equipped with multiple Centipede devices, as well as a Backscatter X-Ray Eye Implant. He was one member of a group of Centipede soldiers who broke Edison Po from the Havenworth Federal Penitentiary. The Soldier also participated in an ambush on Coulson's Team in Oakland, California, where he fought hand-to-hand with agents Grant Ward and Melinda May. He was soon ordered by Raina to retreat. After the ambush, he accompanied Raina to the foul exchange of Mike Peterson's son for Phil Coulson. After taking custody of Agent Coulson, he stood guard as Po tried to torture information out of Coulson. He assumed the same"
769d4db4c9f9,Centipede Soldier 3,Marvel Cinematic Universe,species: Human (Cyborg) | gender: Male | actor: Adam Lytle | status: In Custody,,"The Centipede Soldier #3 is an agent of the Centipede Project, who served as one of their Centipede-enhanced Super Soldiers through the use of the Centipede Serum. Biography As a former soldier of the United States Armed Forces he was recruited into the Centipede Project, a branch of Hydra founded by the Clairvoyant, an alias used by John Garrett. As part of this project he was equipped with multiple Centipede Devices and a Backscatter X-Ray Eye Implant. One of his first tasks as part of the Centipede Project was participating in the prison break of Edison Po from the Havenworth Federal Penitentiary. Together with some other Centipede Soldiers he laid in an ambush for the S.H.I.E.L.D. team led by Phil Coulson in Oakland, California. During the ambush he fought hand to hand with agents Grant Ward and Melinda May until ordered to retreat by Raina. During the hostage exchange of Ace Peterson for Phil Coulson he accompanied Raina. He escorted Coulson to the Centipede base in the Mojav"
b26262ca68b7,Marcus Scarlotti,Marvel Cinematic Universe,species: Human | gender: Male | actor: Falk Hentschel | status: In Custody,"agents, they stormed into the meeting and killed many of the attendees with Splinter Bombs, including Adamo Dioli, causing the rest of the guests to run in terror, while Dioli screamed in terror while his body was reduced to dust in a matter of seconds. With Walters defenseless, Beckers calmly invited Scarlotti to do what he did best, as Scarlotti took out his Rope Dart Knife and prepared to torture Walters to death, as he held the blade to Walters' throat. However, Scarlotti insisted that Hunter tell him exactly what he was doing there before they killed him.","Marcus Scarlotti is an assassin who was hired by Hydra to pose as a S.H.I.E.L.D. agent in order to frame the organization as Scarlotti's teams attacked the United Nations before they arranged an ambush in a Safe House. Scarlotti was eventually discovered by S.H.I.E.L.D. and, having also been defeated by Melinda May, he was given over to Glenn Talbot's custody. Biography Mercenary for Hire Attacking Hawkeye Marcus Scarlotti led an assassination attempt against Clint Barton, while he was still a S.H.I.E.L.D. agent. Although the assassination attempt was unsuccessful, Scarlotti became well-known simply for coming closer than most to killing the legendary S.H.I.E.L.D. agent. Attack on the United Nations |Scarlotti's team attacks the United Nations As a mercenary, Scarlotti had been hired by Daniel Whitehall to lead his crew of mercenaries and attack a meeting that was being held at the United Nations Headquarters, where Glenn Talbot was speaking out against the continued activities of "
9410d28b3d92,Julien Beckers,Marvel Cinematic Universe,species: Human | gender: Male | actor: Michael Enright | status: In Custody,,"Julien Beckers is a former Minister of Belgian Foreign Affairs and a clandestine member of Hydra. Biography Hydra Affiliation Julien Beckers had a grandfather, Vincent Beckers, who worked as a scientist for Johann Schmidt. The Beckers family has been loyal to Hydra ever since. Television Debate |Beckers debates with Christian Ward Beckers debated with Senator Christian Ward on his proposal to create a task force that would apprehend all S.H.I.E.L.D. agents in the United States as terrorists. Beckers said that Ward's proposal violated civil liberties. Ward told him that S.H.I.E.L.D. can go to his country to operate. The Safehouse |Beckers mocks Noelle Walters Agent Noelle Walters and her team were directed by Phil Coulson to protect Beckers when it was discovered that Marcus Scarlotti and his mercenaries were looking for him. Unknown to Walters and Coulson, they sought him because he was their ally. Walters arrived at the S.H.I.E.L.D. Safe House in Bruges to find Beckers already t"
c1aba17aedc3,Sebastian Derik,Marvel Cinematic Universe,species: Human | gender: Male | DOD: 2009 (later resurrected) | actor: Brian Van Holt | status: In Custody,"In Miami, Florida, Derik found Lewis Seaver and killed him before burning down the church where he worked with a painting with the Words of Creation inscribed on its back remaining the only thing unscathed. |Derik arrives at Hank Thompson's home
Derik killed two other former T.A.H.I.T.I.","Sebastian Derik is a former S.H.I.E.L.D. agent who had become a test subject for Project T.A.H.I.T.I. When the harmful effects of GH.325 began to take hold, his memories were erased and he was given a new identity. Unlike his former colleagues, he managed to remember who he really was, suffering from the side effects of the serum. Seeking to understand the meaning of the Words, Derik started to hunt down other T.A.H.I.T.I. test subjects until he was stopped by Phil Coulson. Biography Agent of S.H.I.E.L.D. Fatal Diagnosis Born and raised in Baltimore, Maryland, Sebastian Derik worked as an assassin for S.H.I.E.L.D. for many years until he discovered that he was dying. Project T.A.H.I.T.I. |Sebastian Derik in Project T.A.H.I.T.I. Derik, along with five other agents, was handpicked by Phil Coulson as a test subject for the Project T.A.H.I.T.I.. At first he had a successful recovery; however, Derik eventually began cutting the Words of Creation into his flesh. Despite his claims that h"
5dda8c38cad2,Captain America (Fiction),Marvel Cinematic Universe,species: Human | gender: Male | actor: Steve Rogers (first version) | status: Fictional,"History
Creation

In June 1943, Heinz Kruger assassinated Abraham Erskine after the transformation of Steve Rogers into the Allied super soldier. Unfortunately for Coulson, he was killed by Loki before Rogers could fulfill Coulson's request. Although the cards were in Coulson's locker at the time of his death, Fury took them out and put some blood on them to emotionally persuade Steve, and thus contribute to the union of the Avengers.","Steven Grant ""Steve"" Rogers, known to the world as Captain America, is a fictional character designed to take advantage of Steve Rogers' heroic pursuit of Heinz Kruger through the streets of New York City. The character was a propaganda tool in the United States of America, starring in comic books and war films. When Rogers publicly used the name during his first military action, the adventures of Captain America slowly turned into fictionalized accounts of Rogers' service on the battlefields of Europe. After the war, the character remained very popular and a radio show where Captain America was the main star was created. In 2024, a modern version of the character was created for a musical called Rogers: The Musical, that was exhibited at Christmas time. History Creation In June 1943, Heinz Kruger assassinated Abraham Erskine after the transformation of Steve Rogers into the Allied super soldier. Empowered by the Super Soldier Serum, Rogers chased Kruger through the streets of New Yo"
3f20a98e9606,Adolf Hitler (Fiction),Marvel Cinematic Universe,species: Human | gender: Male | actor: James Payton | status: Fictional,,"Adolf Hitler was a fictional version of the real-life dictator of Nazi Germany. He appeared in several American propaganda tools during World War II as the nemesis of Captain America. History Creation |Captain America punches Adolf Hitler When US propaganda created the character of Captain America, based on Steve Rogers and his heroic pursuit of a HYDRA assassin through the streets of New York City, the new hero needed an enemy; an arch-nemesis to battle. Since the United States was at war with Nazi Germany at that time, the creators of Captain America decided to make a parody of the German dictator Adolf Hitler. Comics Hitler first appeared on the cover of the first volume of the Captain America comic book. The cover showed Captain America punching the Nazi führer inside the Nazi stronghold. The comic satirized Hitler and the Nazis by showing them wearing the Nazi armband on both hands, instead of just one, left hand. USO Show |""Hitler"" sneaks behind the Star Spangled Singers Hitl"
f9bbcde4f6df,Hellcat,Marvel Cinematic Universe,species: Human | gender: Female | actor: Rachael TaylorCatherine Blades (young)Audrey Grace Marshall (young) | status: In Custody,"Following Simpson's death, she began using his Combat Enhancer Inhaler to avoid feeling powerless. Kilgrave Returns
Helping Jessica Jones
|Walker has a meeting with Zack and Nicole|left

For six months after the supposed death of Kilgrave, Walker had not heard a word from Jessica Jones, making her feel shut out. To make sure Jessica hadn't died, Walker kept tabs on her.","Patricia ""Trish"" Walker is a former model and child TV star, former successful radio talk show host, and the adoptive sister of Jessica Jones. She was the star of It's Patsy becoming known as Patsy Walker. By overcoming her past as an abused child star that led to a drug addiction, Walker became instrumental in Jones' quest to stop Kilgrave, while also engaging in a failed relationship with Will Simpson. Walker became envious of her sister having powers and putting them to waste. Following Simpson's death, she began using his Combat Enhancer Inhaler to avoid feeling powerless. When the inhaler stopped working, Walker turned to Karl Malus, the man who had given her sister powers in the first place. Walker forced Malus to perform an experimental surgery that despite almost killing her, granted her powers and with them became a vigilante known as Hellcat, helping Jones to track down villains, but eventually lost her way, becoming a killer herself. Walker was finally stopped by Jones and"
5f5ce8776415,Randolph Cherryh,Marvel Cinematic Universe,actor: Jonathan Walker | status: In Custody,,"Randolph Cherryh is a former Senator from New York, who worked closely with Wilson Fisk and his Hell's Kitchen real estate development projects. When Fisk's criminal empire was exposed, Cherryh was arrested by the FBI. Biography Election Randolph Cherryh ran for Senator for the state of New York, and even though many people did not vote for him, he still managed to win the election. Cherryh claimed that he got the advice from Cornelius van Lunt and his astrologist, but Leland Owlsley would say that he won only because of his connection. Working with Wilson Fisk Cherryh worked closely with Wilson Fisk and his redevelopment project that he worked on in Hell's Kitchen. Since the latest polls showed that Fisk's approval numbers were rising across political, ethnic, and economic lines, Cherryh and his office contacted James Wesley and requested a meeting but Fisk rejected the first place the office offered. Later, Cherryh attended Fisk's fundraising gala at the Van Lunt Building, liste"
d02ee4814074,Johann Fennhoff,Marvel Cinematic Universe,species: Human | gender: Male | actor: Ralph Brown | status: In Custody,"Now calling himself Viktor Ivchenko, re-arranging the name of Private Ovechkin, the first person he had helped save with his methods, in 1946 he orchestrated a campaign against the American inventor Howard Stark, whom he blamed for the death of his brother at Finow. Fennhoff's brother was also killed in the massacre that resulted, while Fennhoff discovered his brother's corpse without eyes and pieces of his flesh completely torn off, showing he had suffered a horrifically painful death. Pasha had then spoken up, as he said that he wanted to return to his family, he was stabbed in the jugular vein by Underwood; the remaining three were told that his family would also be killed, and they all would be together soon.","Doctor Johann Fennhoff (Russian: Иоганн Фенхофф) is a psychiatrist and a former leader of the Soviet espionage agency, Leviathan. Originally working as a medical officer in the Soviet Armed Forces, during World War II, Fennhoff had realized he could use his techniques to the point of hypnotizing people. In 1944, Fennhoff was one of the few survivors of an incident that had soon become known as the Battle of Finow, and was recruited as a scientist for Leviathan. Now calling himself Viktor Ivchenko, re-arranging the name of Private Ovechkin, the first person he had helped save with his methods, in 1946 he orchestrated a campaign against the American inventor Howard Stark, whom he blamed for the death of his brother at Finow. Fennhoff's plan was eventually discovered by Agent Peggy Carter, of the Strategic Scientific Reserve, and he was arrested and put in the same prison cell as Hydra scientist Arnim Zola, who then recruited Fennhoff. Biography Early Life Learning His Abilities Johann"
4976a2deaf9f,Karla Faye Gideon,Marvel Cinematic Universe,species: Human | gender: Female | actor: Drea de Matteo | status: In Custody,,"Karla Faye Gideon is a former nurse who, having given her bladed finger nails, began a killing spree which ended when she became an Index subject. Having her hands locked in metal shackles gave Gideon a grudge against S.H.I.E.L.D. and when presented with the chance to gain revenge with Calvin Zabo, Gideon eagerly joined the Slicing Talons. However, during their very first battle against S.H.I.E.L.D., Zabo was snatched away and Gideon fought Bobbi Morse who knocked out and arrested Gideon. Biography Early Life Placed on the Index |Gideon's S.H.I.E.L.D. Index file Karla Faye Gideon worked as a nurse, when she became involved in an abusive relationship. Desperate to defend herself, Gideon grafted scalpel blades into her fingers and used them to kill her abusive boyfriend. The murder caused Gideon to snap, and she went on a brief killing spree before being finally apprehended by S.H.I.E.L.D. placing her on the Index. S.H.I.E.L.D. placed Gideon under watch, encasing her fingers in shackl"
3751d82176f0,David Angar,Marvel Cinematic Universe,species: Human | gender: Male | actor: Jeff Daniel Phillips | status: In Custody,,"David A Angar is one of the gifted individuals from the Index assembled by Calvin Zabo to destroy S.H.I.E.L.D. Biography Cancer Treatment David Angar was diagnosed with throat cancer, and he decided to undergo an experimental cancer treatment, which involved exposure to experimental energy blasts. The treatment shrunk the tumors, but left him with a voice that triggers the central nervous system and induces immediate catatonia. Imprisonment and Release David Angar was arrested by S.H.I.E.L.D. after his powers that he gained from the experimental cancer treatment became too uncontrollable; he was taken to Brynmore Psychiatric Facility and locked in the underground part of the prison. He was forced to wear a special mask which stopped him from opening his mouth. He was broken out by Calvin Zabo and the Slicing Talons, who had banded together to fight against S.H.I.E.L.D. He joined the team of super-powered individuals including Karla Faye Gideon, Wendell Levi and Francis Noche. |Anga"
254d551c3cf2,Melvin Potter,Marvel Cinematic Universe,species: Human | gender: Male | actor: Matt Gerald | status: In Custody,,"Melvin Potter is a brilliant but mentally impaired designer who was coerced into working for Wilson Fisk. Potter later created Daredevil's Suit for Daredevil when he was asked to make a suit that could protect him from injury, in exchange for keeping Betsy Beatty safe. When Fisk was sent to jail, Potter retired from building suits for criminals and focused his efforts on Beatty and protecting Daredevil and Elektra as they continued to fight evil. However, Fisk managed to manipulate the FBI into becoming his private army and coerced Potter into recreating a duplicate Daredevil suit for Benjamin Poindexter, an action that would see him eventually be arrested after a scuffle with Daredevil and the FBI. Biography Early Life Potter became an inventor and armorer but was convicted of a crime and incarcerated. After he was freed, Betsy Beatty became his parole officer. Aiding Criminals Protection for Leland Owlsley |Potter making a new suit for Leland Owlsley A talented designer, blacks"
449aafa86da2,Wendell Levi,Marvel Cinematic Universe,species: Human | gender: Male | actor: Ric Sarabia | status: In Custody,"Levi later joined Zabo and the others to infiltrate Brynmore Psychiatric Facility; while Zabo and Gideon killed the guards and Noche opened the gates, Levi hacked into the computer systems, turning off the security cameras and alarm systems.","Wendell Levi is a master computer hacker. He used his mechanical skills for crime and was brought to the attention of S.H.I.E.L.D. In the aftermath of the Hydra Uprising, he was recruited by Calvin Zabo to help destroy the remaining S.H.I.E.L.D. faction led by the new director Phil Coulson. Biography Experience with S.H.I.E.L.D. |Wendell Levi's personal S.H.I.E.L.D. Index file Levi was an old friend of Calvin Zabo who came to the attention of S.H.I.E.L.D. when his incredible hacking skills went out of control. He was caught by S.H.I.E.L.D. and had a chip implanted in his arm that prevented him from getting too close to technology. Levi lived in the Mojave Desert. Slicing Talons |Levi begins a hack Many years later, Calvin Zabo approached him to join his team. Zabo removed the chip and Levi decrypted the Index for him. Using the information that Levi provided for him, Zabo was able to find and recruit Francis Noche and Karla Faye Gideon. When they found Gideon, Levi used a laser to r"
777758d36d30,Francis Noche,Marvel Cinematic Universe,species: Human | gender: Male | actor: Geo Corvera | status: In Custody,"While Zabo and Gideon killed the guards and Levi hacked into the security systems, Noche used his incredible strength to pull open the gates and give them entry.","Francis Noche is one of the gifted individuals listed on the Index who joined forces with Calvin Zabo to destroy S.H.I.E.L.D. Biography Experience with S.H.I.E.L.D. |Francis Noche's personal S.H.I.E.L.D. Index file Francis Noche was a gangster who underwent an experiment where he was given experimental steroids that increased his strength to extraordinary levels, but damaged his brain. His new found powers put him on S.H.I.E.L.D.'s Index. Slicing Talons Freeing More Soldiers |Noche uses his incredible strength Noche was recruited by Calvin Zabo and Wendell Levi, who were putting together a team to destroy S.H.I.E.L.D.. Together they used the Index to recruit another gifted individual called Karla Faye Gideon. As a team they travelled to Brynmore Psychiatric Facility. While Zabo and Gideon killed the guards and Levi hacked into the security systems, Noche used his incredible strength to pull open the gates and give them entry. Once inside Noche opened the cells of David Angar and John"
f1b38cdb673f,John Bruno,Marvel Cinematic Universe,species: Human | gender: Male | actor: Jamal Duff | status: In Custody,,"John Bruno is a former military assassin, who was tracked down and captured by S.H.I.E.L.D. Biography S.H.I.E.L.D. Index A former United States Army assassin, John Bruno was placed on the Index by S.H.I.E.L.D., as his obsession with creating elaborate ways to kill made him too dangerous. Bruno was imprisoned in the sub-basement of the Brynmore Psychiatric Facility in Ohio along with David Angar. When Calvin Zabo broke into the prison to recruit Angar, he had Wendell Levi shut down the power, freeing the prisoners, while Bruno remained at the prison. He attempted to ambush Phil Coulson and Bobbi Morse when they came to investigate, but was easily overpowered by Morse. Abilities Expert Combatant: As a former military assassin, Bruno is a skilled fighter, using creative ways to kill. However, he was not able to hold his own against Bobbi Morse for long. Expert Assassin: In the military, Bruno was an accomplished assassin who was able to kill people in creative ways. Facilities Prison"
c58b590b67d0,Roscoe Sweeney,Marvel Cinematic Universe,species: Human | gender: Male | actor: Kevin Nagle | status: In Custody,"When Jack Murdock refused to lose in the Carl Crusher Creel vs Battlin' Jack Murdock match, Sweeney murdered him for betrayal. Years later, Sweeney was kidnapped by Elektra and Jack's son, Matt Murdock, who nearly beat him to death in revenge. Before he could escape, however, Sweeney's men tracked him down and murdered him.","Roscoe Sweeney is a corrupt boxing promoter who fixed his fights by using blackmail and extortion. When Jack Murdock refused to lose in the Carl Crusher Creel vs Battlin' Jack Murdock match, Sweeney murdered him for betrayal. Years later, Sweeney was kidnapped by Elektra and Jack's son, Matt Murdock, who nearly beat him to death in revenge. However, he chose to turn him into the authorities rather than execute him. Biography Corrupt Boxing Jack Murdock's Betrayal |Sweeney and Sammy Silke bribe Jack Murdock When Jack Murdock's son Matthew was blinded in an accident, Murdock became desperate for money and approached Sweeney, who began paying Murdock in exchange for deliberately throwing his boxing matches. Sweeney and Sammy Silke set up a fight between Murdock and Carl Creel, which Murdock would be forced to lose. Although Murdock was reluctant, Sweeney was able to convince him that the money would be worth it. Murdock had a change of heart, however, and during the fight, he was able to"
8c3ac8c3285a,Baron Zemo,Marvel Cinematic Universe,species: Human | gender: Male | actor: Daniel BrühlSebastian Stan (disguised) | status: In Custody,"Zemo took Wilson and Barnes across Madripoor, where Zemo then met and killed Wilfred Nagel, the creator of the new serum. While Zemo remained in the Raft, Oeznik assassinated the four remaining Flag Smashers. Despite this, his wife, son and father were killed, and Zemo found their bodies two days later.","Baron Helmut Zemo is a Sokovian nobleman, former Colonel of the Sokovian Armed Forces, and commander of EKO Scorpion, dubbed Baron Zemo. Following the Battle of Sokovia, Zemo became a criminal mastermind who sought revenge against the Avengers and other enhanced individuals, after losing his entire family. Knowing he was no match against the Avengers, Zemo planned to have them destroy themselves, framing Winter Soldier for bombing the United Nations and killing T'Chaka, which caused Captain America to defend Barnes. His actions caused the Avengers Civil War, in which Iron Man led the manhunt for Barnes and Zemo, allowing Stark to learn Barnes was responsible for his parents' murder. With the Avengers in ruin, Zemo tried to shoot himself, but was captured by Black Panther and given to Joint Terrorism Task Force for his incarceration. Eight years later, Zemo was broken out of prison by Barnes, to aid him and Sam Wilson in tracking down the Flag Smashers. Zemo agreed, as he intended to "
90dd55ee9ab3,Peachy,Marvel Cinematic Universe,species: Human | gender: Male | actor: Robert Crayton | status: In Custody,,"Peachy is an inmate in San Quentin State Prison. Biography Prison Fight |Peachy fights Scott Lang Peachy is known as the ""muscle"" in San Quentin State Prison. When Scott Lang approached Peachy about the Vista job, a prison fight started between the two. Lang was knocked to the ground, but got back up in order to fight. Ritual When Luis was released from San Quentin State Prison, Peachy fought him as part of the goodbye ritual among the inmates. Luis reportedly took Peachy out with one punch, but not before Peachy caused a scar on Luis that remained for over a year. |Peachy had a goodbye fight with Scott Lang A year later, Peachy was present when Scott Lang was being released from jail and gave him a ""going away punch"" as a farewell present before Lang gave him a punch back. He then hugged Lang and wished him the best of luck on parole. When Luis went to pick up Lang from the jail, Lang told his friend about the ritual. Luis then claimed that he once knocked out Peachy, to Lang's di"
3f35c8017d02,Parish Landman,Marvel Cinematic Universe,species: Human | gender: Male | actor: Richard Bekins | status: In Custody,,"Parish Landman is the co-founder and named partner of the large law-firm Landman and Zack. He was arrested for aiding Wilson Fisk with his illicit activities. Biography Landman and Zack Protecting Big Businesses Parish Landman co-founded the law firm Landman and Zack with his mind set more on making profits by protecting high paying investors, whether they were guilty or not, rather than helping those in need. Landman would sometimes be present during meetings with his opponents in law cases, alongside his team of lawyers. Two interns working for Landman and Zack, Matt Murdock and Foggy Nelson, impressed Landman to such an extent that he offered them full time positions at the firm, which they turned down to start up their own firm, Nelson and Murdock. Their job went instead to Marci Stahl, who took over high ranking cases including the eviction of innocent people from their blocks of flats, including Elena Cardenas who hired Nelson and Murdock as her lawyers. Working for Wilson Fi"
181692bc990e,Corbin,Marvel Cinematic Universe,species: Human | gender: Male | actor: Angel Rosa | status: In Custody,As Corbin came too he was able to find his gun and killed Sergei as he lay defenseless on the ground.,"Corbin is a former New York City Police Department officer who secretly worked for Wilson Fisk. Acting as Fisk's enforcer within the police, Corbin was involved in hunting down the Russian Mafia survivors and taking out Carl Hoffman, but after Hoffman testified, Corbin and other officers on Fisk's payroll were arrested. Biography Working for Wilson Fisk Hunting Vladimir Ranskahov |Corbin threatens to execute man in the mask Corbin led a team of corrupt NYPD officers to the Russian Hideout to find Vladimir Ranskahov whom Wilson Fisk wanted dead. Fisk successfully arranged for the Russian Mafia's warehouses to be blown up, killing all mobsters inside; however, Ranskahov escaped alongside Sergei. When Corbin arrived, he found Ranskahov and Sergei had already been subdued by the man in the mask, whom Fisk also wanted dead. |Corbin shoots Sergei through the head As Corbin attempted to arrest the masked man and execute the two Russians under the order of Fisk, the masked man broke free of "
f402883fc627,M. Caldwell,Marvel Cinematic Universe,species: Human | gender: Female | actor: Kassia Miller | status: In Custody,That same night Fisk broke into Urich's home and murdered him. She later attended Urich's funeral out of remorse for her role in his death.,"M. Caldwell is a former secretary at the New York Bulletin who was a mole for Wilson Fisk. Biography Working for Wilson Fisk While working for the New York Bulletin, Caldwell was approached by Crime Kingpin Wilson Fisk and ordered to use her position at the Bulletin to send him any information regarding the press' knowledge of his criminal activities and spy on her boss, Mitchell Ellison, to ensure that he would not post any information that would incriminate Fisk. Hell's Kitchen Burns Ellison called all the staff at the Bulletin together when reports came in of massive explosions all across Hell's Kitchen, which he blamed on a possible gas leak. Ben Urich asked to know the locations of the explosion and Ellison ordered Caldwell to give him the list, as he read out the locations Urich immediately ran out of the building, claiming that the building that were attacked were owned by the Russian Mob, therefore this was a bombing attack. Shortly after, Urich gave his fundraising article"
9c326060f9ff,Lan Stee,Marvel Cinematic Universe,species: Human | gender: Male | actor: Stan Lee | status: In Custody,,"Lan Stee, also known as the Mastermind, is the evil clone of Stan Lee. Biography Infiltration into ABC Studios Stee hired a criminal whom he gave the alias Alex Mind to infiltrate the set of Agents of S.H.I.E.L.D. as a production assistant and find spoilers that he could then leak online. Mind located some images in the Directors' office and took photographs of them, successfully sending them to Stee. Mind put up several cameras in ABC Studios to allow Stee to track his progress more closely. Stee tasked him with finding the Writers' office, as it would contain all of the secrets they needed. Mind was unsuccessful, but took some photos of set images and concept art from the art department, sending them to Stee. Mind sent Stee some images of strange markings on a wall. Mind then found the script for the episode Melinda and took pictures of the pages and sent them to Stee, but was almost caught when the studio was placed on lockdown after it was discovered that show spoilers had been "
a3e2e31205a4,Alex Mind,Marvel Cinematic Universe,species: Human | gender: Male | actor: Joseph Bearor | status: In Custody,,"A man given the alias Alex Mind by the Lan Stee was a criminal hired to infiltrate ABC Studios and acquire secrets on Agents of S.H.I.E.L.D.. He successfully did so but was ultimately arrested along with Stee by Marvel Security and sent to the Fridge. Biography Infiltration into ABC Studios Beginning the Mission He was hired by the Mastermind to infiltrate the set of Agents of S.H.I.E.L.D. and find spoilers that he could leak online. The Mastermind gave him the name ""Alex Mind"" and credentials as a production assistant. He also gave him Spy Gear and a . Upon entering the studio, Mind was lectured by Operative 616, the head of Marvel Security, on the prohibited use of phones and social media onset, as well as the importance of Marvel Lanyard he had been given in allowing access to different areas. Mind reported to Stage B, where he met Ming-Na Wen and Sam. Mind agreed to help Wen her with her training routine, but left as soon as he was allowed a break. Sam then ordered him to find J"
5fd3a0333e7e,Aslan,Marvel Cinematic Universe,species: Human | gender: Male | actor: Kirill Nikiforov | status: In Custody,,"Aslan (Russian: Аслан) is a criminal and a member of the Russian Mafia. Biography Aslan and Piotr were transporting a blind man to Madame Gao's facility. The man kept singing in Mandarin which prompted Aslan to remark on how the man is an idiot. They then left the man in the car as they walked inside. A few minutes later, they walked out, but were ambushed by the man in the mask. Aslan was knocked out by the vigilante and did not wake up until after the skirmish ended. When the police showed up, he and the rest of his allies were arrested. Relationships Allies Russian Mafia Vladimir Ranskahov † - Employer Anatoly Ranskahov † - Employer Piotr † Enemies Daredevil Gallery References Category:Characters Category:Daredevil (TV series) Characters Category:Humans Category:Males Category:Brown Hair Category:Brown Eyes Category:Criminals Category:Russian Mafia Members Category:Veles Taxi Employees"
be70aba581df,Sissy Garcia,Marvel Cinematic Universe,species: Human | gender: Female | actor: Charleigh E. Parker | status: In Custody,"Later, that evening, Garcia told her cellmate to stay quiet as she severely assaulted her; Shlottman was hospitalized, with a beating so brutal it could have killed her. This beating almost killed Shlottman.","Sissy Garcia is the former cellmate of Hope Shlottman in Northeastern Correctional Facility who was bribed into attacking Shlottman to cause a miscarriage of her unborn child. Biography Attacking Hope Shlottman Sissy Garcia was a prisoner in Northeastern Correctional Facility when Hope Shlottman was sent there to await her trial. Garcia became Shlottman's cellmate, with Garcia on the bottom bunk. Shlottman approached Garcia and asked the larger woman to beat her up; Garcia agreed when Shlottman offered her fifty dollars cash and a carton of cigarettes. Jessica Jones arrived to the facility to visit Shlottman while Garcia was in the common area of the prison talking with two other prisoners. During Shlottman's conversation with the woman, Garcia decided to interrupt, citing that a television show she liked was soon to air, and she wanted to watch it with her cellmate. In a moment, Shlottman went to Garcia's side. Later, that evening, Garcia told her cellmate to stay quiet as she sever"
d4074b79086c,Chuck,Marvel Cinematic Universe,species: Human | gender: Male | actor: Ryan Jonze | status: In Custody,,"Chuck is a man who was convinced not to murder his family by Jessica Jones and Kilgrave. Biography Hostage Situation Stopped by Kilgrave Chuck held his family hostage for several hours while the police, who was called by a neighbor, sat outside of his house. One of the police officers tried to negotiate with Chuck, who told them to go away. In the house, Chuck got annoyed with his wife crying and told them to shut up. A moment later, Jessica Jones and Kilgrave, who had seen the situation on the news, entered his living room. Kilgrave used his powers to stop Chuck from shooting them and from moving around. At the same time, Jones told Chuck his family to leave the house and get to the police, who would help them. Before they left Kilgrave told Chuck's wife, who thanked him, to tell no one that they were there. |Chuck is forced to put his shotgun in his mouth Now his family had left the house Chuck was ordered by Kilgrave to put the shotgun in his mouth with the goal to make him commit "
636601fe8eb5,Vega,Marvel Cinematic Universe,species: Human | gender: Male | actor: Rey Valentin | status: In Custody,Vega went into the bedroom of Wilkes and found a gun of the same make and model as the one that had killed Agents Beringer and White the day before.,"Vega was a corrupt agent of the Strategic Scientific Reserve loyal to Vernon Masters. Biography Accusations Vega was an agent of the Strategic Scientific Reserve branch located in Los Angeles under the command of Daniel Sousa. Sousa had Vega accompany him to the Wilkes Residence to investigate what connection Jason Wilkes had with the men who tried to kill him and Peggy Carter in Isodyne Energy Headquarters before an explosion occurred. Since reporters were surrounding the residence when Carter arrived to help in the investigation, Sousa told Vega keep the press away from the crime scene. Vega went into the bedroom of Wilkes and found a gun of the same make and model as the one that had killed Agents Beringer and White the day before. As Vega went to report his find to Sousa, he overheard Sousa and Carter discussing why Wilkes had a Russian passport; Vega accused Wilkes of being a spy. When asked for evidence of his accusation, Vega showed them the gun, but Carter did not believe Wi"
0d8d472f6f9f,Jimmy the Bear,Marvel Cinematic Universe,species: Human | gender: Male | actor: John Bianco | status: In Custody,"Jimmy escaped but several people were killed, including Frank Castle's entire family in the shootout. Knowing that Smitty had been killed by the Punisher a few days earlier, Jimmy had his men throw Nelson hard against the pool table as he wished to know why Nelson was involving himself in their business.","Jimmy is the former leader of the Dogs of Hell chapter in New York City known as Jimmy the Bear. He and the rest of his gang became a target for Punisher due to their role in the gang war in Central Park against the Kitchen Irish and the Mexican Cartel, that took the lives of Punisher's family, sparking his crusade of violence. He was later arrested after a fight with Daredevil while hunting Punisher. Biography Dogs of Hell Massacre at Central Park Jimmy the Bear was part of a drug deal between the Dogs of Hell, Mexican Cartel and the Kitchen Irish, where they would begin working with the Blacksmith, organized by Dutton. However, before the deal could go down, the Blacksmith did not show up leading to a gunfight. Jimmy escaped but several people were killed, including Frank Castle's entire family in the shootout. Questioning the Lawyer |Jimmy the Bear meets with Foggy Nelson While inside his Dogs of Hell clubhouse in New York City, Jimmy the Bear was greeted by the Tattooed Doorman "
78a3063e8089,Oscar (Watchdog),Marvel Cinematic Universe,species: Human | gender: Male | actor: Jonathan Camp | status: In Custody,,"Oscar is a member of the Watchdogs, the armed radical hate group founded by Felix Blake. After Oscar tried to kill Fitz with a projectile of Nitramene, he was defeated and later imprisoned by Daisy Johnson before revealing the Watchdogs plans and being handed over to Brigadier General Glenn Talbot. Biography Watchdogs Soldier Hunting Down Inhumans |Oscar serves as a soldier in the Watchdogs Seeing the rise of new super-powered beings in the wake of the Inhuman Outbreak, Oscar chose to join up with the Watchdogs to fight back against the Inhumans, who he viewed as a risk to the safety of the world. Following his fellow Watchdogs, led by Watchdog Alpha, Oscar assisted in the Attack on the ATCU Storage Facility in which Alpha made a video statement before using Nitramene to destroy the building. With the mission a success, Oscar and his fellow Watchdogs returned to their hideout to meet with Felix Blake, who congratulated them on the mission before informing them of their next task. Whe"
1dde97a1455a,Hellfire,Marvel Cinematic Universe,species: Inhuman | gender: Male | actor: Axle Whitehead | status: In Custody,"Furious, James reminded Campbell of how he had nearly killed his previous girlfriend in a car accident before the pair left his home while James still continued to yell at them both. May had then acknowledged that James would likely not from Hydra, commenting that he must have been bought with the new workers since Gideon Malick's death. Giyera in taking control of a missile silo where they killed many of the staff and took the rest hostage.","J T ""JT"" James is an Inhuman who was taken to Afterlife under the leadership of Jiaying but was expelled from their community before undergoing his Terrigenesis for trying to steal from their archives. After he finally gained his Inhuman powers, from the intervention of Hive and Daisy Johnson, James started calling himself Hellfire. Following his liberation from Hive's influence, James started hating what he became and made his deal with the terrorist group the Watchdogs to help them exterminate all the Inhumans. When Quake and Jemma Simmons had visited James to warn him about the attacks on registered Inhumans, Hellfire betrayed them, as he gave them up to the Watchdogs. During that event, he was then attacked and then defeated by Ghost Rider and taken back into custody by S.H.I.E.L.D. Biography Early Life Terrigenesis Denied James was born in Brisbane, Australia, where he became a mercenary and a demolitions expert. Over these years, James was identified as a descendant of Inhumans"
620a9d29c865,Rory,Marvel Cinematic Universe,species: Human | gender: Male | actor: Joshua Bitton | status: In Custody,"|Rory witnesses Finn Cooley killing Seamus
Rory watched as Cooley looked at the body of his own son, Kelly, who had been killed in the massacre. Showing he meant business, Rory shot and killed one man in the bar before noting the Punisher clearly had some form of training from the United States Marine Corps to which the bartender claimed he had an idea of who he meant. |Rory searches through Punisher's home
Eventually, Rory led Cooley into the residence of the Punisher, finding that he had kept Max the dog when he had killed Thomas during the shooting.","Rory was a member of the Kitchen Irish who was ordered by Finn Cooley to find the Punisher, only to be shot and wounded during a stand-off with his target. Later, he gave up Cooley's location while undergoing Daredevil's interrogation and torture. Biography Kitchen Irish Finn Cooley's Mission |Rory offers Finn Cooley a drink of whiskey Rory was called along with other members of the Kitchen Irish to mourn the loses of their allies in the wake of the Massacre at the Burren Club which had just claimed the lives of Nesbitt and many of their members. While Seamus gave a speech to honor the dead, they were interrupted by somebody walking into the room, causing Rory and the others to draw their guns. Seamus however ordered them to stand down when he saw that it was Finn Cooley who had arrived, so Rory was told to give Cooley a drink to welcome him, as Cooley noted that he remembered Rory while taking the drink. |Rory witnesses Finn Cooley killing Seamus Rory watched as Cooley looked at t"
569cc056783c,Stewart Finney,Marvel Cinematic Universe,species: Human | gender: Male | actor: Korey Jackson | status: In Custody,"|Finney tells Wilson Fisk about the Punisher
Fisk then had Benjamin Donovan financially aid Finney and both the Valdez brothers, making them loyal to him, with Finney later joining him in his cell to update him on their plan to assassinated Dutton, as Finney explained it was currently impossible. While Fisk spoke with Castle outdoors to propose the plan, noting that Dutton had a hand with the Massacre at Central Park during which all of Castle's family had been killed during a shootout, Finney then arrived with both of the Valdez brothers to watch over the meeting, with both the Valdez brothers ready to fight if they needed to.","Stewart Finney is a former stock broker who was arrested after making the wrong deal. While still inside Rikers Island, Finney made a deal with Wilson Fisk and assisted in Dutton's murder at the hands of Frank Castle. Biography Early Life Criminal Dealings Stewart Finney had made his career working as a mortgage analyst, earning himself large sums of money, which helped him afford a luxury home in The Hamptons. However, when Finney made a deal with the wrong man, whose brother had worked for the United States Department of Justice, he was arrested and sent inside Rikers Island to begin his sentence. While inside, Finney also attempted to keep his head down, avoiding getting into business with Dutton and other criminals who were still making deals inside, although he allied himself with Miguel Valdez and his brother for their protection. Imprisonment Meeting Wilson Fisk |Finney witnesses Wilson Fisk's prison arrival During his sentence in Rikers Island, Finney was employed to clean "
872c55a61e31,Gerald Durand,Marvel Cinematic Universe,species: Human | gender: Male | actor: Zack Duhame | status: In Custody,,"Gerald Durand is a mercenary who worked alongside Georges Batroc. Biography Mercenary Work Hijacking of the Lemurian Star Gerald Durand worked with Georges Batroc when he captured the Lemurian Star and held its crew and passengers, including Jasper Sitwell, hostage. When a rescue team, including STRIKE, Captain America, and Black Widow, secured the ship, he was incapacitated by Black Widow and later was among those arrested. Relationships Allies Georges Batroc † - Leader Ferdinand Lopez Enemies S.H.I.E.L.D. Steve Rogers/Captain America Natasha Romanoff/Black Widow † Jasper Sitwell † - Hostage STRIKE Brock Rumlow † Jack Rollins Behind the Scenes Zack Duhame was credited as ""Engine Pirate"". Gallery References Category:Characters Category:Captain America: The Winter Soldier Characters Category:Comic Characters Category:Humans Category:Males Category:Brown Hair Category:Brown Eyes Category:Mercenaries Category:Criminals"
0b58ca0c60a8,Diamondback,Marvel Cinematic Universe,species: Human | gender: Male | actor: Erik LaRay HarveyJared Kemp (young) | status: In Custody,"Attack on Luke Cage
|Diamondback takes close aim at Luke Cage

Diamondback learned from Shades that Cottonmouth had just been murdered, so he took the opportunity to come to Harlem and finally kill Luke Cage himself. Noting that the people of Harlem had been worshiping a false idol in Cage, Diamondback then promised that he would expose his time in Seagate Penitentiary as well as the tragic death of Reva Connors, which had enraged Cage, explaining that he was to blame for of his torture while in prison. |Diamondback discusses Cottonmouth's death
Once the men were had left, Diamondback began mocking Shades for all his attempts to seduce Mariah Dillard while also trying to take over the Stokes Crime Family from Cottonmouth.","Willis Stryker is the half-brother of Luke Cage who became angered by their father's treatment of him and became an arms dealer under the alias of Diamondback. Finding his brother in Harlem, Diamondback used Hammer Industries weapons to take control over Cottonmouth's criminal empire before then attempting to kill Cage, while working with Mariah Dillard to control Harlem's criminal underworld. Diamondback attempted to frame Cage for multiple murders until he finally decided to kill his half brother in a public showdown, only to be eventually defeated and arrested. However, Noah Burstein decided to use Diamondback as a test subject in an attempt to perhaps recreate Cage's superhuman powers, only for Cage to have Diamondback imprisoned inside the Raft. Biography Early Life Rejected Son Willis Stryker was born in 1978, when his mother, Dana Stryker had an affair with James Lucas, a preacher whom she was working as a secretary for. However, Lucas refused to leave his wife and therefore "
9c3e61627a7e,Miguel Valdez,Marvel Cinematic Universe,species: Human | gender: Male | actor: Lawrence Bingham | status: In Custody,"The mission was successful and Dutton was killed, although the Punisher survived.","Miguel Valdez is an inmate within Rikers Island. He and his own brother made a deal with Wilson Fisk in exchange for him helping their mother financially. They both became Fisk's main henchmen within the prison, and assisted in the assassination of Dutton at the hands of Frank Castle under Fisk's orders. Biography Rikers Island Protecting Stewart Finney Valdez, alongside his brother, was sent into Rikers Island due to them both committing a crime that was almost too horrible to mention. During their time in Rikers, the brothers became associates with Stewart Finney, another inmate who was also unsure of Dutton's leadership of the prison. The brothers' time in prison had resulted in their mother struggling to pay rent, as they sought a way to assist her financially from the inside. Recruited by Wilson Fisk |Valdez and his brother eating lunch together While they were eating their lunch with Stewart Finney, Valdez and his brother had witnessed Finney get up from their table and go si"
2b2161f567b7,Arkon,Marvel Cinematic Universe,gender: Male | species: Polemachian | actor: Simon Williams | status: Fictional,,"Arkon is a character portrayed by Simon Williams in the film of the same name. History Arkon was a fictional character that, due to his popularity, was portrayed by Simon Williams in a 2000s movie. Trivia In the comics, Arkon is a warrior and the ruler of Polemachus who fought against the Avengers. His appearances on Earth inspired a series of sword-and-sorcery action movies, with Simon Williams portraying the villain in Arkon IV as his break-out role. Notes References External Links Category:Characters Category:Guardians of the Galaxy Vol. 2 Characters Category:Fictional Characters Category:Unknown Race Category:Males Category:Brown Hair Category:Brown Eyes"
374f71df39b8,Vulture,Marvel Cinematic Universe,species: Human | gender: Male | actor: Michael Keaton | status: In Custody,"|Toomes inadvertently kills Jackson Brice
Eventually, Toomes became fed up with Brice's recklessness and attitude, telling Brice that he was now fired from his organization. |Toomes puts on his upgraded Vulture Wings
With Parker now seemingly being crushed to death as his hideout fell apart around him, Toomes stepped outside as he donned his Vulture Wings which had all been upgraded by the Tinkerer.","Adrian Toomes is the former owner of Bestman Salvage who lost his livelihood after Damage Control, a joint venture between the federal government and Stark Industries, took over salvaging operations in New York City. Recruiting his co-workers and equipping himself with a flying exo-suit that Tinkerer created using Chitauri technology, Toomes took on the identity of the Vulture and became a black market arms dealer. However, after four years, his illegal activities were noticed by Spider-Man, thus forcing him to fight the young hero. After sending Shocker to deal with Spider-Man, Vulture hijacked Tony Stark's cargo plane, although he was once again thwarted by Spider-Man. During their final clash, Spider-Man defeated Vulture before saving his life and leaving him for the authorities to apprehend. Toomes was then incarcerated in prison, and in gratitude to Spider-Man for saving him, refused to give up the hero's true identity. Biography Bestman Salvage Raising his Family Adrian Toomes"
55ca9f391c7e,Briggs,Marvel Cinematic Universe,species: Human | gender: Male | actor: Dale Pavinski | status: In Custody,,"Briggs is a member of the Watchdogs who had led various attacks during the Inhuman Outbreak. He targeted the Inhumans during the Blackout Attack, in which he tried to kill Yo-Yo Rodriguez until he was defeated and arrested by S.H.I.E.L.D. agents. Biography Anti-Inhuman Movement Blackout Attack Briggs was a member of the Watchdogs who took part in a series of blackouts caused by the anti-Inhumans organization in an attempt to frame the Inhumans and grow hatred towards them. As such, Briggs led a group of Watchdogs in a hotel in Miami and they stormed the place during a party. As a guest handed him over his wallet, Briggs rejected it, stating that they were not after money, but that they had come for an Inhuman, who actually was S.H.I.E.L.D. agent Yo-Yo Rodriguez. Insisting that he only wanted to protect his fellow Humans, Briggs urged the guests to disclose any information they could have on the Inhuman the Watchdogs were after. He was then told by a guest that his target might be Me"
be75311d8ab5,Perez (Lieutenant),Marvel Cinematic Universe,species: Human | gender: Male | actor: Manny Pérez | status: In Custody,,"Lieutenant Perez is a former New York City Police Department officer who secretly was on Cottonmouth's payroll. When Rafael Scarfe was being pursued by both the police and the Stokes Crime Family, Perez was exposed by Misty Knight and subsequently arrested. Biography NYPD Officer Explosion Investigation |Perez and the NYPD investigate the attack Serving for the New York City Police Department, Perez was stationed at the 29th Precinct Police Station in Harlem, before he was approached by Cottonmouth. Perez accepted a payment from Cottonmouth and became his contact within the police, together with Rafael Scarfe. Investigating the explosion of the Genghis Connie's, the police ruled out a gas leak as the reason for the explosion, and Perez pondered who would use a rocket launcher in Harlem, although Misty Knight instantly pointed at Cottonmouth as the possible culprit. Arising Suspicions |Perez discusses Rafael Scarfe's suspicions Perez and Betty Audrey were informed that the Internal "
1ee0fb61c330,Spirit of Vengeance,Marvel Cinematic Universe,species: Demon | gender: Male (masculine voice) | actor: Gabriel Luna (Robbie Reyes' body)Tom McComas (Johnny Blaze's body)Henry Simmons (Alphonso Mackenzie's body)Clark Gregg (Phil Coulson's body),"Resurrecting Robbie Reyes
|Johnny Blaze passes Spirit to Robbie Reyes

One night in Los Angeles, Robbie Reyes and his brother Gabe were attacked, their car crashed and Robbie was sent flying through the windshield and hit the ground to his death. Resurrection: By taking possession of a deceased Robbie Reyes, he was able to revive him.","The Spirit of Vengeance is an extremely powerful, inter-dimensional demon that bonds with individuals who bear desperation and a desire for vengeance, changing them into a Ghost Rider. Biography Escaping from Hell The Spirit of Vengeance was trapped in the Dark Dimension, within a region known as Hell, but he managed to escape and reached the Earth Plane, making a vow that he would never go back to his former prison. The Spirit eventually bonded with Johnny Blaze, turning him into Ghost Rider. Resurrecting Robbie Reyes |Johnny Blaze passes Spirit to Robbie Reyes One night in Los Angeles, Robbie Reyes and his brother Gabe were attacked, their car crashed and Robbie was sent flying through the windshield and hit the ground to his death. But a voice called out to him through the darkness. It asked if he would truly do anything to save his brother and punish the men who attacked them; Robbie said yes. Johnny Blaze arrived at the scene on his Hell Cycle, pulled Gabe from the car, and re"
e58e16ecf945,Tucker Shockley,Marvel Cinematic Universe,species: Inhuman | gender: Male | actor: John Pyper-Ferguson | status: In Custody,"Counter to what Nadeer had said, the Superior ordered that Vijay Nadeer be executed as quickly as possible. While Shockley watched, however, Nadeer had her brother look her in the eyes before she shot him point blank and killed him. When Ivanov revealed he had now read the Darkhold Radcliffe was horrified until Ivanov confirmed the book had told him to keep Radcliffe alive, with Shockley noting they would have killed him otherwise.","Tucker Shockley is a member of the Watchdogs who acted as the right-hand man to its leader, the Superior. He ultimately found out that he was an Inhuman when he burst a Terrigen Crystal beside Senator Ellen Nadeer, thinking she might be one, and underwent Terrigenesis, giving him the new ability to explode and regenerate. Despite being horrified at becoming the thing he hated, Shockley continued supporting the Watchdogs and allowed himself to battle against Quake and eventually be defeated, while Jeffrey Mace was captured by the Superior and the rest of the Watchdogs. Biography Watchdogs Assassin Cancelled Inhuman Execution |Shockley gives the Watchdogs their orders Under the orders of Ellen Nadeer, Shockley gathered his crew of soldiers together and then prepared to go assassinate Nadeer's own brother, Vijay Nadeer, who had now finally come out of his cocoon after undergoing an incredibly prolonged Terrigenesis. Shockley and his men waited outside while Nadeer spoke with her brother"
17a496f073ef,Yuri Zaikin,Marvel Cinematic Universe,species: Human | gender: Male | actor: Troy Caylak | status: In Custody,"A well-known assassin, Zaikin took part at the Raid of the Fridge under the command of John Garrett, where he was believed to be killed by his comrades. Zaikin arrived at the ceremony and killed a S.H.I.E.L.D. Zaikin explained that they had considered every scenario and all of them led to Mace's death.","Yuri Zaikin is a former KGB and SVR agent as well as Hydra operative hired by the Watchdogs to kill S.H.I.E.L.D. Director Jeffrey Mace. Biography Early Days Working for Hydra Born in the Soviet Union, Zaikin joined the KGB before joining the terrorist organization Hydra. A well-known assassin, Zaikin took part at the Raid of the Fridge under the command of John Garrett, where he was believed to be killed by his comrades. Attack on Jeffrey Mace Captured by S.H.I.E.L.D. Years later, the Watchdogs hired Zaikin to kill Director Jeffrey Mace in a public ceremony in Sunbury, Pennsylvania, providing with resources like a special kind of exploding bullets. Zaikin and his fellow ex-Hydra members planned a failed assassination attempt on Mace, in order to kill him on his way to a safe house. Zaikin arrived at the ceremony and killed a S.H.I.E.L.D. sniper. Then, he targeted at the Director, but he failed due to Daisy Johnson. As he tried to escape, Zaikin was caught by Johnson. Interrogated "
e3b29992011c,Viktor Orlov,Marvel Cinematic Universe,species: Human | gender: Male | actor: Phillipos Haile | status: In Custody,,"Viktor Orlov is a former KGB agent and Hydra operative hired by the Watchdogs to kill S.H.I.E.L.D. Director Jeffrey Mace and steal a briefcase containing evidence of Project Patriot. Biography Early Life KGB and Hydra Agent Born in the Soviet Union, Orlov joined the KGB and SVR before joining the terrorist organization Hydra. Watchdogs Assassin Attack on Jeffrey Mace Years later, the Watchdogs hired Orlov to kill Director Jeffrey Mace. Orlov was present at the ceremony, where Yuri Zaikin did a failed assassination attempt on Mace. Daisy Johnson pushed Orlov on her way to caught Zaikin. Their plan succeeded, as Mace fly to a safe-house. With his Quinjet crashed and Mace hiding in a cabin with Phil Coulson and Alphonso Mackenzie, Orlov and his men surrounded the cabin. Mace approached them and tried to reason with them, but as a truck was exploded, they started shooting at each other. Orlov entered a warehouse to kill Mackenize. However, Melinda May busted in and the two managed to tak"
