char_id,name,franchise,infobox_fields,death_sentences,text_excerpt
2c5f977d9141,Beyda'amo,Avatar,species: Na'vi | gender: Male | portrayed: Emerson Brooks | first: ''James Cameron's Avatar: The Game'' | last: ''James Cameron's Avatar: The Game'',"If the player chooses to side with the RDA, they eventually battle and Ryder kills Beyda'amo in Willow Tree, crippling the Na'vi's leadership in the FEBA.","Beyda’amo is a powerful and respected Na'vi warrior whose grim persona and stern leadership have earned him a place of high regard within the Tipani clan. In addition to his formidable talents as a warrior and his uncompromising leadership skills, Beyda’amo is also a master banshee rider, unrivaled among the People for adeptness on his airborne mount. He wears the scars from wounds delivered by a Pandoran beast across his body like a badge of honor. Biography Beyda’amo has taken a hard line approach with humans. In the past however, he was quite open to human contact, even encouraging his mate, Marali, to attend the school and learn the language of the Sky People. Beyda’amo also received a book from René Harper written by the ancient Chinese general Sun Tzu. However, the so-called ""massacre"" changed everything. Although Marali survived the attack, Beyda’amo has publicly vowed never to trust the humans again. Beyda’amo's actions represent a long dormant ideology in the Na’vi culture; "
b3b2d03a2742,Tan Jala,Avatar,species: Na'vi | gender: Male | portrayed: André Sogliuzzo | first: ''James Cameron's Avatar: The Game'',"If the player chooses to side with the RDA, he or she eventually battles and kills Tan Jala, crippling the Na'vi's vital leadership in the local battlezone. If the player sides with the RDA he is killed in combat. The player can later rejoin the Na'vi and the ending cutscene shows him regardless of his death.","Tan Jala is a senior member of the Tipani clan. He is a master hunter known for his wise words and honest perspective. Biography Tan Jala was among the first to reach out to the ""Sky People,"" becoming the de facto tribal ambassador to the humans. He learned English from Dr. René Harper. Soon, the humans’ affronts to the land become impossible for Tan Jala to ignore or excuse. While he understood the frustration of warriors like Beyda'amo and he had been vocal in his anger towards the RDA strip mining, he knew there was still much to be gained by a peaceful bond with the Sky People, and had worked diligently towards it. Tan Jala believes in reaching out with an open hand to the humans rather than striking out with a fist. Peace and harmony are the way of the Na'vi. However, should conflict become unavoidable, Tan Jala is rumored to be one of the Tipani's most lethal and cunning warriors. Tan Jala wears the skin of a viperwolf. Avatar: The Game If the player decides to join the Na'vi, "
04624a1c73c7,Batista,Avatar,species: Human | gender: Male | portrayed: Bumper Robinson | first: ''James Cameron's Avatar: The Game'' | last: ''James Cameron's Avatar: The Game'',,"Batista is a character in :James Cameron's Avatar: The Game. Background Batista is one of the SecOps's top explosive specialists. If it goes BOOM, it probably has Batista's fingerprints on it. Nicknamed Boom Boom, Batista secured his reputation soon after arriving on Pandora when he was assigned to dislodge a floating rock from a planned transport route. Determined to make more of the task, Batista set his explosives to dislodge a large swath of floating rocks that drifted into a collage of mountains high above the roadway now known colloquially as Batista's Pass. He wears Titan Armor. Personality Of all the RDA SecOps characters, Batista seems to be the most lighthearted and upbeat of them all, as evidenced by his optimistic, gung-ho attitudes and tone when talking to Ryder. For example, when giving Ryder orders to kill Swawta, a Na'vi leader in the Plains of Goliath, Batista jokes, ""I need you to make Swawta go TATA!"" Also, upon killing Swawta and reporting this success back to Bat"
e07e5838dfce,Swawta,Avatar,species: Na'vi | gender: Male | portrayed: David Kaye | first: James Cameron's Avatar: The Game | last: James Cameron's Avatar: The Game,,"Swawta is a brave warrior of Vaderas Hollow. He rallies his fellow Na'vi when the RDA launches an offensive in his home territory. He is a member the Tipani clan. Biography He offers Able Ryder (in the RDA playthrough) a chance to join the Na'vi. If the player chooses to join the Na'vi, the game continues like the Na'vi playthrough, with a Dragon Assault Ship at the end as opposed to a great leonopteryx. If the player chooses to stay on with the RDA, he attacks the player. Gallery References James Cameron's Avatar: The Game de:Swawta pl:Swawta ru:Сваута Category:Avatar: The Game Characters Category:Na'vi Category:Tipani Members"
e40f24d41c1c,Unipey,Avatar,species: Na'vi | gender: Female | portrayed: Parisa Fakhri | first: ''James Cameron's Avatar: The Game'',,"Unipey is a warrior of the Tipani clan and its future Tsahìk. Biography Although she struggles under the guidance of her mentor Lungoray, he has managed to teach her the importance of her environment. Few Na'vi are as astute at identifying and avoiding the forest's dangers, and she does not hesitate to use her knowledge against her prey. Far too attached to the ways of the spear, Unipey will never become a great Tsahìk, but she is an intimidating foe. Avatar: The Game thumb|left|Ryder finds Unipey injured. When arriving at Swotulu, Able Ryder finds Unipey and many other Na'vi injured. Unipey does not trust Ryder but asks them to disable some bulldozers. She then tells Ryder to free the Na'vi prisoners from the RDA mining camp, claiming that Lungoray may be one of them. After freeing the prisoners and returning to Unipey, she thanks Ryder and mentions that she would be in Ryder's debt. She also notes that she learnt Ryder's language at the human school. Unipey wears the Nawma Taronyu"
891b751b5ddc,Jerome Epstein,Avatar,species: *Human *Avatar | gender: Male | portrayed: David Lodge | first: ''James Cameron's Avatar: The Game'',,"Dr. Jerome 'JJ' Epstein is a member of the Avatar Program and one of the 20 original avatar drivers. Biography Jerome was raised - as many Antarcticans are - with a deep appreciation of environmental preservation. His ecological calling came in the form of an intense lifelong study of the flora and fauna of the distant moon, Pandora. Since arriving as a xenobotanist in the Avatar Program five years ago, he has made great progress as one of the few avatars to find acceptance with the local Na'vi clan, the Tipani. Avatar: The Game Jerome first meets Able Ryder in the Blue Lagoon and requests Ryder collect him some samples of the chalice plant and scorpion thistle. Jerome soon defects with fellow avatars, Dr. René Harper and Dr. Anson Langley. If the player chose to side with the RDA, Ryder is later given an optional mission to kill Jerome due to his betrayal. If the player sides with the Na'vi, his fate is unknown. Quotes Gallery References James Cameron's Avatar: The Game - Ingam"
b16176a4db28,Anson Langley,Avatar,species: *Human *Avatar | gender: Male | portrayed: Wally Wingert | first: ''James Cameron's Avatar: The Game'',,"Dr. Anson Langley is a xenobotanist and one of the known 20 original avatar drivers. Background thumb|left|170px|Langley's avatar Raised in one of the largest and most crowded cities on Earth (London, England), Langley was happy to be accepted to the famous lunar University of Cassini at the sparsely populated southern pole of Earth's Moon. Here he excelled in the study of plant growth in lower gravity environments, making him an ideal candidate to study the plant life on the Pandoran moon. Arriving in 2146, Langley has proven to be a valuable asset in Na'vi-human interaction, earning the rare honor of joining the Na'vi on their hunting parties. Avatar: The Game Dr. Anson Langley defected with fellow avatar drivers Dr. René Harper and Dr. Jerome Epstein. The Tipani Clan sheltered him in their village Six Deep, and his link shack was moved there. If the player chose to side with the RDA, Able Ryder is given the assignment by Winslow to kill him. If the player sides with the Na'vi, h"
7eabbc182e0f,Winslow,Avatar,species: Human | gender: Male | portrayed: David Kaye | first: ''James Cameron's Avatar: The Game'',"Once Ryder has killed the two traitors and completed tasks given to him by Kendra Midori, Winslow then reports that he has managed to pinpoint the exact location of a life sign belonging to the traitor Dr. Winslow replies with a sentimental ""Always.""

If the player sides with the Na'vi, then Winslow is killed by Able Ryder.","Winslow is a tough and headstrong SecOps officer who has seen it all on Pandora. A headstrong merc, he won't put up with crap from anyone. He wears Militum Armor. Biography He is first seen in Avatar: The Game if the player sides with the RDA, rallying SecOps forces in Needle Hills against a massive attack from banshees. Winslow loans a Scorpion Gunship to Ryder so that he can rescue Kendra Midori and a wounded Samson pilot, as well as eliminate the nests that house the attacking banshees. Hanging Gardens He later appears in the Hanging Gardens, and sends Ryder off to reactivate a repulsor pod and meet Batista. Upon completion of those tasks and the tasks from Batista, Winslow then reports that he has detected life signs on RDA sensors matching those of the traitors Langley and Epstein, and sends Ryder to terminate both the scientists and their avatars. Once Ryder has killed the two traitors and completed tasks given to him by Kendra Midori, Winslow then reports that he has managed to"
77dc10a22ca9,Dalton,Avatar,species: Human | gender: Male | portrayed: Keith Ferguson | first: James Cameron's Avatar: The Game,"Ryder kills some viperwolves and finds Dalton cornered by two of the creatures, which they also kill.","Dalton is a new SecOps recruit to Pandora, and is just shy of his first year. While eager to succeed, he has had some difficulties adapting to the dangerous environment. He is deployed in the Blue Lagoon region and wears Viper Armor. Biography Able Ryder first meets Dalton when Kendra Midori informs them that Dalton is stuck in the wire has been ""spooked"" by something.Ryder heads out to save Dalton by Kendra's request, at one point coming across a destroyed buggy that could have been Dalton's. Ryder kills some viperwolves and finds Dalton cornered by two of the creatures, which they also kill. Dalton then says that he had been trying to set a signal to track Na'vi activity, but that he could not get it working. Ryder sets the signal for Dalton and he returns to base safely. Ryder was later asked by Kendra to go and assist Dalton again, as there had been a breach on the fence line. Ryder repaired two repulsor pods that had been deactivated to temporarily patch the fence and then retur"
5f079d2c145f,Fulson,Avatar,species: Human | gender: Female | portrayed: Tara Sands | first: ''James Cameron's Avatar: The Game'',She earned her first command when her Commanding Officer was killed by a pack of viperwolves while off-site on a solo trek.,"Commander Fulson is a Navy officer and the head of Camp Zulu in the Grave's Bog sector. Background She arrived on Pandora over five years ago and moved quickly through the ranks. She earned her first command when her Commanding Officer was killed by a pack of viperwolves while off-site on a solo trek. She stepped in as a leader, and very quickly showed improvements in the camp structure. She's never looked back since. Avatar: The Game During Able Ryder's deployment to Grave's Bog in his search for harmonic crystals and a willow tree, they encounter Commander Fulson in Camp Zulu after a raid on a Na'vi village; she is amused when she learns of Ryder's mission, saying ""What will the Corps (RDA) think of next"". Fulson orders Ryder to assist in the defense of Camp Zulu against a small herd of sturmbeest and a large force of Na'vi warriors. With Ryder's help, Fulson's SecOps troops are able to kill all of the attackers. However, Fulson tells Ryder that the base is detecting readings of a"
aa3658202364,Conrad Olson,Avatar,species: *Human *Avatar (deceased) | gender: Male | portrayed: Nolan North | first: ''James Cameron's Avatar: The Game'' (Wii/PSP),"He was one of the 20 original avatar drivers until his avatar's death. Avatar: The Game
thumb|250px|left|Conrad views an animal killed by Earth Syndrome

Conrad is first seen in a building, viewing an animal killed by Earth Syndrome. After Wallen and several other Conrad's men were killed by Rai'uk, Conrad began to be fueled by anger and resent the Na'vi.","Commander Conrad Olson is an antagonist and the final boss of James Cameron's Avatar: The Game (Wii/PSP). He is the commander of a private military corporation, Interstellar Security Management Ltd. He also was part of the RDA's Sec-Ops. He was one of the 20 original avatar drivers until his avatar's death. Background He was assigned to the Lockhart Base where he supervised a unit of scientists and prospectors searching for the Pandoran mineral unobtanium. Conrad is one of the few commanders in the corporation with a doctorate in xenopathology (the study of alien diseases), and one of the few people who had an avatar body in the Avatar Program. He is friends with Sean Wallen who works for Conrad as a head of security at Lockhart and was involved in the extermination of the Anurai clan. It is unknown if Conrad was aware of Sean's plans or if it was all Sean's idea. Conrad was worried that humans might have brought a disease to Pandora that transmits to the native fauna, but no more "
2a2f408b6f37,Magnusson,Avatar,species: Human | gender: Male | portrayed: Unknown | first: ''James Cameron's Avatar: The Game'',,"Magnusson is an RDA SecOps soldier stationed in the FEBA region on Pandora. James Cameron's Avatar: The Game Magnusson, along with some other RDA SecOps soldiers, had been guarding an Unobtanium Shard for Able Ryder. When Ryder arrived to collect the shard, he had to assist the SecOps soldiers in defending the shard from a group of Na'vi attackers. Once this was done, he spoke to Magnusson, who was angry at Ryder because of all of the casualties he had received while guarding the shard. Ryder told him of the importance of what he was doing, but Magnusson simply said that it did not bring his dead men back and told Ryder to ""go grab your rock"". Magnusson wears mostly Centauri Armor. Source James Cameron's Avatar: The Game - Gameplay ru:Магнуссон Category:Avatar: The Game Characters Category:Humans Category:RDA Staff Category:SecOps"
f149f95ae3c3,Buckland,Avatar,species: Human | gender: Male | portrayed: Unknown | first: James Cameron's Avatar: The Game,,"Buckland is a soldier in The Muck area within FEBA on a roadfork leading to The Bullpen. He stands guard along with a soldier and a recon unit, near the Repulsor Pod. Buckland belongs to Kendra Midori's forward teams sent to retrieve a shard. Buckland found the shard. However, a Hammerhead Titanothere was grazing nearby. Buckland sent Able Ryder to deal with the hammerhead. Source James Cameron's Avatar: The Game ru:Бакленд Category:Avatar: The Game Characters Category:Humans Category:RDA Staff Category:SecOps"
afa304eae5c5,Basketball Avatar (male),Avatar,species: *Human *Avatar | gender: Male | portrayed: Ilram Choi | first: ''Avatar'' | last: ''Avatar'',,"Basketball Avatar is one of the members of the Avatar Program in Hell's Gate in the year 2154. He is one of the 20 known original avatar drivers. Biography Avatar On Jake Sully's first day in his avatar, he was outside playing basketball with the female avatar host. She could not score and blamed her defense most of the time. It is not known whether this operator stayed on Pandora or left after the end of the battle for the Tree of Souls along with the rest of the RDA people. However, one of the avatars in the ending appears to look very similar to him, and given that there are supposed to be no more than 20 avatars in existence by 2154, there is a high chance he did stay. Trivia He could potentially be the unnamed male avatar, Ryder Masterson, Richard Carter, or Shirtless Avatar. However, he seems to bear facial differences from the Compound Avatar. Gallery Appearances Title Format Release date Details Avatar Film December 18, 2009 Portrayed by actor Ilram Choi. ru:Оператор ава"
afaeff8e7d06,Nefika,Avatar,species: Na'vi | gender: Female | first: ''Avatar: Frontiers of Pandora'' | portrayed: Tamara Brown,,"Nefika is a Na'vi in Avatar: Frontiers of Pandora. She is one of the greatest weavers of the Aranahe clan. She welcomes the Sarentu to their Hometree and helps them reconnect with their lost heritage. She has a daughter named Lurei from a previous relationship with Ongwi. Background Even as a child, Nefika was theatrical and loud. Her mother initially dissuaded her from weaving, but Nefika enjoyed creating vibrant designs and making up stories to go with them. Her peers made fun of her strange ideas though, and adults found her an attention-seeking pest. Insecure and lonely, she concentrated fully on her art, and over time, became known as one of the best weavers of her age. However, Nefika was still lonely. She had spent so much time crafting her persona that she was unsure of herself and her own needs. Her desire for connection as a child developed into a love of gossip and drama as an adult. Sharp-witted, she always had the upper hand with other people. Her insecurities drove her "
22e60ffbe20e,Minang,Avatar,species: Na'vi | gender: Female | first: ''Avatar: Frontiers of Pandora'' | portrayed: Natalie Sharp,,"Minang is a Na'vi in Avatar: Frontiers of Pandora. She is the Tsahìk of the Zeswa clan, and the sister of Nesim. Avatar: Frontiers of Pandora The Sarentu meets Minang for the first time in the Upper Plains. She arrives on a direhorse and teaches them how to tame these fleet-footed animals. Minang swore revenge on the RDA for murdering Pasuk, the zakru. Grief-stricken, she now takes on an aggressive role, something she normally balances out in her sister. In the battle at the RDA's Extractor Plant, Minang led the Zeswa to victory alongside Nesim which brought her some degree of peace. Personality and Traits Minang forges deep spiritual connections with the animals of the Upper Plains. As a cunning strategist and natural observer, she hopes the reemerged Na'vi will help them find the Sky People's weakness. Usually a counterweight to her sister's warrior instincts, Minang is shaken by the cruelty of the RDA, who threaten not only the delicate balance of nature in the Upper Plains, but"
2b057185cd08,Ka'nat,Avatar,species: Na'vi | gender: Male | first: ''Avatar: Frontiers of Pandora'' | portrayed: Chimwemwe Miller,"After Asahe was killed in an RDA ambush, the heartbroken Ka'nat put the well-being and safety of his clan above all and withdrew from the RDA. He admits that Asahe's death constantly reminds him of everything the RDA has taken from him and the clan. The rift between father and daughter deepened after Asahe's death, when Etuwa assumed the title of tsahìk.","Ka'nat is a Na'vi in Avatar: Frontiers of Pandora and the Olo'eyktan of the Aranahe clan. He is the father of Etuwa, the Tsahìk, although he views her as immature and expects the clan to see things his way. Background He is the only son of the previous Olo'eyktan and Tsahìk, and was always destined for clan leadership. He was taught to put the needs of the clan before himself. Early in his teen years he met the nosy Asahe, who he gradually fell in love with. When he became olo'eyktan, Asahe became the next Tsahik. Years later, the union brought forth their daughter, Etuwa. The bond between mother and daughter was strong, while Ka'nat remained slightly more distant as a father. After Asahe was killed in an RDA ambush, the heartbroken Ka'nat put the well-being and safety of his clan above all and withdrew from the RDA. He has been the olo'eyktan for a long time and is sure he knows what's best for his clan. The traditions of old have always served them well, whereas change - which his"
b0ee482890fc,Louis de Luca,Avatar,species: Human | gender: Male | portrayed: Alexander Cendese | first: ''Avatar: Frontiers of Pandora'',"Having killed the enemies, the Sarentu found Louis in the nearest cave by the smell of medicine, where he hoped that the medicine he had brought would please Priya more than the fact that he was actually driving a flying ship for the first time in his life.","Louis de Luca is a former RDA mercenary. He is now a member of the Resistance on Pandora. He is an ally of Priya Chen. Avatar: Frontiers of Pandora The Sarentu can first hear about Louis from Priya Chen. After repairing one of the field laboratories and contacting headquarters, the Sarentu learns about a certain pilot who was tired of the RDA and, having stolen a Scorpion full of medicine, decided to join the Resistance. However, as it turns out, Louis is not actually a pilot, so his Scorpion crashed somewhere in the jungle. When the Sarentu arrived at the site, RDA forces were already there. Having killed the enemies, the Sarentu found Louis in the nearest cave by the smell of medicine, where he hoped that the medicine he had brought would please Priya more than the fact that he was actually driving a flying ship for the first time in his life. The next time visiting the field laboratory, the Sarentu will receive a message from Louis about some suspicious RDA soldiers. The Sarentu "
6278fbf6e601,Ley'taw,Avatar,species: Na'vi | gender: Female | first: ''Avatar: Frontiers of Pandora'' | portrayed: Kim Nelson,,"Ley'taw is a Na'vi in Avatar: Frontiers of Pandora. Background Something of a loner who is friends with Tsu'kiri, Ley'taw prefers to spend time outside the Aranahe Hometree. She's comfortable in her own skin and quick to see the humor in a situation. This leads her to crack jokes, often in a rather blunt manner, and not much surprises her. It's clear that her life in the wild has rubbed the social niceties off her, but no matter how plain-spoken she may be, she is never intentionally cruel. She supports Etuwa as a leader over Ka'nat, unlike her friend Tsu'kiri. A skilled survivalist, she is the clan's lead gatherer and an impressive archer. Gathering in the Kinglor Forest is far from being an easy job, and she cares about the small group under her wing to a fault, ready to do everything to protect them. She cares deeply for her clan and their environment. With the RDA's return, she worries about the forest falling out of balance and wants everything put right again. Avatar: Frontier"
f51ce841c6c2,Nesim,Avatar,species: Na'vi | gender: Female | portrayed: Sagine Sémajuste | first: ''Avatar: Frontiers of Pandora'',,"Nesim is a Na'vi who is the leader of the Zeswa Clan in Avatar: Frontiers of Pandora. She is the sister of Minang. Avatar: Frontiers of Pandora A new Na'vi's arrival has brought new momentum to her drive, but only her sister's prudence keeps her from leading the clan into a fight they cannot win. Nesim arrives at the Resistance HQ in spectacular fashion, throwing a spear into the building to test the Sarentu's reflexes and courage. She says that no one can match Zeswa in this martial art, which irritates So'lek. Finally, Nesim gets to the point and says that she has learned that the Aranahe Clan have joined the fight against the RDA and that their clan, the Zeswa, also need help. Ri'nela decides to send the protagonist, and Nesim orders them to send a kite signal to her sister Minang, who serves as the clan's tsahìk. When the Sarentu arrives and raises the kite, Minang arrives riding a direhorse. A moment later, Nesim joins them and wants to engage the protagonist in the fight as so"
05d5072c5d97,Anufi,Avatar,species: Na'vi | gender: Female | first: ''Avatar: Frontiers of Pandora'' | portrayed: Maev Beaty,"She is a master healer but no longer practices herbalism, convinced that she killed the Sarentu clan with one of her remedies. When they finally found her and spoke to her, Anufi only stubbornly repeated that she was the one who killed their clan and showed them containers of supposed poison that was spread in the Circle of Songs. Later, Anufi takes a dying Mokasa to the Bloom of Echoes and stays with him as he dies.","Anufi is a Na'vi who is the tsahìk and a master healer of the Kame'tire clan in Avatar: Frontiers of Pandora. Her advisor was Mokasa. She wears a prosthetic arm created by the wood shaper, Uniluk, after she damaged the limb in an accident making medicines. She had slipped away in self-exile from the clan and found it easier to relate to the dead and the ancestors. Background Anufi is regal and charismatic, but over the years her voice has grown weak from the lack of speaking. In more lucid moments, her strong, commanding presence comes back, and she can cut people down with a word. She has lost her grip on reality after so long alone and lives haunted by the disappearance of the Sarentu clan. She is a master healer but no longer practices herbalism, convinced that she killed the Sarentu clan with one of her remedies. Avatar: Frontiers of Pandora Following the disappearance of the Sarentu clan Mokasa convinced her that she was responsible for their deaths, thus condemning her to ex"
a72643e0a159,Relun,Avatar,species: Na'vi | gender: Male | first: ''Avatar: Frontiers of Pandora'' | portrayed: Jim Codrington,,"Relun is a chef of the Aranahe Clan in Avatar: Frontiers of Pandora. Background Prior to Relun, his grandfather was the best cook the clan ever had. Although the clan usually partakes in communal cooking and eating, Relun also prepares special dishes for the whole clan and often invents new recipes. In a clan that values art above all else, Relun's cooking is seen as something of an art form itself. Despite his fiery temper and obsessive nature, younger Aranahe often compete to be apprenticed to him. He is a strict teacher, always expecting perfection, and is often prone to outbursts. Relun may seem annoyed by his students, but in reality, he enjoys the respect and renown he has among them and can often appear arrogant as a result. He wants to be even greater than his grandfather was, and his highly competitive nature leads him to expect the best from everyone. However, those who impress will find him readily excited to share his recipes and knowledge. Avatar: Frontiers of Pandora G"
5cd49d7a9335,Vefilu,Avatar,species: Na'vi | gender: Female | portrayed: Annick Obonsawin | first: ''Avatar: Frontiers of Pandora'',,"Vefilu is a Na'vi of the Aranahe Clan in Avatar: Frontiers of Pandora. She has a mother named Nawuk and a younger brother named Taheywu. She is found at the High Loom. Background Vefilu is generally liked by most Aranahe and is an accomplished hunter and scout. After her childhood friend Etuwa became tsahìk, Vefilu feels a great responsibility to protect her and help her on what she views as the right path for the clan even if she also sees the value in the traditional measured methods of Ka'nat. Vefilu is often embarrassed by her clumsy younger brother Taheywu and feels she needs to be exceptional to compensate for his mistakes and poor reputation to protect her family's honor. This, combined with her mother's previous shunning, can often drive her to increasingly daring feats as a hunter. Avatar: Frontiers of Pandora Kinglor Forest Vefilu can be found at several locations. During the main quest, she can be found at the High Loom camp. Later, she moves to a ridge near Blackwater B"
91fe7ae11d74,Akoray,Avatar,species: Na'vi | gender: Female | first: ''Avatar: Frontiers of Pandora'' | portrayed: Tennille Read,,"Akoray is a Na'vi of the Zeswa clan in Avatar: Frontiers of Pandora. Background As a crafter of dairy, Akoray's work takes place at the very heart of the clan, where she overhears everything there is to know and tall. She is a treasurer of private stories, and does her best to stay on the good side of hunters and scouts to hear the gossip from afar. Crafting delicate cheeses and drinks for their journeys, she is usually the first to hear the latest from the bordering clans. Thus she is the primary source of news for the Zeswa, but also the main originator of rumors, true or untrue, which bestow her with a special kind of power she doesn't always know how to control. Avatar: Frontiers of Pandora Quests The Wandering Clan Trivia NPC chatter implies that Akoray and Tukru have a secret relationship. A Zeswa man and woman discuss Akoray and Tukru sneaking away in the night and not being seen until morning. The two come to the conclusion that this cannot have been a coincidence, and seem"
7883a896d99a,Karmong,Avatar,species: Na'vi | gender: Female | first: ''Avatar: Frontiers of Pandora'' | portrayed: Maiko Munroe,"Tragically, her mother died on a hunt when she was young, but Karmong still feels that she is near when she rides.","Karmong is a Na'vi of the Zeswa clan in Avatar: Frontiers of Pandora. Background At an early age Karmong took after her mother, a brave hunter who was known for her prowess on a direhorse. Tragically, her mother died on a hunt when she was young, but Karmong still feels that she is near when she rides. While Karmong admires the skill and care of those who tend to the zakru, she finds them too slow for her taste; and in turn, she feels like a bad member of her clan. As such, she finds any excuse to travel on her own. She has been friends with Tamu since childhood, and he helps her deal with tasks within the clan. As a result, she stands up for him when he is uncomfortable standing up for himself. Avatar: Frontiers of Pandora Karmong can be found at the Welcoming Hand Zeswa camp in the center of The Stone Hold domain of the Upper Plains. Quests All's Fair (The Sky Breaker): Karmong is frustrated by her sister Tu'kari and Tamu. She believes they are too proud to admit their feelings f"
16eb2596581b,Kìn,Avatar,species: Na'vi | gender: Male | portrayed: Martin Roach | first: ''Avatar: Frontiers of Pandora'',,"Kìn is a Na'vi of the Zeswa clan in Avatar: Frontiers of Pandora. Background He is the garrulous dairy master of the clan and welcomes all, including the Sarentu, with a drink of zangke and stories of the clan and the Upper Plains. As an elder, he acts as an advisor to the tempestuous sisters and clan leaders, Minang and Nesim. He is also close friends with Sosul, the burden carrier, who lives apart from the clan. Avatar: Frontiers of Pandora The Sarentu first meets Kìn on the first visit to the Circle. Kìn advises them on who to chat with and asks the Sarentu to bring some zakru milk for a surprise involving a zakru. After introducing the Sarentu to Pasuk, Kìn invites them to fly celebratory kites as part of the Zeswa's tradition. The next time the Sarentu meets Kìn is in the Weeping Gorge, where he is visiting his friend Sosul. Kìn and the Sarentu persuade Sosul to leave a dangerous place. Quests Flavor of the Past: At Reyzu's request, the Sarentu brings Kìn a special gift, for "
d71f1ddd399c,Sosul,Avatar,species: Na'vi | gender: Male | first: ''Avatar: Frontiers of Pandora'' | portrayed: Curtis Legault,,"Sosul is a Na'vi and a former member of the Zeswa clan in Avatar: Frontiers of Pandora, but he rejoins during the game. He is Kìn's zangke drinking partner. Background Sosul was trained as a dairy maker by Kìn, with whom he developed a close friendship, but he always felt the need for a higher purpose to help his clan beyond his everyday work. When the cycle of renewal marked by tradition was complete, and the time to choose a Txoa Hena (Burden Carrier) arrived, he felt with certainty he must join the competitions. Thanks to his determination, he received the honor of collecting all the excessive physical weight of the clan into a large bundle, strapping it to his back, and walking off into the wilderness to allow his clan to travel light. Since then, he has led a solitary life, a recluse to his people, carrying the ritual weight, his burden, with him wherever he has gone. Eventually, he wandered into the Weeping Gorge, the zakru graveyard of the tales of his childhood, and befriende"
afde21a7e226,Famuk,Avatar,species: Na'vi | gender: Female | first: ''Avatar: Frontiers of Pandora'' | portrayed: Ramona Milano,,"Famuk is a Na'vi of the Kame'tire clan in Avatar: Frontiers of Pandora. Background Famuk is a Kame'tire artisan and mask-maker who spends her days mixing dyes and foraging for new ingredients for her masks. She is eager to keep clan traditions alive, and is one of the few people who puts up with her brother Uwol's inflexible and mean-spirited nature. However, much of the slack she offers him is due to her guilt. Famuk was foraging with Uwol's mate when, in a bit of fun, Famuk dared her to gather from a plant on a precarious tree branch over a thundering waterfall. As she reached the spot, the branch broke and she fell into the water which carried her over the falls, where she was dashed on the rocks below. The clan deemed it an unfortunate accident, but she blames herself. Her guilt grows each day, and as a result she puts up with Uwol's mistreatment and supports him in petty squabbles. Avatar: Frontiers of Pandora Quests Uwol's Shadow The Celebration Mural Gallery pl:Famuk ru:Фа"
546dc295ae6b,Hastu,Avatar,species: Na'vi | gender: Male | first: ''Avatar: Frontiers of Pandora'' | portrayed: Brian Doe Chua,,"Hastu is a Na'vi of the Kame'tire clan in Avatar: Frontiers of Pandora. Background Hastu is haunted by the disappearance of his mother, leaving him with his father Reyzu. He finds it difficult to fit in with the other young Kame'tire, but he likes to run with a crowd, which means he gets into trouble trying to be one of the gang. He has a crush on Keylu, who is drawn to him because she knows what it's like to lose a parent, although it's easier for her to just stay friends and keep things simple. Avatar: Frontiers of Pandora Quests Uwol's Shadow pl:Hastu ru:Хасту Category:Avatar: Frontiers of Pandora Characters Category:Na'vi Category:Kame'tire Members"
797d0932d5a9,Manwe,Avatar,species: Na'vi | gender: Male | first: ''Avatar: Frontiers of Pandora'' | portrayed: Eugene Clark,,"Manwe is a Na'vi of the Kame'tire clan in Avatar: Frontiers of Pandora. Background Manwe spends most of his time wandering the forest, looking for places with interesting acoustics for his throat singing. He seems very laid back, but has a growing resentment towards the human destruction of the forest. Jovial and friendly, he doesn't share much personally. Behind the facade, he possesses a deep melancholy and longs for the time when the Sarentu spread stories. Occasionally this will come out in song. Avatar: Frontiers of Pandora Quests Stories Old and New: Taka'ri is concerned Manwe is missing after possibly taking her story too literally. pl:Manwe ru:Манвэ Category:Avatar: Frontiers of Pandora Characters Category:Na'vi Category:Kame'tire Members"
050d305a6af4,Sa'ney,Avatar,species: Na'vi | gender: Female | first: ''Avatar: Frontiers of Pandora'' | portrayed: Nneka Atto,"After being attacked by a feral that almost killed her, she bears scars across her chest.","Sa'ney is a Na'vi of the Kame'tire clan in Avatar: Frontiers of Pandora. Background Since her mentor abandoned her, Sa'ney feels like others only let her down. Due to this, she prefers her own company and returns to The Hollows to bring food for the clan and to connect to Eywa, but otherwise, she roams as she pleases. After being attacked by a feral that almost killed her, she bears scars across her chest. She tracks the beast that injured her but does not kill it, believing there is no honor in ending the life of one that cannot be with Eywa. Avatar: Frontiers of Pandora Sa'ney refers the Sarentu to find Anufi. Quests Tracking the Past: Gallery pl:Sa'ney ru:Са’ней Category:Avatar: Frontiers of Pandora Characters Category:Na'vi Category:Kame'tire Members"
58ed697b95d4,Setral,Avatar,species: Na'vi | gender: Female | first: ''Avatar: Frontiers of Pandora'' | portrayed: Elizabeth Hanna,,"Setral is a Na'vi of the Kame'tire clan in Avatar: Frontiers of Pandora. Background Setral has been the caretaker at the trading post for as long as anyone can remember. She's watched generations of Na'vi gather to trade stories, good and meals. All of that started to fade when the Sarentu clan vanished. Gradually trade between the clans began to wane, as rumors of the Kame'tire's involvement in the disappearance began. Visitors eventually stopped coming at all. Members of her clan have approached Setral and tried to get her to move back to The Hollows, but she refuses to leave the home where she's always lived. She pretends she doesn't need people, but misses the stories, laughter and joy. Avatar: Frontiers of Pandora Quests Flavor of the Past pl:Setral ru:Сетрал Category:Avatar: Frontiers of Pandora Characters Category:Na'vi Category:Kame'tire Members"
be7ffab776c2,Taka'ri,Avatar,species: Na'vi | gender: Female | first: ''Avatar: Frontiers of Pandora'' | portrayed: Yanna McIntosh,,"Taka'ri is a Na'vi of the Kame'tire clan in Avatar: Frontiers of Pandora. Background A singer imbued with the history of her clan, Taka'ri knows everyone's story, past and present. She sings tales of the ancestors to honor them at clan gatherings but can also embarrass others by bringing up more recent things they would rather forget. Taka'ri is mysterious, a bit intimidating, and treated with great respect. She holds a deep understanding of her clan and the Clouded Forest that allows her to see patterns others do not, sometimes even predicting behavior. She will embellish events to add impact to her songs, even if someone may be hurt by it. She sees truth as something fluid because one's truth is different from someone else's. Avatar: Frontiers of Pandora Quests Stories Old and New: Taka'ri is concerned after Manwe has disappeared, concerned he took one of her stories too literally. pl:Taka'ri ru:Така’ри Category:Avatar: Frontiers of Pandora Characters Category:Na'vi Category:Kam"
2fc30cd4f45e,Tuntu,Avatar,species: Na'vi | gender: Male | first: ''Avatar: Frontiers of Pandora'' | portrayed: Callum Lurie,,"Tuntu is a Na'vi of the Kame'tire clan in Avatar: Frontiers of Pandora. Background When he's not goofing around with friends, Tuntu is a keen cook. He makes sure he and his big sister Keylu always eat together by preparing a good meal. After losing their parents, Tuntu struggles with change and is protective of Keylu. This can lead to friction as she likes her independence. Tuntu doesn't like Keylu's friendship with Hastu, believing him to be a bad influence, but his jealousy risks of pushing her further away. ru:Тунту pl:Tuntu Category:Avatar: Frontiers of Pandora Characters Category:Na'vi Category:Kame'tire Members"
33bd4c4149ed,Zamhil,Avatar,species: Na'vi | gender: Female | first: ''Avatar: Frontiers of Pandora'' | portrayed: Bridget Ogundipe,,"Zamhil is a Na'vi of the Kame'tire clan in Avatar: Frontiers of Pandora. Background Zamhil is a devoted hunter, but these days she spends much of her time as Anufi's caretaker. Over time, Zamhil has come to understand Anufi and her needs, becoming protective of her when visitors arrive. Zamhil is friends with Heykinak, and Zamhil encourages her to plan more and take fewer risks. Avatar: Frontiers of Pandora Quests Homecoming: Speaking to Zamhil begins this quest. The player must find Keylu, Reyzu/Setral, Uwol, and a storyteller. These quests include Stories Old and New, The Gentle Giant, Uwol's Shadow and Flavor of the Past. Gallery pl:Zamhil ru:Замхил Category:Avatar: Frontiers of Pandora Characters Category:Na'vi Category:Kame'tire Members"
1bcfbb4553d3,Nalin Laine,Avatar,species: Human | gender: Female | portrayed: Elizabeth Weinstein | first: ''Avatar: Frontiers of Pandora'',"When Hajir dies, Nalin becomes the Resistance's head medic.","Nalin Laine is a medic of the Resistance in Avatar: Frontiers of Pandora. Background Nalin is a medical researcher who came to Pandora in search of medical discoveries that could save people on Earth. However, she soon learned the Resources Development Administration didn't care about Earth and were looking to exploit a new world instead. Nalin joined the Resistance so she could make a real difference, but has since had to reconcile herself with the fact that she will never likely make it home back to her daughter Emely. Nalin records messages for her daughter even though she knows she'll never get them. She also plants things for her, imagining that her daughter will look up at Pandora from Earth. Avatar: Frontiers of Pandora Searching for a woman who left a mysterious tablet in The Threaded River, the Sarentu asks Nalin if she has anything to do with this, but she adamantly denies everything. The Sarentu can meet Nalin again in the kitchen and talk. She admits that she misses her"
6d6426fa39f4,Nawuk,Avatar,species: Na'vi | gender: Female | first: ''Avatar: Frontiers of Pandora'' | portrayed: Helen King,,"Nawuk is a Na'vi in Avatar: Frontiers of Pandora and Vefilu's and Taheywu's mother. Background A hard-working tanner, Nawuk is constantly striving for balance between being true to herself and causing friction in the clan. Her temper saw her shunned from the Aranahe for a short period of time, as she had repeated angry outbursts that questioned the wisdom of the clan. Her punishment was brief, and she has now been accepted back into the clan, but the experience wounded her pride. She now tries to conform to the unspoken social contract for the sake of her two children, but is finding it difficult. Avatar: Frontiers of Pandora Quests Crush: Nawuk saw a lone human fishing near the Threaded River. Nawuk chased her away. Nawuk was curious of the events after the fact and asked the Sarentu to investigate. Intelligence Group Apollo (From the Ashes): Nawuk was captured by RDA and held at Fort Apollo. So'lek would later free her. pl:Nawuk ru:Навук Category:Avatar: Frontiers of Pandora Char"
7331a989f6aa,Kayì,Avatar,species: Na'vi | gender: Male | portrayed: Ivan Smith | first: ''Avatar: Frontiers of Pandora'',"At Ka'nat's request, he shifted into the role of death doula for Asahe, comforting her and easing her pain before helping her return to Eywa. Avatar: Frontiers of Pandora
Kayì asks the Sarentu to help him say goodbye to the dying man and then find Tsu'kiri in the forest, who is mourning the death of their friend. Later, Kayì will ask the Sarentu to find Itu, who was literally devastated by the death of his Ikran Zomey, and to help the young hunter overcome the loss.","Kayì is a Na'vi in Avatar: Frontiers of Pandora. Background Kayì spent most of his adult life as a healer and medicine maker. When Asahe, the previous tsahìk was injured, it became clear there was nothing he could do to prevent her passing. At Ka'nat's request, he shifted into the role of death doula for Asahe, comforting her and easing her pain before helping her return to Eywa. Now, he serves as both a knowledgeable healer and an end-of-life guide for the clan. He is kind to those in his care but can be prickly and brusque when he believes injuries could have been easily avoided. Since he cared for Etuwa during the grief of her mother's passing, he has a soft spot for her. Avatar: Frontiers of Pandora Kayì asks the Sarentu to help him say goodbye to the dying man and then find Tsu'kiri in the forest, who is mourning the death of their friend. Later, Kayì will ask the Sarentu to find Itu, who was literally devastated by the death of his Ikran Zomey, and to help the young hunter ove"
8c551cdca47f,Uwol,Avatar,species: Na'vi | gender: Male | portrayed: Glen Gould | first: ''Avatar: Frontiers of Pandora'',"Uwol's mate was killed in a freak accident when she was with Uwol's sister, Famuk.","Uwol is a Na'vi of the Kame'tire clan in Avatar: Frontiers of Pandora. Background A loud voice who enjoys stirring trouble, Uwol keeps an ear to the ground for any juicy gossip to gain power within the clan. He likes to be the questioning voice to keep people in check and win favor with clan leaders. However, he may not apply the rules to himself. No one is really friends with him and they mostly tolerate him. He is very loyal to Mokasa, who he sees as a strong leader in contrast to Anufi, who is lost in her guilt. Mokasa uses Uwol to spread discontent, but Uwol thinks he is more of a right-hand man. Uwol's mate was killed in a freak accident when she was with Uwol's sister, Famuk. Avatar: Frontiers of Pandora Quests Uwol's Shadow pl:Uwol ru:Увол Category:Avatar: Frontiers of Pandora Characters Category:Na'vi Category:Kame'tire Members"
60c624a79fb2,Akru,Avatar,species: Na'vi | gender: Male | portrayed: Brian Webber | first: ''Avatar: Frontiers of Pandora'',,"Akru is a Na'vi of the Zeswa clan in Avatar: Frontiers of Pandora. Background The proud and jaunty master of kites, Akru oversees kite construction as well as the creation of Zeswa tents. An artist of the ephemeral, Akru must see these creations built and undone over and over as the Zeswa clan follows the unpredictable migrations of the zakru. As a perfectionist, Akru insists on realizing every detail with great care, and as a result feels some sadness at the loss of these works time and time again. Akru is often keen to share quality materials with those who have a similar thirst for artistic knowledge. Avatar: Frontiers of Pandora pl:Akru ru:Акру Category:Avatar: Frontiers of Pandora Characters Category:Na'vi Category:Zeswa Members"
5ed641c75dfc,Solali,Avatar,species: Na'vi | gender: Female | portrayed: Kathryn Davis | first: ''Avatar: Frontiers of Pandora'',,"Solali is a Na'vi of the Zeswa clan in Avatar: Frontiers of Pandora. Background Solali grew up listening to her grandma's heroic tales with her sister. But unlike Woai, she focused on Yarun's recounting of the great inter-clan games of old. The playful nature of these war-like celebrations of athletic power and competition was inspiring for Solali and she has worked hard to become the best athlete in the clan. She hopes to one day be a victor like her grandmother, and now that the Sarentu have returned, Solali hopes the Great Games will return too. She is extremely knowledgeable when it comes to weapons. She has a close but competitive friendship with Tu'kari. She also owns a heavy bow that supports poison arrows. Avatar: Frontiers of Pandora pl:Solali ru:Солали Category:Avatar: Frontiers of Pandora Characters Category:Na'vi Category:Zeswa Members"
ec0032571a66,Heykinak,Avatar,species: Na'vi | gender: Female | portrayed: Oyin Oladejo | first: ''Avatar: Frontiers of Pandora'',,"Heykinak is a Na'vi of the Kame'tire clan in Avatar: Frontiers of Pandora. Background Heykinak lost her best friend at a young age to a thanator attack. It happened despite all the precautions the clan put in place to guard against it. Since then, she's fostered the attitude that there's no point in thinking about the future. The end could come at any moment, and even the best laid plans won't prevent it. She has a friend and balancing force in Zamhil, who encourages her to plan more and take fewer risks. Heykinak sometimes feels Zamhil is holding her back, while her own carelessness causes friction in the friendship. Heykinak is a skilled weapon crafter among the clan, and is always willing to share her designs. Avatar: Frontiers of Pandora pl:Heykinak ru:Хейкинак Category:Avatar: Frontiers of Pandora Characters Category:Na'vi Category:Kame'tire Members"
e56178293144,Woai,Avatar,species: Na'vi | gender: Female | portrayed: Malia Baker | first: ''Avatar: Frontiers of Pandora'',,"Woai is a Na'vi of the Zeswa clan in Avatar: Frontiers of Pandora. Her father is Faiu. Background alt=A direhorse with red, black, and white markings standing in a grassy field.|thumb|The direhorse mare retrieved for Woai by the Sarentu during the quest A Father's Fear|left|248x248pxWoai was always a curious child who cherished her grandma's stories of adventure and dreamed of seeing the furthest reaches of the grasslands. But, due to his own traumas, her father has tried to keep her away from the direhorse and closer to the protective zakru. Seeing Woai grow bored with the repetitive tasks of zakru care, her grandfather Kìn took her under his wing and taught her dairy craft, a more creative activity. But though the art of dairy was meant as a compromise between her interests and her father's wishes, Woai remains unconvinced. Trivia Her and Wu'ati are the only known Na'vi in the entire Avatar franchise whose names begins with the letter W. In background chatter within The Circle, NPC"
2f2bdf757ba4,Faiu,Avatar,species: Na'vi | gender: Male | portrayed: Lindsay Owen Pierre | first: ''Avatar: Frontiers of Pandora'',,"Faiu is a Na'vi of the Zeswa clan in Avatar: Frontiers of Pandora. He is the father of Woai. Background Unlike other Zeswa direhorse riders, Faiu prefers to get around on his ikran, Anara. He has a deeply seated distrust for the direhorse due to a childhood accident. Since then, Faiu has found a remedy to his insecurities in the thrill of adventure, where accomplishing increasingly dangerous feats enhances his sense of control. On the other hand, he has discouraged his daughter from pursuing her dreams of becoming a rider. When he is not at the heart of the party, Faiu tends to vanish without notice, only to come back telling tall tales of exhilarating danger in his loud and boisterous manner. Avatar: Frontiers of Pandora Quests A Father's Fear Gallery pl:Faiu ru:Файю Category:Avatar: Frontiers of Pandora Characters Category:Na'vi Category:Zeswa Members"
87d31ed01a85,Shanaya Levin,Avatar,species: Human | gender: Female | portrayed: Claudia Leira | first: ''Avatar: Frontiers of Pandora'',,"Shanaya Levin is a member of the Resistance in Avatar: Frontiers of Pandora. She is a former RDA employee. Avatar: Frontiers of Pandora Priya Chen contacts the Sarentu and tells them something strange: a whole squad of deserters lost contact with her, so the Sarentu needs to find them before the RDA does. Priya also advises caution: Levin is not the type to desert so easily, so this could be a trap. Arriving at the scene and tracking down the deserters, the Sarentu meets Levin in a cave: one of her soldiers has been spat on by some local creature, and they urgently need an antidote. Unfortunately, the first aid kit from the truck is no longer any good, so Levin decides to call the RDA squad for extraction and ask them to bring the medicine. Returning to the cave with the antidote, the Sarentu can learn from Levin what happened. As it turns out, having learned about talk of desertion in her unit, she turned in her fellow soldiers, hoping that they would be sent to scrub toilets or lo"
05e5abce5d18,Reyzu,Avatar,species: Na'vi | gender: Male | portrayed: Amir Sám Nakhjavani | first: ''Avatar: Frontiers of Pandora'',,"Reyzu is a Na'vi of the Kame'tire clan in Avatar: Frontiers of Pandora. Background Reyzu, the totem maker, longs for the past. His mate became distant as the Kame'tire clan dissolved, and one morning she was gone without a trace. He believes she will still return, and that when she does, everything will be normal again. In the meantime, he hoped his son Hastu would follow in his craft, but he also left to forge his own path in The Hollows. As a consummate craftsman, Reyzu divides his time between making totems in the time-honored Kame'tire tradition and working on new designs. Avatar: Frontiers of Pandora Quest Flavor of the Past pl:Reyzu ru:Рейзу Category:Avatar: Frontiers of Pandora Characters Category:Na'vi Category:Kame'tire Members"
eec8d983d0dd,Uniluk,Avatar,species: Na'vi | gender: Male | portrayed: Craig Lauzon | first: ''Avatar: Frontiers of Pandora'',,"Uniluk is a Na'vi of the Kame'tire clan in Avatar: Frontiers of Pandora. Background Uniluk is the last remaining artisan woodshaper. When Anufi damaged her arm, he created her beautiful prosthetic. However, when she withdrew from the clan, he lost faith in his abilities. He became obsessed with a mythical wood said to have been used by the very first woodshaper. He was convinced this would give him the inspiration he needed to become the ultimate woodshaper with the power to unite the clan. Avatar: Frontiers of Pandora With the reunion of the clan, his woodshaping skills make his talents popular with many. pl:Uniluk ru:Унилук Category:Avatar: Frontiers of Pandora Characters Category:Na'vi Category:Kame'tire Members"
06a1bbe7dda4,Tukru,Avatar,species: Na'vi | gender: Male | portrayed: Richard Young | first: ''Avatar: Frontiers of Pandora'',,"Tukru is a Na'vi of the Zeswa clan in Avatar: Frontiers of Pandora. He is an artist who also cares for zakru. Background Tukru's most cherished memories are of growing up among the painters of zakru, playing 'war paint' with other kids, throwing fistfuls of powdered pigments to each other among the looming masses of the sleeping beasts. To him, the zakru felt like mountains. It was as though his mock fights with the other children were set among valleys, ravines, and tall cliffs that ended up adorned by the colorful patterns imprinted by their projectiles. He found in the creativity of those early games his calling, and in their rambunctiousness he developed his character. Fond of zangke, wrestling, and the most rowdy of celebrations in The Circle (the clan home), Tukru lives and breathes partying whenever he is not painting. He has had frequent fights with his daughter Noka'pe. Avatar: Frontiers of Pandora Quests The Celebration Mural Trivia His name is Na'vi for ""spear"". NPC cha"
40ae5dcf0d3f,Kady Winslow,Avatar,species: Human | gender: Female | portrayed: Rebecca Auerbach | first: ''Avatar: Frontiers of Pandora'',,"Kady Winslow is a member of the Resistance in Avatar: Frontiers of Pandora. She is a recent defector of the RDA who did not fall for their propaganda against the Na'vi. Background Three generations of Kady's family on her mother's side were in the military and worked for the RDA, and her grandparents even met at boot camp. All of her relatives were loyal to the RDA to the core, but Kady contacted Priya shortly after arriving on Pandora, having just learned what the RDA were doing to the world. Quests Lightning in the Hand: At Priya Chen's request, the Sarentu is tasked with assisting Kady who was leaking valuable data to the Resistance while working for the RDA, but was eventually caught. After fighting through a formidable defense, the Sarentu rescues Kady from a trap in the outpost's control center. Trivia This is the third time a Winslow has appeared in the Avatar series, the first being Winslow and the second being Josh Winslow. It is unknown whether any of the three are relate"
b9a05b5b020f,Taheywu,Avatar,species: Na'vi | gender: Male | portrayed: Leonidas Castrounis | first: ''Avatar: Frontiers of Pandora'',,"Taheywu is a Na'vi in Avatar: Frontiers of Pandora. Background A clumsy artisan, Taheywu struggles to find his place among his peers. He admires Nefika and wants to be a great student but constantly makes mistakes. Other students are embarrassed by his mistakes and tend to ignore him. His awkward fumbling is at odds with a clan that values beauty, artistry and elegance. His older sister Vefilu is great hunter, and his mother Nawuk is a great artist. He feels he needs to honor family values and traditions by choosing one of these paths. His clumsiness precluded him from hunting so he turned to art. Smitten with fellow weaving apprentice, Koranu, this is the first time he has ever been in love and is desperate for advice. He's determined to show his love through actions. He has a romanticized view of the world, especially his love. He's willing to see the good in everyone and is desperate to prove himself worthy. Avatar: Frontiers of Pandora Quests Teachable Moment pl:Taheywu ru:Та"
f846685c1a8a,Nilngan,Avatar,species: Na'vi | gender: Male | portrayed: Lorne Cardinal | first: ''Avatar: Frontiers of Pandora'',,"Nilngan is a Na'vi in Avatar: Frontiers of Pandora. Background Nilngan is a fierce traditionalist. He is a skilled musician, and, aside from Lurei, he is the clan's only solo performer. A bit older than Ka'nat, Nilngan was childhood friends with him and trusts him with his life. He believes Ka'nat knows what is best for the clan, and that Etuwa should listen to her father. He also has a fascination with the stars, having been educated and trained in their study by his father. Nilngan shared a deep bond with him, and after his passing, he cemented himself even more in the stability of stars and the precise technique of his music. Lurei convinced him to take her on as his apprentice, and she soon surpassed him, becoming a solo musician herself. This dented Nilngan's ego a little. Unlike her, he does not play out of a desire for attention, but out of genuine love of the art. Avatar: Frontiers of Pandora Quests The Sound of Night (part two): ru:Нилнган pl:Nilngan Category:Avatar: Fron"
74cf57451af5,Hawm,Avatar,species: Na'vi | gender: Female | portrayed: Marcia Kash | first: ''Avatar: Frontiers of Pandora'',,"Hawm is a Na'vi of the Zeswa clan in Avatar: Frontiers of Pandora. Background Raised in the Kame'tire clan as a herbalist, in her youth Hawm traveled to the Upper Plains to compete in the inter-clan games. Fascinated with the endless excitement of the Zeswa, Hawm decided to stay. She became a brewer of zangke and soon her experimental blends became quite popular. Decades later, she feels at home among her new clan, which she finds warm and welcoming, if a bit loud. Every time the clan sets camp in a new location, Hawm sets up one for herself in a solitary place, from which she can contemplate the mushroom-shaped rocks that remind her of her original home. Avatar: Frontiers of Pandora Audio logs Resistance Field Data: Kame'tire song none|300px ru:Хаум pl:Hawm Category:Avatar: Frontiers of Pandora Characters Category:Na'vi Category:Zeswa Members"
bb5815d1793b,Noka'pe,Avatar,species: Na'vi | gender: Female | portrayed: Nicole Nwokolo | first: ''Avatar: Frontiers of Pandora'',,"Noka'pe is a Na'vi of the Zeswa clan in Avatar: Frontiers of Pandora. Background Noka'pe the crafter grew up in a large loud family. The youngest of many siblings, she came to relish moments of peace and quiet, annoyed by the chaos around her. She learned to cut through the loudness with anger, and had frequent fights with her father, Tukru. She was closest with her brother, Sosul, whose more poetic inclinations she found soothing. When Sosul decided to take the burden and leave the clan, she was deeply disappointed and isolated herself from her family, keeping a close tie only with her niece Woai. Avatar: Frontiers of Pandora pl:Noka'pe ru:Нока’пе Category:Avatar: Frontiers of Pandora Characters Category:Na'vi Category:Zeswa Members"
a4260bd02ed9,Tu'kari,Avatar,species: Na'vi | gender: Female | portrayed: Humberly Gonzalez | first: ''Avatar: Frontiers of Pandora'',,"Tu'kari is a Na'vi of the Zeswa clan in Avatar: Frontiers of Pandora. Background Tu'kari is a smug athlete and self-proclaimed champion of dance fighting, the wrestling-like competition of the Zeswa clan. Something of a show-off, she has found it difficult to get herself noticed as a fighter due to being a child of a family of crafters, and a younger sibling of Karmong's. She has a close but competitive friendship with Solali. She has a crush on Tamu. Avatar: Frontiers of Pandora Quests All's Fair (The Sky Breaker): Gallery pl:Tu'kari ru:Ту’кари Category:Avatar: Frontiers of Pandora Characters Category:Na'vi Category:Zeswa Members"
a35dd2237195,Fa'zak,Avatar,species: Na'vi | gender: Female | portrayed: Amanda Kellock | first: ''Avatar: Frontiers of Pandora'',"However, when her mate was killed in a skirmish with the RDA, she left the craft and never looked back. Afterwards, she became a caretaker of the zakru, but she never fully moved on from her beloved partner's death.","Fa'zak is a Na'vi of the Zeswa clan in Avatar: Frontiers of Pandora. Background Fa'zak was once a kitemaker, a craft she practiced with her mate Naku. However, when her mate was killed in a skirmish with the RDA, she left the craft and never looked back. Afterwards, she became a caretaker of the zakru, but she never fully moved on from her beloved partner's death. Avatar: Frontiers of Pandora Quests The Wind Will Carry Us pl:Fa'zak ru:Фа’дзак Category:Avatar: Frontiers of Pandora Characters Category:Na'vi Category:Zeswa Members"
9938b624237d,Novao,Avatar,species: Na'vi | gender: Male | portrayed: Kevin Duhaney | first: ''Avatar: Frontiers of Pandora'',,"Novao is a Na'vi of the Zeswa clan in Avatar: Frontiers of Pandora. Avatar: Frontiers of Pandora Personality and Traits Novao is the kind of creative who is useless at just about anything else. He can come up with the most startingly inventive dishes, but he ruins as many as he creates and has no filter to tell if something is good or not. He takes others' supplies without asking, never cleans his pots, and infuriates everyone around him with his thoughtlessness - but everyone has to admit that when he succeeds, he makes the best food they've ever tasted. While flighty, he is willing to share his recipes with those who show an interest in cooking. pl:Novao ru:Новао Category:Avatar: Frontiers of Pandora Characters Category:Na'vi Category:Zeswa Members"
d40b5062da19,Niwin,Avatar,species: Na'vi | gender: Male | portrayed: Tareek Talati | first: ''Avatar: Frontiers of Pandora'',,"Niwin is a Na'vi of the Zeswa clan in Avatar: Frontiers of Pandora. Avatar: Frontiers of Pandora Personality and Traits Apprentice of Faiu, the whimsical adventurer, Niwin struggles to keep up not due to inability or lack of skill, but the lack of experience combined with his mentor's unpredictability. Niwin is in fact a skilled ikran rider and a reliable scout. While he is persistent in his efforts, he is often prone to overlooking important matters in his rush, which causes all kinds of trouble. Gallery pl:Niwin ru:Нивин Category:Avatar: Frontiers of Pandora Characters Category:Na'vi Category:Zeswa Members"
12cf0c57d4c5,Namtet,Avatar,species: Na'vi | gender: Male | portrayed: Daniel Matmor | first: ''Avatar: Frontiers of Pandora'',,"Namtet is a Na'vi of the Kame'tire clan in Avatar: Frontiers of Pandora. Background Namtet is the leader of the Kame'tire storytellers' group. The group acts out the stories brought from other clans and traditionally, the Sarentu. Since the loss of the Sarentu, the storytelling arts of the Kame'tire have struggled to stay alive, and the lack of new stories makes Namtet feel invisible and worthless. He is determined to rebuild this performance art and believes it will bring life back to the clan. Avatar: Frontiers of Pandora Quests The Dark Theater ru:Намтет pl:Namtet Category:Avatar: Frontiers of Pandora Characters Category:Na'vi Category:Kame'tire Members"
6488b4d7c440,Farid Bensalem,Avatar,species: Human | gender: Male | portrayed: Tareek Talati | first: ''Avatar: Frontiers of Pandora'',,Farid Bensalem is a member of the RDA in Avatar: Frontiers of Pandora. He is a cousin of Anqa Salaam. ru:Фарид Бен-Салем Category:Avatar: Frontiers of Pandora Characters Category:Humans Category:RDA Staff
bfd37950f949,RDA Soldier,Avatar,first: ''Avatar: Frontiers of Pandora'',,"SecOps soldiers of the Resources Development Administration Variants Soldier Common RDA SecOps infantry. Usually deployed together in a squad with at least one AMP. Soldiers form the backbone of the SecOps, the RDA's military branch. They are relatively vulnerable in Pandora's hostile environment, and as such, are often accompanied by AMP suits. Their strengh lies in their numbers and the ability to overwhelm their opponent. That said, even a single soldier can be dangerous when overlooked. They use the CARB Assault Rifle as their main weapon. Soldier Elite A high rank infantry soldier, an expert in coordinated group tactics equpped with explosive grenades. Veteran who distinguish themselves will move up the ranks and receive training in aggresive tactics that make full use of thei extensive combat experience. They are also trusted with fragmentation grendaes, making them capable of taking on enemies far more substantial than themselves. They also use the CARB Assault Rifle as"
0197d54109d3,Leykuni,Avatar,species: Na'vi | gender: Male | portrayed: Scott Humphrey | first: Avatar: Frontiers of Pandora | last: Avatar: Frontiers of Pandora,"Personality and Traits
Unlike his brother, Efra, Leykuni is fierce and reckless, an attitude which was amplified after the death of the clan's previous olo'eyktan during a Mangkwan raid.","Leykuni is a member of the Tlalim clan. Biography Leykuni is one the youngest outriders his clan has ever seen. From the moment Leykuni was able to bond with his ikran, it was clear he had the tenacity and grit to be an outrider and that's exactly what he wanted to be. His parents are proud of him but often worry as it such a dangerous position. They actually like the fact that Efra, Leykuni's brother, is in a safer position as a rigger, even though Efra doesn't feel the same way. Leykuni does notice this and resents not being allowed to boast his tales of heroism to his younger sibling without worrying his parents. Leykuni tried to protect one of the gondolas from the Mangkwan attack, but he was injured and went down in the crash. As the RDA searched the wreckage for signs of the Resistance or Sarentu, Leykuni stood firm, refusing to give up. From the Ashes Leykuni can first be encountered standing on a Tlalim airship flying next to the Aranahe hometree, with his brother Efra sitt"
dbc4114d221c,Lance Bishop,Alien vs Predator,species: Synthetic | gender: Masculine programming | status: Deactivated as of August 2179 | actor: Lance Henriksen,"At Hadley's Hope
Following the loss of most of the unit and their dropship, Bishop initially focused his efforts on continuing to study the deceased Facehuggers, hoping to find some weaknesses that may help the survivors combat the Xenomorphs. Hicks and Newt were killed in the crash, while Bishop's remains were deemed irreparable and dumped on the prison colony's scrapheap. In the film, his character is killed by the titular cyborg; this, combined with his deaths in Aliens and Alien vs.","Lance BishopBishop's name is seen as ""L. Bishop"" on a monitor in the film, and as all the USCM characters (except those whose names are given) share their first name with the actor portraying them, it can be assumed his first name is Lance. was a Hyperdyne Corporation model 341-B synthetic technician with the United States Colonial Marine Corps, assigned to 2nd Battalion Bravo Team. He served as Executive Officer aboard the , and as such was part of the combat unit deployed to LV-426 in 2179, to investigate the sudden loss of contact with the colony of Hadley's Hope. He was subsequently involved in combating the infestation at the colony. As a technician, Bishop was not part of the squad's combat personnel, although he used his non-combat skills to aid in the escape of the survivors from the colony. He survived the incident along with Ellen Ripley, Corporal Hicks and Rebecca Jorden, although he was seriously damaged and later deactivated by Ripley at his own request. Biography Early"
1e2f74b6372e,Alexander Apone,Alien vs Predator,"species: Human | gender: Male | status: K.I.A. as of July 27, 2179 | actor: Al Matthews","He subsequently perished as a result of the  infestation at the colony. The survivors who escaped the ambush later discovered that Apone had not been killed in the attack, but was presumably being used as a host for a Chestburster inside the Hive. It remains unclear whether he died from the Chestburster, or whether he was killed by the detonation of the Atmosphere Processing plant's reactor.","Master Sergeant Alexander ""Al"" Apone was a member of the United States Colonial Marine Corps, part of 2nd Battalion Bravo Team. He was the senior non-commissioned officer with the combat unit deployed to LV-426 aboard the in 2179, to investigate the sudden loss of contact with the colony of Hadley's Hope. He subsequently perished as a result of the infestation at the colony. Despite a sometimes antagonistic relationship with some of the Marines under his command, notably Private Hudson, Apone was greatly respected by his men. He was taken by the Aliens in the Hive during the early stages of the operation, and was most likely subsequently impregnated with a Chestburster. Biography Early life Al Apone was born in Detroit, Michigan in 2137. Little is known about his early life or how, why and when he joined the USCM. He later achieved the rank of Master Sergeant. He was selected for the mission to Hadley's Hope due to his expertise in on-the-ground logistics and exemplary leadership a"
d98b2b455809,Colette Ferro,Alien vs Predator,"species: Human | gender: Female | status: K.I.A. as of July 27, 2179 | actor: Colette Hiller","She subsequently perished as a result of the  infestation at the colony. She was killed when a Xenomorph attacked her in-flight as she sat at the controls. Her death resulted in the loss of the dropship itself and the destruction of the squad's APC, leaving the few surviving Marines stranded and with little usable equipment.","Corporal Colette Ferro was a Cheyenne dropship pilot for the United States Colonial Marine Corps, part of 2nd Battalion Bravo Team. She was a member of the combat unit deployed to LV-426 aboard the in 2179, to investigate the sudden loss of contact with the colony of Hadley's Hope. She subsequently perished as a result of the infestation at the colony. During the mission to Hadley's Hope, Ferro piloted the dropship Bug Stomper, assisted by copilot Private Spunkmeyer. She was killed when a Xenomorph attacked her in-flight as she sat at the controls. Her death resulted in the loss of the dropship itself and the destruction of the squad's APC, leaving the few surviving Marines stranded and with little usable equipment. Biography Mission to LV-426 thumb|left|Ferro during the drop to LV-426. It was Ferro's job to deliver the Marines' APC to the surface of LV-426, as well as providing aerial reconnaissance and support during the mission. Once the colony had been secured, Ferro set down "
9462d1d6b814,William Hudson,Alien vs Predator,"species: Human | gender: Male | status: K.I.A. as of July 27, 2179 | actor: Bill PaxtonAndrew Bowen","Upon returning to the APC Hudson was further injured when a Xenomorph's acid blood burned his arm after Hicks killed it with his shotgun. Ambush aftermath

Following the disastrous ambush, Hudson discovered that — judging by their vital signs — Apone and Corporal Dietrich had not been killed in the ambush, but had instead been taken alive by the Xenomorphs. Hudson's ultimate fate is unknown, though it was likely that he was cocooned and impregnated with a Chestburster; the Chestburster later killed him when it reached maturity and birthed.","Private First Class William L. Hudson was a combat technician in the United States Colonial Marine Corps, part of 2nd Battalion Bravo Team. He was a member of the combat unit deployed to Acheron aboard the in 2179, to investigate the sudden loss of contact with the colony of Hadley's Hope. He was subsequently involved in combating the infestation at the colony. Hudson was part of First Squad's gun team, along with Private Vasquez. He was also the squad's leader, although Sergeant Apone assumed nominal command for the initial operation at Hadley's Hope. Hudson was also designated First Squad's Motion Tracker operator. He was among the last to perish in the incident, and was taken during a Xenomorph ambush, likely cocooned to be used as a host for a Chestburster. Biography Joining the Colonial Marines Hudson was not a career soldier — he joined the Colonial Marines on a 10-year deployment chiefly for the pension he would receive at the end of his service. With this money, he intende"
91534d86b582,Jenette Vasquez,Alien vs Predator,"species: Human | gender: Female | status: K.I.A. as of July 27, 2179 | actor: Jenette Goldstein","Ambush and death of Drake
thumb|left|Vasquez opening fire with her Smartgun inside the Atmosphere Processor. After discovering the remains of the Hadley's Hope colonists, who had been used as hosts for Xenomorphs, the section was ambushed by a horde of Warriors and even though Vasquez and Drake provided heavy covering fire with their Smartguns, many Marines were taken or killed. Last stand and death
thumb|left|Vasquez firing her Pulse Rifle in the ducts.","Private First Class Jenette Vasquez was a Smartgun operator with the United States Colonial Marine Corps, part of 2nd Battalion Bravo Team. She was the sister of Carmen Vasquez. Jenette was a member of the combat unit deployed to LV-426 aboard the in 2179, to investigate the sudden loss of contact with the colony of Hadley's Hope. She was subsequently involved in combating the infestation at the colony. Vasquez was part of First Squad's gun team, along with Private Hudson. She had a long history with fellow Smartgun operator Private Mark Drake, and the two shared a close, possibly romantic relationship. Vasquez was among the last to perish in the incident, committing suicide with Lieutenant Gorman rather than be captured by the Xenomorphs for impregnation. Biography Early life Vasquez had a younger sister named Carmen who apparently looked up to her, no doubt in part due to Vasquez's protective role in their relationship. Originally born outside of the United States, her means of e"
d7490184298e,Cynthia Dietrich,Alien vs Predator,"species: Human | gender: Female | status: K.I.A. as of July 27, 2179 | actor: Cynthia Dale Scott","Capture and death

Upon entering the Atmosphere Processor, the Marines discovered the Xenomorph Hive and had to give up their Pulse Rifle ammunition to prevent gunfire from damaging the Processor's reactor, although Dietrich herself, armed with a flamethrower, was exempt from the confiscation. Dietrich immediately began medical treatment, ignoring Mary's desperate pleas for death, naively trying to reassure her that she was going to be OK. As she was hauled away, Dietrich accidentally discharged her flamethrower in a blind panic, engulfing Frost in the stream of fire, and with him, the confiscated Pulse Rifle ammunition he had been carrying; the subsequent explosion killed Private Crowe and injured Private Wierzbowski, who was then attacked by a Warrior and either captured or killed.","Corporal Cynthia Dietrich was a Hospital Corpsman with the United States Colonial Marine Corps, part of 2nd Battalion Bravo Team. She was a member of the combat unit deployed to LV-426 aboard the in 2179, to investigate the sudden loss of contact with the colony of Hadley's Hope. She was subsequently involved in combating the infestation at the colony. Dietrich was part of Second Squad's rifle team, along with Private Frost. She was taken by the Aliens during the early stages of the operation and was most likely subsequently impregnated with a Chestburster. Biography Mission to LV-426 Upon waking from hypersleep aboard the Sulaco, Dietrich found herself immediately aggravated by Private Drake's complaining. She later took the chance to practice her hand-to-hand combat techniques with Private Frost in the Sulaco's hangar bay before Lieutenant Gorman briefed the team on the mission. After landing on LV-426, Dietrich and the other Marines began to sweep the complex for survivors, du"
c29d8a96ba30,Trevor Wierzbowski,Alien vs Predator,species: Human | gender: Male | status: M.I.A. | actor: Trevor Steedman,"He subsequently perished as a result of the  infestation at the colony. He was lost during the early stages of the operation, although it is unclear if he was killed outright or taken and later impregnated with a Chestburster. While it is beyond doubt that he subsequently perished — either killed by a Xenomorph or carried away to be host to a Chestburster — the lack of a body led to Wierzbowski being officially listed as M.I.A.","Private Trevor Wierzbowski, nicknamed ""Ski"",Apone refers to Wierzbowski as ""Ski"" on at least two occasions in the film. was a member of the United States Colonial Marine Corps, part of 2nd Battalion Bravo Team. He was a member of the combat unit deployed to LV-426 aboard the in 2179, to investigate the sudden loss of contact with the colony of Hadley's Hope. He subsequently perished as a result of the infestation at the colony. Wierzbowski was part of First Squad's rifle team, along with Private Crowe. He was lost during the early stages of the operation, although it is unclear if he was killed outright or taken and later impregnated with a Chestburster. Biography Processor ambush Inside the Atmosphere Processing Plant at Hadley's Hope, Wierzbowksi was one of the first to come to the aid of Private Frost and Corporal Dietrich when the Marines were first ambushed by Warriors, not realizing the bag containing the section's confiscated Pulse Rifle ammunition was on fire at the scene. "
a9e5ff104d38,Tim Crowe,Alien vs Predator,"species: Human | gender: Male | status: K.I.A. as of July 27, 2179 | actor: Tip Tipping","He subsequently perished as a result of the  infestation at the colony. He was killed during the early stages of the operation when the squad's Pulse Rifle ammunition, being carried in a bag to prevent its use, cooked off in a fire, causing an explosion. However, Tipping's real first name was Timothy and his birth name is Tim Tipping.http://www.imdb.com/name/nm0864150/bio

Appearances
/
 
Blowback
Deep Black 
Alien: Into Charybdis 

Non-canon
Aliens Adventure Game 
Aliens: Nightmare Asylum 

Retconned appearances
Aliens: Book One 

Gallery

References

Category:Colonial Marines
Category:Hadley's Hope detachment
Category:Humans
Category:Deceased
Category:Aliens (film) characters
Category:USS Sulaco crew
Category:2nd Battalion Bravo Team
Category:Military personnel","Private Tim Crowe was a member of the United States Colonial Marine Corps, part of 2nd Battalion Bravo Team. He was a member of the combat unit deployed to LV-426 aboard the in 2179, to investigate the sudden loss of contact with the colony of Hadley's Hope. He subsequently perished as a result of the infestation at the colony. Crowe was part of First Squad's rifle team, along with Private Wierzbowski. He was killed during the early stages of the operation when the squad's Pulse Rifle ammunition, being carried in a bag to prevent its use, cooked off in a fire, causing an explosion. Biography Mission to LV-426 During preparations for the drop on LV-426, Crowe helped to move heavy supplies around the Sulaco's hangar bay using a small motorized cart. During the drop itself, Crowe and Private Frost bantered about the latter's tendency to imply that every drop was going to turn into a disaster; Frost joked that when they returned without Crowe, he'd make sure to call his parents and let"
da5c235216db,Ricco Frost,Alien vs Predator,"species: Human | gender: Male | status: K.I.A. as of July 27, 2179 | actor: Ricco Ross",He subsequently perished as a result of the  infestation at the colony. He was killed by friendly fire inside the Hive when Dietrich accidentally set him alight with her flamethrower. thumb|Frost falls to his death.,"Private First Class Ricco Frost, nicknamed ""Frosty"" or the ""Zen Master"" owing to his cool attitude, was a member of the United States Colonial Marine Corps, part of 2nd Battalion Bravo Team. He was a member of the combat unit deployed to LV-426 aboard the in 2179, to investigate the sudden loss of contact with the colony of Hadley's Hope. He subsequently perished as a result of the infestation at the colony. Frost was part of Second Squad's rifle team, along with Corporal Dietrich, and was also a skilled martial artist, holding a first-degree black belt in the Marine Corps Martial Arts Program. He was killed by friendly fire inside the Hive when Dietrich accidentally set him alight with her flamethrower. Biography Mission to LV-426 thumb|left|Frost readying a Pulse Rifle. Frost spent breakfast aboard the Sulaco reminiscing about past operations with his fellow Marines, particularly one deployment when the group engaged in relations with a group of Arcturians; unfortunately for Fros"
ce753c8c448b,Daniel Spunkmeyer,Alien vs Predator,"species: Human | gender: Male | status: K.I.A. as of July 27, 2179 | actor: Daniel Kash","He subsequently perished as a result of the  infestation at the colony. He was killed when a Xenomorph stowed away on board, ultimately causing the dropship to crash. Death
When Corporal Hicks called for a pickup following the disastrous battle in the Atmosphere Processor, Ferro ordered Spunkmeyer, who had gone outside, back to the dropship.","Private First Class Daniel Spunkmeyer was a Cheyenne dropship Crew Chief with the United States Colonial Marine Corps, part of 2nd Battalion Bravo Team. He was a member of the combat unit deployed to LV-426 aboard the in 2179, to investigate the sudden loss of contact with the colony of Hadley's Hope. He subsequently perished as a result of the infestation at the colony. During the mission to Hadley's Hope, Spunkmeyer acted as copilot aboard the dropship Bug Stomper, piloted by Corporal Ferro. He was killed when a Xenomorph stowed away on board, ultimately causing the dropship to crash. Biography Early life Spunkmeyer lied about his age when he signed up to the USCM and was in fact under the legal limit for a serving Marine. Mission to LV-426 thumb|left|Spunkmeyer operating a Power Loader. As the Sulaco arrived at LV-426, Spunkmeyer set to preparing and arming the dropship Bug Stomper for the mission, including loading heavy ordnance with a Power Loader. During the drop, he took h"
a6216573744b,Scott Gorman,Alien vs Predator,"species: Human | gender: Male | status: K.I.A. as of July 27, 2179 | actor: William Hope","Subsequently, he redeemed himself for his failures when he, along with the rest of the surviving marines, helped save Ripley and Newt from Facehuggers released by Burke and returned for the wounded Vasquez in the air ducts, even though it was obvious that such an act would likely result in his own death. Perhaps the greatest sign of Gorman's reversal of character was when Vasquez, who had initially blamed him for the disastrous ambush inside the Hive, accepted him as a comrade before they died, joking with him as he provided the grenade that would kill them that she had always thought he was ""an asshole"". Gallery

References

pl:Scott Gorman
es:Scott Gorman

Category:Humans
Category:Colonial Marines
Category:Hadley's Hope detachment
Category:Deceased
Category:Aliens (film) characters
Categ","Lieutenant Scott Gorman was a member of the United States Colonial Marine Corps, part of 2nd Battalion Bravo Team. He was the commanding officer of the combat unit deployed to LV-426 aboard the in 2179, to investigate the sudden loss of contact with the colony of Hadley's Hope. He was subsequently involved in combating the infestation at the colony. Gorman did not command a great deal of respect from his Marines owing to his inexperience in the field and was incapacitated throughout much of the incident at the colony, leaving Corporal Hicks to take command. Gorman was among the last to perish in the incident, committing suicide with Private Vasquez rather than be captured by the Xenomorphs for impregnation. Biography Early life Born in 2142, Gorman was deemed to show ""exceptional potential"" while training at the USCM Academy. Recruiting Ripley thumb|Gorman and Burke outside Ripley's apartment. In 2179, Gorman was sought out by Weyland-Yutani representative Carter Burke to lead an "
bb7d72c5b672,Mark Drake,Alien vs Predator,"species: Human | gender: Male | status: K.I.A. as of July 27, 2179 | actor: Mark Rolston","He subsequently perished as a result of the  infestation at the colony. He was killed during the early stages of the operation when an exploding Warrior showered him in acid. Death
Despite the heavy fire being laid down by Drake and Vasquez, more than half of the team was killed in the initial assault, including Apone, leaving Hicks to organize a hasty retreat.","Private First Class Mark Drake was a Smartgun operator with the United States Colonial Marine Corps, part of 2nd Battalion Bravo Team. He was a member of the combat unit deployed to LV-426 aboard the in 2179, to investigate the sudden loss of contact with the colony of Hadley's Hope. He subsequently perished as a result of the infestation at the colony. Drake was part of Second Squad's gun team, along with Corporal Hicks. He had a long history with fellow Smartgun operator Private Jenette Vasquez, and the two shared a close, possibly romantic relationship. He was killed during the early stages of the operation when an exploding Warrior showered him in acid. Biography Early life Drake was evidently a delinquent as a youth, and his crimes escalated until, still at a young age, he was convicted of murder and sent to juvenile prison. It was there that he met Jenette Vasquez. The pair subsequently enlisted in the USCM under the Service or Jail Act, thereby escaping further jail time. Bo"
6a3a35cd0ba6,Lucretia Borgia,Alien vs Predator,species: Human | gender: Female | status: Active as of 2030 | actor: Giselle Loren,"Lucretia was killed by her own father after he underwent incomplete genetic augmentation to become a Yautja-human hybrid. Following her death, her body was re-purposed by Weyland Industries and used as the basis of the second MOTHER supercomputer that governed the day-to-day operation of Neonopolis. Lucretia initially refused, leaving Hongo to fend for himself, but when El Hongo's prostitution bosses and hookers were all killed, she told him to hide out at New Way field, where she sent a group of mercenaries, The Machine Men, to deal with Scarface.","Lucretia Borgia was an executive at Borgia Industries in 2030 and daughter of Hunter Borgia. During her time working at her father's company, she became the target of the known as Scarface thanks to Borgia Industries' proliferation of stolen Yautja technology, known as Prometheus Tech, to the various criminal gangs of Neonopolis. Lucretia was killed by her own father after he underwent incomplete genetic augmentation to become a Yautja-human hybrid. Following her death, her body was re-purposed by Weyland Industries and used as the basis of the second MOTHER supercomputer that governed the day-to-day operation of Neonopolis. Biography Rise to power Born into the powerful Borgia family, Lucretia inevitably rose to a position of importance within the family's company Borgia Industries, becoming a business tycoon in her own right and amassing a considerable fortune from the company's development and sale of Prometheus Tech. However, her growing disdain for Neonopolis caused her to deve"
da8274f5c558,Katya,Alien vs Predator,"species: Synthetic | gender: ""Female"" | status: Active | actor: Laurel Lefkow",,"Katya was a Line No. WY-763-00-02 synthetic employee of the Weyland-Yutani Corporation and the colonial administrator in charge of the Freya's Prospect colony on BG-386. She was the person who sent a distress signal to the United States Colonial Marine Corps following a major outbreak at the research facility on the planet. She was one of only three people known to have survived the incident, the others being Rookie and Corporal Tequila. Biography Xenomorph infestation Katya was the administrator at the civilian colony of Freya's Prospect, although she also has knowledge of and works at the Weyland-Yutani research facility on the planet and often spent time there. Katya was in the research laboratories when Specimen 6 instigated a major Xenomorph outbreak by freeing the Matriarch, and it was she who sent a distress call to the USCM. While she survived the initial outbreak, she was badly damaged; when Rookie later encountered her, much of her outer covering and clothes had been stripp"
fff6afa9a95a,Kendra and Curtis,Alien vs Predator,species: Human | gender: Female (Kendra)Male (Kurtis) | actor: Shareeka Epps (Kendra)Meshach Peters (Kurtis),"They were a sister and brother from Gunnison, Colorado, and eventually died when a nuclear bomb was dropped on the town. The characters were cut from the film because directors Greg and Colin Strause felt that the movie was already extremely graphic and the death of two prominent child characters would be too much for the audience to stomach. Presumably, they were originally killed when the bomb is dropped on the town.","Kendra and Curtis were characters cut from during the editing process. They were a sister and brother from Gunnison, Colorado, and eventually died when a nuclear bomb was dropped on the town. The characters were cut from the film because directors Greg and Colin Strause felt that the movie was already extremely graphic and the death of two prominent child characters would be too much for the audience to stomach. Despite their deletion from the final cut, the siblings can be glimpsed briefly in the background during the diner scene, eating with their family. Behind the Scenes thumb|Kendra and Curtis make their sole appearance in the film (left, seated). Although several scenes featuring Kendra and Curtis were shot, the characters were removed almost entirely from the film during editing, appearing only briefly in the background during the scene where Dallas eats at the town's diner. A production still was also released showing them at the hospital, where Curtis had gone for treatment"
b24673430b79,David (USCSS Prometheus),Alien vs Predator,species: Synthetic | gender: Masculine programming | actor: *Michael Fassbender *Matt Hatton | status: Active as of December 2104,"There, David used the pathogen against the local population, and killed Shaw after she protested the genocide. After the remaining crew returned, believing some kind of alien airborne infection caused the deaths of their members and Holloway's illness, Shaw -- who was coping with Holloway's recent death -- was being prepped by David for an examination. Even when David tried to relate to her situation by bringing up the similarities between the death of her lover and that of her father, which he learned from watching her dreams; this only proved to profoundly disturb Shaw rather than comfort her.","David was an original David model android commissioned and built by Sir Peter Weyland. He would serve as the basic template for the David 8 and Walter model lines, but was apparently himself unique, possessing creative and emotional capabilities in excess of commercial models. In 2091, he was assigned to the crew of the Weyland Corp exploration vessel for its mission to the moon LV-223 and was one of two survivors of the disastrous expedition alongside scientist Elizabeth Shaw after a mysterious alien pathogen decimated the taskforce. Using information gathered on LV–223, David and Shaw traveled to the homeworld of the ancient race known as the Engineers. There, David used the pathogen against the local population, and killed Shaw after she protested the genocide. Now alone, David carried out a series of genetic experiments involving the bodies of the Engineers along with Shaw's parts and native creatures. He documented and illustrated every discovery, and sought to create the ""perfe"
8743f4513b78,Andrea Bishop,Alien vs Predator,gender: Female | actor: Alana Dietze,,"Andrea Bishop was a synthetic employee of Weyland Corp who served as a supervisor in the company's Project Prometheus Training Center. She was responsible for rating the test performances of applicants from the adjacent observation room, appearing before test subjects via holographic projection. Appearances Project Prometheus: Mission Project Prometheus Training Center Gallery References Category:Prometheus (film) characters Category:Weyland Corp employees Category:Synthetics"
b618c3346f28,Bella Clarison,Alien vs Predator,"gender: Female | species: Human | status: K.I.A. as of November 24, 2179 | actor: Farah White","During the mission, Clarison was impregnated with a Chestburster, which eventually killed her. Death
Eventually they get her to an operating table and try to force a physician to remove the parasite, but an interrogated physician informed them that the infection cannot be treated since extracting Xenomorph will also kill the host anyway. When their time was up, Bella was killed by the emerging Chestburster, O'Neal then shot the infant Xenomorph with his sidearm and mourned Bella's death.","Private Bella ""Bell"" Clarison was a member of the United States Colonial Marine Corps. She was part of a search and rescue mission sent to Acheron (LV-426) aboard the in 2179 to investigate the disappearance of the and its crew 17 weeks earlier. Clarison and the other Marines from the Sephora discovered Weyland-Yutani were undertaking extensive research of the species on LV-426, and became the targets of private military contractors hired by Weyland-Yutani to protect that research. The Sephora was ultimately destroyed in orbit and Clarison and the other survivors were forced to take refuge inside the ruins of the Hadley's Hope colony on LV-426. During the mission, Clarison was impregnated with a Chestburster, which eventually killed her. Biography Early life thumb|left|O'Neal, whom Bella had a sexual relationship with. Bella was born in Waterloo, Iowa and soon enlisted to the USCM. She was inducted into the 2nd Marine Support Group and was selected by Space Command for Colonial "
cd4296ca8756,Keyes (USS Sephora),Alien vs Predator,gender: Male | species: Human | status: K.I.A. as of November 2179 | actor: Matthew Mercer,"Keyes died early in the mission after being impregnated with a Chestburster. Final Stand and Death 
On their way back they encountered heavy Xenomorph resistance. Keyes used an M40 HEDP Grenade to blow himself up which destroyed the umbilical and caused the death of Paluski.","Keyes was a member of the United States Colonial Marine Corps. He was part of a search and rescue mission sent to LV-426 aboard the in 2179 to investigate the disappearance of the and its crew 17 weeks earlier. Keyes died early in the mission after being impregnated with a Chestburster. Biography Investigating the Sulaco and Capture Keyes was part of Rhino 2-3, the first team sent aboard the USS Sulaco to investigate the ship. Rhino 2-3 discovered the infestation on the Sulaco and all of Rhino 2-3, except for Private Clarison, were captured by the Xenomorphs and cocooned in a hive in engineering. When Corporal Winter arrived, he was too late to save most of Rhino 2-3, though he discovered Keyes cocooned to one of the walls. Rescue and Retrieving the Flight Recorder Just as Winter approached him, Keyes came to, disorientated and not knowing where he is. He told Winter to cut him down but as Winter attempted to do so, he was attacked by a Lurker that was hiding in the wall ne"
35bd27deac4e,Bishop (USS Sephora),Alien vs Predator,gender: Male | species: Synthetic | status: Active | first: Aliens: Colonial Marines | actor: Lance Henriksen,"In the film, his character is killed by the titular cyborg; this, combined with his deaths in Aliens and Alien vs. Predator, makes Henriksen one of two actors who have been killed on-screen by an Alien, a Predator and a Terminator, a dubious honor he shares with fellow Aliens actor Bill Paxton.","Bishop was a Hyperdyne SystemsKenner Products Bishop figure model 341-B cards - 70. Bishop II Synthetic technician with the United States Colonial Marine Corps. He was part of a search and rescue mission sent to LV-426 aboard the in 2179 to investigate the disappearance of the and its crew 17 weeks earlier. For all intents and purposes, he is identical to the Bishop who was stationed aboard the Sulaco. Trivia Bishop is voiced by and modeled after actor Lance Henriksen, who portrayed Lance Bishop in , Michael Bishop in and Charles Bishop Weyland in , and also lent his voice and likeness to the character of Karl Bishop Weyland in the video game . Furthermore, Henriksen appeared as Detective Hal Vukovich in The Terminator, which was written and directed by Aliens director James Cameron. In the film, his character is killed by the titular cyborg; this, combined with his deaths in Aliens and Alien vs. Predator, makes Henriksen one of two actors who have been killed on-screen by an Alien"
9fd6276dd090,Chris Duplis,Alien vs Predator,species: Human | gender: Male | status: M.I.A. as of 2179 | actor: Chris Duplis,"When Corporal Winter arrived, he quickly cut the locked door opens with his ME3 Hand Welder and as soon as Winter opened the door, Duplis was pounced on by a Lurker which Winter quickly killed, saving Duplis. Although he is normally immune to any attacks (including Xenomorph ones who besides the Lurker that pounces on him will not actually attack him) killing yourself with a U4 Firebomb (including the ones fired by the U4 Firebomb Launcher) whilst close to Chris will cause him to perform a fire death animation along with the player.","Chris Duplis was a member of the United States Colonial Marine Corps. He was part of a search and rescue mission sent to LV-426 aboard the in 2179 to investigate the disappearance of the and its crew 17 weeks earlier. He went M.I.A. soon after being rescued. Biography Chris Duplis was one of the Marines who survived the destruction of the Sephora and Sulaco, making it safely to LV-426. Duplis was inside Hadley's Hope's Operations center fighting s when he found himself trapped inside one of the small rooms of the facility. When Corporal Winter arrived, he quickly cut the locked door opens with his ME3 Hand Welder and as soon as Winter opened the door, Duplis was pounced on by a Lurker which Winter quickly killed, saving Duplis. Afterwards, Chris, Winter, Angie and Maio then regrouped downstairs with Private O'Neal and Captain Cruz. While Angie followed the others into the Vehicle Bay, Maio and Chris held the position, using M314 Motion Trackers to keep an eye out for any more Xe"
ce971babbc27,Maio,Alien vs Predator,species: Human | gender: Male | status: M.I.A. as of 2179 | actor: Sean Maio,"Corporal Winter eventually entered the room in which Maio was trapped and quickly killed an attacking Warrior, saving Maio's life.","Maio was a member of the United States Colonial Marine Corps. He was part of a search and rescue mission sent to LV-426 aboard the in 2179 to investigate the disappearance of the and its crew 17 weeks earlier. He went M.I.A. soon after being rescued. Biography Maio was one of the Marines who survived the destruction of the Sephora and Sulaco, making it safely to LV-426. While fighting s inside Hadley's Hope's Operations center, Maio found himself trapped and half-buried by debris. Corporal Winter eventually entered the room in which Maio was trapped and quickly killed an attacking Warrior, saving Maio's life. Winter lifted up the debris allowing Maio to pull himself free and get up onto his feet. Afterwards, Maio, Winter and Angie and Chris Duplis then regrouped downstairs with Private O'Neal and Captain Cruz. While Angie followed the others into the Vehicle Bay, Maio and Chris held the position, using M314 Motion Trackers to keep an eye out for any more Xenomorphs. Both him and C"
504af4bf70d9,Angie Duplis,Alien vs Predator,species: Human | gender: Female | status: M.I.A. as of 2179 | actor: Angie Duplis,,"Angie Duplis was a member of the United States Colonial Marine Corps. She was part of a search and rescue mission sent to LV-426 aboard the in 2179 to investigate the disappearance of the and its crew 17 weeks earlier. She went M.I.A. soon after fending off a attack in Hadley's Hope's Vehicle Bay. Biography Angie Duplis was one of the Marines who survived the destruction of the Sephora and Sulaco, making it safely to LV-426. She was one of several Marines rescued by Corporal Winter during the efforts to resecure the ruined colony - in her case, Winter assisted her, Clark and Duke in fending off a Xenomorph attack in what was left of Operations. Afterwards, Angie, Winter, Chris and Maio then regrouped downstairs with Private O'Neal and Captain Cruz. While Maio and Chris held the position, she then went and helped Winter, Cruz, and O'Neal in fighting the Xenomorphs in Hadley's Hope's Vehicle Bay, but stayed behind when the others left for Lieutenant Reid's UD-4 ""Cheyenne"" Dropship"
964af4d4d67b,Michael Weyland (Synthetic),Alien vs Predator,"species: Synthetic | gender: Male programming | status: Deactivated as of November 24, 2179 | actor: Lance Henrikson","Appearances
 (video game)

Notes

References
Category:Synthetics
Category:Weyland-Yutani employees
Category:Deceased
Category:Aliens: Colonial Marines characters","Michael WeylandAlthough his name is consistently rendered as Michael Weyland in this game, the character upon whom he is based refers to himself and is credited as Bishop in Alien 3. was a Synthetic version of the human Michael Weyland. He was destroyed by Corporal Dwayne Hicks after the second infestation on Acheron. Biography Torturing Dwayne Hicks thumb|left|Cpl. Dwayne Hicks, the synthetic's prisoner and destroyer. This synthetic served as a body double of Weyland-Yutani Corporation employee Michael Weyland in 2179 at the Origin Facility on Acheron. He served as the interrogator of United States Colonial Marine Corporal Dwayne Hicks, to get information of what the Marine learned while on a mission to the colony Hadley's Hope in June 2179. The captive Hicks was aware in the interrogation sessions that this synthetic wasn't the real Weyland. Destruction thumb|The destroyed Weyland Synthetic. After 17 weeks, the United States Colonial Marine Corps sent the to investigate Cpl. Hick"
537ab149756c,Dillon (Colonial Marine),Alien vs Predator,species: Human | gender: Male,,"Dillon was a member of the United States Colonial Marine Corps. He was part of the battalion stationed at Charon Base, there to provide security for the research facility and its staff. Dillon was one of the few Marines deployed to Charon still alive at the time a devastating outbreak was unleashed upon the facility, and he subsequently battled to evacuate as many civilians as possible from the complex. Trivia Dillon's statement, ""Oh, man! I got signals, I got readings all over!"" is an obvious reference the same quote spoken by Private Hudson in . Appearances Aliens: Rogue/novel References Category:Humans Category:Colonial Marines Category:Aliens: Rogue characters Category:Charon Base detachment Category:Articles that need to be expanded Category:Notable survivors of Xenomorph attacks"
c3507537afc7,Brock Paulson,Alien vs Predator,species: Human | gender: Male,,"Private First Class Brock ""Bear"" Paulson, was a member of the United States Colonial Marine Corps. He was part of the team dispatched to investigate the in the video game Aliens: Infestation. In-Game Bio Brock ""Bear"" Paulson was just born big. His parents called him Bear since before he could walk and the name stuck. Bear learned at an early age that he could use his size to his advantage. He despised bullies and instead befriended the weaker children, defending them from those who would prey on their small size. He became a schoolyard hero and the only reward he needed was the smile on the kids' faces when they shouted ""Thanks Bear!"" After High School. Bear wanted desperately to go to college to study marine biology. Unfortunately, his parents could not afford to send him. He tried for several athletic scholarships but was rejected. One day at the gym he met a Marine recruiter who told him the Corp would pay his way through school if he enlisted for a 3 year cruise. Realizing that i"
0dab753d0ccb,Frank Heston,Alien vs Predator,species: Human | gender: Male,,"Corporal Frank Heston, nicknamed ""Bonesaw"", was a member of the United States Colonial Marine Corps. He was part of the team dispatched to investigate the in the video game Aliens: Infestation. In-Game Bio Frank Heston loves guns. A lot. He loves them small. He loves them big. So it was no surprise to anyone who knew Heston that he joined the USCM. After basic and Infantry School, Heston pursued his MOS in becoming a Weapons Instructor. He served as a junior Special Weapons Instructor at SOI East for 2 years before he decided to transfer to a combat unit during the Arcturan War. During an engagement in the Dehclor Sector, Heston's APC was hit with a MagMine booby trap. The resulting blast flipped the APC, killing 2 aboard and 1 Marine riding atop the vehicle. The APC landed on top of one of the mounted Marines outside the vehicle, pinning his leg. The squad tried to free the trapped Marine even as they fell under fire from the enemy ambush. Out of options and refusing to leave a man"
ff8683c86954,Walter One,Alien vs Predator,"species: Synthetic | gender: ""Male"" | actor: Michael Fassbender","Dangerous alien creatures duly emerged from Ledward and Hallet and attacked the crew; with Lander One destroyed and several crew members killed in the chaos, the survivors were forced into action against the lifeforms. Walter also had a great sense of loyalty towards the crew of the Covenant, engaging David in a death duel in order to protect the crew from the rogue android.","Walter One was a Walter model synthetic and crewmember assigned to the Weyland-Yutani Corporation colony ship for its voyage to Origae-6. Following a disaster that damaged the Covenant and the discovery of a mysterious planet, Walter was part of an expedition team that went to investigate. While on this world, Walter met his progenitor and doppelganger David, and was forced to act when David threatened the Covenant crew. Biography Development After the disappearance of the Prometheus expedition in 2094 and the resulting failure of Weyland Corp, the recently-minted Weyland-Yutani Corporation strove to ensure that the Walter series would not be rushed, unlike the David model that had accompanied the lost ship. This, however, came with the caveat that one functioning unit was needed in time to join the expedition aboard the Weyland-Yutani colony ship in 2104. The initial development of Walter One thus proceeded according to schedule,Alien: Covenant - Origins with the unit being initial"
cc0e1e79e58b,MU-TH-UR,Alien vs Predator,species: AI Supercomputer | actor: Lorelei King,,"MU-TH-UR,Simon Ward. The Art and Making of Alien: Covenant. (2017), Titan Books. commonly referred to simply as ""Mother,"" was the artificial intelligence computer mainframe installed aboard the . Appearances She Won't Go Quietly / Alien: Covenant - Origins Alien: Into Charybdis Videos References Category:Computers Category:Alien: Covenant characters"
5f0b554b043e,Marvin Draper,Alien vs Predator,"species: Human | gender: Male | status: K.I.A. as of June 26, 2179 | actor: Philip Glenister","He was killed during the Xenomorphs' final assault on the surviving human colonists. Appearances
Aliens: Newt's Tale
Alien: River of Pain/audio drama

References

Category:Colonial Marines
Category:Hadley's Hope security detail
Category:Deceased
Category:Xenomorph victims
Category:Alien: River of Pain characters
Category:Aliens: Newt's Tale characters","Sergeant Marvin Draper was a member of the United States Colonial Marine Corps. He was a member of the USCM security detail stationed at Hadley's Hope on Acheron in 2179. He was subsequently involved in combating the infestation at the colony. Draper was the ringleader of a small group of disruptive Marines at the colony who were in conflict with their new commending officer, Captain Demian Brackett. He was killed during the Xenomorphs' final assault on the surviving human colonists. Trivia It seems highly likely that Sergeant Draper is supposed to be the same man as Drapers, briefly featured in the comic Aliens: Newt's Tale. In the comic, Drapers is seen reporting from within the Hive when the group attempting to rescue the captured colonists is ambushed; while Sergeant Draper makes no such radio call in the novel, he is part of this ill-fated rescue mission. It therefore seems likely the two men are the same person, with the slight difference in name being either an accidental or"
83f7088b08e3,Ankita Yousseff,Alien vs Predator,"species: Human | gender: Female | status: M.I.A. as of June 26, 2179 | actor: Tracy Wiles","Appearances
Alien: River of Pain/audio drama

References

Category:Colonial Marines
Category:Hadley's Hope security detail
Category:Deceased
Category:Xenomorph victims
Category:Alien: River of Pain characters
Category:Humans","Private Ankita Yousseff was a member of the United States Colonial Marine Corps. She was a member of the USCM security detail stationed at Hadley's Hope on Acheron in 2179. She was subsequently involved in combating the infestation at the colony. Yousseff was part of a small group of disruptive Marines at the colony, led by Sergeant Marvin Draper, who were in conflict with their new commending officer, Captain Demian Brackett. She was captured by a Xenomorph as she and the few surviving Marines attempted to escape the planet aboard the hidden Weyland-Yutani ship. Trivia In the audio drama adaptation of Alien: River of Pain, Yousseff's rank is given as Sergeant, yet in the novel she is only a Private. However, in the novel, at several points, she is mistakenly called a Sergeant. Appearances Alien: River of Pain/audio drama References Category:Colonial Marines Category:Hadley's Hope security detail Category:Deceased Category:Xenomorph victims Category:Alien: River of Pain character"
4fb2caf5987b,Coughlin,Alien vs Predator,"species: Human | gender: Male | status: K.I.A. as of June 25, 2179 | actor: Ben Crowe","Coughlin was killed whilst guarding the colony's med lab by a Xenomorph that had infiltrated the complex. Appearances
Alien: River of Pain/audio drama

References

Category:Colonial Marines
Category:Hadley's Hope security detail
Category:Deceased
Category:Xenomorph victims
Category:Alien: River of Pain characters",Sergeant Coughlin was a member of the United States Colonial Marine Corps. He was a member of the USCM security detail stationed at Hadley's Hope on Acheron in 2179. He was subsequently involved in combating the infestation at the colony. Coughlin was killed whilst guarding the colony's med lab by a Xenomorph that had infiltrated the complex. Appearances Alien: River of Pain/audio drama References Category:Colonial Marines Category:Hadley's Hope security detail Category:Deceased Category:Xenomorph victims Category:Alien: River of Pain characters
b62c40c87251,Aldo Crowley,Alien vs Predator,"species: Human | gender: Male | status: M.I.A. as of June 26, 2179 | actor: Toby Longworth","Appearances
Alien: River of Pain/audio drama

References

Category:Colonial Marines
Category:Hadley's Hope security detail
Category:Deceased
Category:Xenomorph victims
Category:Alien: River of Pain characters","Sergeant Aldo Crowley was a member of the United States Colonial Marine Corps. He was a member of the USCM security detail stationed at Hadley's Hope on Acheron in 2179. He was subsequently involved in combating the infestation at the colony. Crowley fell victim to the Xenomorphs when they finally overran the colony, either perishing outright or being captured and taken to the Hive for impregnation. Behind the scenes In the audio drama adaptation of Alien: River of Pain, Crowley's rank is given as Private, yet in the novel he is a Sergeant. Appearances Alien: River of Pain/audio drama References Category:Colonial Marines Category:Hadley's Hope security detail Category:Deceased Category:Xenomorph victims Category:Alien: River of Pain characters"
2a38df2793e1,Pettigrew,Alien vs Predator,"species: Human | gender: Male | status: K.I.A. as of June 26, 2179 | actor: Karen Bartke","He was killed by a Xenomorph as he and the few surviving Marines attempted to escape the planet aboard the hidden Weyland-Yutani ship. Appearances
Alien: River of Pain/audio drama

References

Category:Colonial Marines
Category:Hadley's Hope security detail
Category:Deceased
Category:Xenomorph victims
Category:Alien: River of Pain characters","Corporal Pettigrew was a member of the United States Colonial Marine Corps. He was a member of the USCM security detail stationed at Hadley's Hope on Acheron in 2179. He was subsequently involved in combating the infestation at the colony. Pettigrew was part of a small group of disruptive Marines at the colony, led by Sergeant Marvin Draper, who were in conflict with their new commanding officer, Captain Demian Brackett. He was killed by a Xenomorph as he and the few surviving Marines attempted to escape the planet aboard the hidden Weyland-Yutani ship. Trivia In the novel Alien: River of Pain, Pettigrew is male, yet in the audio drama adaptation she is female (voiced by actress Karen Bartke). Appearances Alien: River of Pain/audio drama References Category:Colonial Marines Category:Hadley's Hope security detail Category:Deceased Category:Xenomorph victims Category:Alien: River of Pain characters"
421fc2d1ef1a,Hauer,Alien vs Predator,"species: Human | gender: Male | status: M.I.A. as of June 26, 2179 | actor: Dominic Hecht","Appearances
Alien: River of Pain/audio drama

References

Category:Colonial Marines
Category:Hadley's Hope security detail
Category:Deceased
Category:Xenomorph victims
Category:Alien: River of Pain characters",Private Hauer was a member of the United States Colonial Marine Corps. He was a member of the USCM security detail stationed at Hadley's Hope on Acheron in 2179. He was subsequently involved in combating the infestation at the colony. Hauer was captured by the Xenomorphs during the ill-fated assault on their Hive inside the Atmosphere Processing Plant. Appearances Alien: River of Pain/audio drama References Category:Colonial Marines Category:Hadley's Hope security detail Category:Deceased Category:Xenomorph victims Category:Alien: River of Pain characters
4cc3704d5d6f,Boris Chenovski,Alien vs Predator,"species: Human | gender: Male | status: K.I.A. as of June 26, 2179 | actor: Andy Secombe","Chenovski was killed whilst guarding the surviving civilians by a Xenomorph that infiltrated the colony. Appearances
Alien: River of Pain/audio drama

References

Category:Colonial Marines
Category:Hadley's Hope security detail
Category:Deceased
Category:Alien: River of Pain characters",Private Boris Chenovski was a member of the United States Colonial Marine Corps. He was a member of the USCM security detail stationed at Hadley's Hope on Acheron in 2179. He was subsequently involved in combating the infestation at the colony. Chenovski was killed whilst guarding the surviving civilians by a Xenomorph that infiltrated the colony. Appearances Alien: River of Pain/audio drama References Category:Colonial Marines Category:Hadley's Hope security detail Category:Deceased Category:Alien: River of Pain characters
db25b75092dc,Sixto,Alien vs Predator,"species: Human | gender: Male | status: M.I.A. as of June 26, 2179 | actor: Jeremy Stockwell","Appearances
Alien: River of Pain/audio drama

References

Category:Colonial Marines
Category:Hadley's Hope security detail
Category:Deceased
Category:Xenomorph victims
Category:Alien: River of Pain characters","Sixto was a member of the United States Colonial Marine Corps. He was a member of the USCM security detail stationed at Hadley's Hope on Acheron in 2179. He was subsequently involved in combating the infestation at the colony. Sixto fell victim to the Xenomorphs when they finally overran the colony, either perishing outright or being captured and taken to the Hive for impregnation. Appearances Alien: River of Pain/audio drama References Category:Colonial Marines Category:Hadley's Hope security detail Category:Deceased Category:Xenomorph victims Category:Alien: River of Pain characters"
5ae34907c6ce,Greg Hansard,Alien vs Predator,species: Human | gender: Male | actor: William Brand,,"Greg Hansard was a colonist and the original chief terraformist at Hadley's Hope on Acheron. He oversaw the early development of terraforming efforts on Acheron, but was eventually replaced by Derrick Russell. Appearances Alien: River of Pain/audio drama References Category:Humans Category:Colonists Category:Hadley's Hope residents Category:Alien: River of Pain characters"
944f3cd2d2fd,Tressa,Alien vs Predator,species: Human | gender: Female | actor: Samantha Béart,,Tressa was a Weyland-Yutani Corporation employee and dropship pilot. Appearances Alien: River of Pain/audio drama References Category:Humans Category:Pilots Category:Weyland-Yutani employees Category:Alien: River of Pain characters
