char_id,name,franchise,infobox_fields,death_sentences,text_excerpt
43fe8c27fcc1,Hell's Torturers,Supernatural,"status: Extant, in Hell | actor: Various","When John Winchester made a deal for Dean's life and died, he went to Hell and there was tortured by Alastair, the Grand Torturer at the time. Known Hell's Torturers
Lucifer 
Alastair 
Lilith 
Asmodeus 
Crowley 
Viggo 
Meg 
Belphegor 
Christian Campbell Demon 
Sam Winchester imposter 
Dean Winchester 

Appearances
Season 4
I Know What You Did Last Summer
Heaven and Hell
Death Takes A Holiday
On The Head Of A Pin
When the Levee Breaks 
Lucifer Rising 
Season 6
Family Matters 
Caged Heat 
The Man Who Would Be King 
Season 8
Torn and Frayed 
Taxi Driver
Season 12
Stuck in the Middle (With You) 
Season 13
The Rising Son
Patience 
War of the Worlds
The Scorpion and The Frog 
The Bad Place 
Various & Sundry Villains 
Devil's Bargain
Good Intentions 
The Thing
Bring 'em Back Alive
Unfinished Busi","Hell's Torturers is a position in Hell designated to a demon specialized in torture, and their leader is called The Grand Torturer. When John Winchester made a deal for Dean's life and died, he went to Hell and there was tortured by Alastair, the Grand Torturer at the time. He offered to reduce John's suffering if he tortured others damned souls, this didn't work for a century. When the same was done to John's son Dean, he refused it for 30 years before he finally couldn't take the suffering anymore and accepted, unknowingly opening the first seal. History TBA. Common Abilities thumb|250px|Alastair's temporary vessel. Torturing - Alastair was an expert in how to torture humans and demons alike. His skills at torture was such that even other demons feared him, nicknaming him ""Picasso with a razor"" and ""The grand inquisitor"". Because of his prowess, Alastair was often issued special assignments in torture, including breaking John and Dean's souls in Hell and interrogating Anna. Resista"
4ecf72bd082b,Dreamwalkers,Supernatural,status: Extant | actor: Various,,"Dreamwalkers are humans that are capable of walking through different worlds with their minds. Powers and Abilities Dream Walking – While dreaming, dreamwalkers possess the ability to see alternate realities with their minds. Known Dreamwalkers Kaia Nieves Derek Swan Dark Kaia Unnamed Dreamwalkers Appearances Season 13 The Bad Place Wayward Sisters Season 14 The Scar Nightmare Logic Byzantium The Spear Season 15 Galaxy Brain Supernatural: Wayward Sisters Trivia thumb|250px|Dreamwalkers in lore The idea of Dreamwalkers predates the concept of the alternate reality featured in the Season 12 episode All Along the Watchtower. According to Andrew Dabb, he and the crew had conceived the idea of Dreamwalkers first, which makes Dreamcatchers very important to the lore of the story. According to Sam, the lore on Dreamwalkers is inconsistent. Category:Species Category:Dreamwalkers Category:Season 13 characters Category:Articles without quotes Category:Season 14 characters Category:S"
38efa9997755,Cloaked Figures,Supernatural,status: Extant | actor: Various,The monster was later killed by Claire and Jody Mills. Claire also killed them by stabbing their throat with a presumably ordinary knife. Fire - They can be effectively killed by concentrated fire from a flamethrower.,"These unnamed cloaked figures are creatures that inhabit The Bad Place. Physical Appearance thumb|250px The cloaked figures look like humanoid monsters with glowing red eyes, clad in long black, ragged cloaks. They also cover their mouth with a crude mask that, when opened, exposes their predator-like face, covered in slime. When wounded, they expel thick blue blood. History These monsters are native to The Bad Place and known for living in packs. When Kaia Nieves and Jack inadvertently opened the portal to The Bad Place when trying to access Apocalypse World and leaving the portal opened for many days later, some were able to escape the The Bad Place and some ended up in Sioux Falls, South Dakota. Season 13 One of the creatures was somehow able to track Kaia Nieves to a hospital where Alex Jones was working. When Kaia tried to escape the hospital after encountering Claire Novak, the monster ambushed her. The monster was later killed by Claire and Jody Mills. After enlisting help f"
9a8121b112b1,Creatures,Supernatural,status: Extant | actor: Various,,"Creatures are non-human beings characterized as monstrous or similar to monsters, possessing unknown origins and not descending from Eve. They come from various realms, each with distinct powers and appearances. Creatures Creatures from Hell These are beings that reside in Hell who are not demons. Shedim Whore of Babylon Creatures from other Realities These are creatures unique to other realities. Cloaked Figures Giant Akrida Creatures from other Realms These are creatures that have not been seen on Earth. Fairies Banshee Fairies Boggarts Brownies Changelings Elves Fairy Devil Fairy King Flying Monkeys Gnomes Goblins Good Fairies Good Witches Leprechauns Redcaps Selkies Sprites Spriggans Tin Man Tinks Tooth Fairies Trolls Wicked Witches Wood Nymphs Unnamed Creatures Edward Trenton's Species Gog and Magog's Species Shapeshifting Creatures These are creatures that have the ability to shapeshift to some degree. Crocotta Familiar Qareen Spiritual Creatures These are "
1bc568782467,Sam Winchester (The End),Supernatural,status: Erased | actor: Jared Padalecki,"When the two Deans meet, the future Dean lies that Sam died in a heavyweight showdown in Detroit, admitting that he hadn't talked to Sam in five years.","Sam Winchester (born May 2, 1983) is the vessel of the archangel Lucifer in a post-apocalyptic world. He is an alternate timeline version of Sam Winchester. History After an encounter with the Horseman War, Dean decides that he can't trust Sam anymore and the two go their separate ways. After encountering Lucifer in his dreams and learning that he is the true vessel of Lucifer, Sam attempts to reconcile with Dean who refuses. Dean and Sam never reconcile and Sam eventually says ""yes"" to Lucifer in Detroit, becoming his vessel. With Sam as Lucifer's vessel, the Apocalypse went into full force with the angels abandoning humanity and the Croatoan Virus being let loose on Earth. In 2014, the Dean from 2009 is brought to the post-apocalyptic future by Zachariah. When the two Deans meet, the future Dean lies that Sam died in a heavyweight showdown in Detroit, admitting that he hadn't talked to Sam in five years. Later, before going after Lucifer with the Colt, the future Dean admits to "
ec625f218736,Special Demons,Supernatural,actor: Various | status: Extant,"Though Isaac was killed, Envy, Wrath, Lust and Sloth were exorcised by Bobby and Tamara while Pride, Greed and Gluttony were killed by Ruby. The Disaster Demon is the first demon knowingly encountered by the Winchesters and exorcised by them while three of the Seven Deadly Sins are the first demons killed on-screen with the demon-killing knife.","Special Demons are rare and unique types of demons encountered throughout the show. They vary in power, abilities, weaknesses, and appearance. Types of Special Demons Samhain thumb|209x209px|leftSamhain is a powerful and ancient demon that was mistaken as a deity by the ancient Celts. He is known as the Demon of Halloween and his release is a seal on Lucifer's Cage. While in the realm of the living, Samhain brings about hordes of ghosts, zombies and other creatures. He was exorcised back to Hell by Sam Winchester using his special child abilities. Along with necromancy, Samhain was shown to also use Photokinesis, an uncommon and powerful ability seen by only two other demons. What distinguishes Samhain from other demons is the fact that he is neither a black-eyed, red-eyed, white-eyed, or yellow-eyed demon. Samhain is more of a multicolor-eyed demon whose eye color is mostly blue and gray. Disaster Demon thumb|206x206pxA type of black-eyed demon that causes human carnage by disasters"
4585a9e71394,Demigods,Supernatural,status: Extant | actor: Various,"Season 5
In Hammer of the Gods, in order to try to confort the rest of a group of pagan gods the norse god Odin mentions that ""The Great Serpent"" child of Loki, Jörmungandr will rise up and he will then be killed by his grandson, the demigod Fenrir, during Ragnarok, although he appeared to be in peace with what he believed was his destiny. The curse was lifted by the death of Zeus. He is subsequently killed by Jack Kline.","Demigods are the children of gods with a being of another species. An entire race such as the gorgons can be demigods as well. History Season 2 In Tall Tales, when telling the Winchesters about Tricksters, Bobby Singer states that they are more demigods than monsters. Season 5 In Hammer of the Gods, in order to try to confort the rest of a group of pagan gods the norse god Odin mentions that ""The Great Serpent"" child of Loki, Jörmungandr will rise up and he will then be killed by his grandson, the demigod Fenrir, during Ragnarok, although he appeared to be in peace with what he believed was his destiny. Season 8 In Remember the Titans, Sam and Dean encounter a demigod named Oliver, who is the son of of the proto-god Prometheus. He had the same curse as his father, which was to die every day only to be brought back, a curse put on Prometheus by Zeus. The curse was lifted by the death of Zeus. Season 9 In Sharp Teeth, a cult of werewolves known as the The Maw of Fenris worshiped the "
36de8060621d,Castiel (Lebanon),Supernatural,actor: Misha Collins | status: Erased from existence,Immortality - He could not die unless he was killed.,"Castiel was an Angel of the Lord from a split timeline in 2003. History thumb|left|Castiel and Zachariah appear on Earth. This Castiel was created by a timeline where John Winchester was brought to the future. He appeared on Earth with Alternate Zachariah, who was angry about the fact that somebody's been messing with time. They enter a restaurant and interrogate the locals and Zachariah threatens them for the truth. He has Castiel introduce himself and the latter displays his angel wings to empathize his threat. This scared the locals and caught the attention of Sam and Dean who rushed to the area and were shocked to see this Castiel. However, this Castiel has no recollection of the Winchesters and attacks them on Zachariah's orders once he realized they were responsible for time's disruption. While Sam fights Zachariah, Castiel fights Dean who tries to fend him off but is overpower and Castiel beats him to a bloody pulp. Castiel tries to kill Dean by strangling him however, after"
6074b18b3691,Transformed Angels,Supernatural,status: Extant | actor: John GillichGrace ChinC. Douglas QuanKareem MalcolmCarolyn Tinglin,,"The Transformed Angels are a group of 15 formerly-human churchgoers who were converted into angels by the Nephilim Jack Kline. History During Jack in the Box, they were religious fanatics who attended a church session before their pastor walked out and Jack appeared to them. Jack told them that he could take them to a higher status. The goers were skeptical until Jack revealed his status as a Nephilim by showing his angel wings, to their amazement. Speechless by the divine spectacle, they decided to follow him and ignored their pastor when he returned and showed no concern when he was injured by Jack. Later on, the churchgoers were brought to Heaven where Jack proceeded to forge their souls into that of angels at the instruction of Duma. Jack put his fingers on their heads and their eyes would light up blue, showing that they were now angels. The fanatics were happy to be brought to a higher stage of being, before Castiel barged in to see this. Jack happily informed him of his act, a"
771ee178751e,Michael (The End),Supernatural,status: Erased | actor: None,,"Michael was an Archangel that existed in an Alternate Timeline where Dean refused to say Yes, and consequently, the angels left, leaving the Earth at the mercy of the Devil. History Early History When God created humans, he asked all angels to bow down to them and to love humans more than their father. All angels complied except for Lucifer. Due to Lucifer's rebellion, God had Michael cast Lucifer into Hell, where he was imprisoned for thousands of years. The Apocalypse During the events leading up to the apocalypse, forces from both Heaven and Hell worked to secure Michael and Lucifer their true vessels, Sam and Dean Winchester. While both Sam and Dean were initially reluctant, Sam, for unknown reasons said Yes to Lucifer, but Dean continued to refuse. Due to Dean's refusal the angels eventually gave up and left Earth. Dean later regretted his decision and attempted to say yes to Michael, but at that point, it was too late and Lucifer claimed the Earth for himself, driving mankind t"
39d962093ac4,Tooth Fairies,Supernatural,status: Extant | actor: Mark Acheson,"Season 8
In Southern Comfort, Garth sadly mentions that he has killed a tooth fairy on his first hunt, while Sam and Dean look at him with surprised faces since not even they believed in tooth faries at the time. Season 15
In The Heroes' Journey, while giving medical attention to Dean's teeth, Dean doubts of Garth's capabilities as a dentist, Garth then mentions that he got back to school and got his degree after retiring despite his studies being interrupted early in his life by his hunter life, Dean then mentions the tooth fairy case, Garth then firmly states that the fairy he killed deserved it. In Southern Comfort, Garth says that he felt terrible after killing a tooth fairy and that was not his proudest moment, however in The Heroes' Journey, it appears that he has accepted his action","Tooth Fairies are a type of fairy mentioned by Garth Fitzgerald in the series. Tooth fairies, as all fairies in general, are believed to not be real even among most hunters and other people aware of the supernatural world like Bela Talbot. History Season 3 In Fresh Blood, Gordon Walker affirms to Bela Talbot that he believes Sam Winchester is the Antichrist, Bella (who doesn't believe him) then mocks him telling that she ""might have heard something about it from her good friend, the Easter Bunny, who'd heard it from the Tooth Fairy"", then asks Gordon if he is off his medications. Season 5 thumb|200px|right|A child's drawing In I Believe the Children Are Our Future, Jesse Turner unconsciously summons what he believes to be a tooth fairy by his sheer faith in its existence. The construct presumably disappeared after Jesse was told that by the Winchesters that tooth fairies don't exist. Season 8 In Southern Comfort, Garth sadly mentions that he has killed a tooth fairy on his first hu"
6605eaea59ef,Serial killer,Supernatural,status: Extant | actor: Various,"According to the Men of Letters files in Clip Show, infamous serial killer Lizzie Borden murdered her family while possessed by a demon. Dean kills the shapeshifter, but in the process, is framed for its crimes. In Hook Man, in 1862, Jacob Karns killed 13 women.","Serial killer is a term generally used to describe someone who commits three or more murders at different times, and usually also in different places. Overview The term is used in this sense in the Supernatural franchise in relation to humans, although many Vengeful Spirits and demons would also fit this definition. In fact, Bela Talbot even refers to Sam and Dean as serial killers. According to the Men of Letters files in Clip Show, infamous serial killer Lizzie Borden murdered her family while possessed by a demon. In Thin Lizzie, Amara showed a belief that it was Lizzie and not her uncle who was the killer due to the look in Lizzie's eyes in her portraits. Though Sam and Dean typically face monsters or humans otherwise connected to the supernatural such as witches, on a few occasions they have faced serial killers who are completely human and whose actions simply mimic that of some form of monster. In particular, in Thinman, the Winchesters thought they were facing Thinman some so"
9e2f25f5f2c2,Hell Ghosts,Supernatural,status: Trapped in a Soul Catcher or in Hell aside from Kevin Tran and Eileen Leahy | actor: Various,"History
Season 14
left|thumb|250x250px|Chuck unleashes damned souls from Hell
In Moriah, enraged by the Winchesters' defiance of him, God kills Jack Kline and unleashes the souls of Hell upon the Earth. Despite the group's efforts, several innocent people are killed by the ghosts, but they succeed in evacuating most of the town's residents. In Hell, after Castiel kills the demon Malfayan, the two retrieve the crook, but are attacked by Ardat.","The Hell Ghosts are the ghosts released by God from Hell when he began the end of the world. History Season 14 left|thumb|250x250px|Chuck unleashes damned souls from Hell In Moriah, enraged by the Winchesters' defiance of him, God kills Jack Kline and unleashes the souls of Hell upon the Earth. As the souls being rising from the Rupture to Hell, many tunnel underground into the corpses in the Harlan, Kansas cemetery containing the rupture and rise as zombies to attack the Winchesters and Castiel. Others, such as Mary Worthington, Constance Welch and John Wayne Gacy begin a reign of terror upon innocent people. Season 15 thumb|250x250px|A damned soul fleeing a corpse. In Back and to the Future, the Winchesters and Castiel are swarmed by the zombies and are eventually forced to retreat into a crypt for safety. Trapped, the group realizes that the zombies are just ghost-possessed corpses and attempt without success to come up with a way to escape them. The demon Belphegor, having escape"
1187e6d965c1,Hopkins Family,Supernatural,status: Extinct | actor: Kelly Sullivan,"The Hopkins Family was left extinct when Mary killed Joan in order to destroy the Akrida. Known Members
Joan's parents  - Joan's parents who were killed by monsters. Joan's brother  - Joan's brother who was killed by monsters.","The Hopkins Family is an extinct family of hunters. History The Hopkins Family has a history of being hunters that's even longer than the Campbell Family who they would work with sometimes. This history goes back to before 1673 when Joan Hopkins was born. Eventually, the family fell to monsters, including Joan's parents, brother and husband, leaving Joan as the only surviving member. Driven insane by consuming monster essences, Joan would eventually be banished from the world by hunters and the Men of Letters and become the Akrida Queen. In 1972, upon meeting John Winchester, Mary and Samuel Campbell, Joan mentioned the history that the Campbells and the Hopkins had together. Although Samuel had never heard of the family, Joan explained that her family line had ended with Joan a long time ago. As a result of the family's history together, Mary was able to find information on the Hopkins Family and Joan in the Campbell Family's history books. The Hopkins Family was left extinct when "
ea775cb7ffd7,Bigfoot,Supernatural,species: Unknown | status: Unconfirmed Existence | actor: None,"Foster describes amateur enthusiasts of the supernatural and even the hunter Claire Novak as ""Bigfoot truthers"", after many of them harass her through calls and e-mails due to the nature of her son's death (werewolf attack).","The Bigfoot, also known as Sasquatch is mythological being that is rumored (albeit doubted) to exist in the Supernatural universe. History Season 2 In Playthings, Dean playfully calls Sam a Sasquatch (due to his height) while calling him to sleep. Season 3 In Jus In Bello, Dean tries to comfort Victor Henriksen after breaking the news to him that in addition to demons most other mythological supernatural beings actually exist, saying ""If it makes you feel better, Bigfoot’s a hoax"", much to Victor's disregard. Season 4 In Wishful Thinking, after a wish that actually came true made by the little girl Audrey Elmer, her Teddy Bear grows bigger than a human and comes to life, he is then confused for the Bigfoot by locals while robbing a liquor store, Sam and Dean comment to each other how hunters in general have a consensus that the Bigfoot is nothing but a hoax, but the testimonials of many locals even makes Sam and Dean second guess themselves for some time about if the Bigfoot really "
9285b4b4f39d,Witnesses,Supernatural,status: Put to rest | actor: Charles Malik WhitfieldChris GauthierNicki Aycox | species: Special ghosts,"History 
A witness was someone that experienced the supernatural first-hand and died in the process making their deaths unnatural which hunter Bobby Singer once noted when Lilith rose seven specific victims as part of her ongoing plan to break the 66 seals as to free Lucifer from his cage. Though she also targeted Bobby, she summoned ghosts of victims that had died under the protection of Sam and Dean Winchester as well as other hunters such as Olivia Lowry, Carl Bates, R.C Adams and Jed. As the deceased did not die from natural causes, they all suffered under the belief that the hunters they were with were responsible for their deaths and so attempted to kill them with Olivia, Carl, R.C, Adam and Jed dying which Sam, Dean and Bobby soon found out about with them finding the remains of Oli","Witnesses were a type of special ghost that could be raised by a witch or demon using the Rising of the Witnesses spell. They can be considered to be high-tier ghosts. They can be banished and put to rest with the counter to the Rising of the Witnesses spell. History A witness was someone that experienced the supernatural first-hand and died in the process making their deaths unnatural which hunter Bobby Singer once noted when Lilith rose seven specific victims as part of her ongoing plan to break the 66 seals as to free Lucifer from his cage. Though she also targeted Bobby, she summoned ghosts of victims that had died under the protection of Sam and Dean Winchester as well as other hunters such as Olivia Lowry, Carl Bates, R.C Adams and Jed. As the deceased did not die from natural causes, they all suffered under the belief that the hunters they were with were responsible for their deaths and so attempted to kill them with Olivia, Carl, R.C, Adam and Jed dying which Sam, Dean"
55bac2396125,Walker Family,Supernatural,species: HumansVampires | actor: Sterling K. Brown,,"The Walker Family is a group of individuals related by blood relationships, with backgrounds in monster hunting and other. Relations Immediate Unnamed father - The father of Gordon and his sister, and the husband of their mother, the unnamed woman. Unnamed mother - The mother of Gordon and his sister, and the wife of their father, the unnamed man. Gordon Walker - The son of the unnamed man and unnamed woman, and brother to his sister. Experienced hunter. Unnamed sister - The daughter of the unnamed man and unnamed woman, and sister to Gordon. Turned to vampirism. Allies John Winchester Kubrick - Hired gun and mercenary of Gordon, to hunt and assassinate Sam Winchester. Jo Harvelle - Barmaid at Roadhouse, and friend and implied romantic interest, through Jo's blog. Bela Talbot - A thief and collector of supernatural items, bargained for Gordon's hex bag. Enemies Vampires - A type of monster, which Gordon is an expert on and its his speciality. Gordon's"
174657b5d6ce,Masayo Takada,The 100,gender: Female | actor: Unknown | seasons: One,,"Masayo Takada is a minor character in the first season. She is one of the delinquents sent to Earth to see if it is survivable for humans. Her first appearance is in Pilot on one of the screens in Earth Monitoring Station. Throughout the Series |Season One= In Pilot, Masayo's name is seen on one of the screens in the Earth Monitoring Station. In His Sister's Keeper, Masayo listens to Bellamy's speech about finding Octavia. She also watches the search party leave but does not join in the search. The next morning Masayo witnesses the search party for Octavia return with an injured Finn. In Contents Under Pressure, Masayo shelters from the storm in the dropship. Later when Raven successfully contacts The Ark she can be seen celebrating."
1e7f162fc76f,Ghost,The Boys,species: Supe | gender: Female | status: Corporeal (Immortal) | seasons: ''DB'' | actor: Asjha Cooper,"However, Homelander shows up and kills everyone immediately, except for Ghost due her total intangibility.","is a character in the animated anthology series, The Boys Presents: Diabolical. She's featured in the episode, ""An Animated Short Where Pissed-Off Supes Kill Their Parents"". The Boys Presents: Diabolical ""Episode 2"" Ghost, like all supes, was experimented on at birth by Vought International with Compound V. She gained the power to be a ghost where she can float through walls, unfortunately her power was too unstable making her unable to feel, touch and eat while also leaving her in the nude. Her parents, disappointed, dumped her at the Red River Assisted Living For the Gifted Child, where parents dump their kids with “shit powers”. At the center, she became friends with other kids like Mo-Slo, Boombox, Fang, Kingdom, Aqua Agua, Big, Human Tongue, Picante Balls and Flashback. She and her friends find out about Compound V and that they were man-made, realizing that their parents injected them with Compound V to make them famous superheroes so they could get rich off of them, but then a"
84807f485302,Areola,The Boys,species: Poop | gender: Female | actor: Awkwafina,,"is a character in the animated anthology series, The Boys Presents: Diabolical. The Boys Presents: Diabolical Areola is a poop that Sky pooped out after taking Compound V. Gallery Photos Videos References Category:Female Characters Category:The Boys Presents: Diabolical Characters"
d264a9771bd1,Vik,The Boys,species: Human | gender: Male | actor: Kumail Nanjiani,,"is a character in the animated anthology series, The Boys Presents: Diabolical and Season 3 of The Boys. The Boys Presents: Diabolical In ""Boyd in 3D"", Vik is a celebrity Vought scientist who gives Boyd Dune a sample of his ""Envision"" cream to make himself better looking. Gallery Photos Videos References Category:Male Characters Category:The Boys Presents: Diabolical Characters fr:Vik Category:Vought International Employees"
2920e4534530,Cherry Sinclair,The Boys,gender: Female | actor: Nasim Pedrad,,"is a character in the animated anthology series, The Boys Presents: Diabolical. The Boys Presents: Diabolical Cherry is Boyd Dune's neighbor who he secretly has romantic feelings for. Gallery Photos Videos References When Cherry became catlike she started to wear an outfit similar to the outfits of Josie and the Pussycats from Hannah Barbara Category:Female Characters Category:The Boys Presents: Diabolical Characters Category:Humans fr:Cherry Sinclair Category:Unfinished Articles"
79ac493ee15b,Elizabeth,The Boys,species: Human | gender: Female | actor: Julia Dyan-Porter,,Elizabeth was one of The Deep's potential wives. He ultimately went with Cassandra Schwartz.
129be0ac06ac,Tina Mitchell,The Boys,species: Human | gender: Female | actor: Joanne Reece | seasons: 1,,Tina Mitchell is child protective services worker and a work colleague of Marvin Milk. Biography References Category:Characters Category:Season One Characters Category:Minor Characters Category:The Boys (TV series) Characters Category:Humans Category:Alive
7f6a2dca82b8,Bill Pearson,The Boys,species: Human | gender: Male | seasons: 2 | actor: Greg Grunberg | status: Fictional,,"Agent Bill Pearson is a fictional character in Dawn of the Seven. He is a federal agent who serves as a liaison to The Seven. Biography In Dawn of the Seven, Agent Bill Pearson is a liaison to the superheroes in the story and also helps motivate them with snarky tough love, and extends this motivational snarky tough love to other non-powered people such as the hacker Ruby Cruz in a similar way that he expresses that same kind of attitude to superheroes such as Queen Maeve. Trivia Bill Pearson is a parody of the fan-favorite who first appeared in the 2008 film . Also, his first name even rhymes with ""Phil"" and his last name is four letters off ""Coulson"". Interestingly enough, Greg Grunberg, the actor who plays Pearson, also starred in the NBC series , another television show about people with superpowers. Category:Characters Category:Male Characters Category:Humans Category:Fiction-In-Fiction Characters"
7598b645a785,Marquis Hilton,The Wire,"actor: Fredro Starr | seasons: 1, 2","Brandon dies from the numerous wounds he sustains during the torture. This act of murder causes Wallace to feel an immense sense of guilt over his involvement in Brandon's death. Soon after Brandon's death, a bitter and vengeful Omar tells police that Bird murdered a state witness, William Gant.","Marquis ""Bird"" Hilton is a former enforcer for the Barksdale Organization. Biography Season 1 ""Bird"" is one of five prominent enforcers (along with Roland ""Wee-Bey"" Brice, Anton ""Stinkum"" Artis, Wintell ""Little Man"" Royce, and Savino Bratton) of the Barksdale Organization. He is a violent, volatile young man, evidenced by his manner of speaking and confrontational attitude towards the police. Although not present during D'Angelo Barksdale's court case along with the rest of the upper tier Barksdale members, he is later introduced and is actively involved in the brutal murder of Omar Little's boyfriend and accomplice Brandon Wright. Largely due to Wallace's efforts, Brandon is located and second-in-command Russell ""Stringer"" Bell is notified. Stringer promptly orders his execution, and brings the ruthless working trio of Roland ""Wee-Bey"" Brice, Anton ""Stinkum"" Artis and Bird himself to kill Brandon. The enforcers capture him, initially pretending to be undercover cops. They brutally t"
9682845e97f6,Avon Barksdale,The Wire,"actor: Wood Harris | seasons: 1, 2, 3, 5 | birth: August 15, 1970","After Avon's nephew and lieutenant D'Angelo murdered Pooh Blanchard, Avon ordered Stringer to pay one of the witnesses (a security guard named Nakeesha Lyles) to retract her initial photo array identification during the trial. Wee-Bey Brice killed John Bailey, a member of Omar's crew. Later after providing the information, Omar killed Stinkum and wounded Wee-Bey with a gunshot to the leg, culminating with a failed assassination attempt on Avon outside of Orlando's.","Avon Randolph Barksdale is a former narcotics trafficker and leader of the Barksdale Organization. Biography Background Avon Barksdale was born on August, 15, 1970 at Provident Hospital in Baltimore City to Willette Jackson Barksdale. Barksdale grew up in Franklin Terrace and was arrested as a youth, but had his juvenile record expunged. Barksdale competed in the Golden Gloves program and was trained by his father from a young age. Avon, alongside his older brother and his childhood friends, small-time thief Russell ""Stringer"" Bell, and Roland Brice, rose up in the criminal game, eventually taking control over Franklin Terrace in 1999. After Avon's nephew and lieutenant D'Angelo murdered Pooh Blanchard, Avon ordered Stringer to pay one of the witnesses (a security guard named Nakeesha Lyles) to retract her initial photo array identification during the trial. Season 1 After D'Angelo was acquitted, Avon chastised him for costing the organization time and money and demoted him fr"
685d7e0cd8e7,Shakima Greggs,The Wire,"actor: Sonja Sohn | seasons: 1, 2, 3, 4, 5","They persuaded D'Angelo's new girlfriend Shardene Innes to turn against him by providing her with evidence that the Barksdale crew were responsible for the death of a friend of hers. When one of Shardene's coworkers from Orlando's died of a drug and alcohol overdose during an intense party, Wee-Bay Brice and others at the party simply roll her body in a carpet and dump it unceremoniously

Greggs was shot and wounded in an undercover buy/bust operation ordered by Deputy Commissioner Ervin Burrell. Orlando was killed in the failed sting and Greggs' was shot before she could retrieve the weapon she had hidden in the vehicle they were using.","Detective Shakima ""Kima"" Greggs is a detective in the Baltimore Police Department. Biography Background Greggs joined the Baltimore Police Department in 1997. Greggs worked in the Eastern District Drug Enforcement Unit (DEU) before transferring to the Criminal Investigation Division (CID) Narcotics Unit. By 2002, Greggs worked under shift lieutenant Cedric Daniels and alongside detectives Ellis Carver and Thomas ""Herc"" Hauk in Narcotics Unit for four months. She quickly outshone her Carver and Herc, much to their chagrin. She cultivated a relationship with Bubbles, a West Baltimore heroin addict, who became a confidential informant (CI). Season 1 Greggs, Herc, and Carver performed a street bust of Ghost where she found an additional pistol hidden in the suspect's car, haughtily letting Herc and Carver that they'd missed the weapon during their search. At Daniels's request, Greggs compiled a four-page file on Avon Barksdale. Lt. Daniels assigned her to the Barksdale detail and made h"
6d58acc71c29,Walon,The Wire,actor: Steve Earle,"Season 4
Years later, when Bubbles is locked in a medical rehab facility, Walon visits him to again help him with his sobriety and grief after Bubbles caused the accidental death of his business partner, Sherrod. Season 5
Walon becomes Bubbles's NA sponsor but has trouble getting Bubbles to open up about Sherrod's death at NA meetings.","Walon is a drug rehabilitation counselor. Biography Background Walon is recovering drug addict and drug rehabilitation counselor who was once married. Season 1 Walon spoke at a Narcotics Anonymous meeting attended by Bubbles and Johnny Weeks. Walon later attempted to encourage his nephew to stop using. Walon remarked that his nephew hasn't ""come close to hitting his bottom"". Bubbles' conversations with Walon help him realise that he wants to get clean. When he makes a serious attempt, Walon gives him advice on keeping clean, which Bubbles is unable to stick with. Season 4 Years later, when Bubbles is locked in a medical rehab facility, Walon visits him to again help him with his sobriety and grief after Bubbles caused the accidental death of his business partner, Sherrod. Season 5 Walon becomes Bubbles's NA sponsor but has trouble getting Bubbles to open up about Sherrod's death at NA meetings. He also supports Bubbles when he gets himself tested for HIV. When the test comes bac"
c1b66cafa891,Troy Wiggins,The Wire,actor: Neko Parham | seasons: 1,,"Troy ""Wig"" Wiggins is an undercover officer with the Maryland State Police. Biography Background He developed a friendship with Shakima Greggs. Season 1 In 2002, an undercover Troy arrested Orlando after he attempted to purchase cocaine from him. He gave them Avon's in an attempt to avoid his charge. Troy conveyed the information to the Barksdale detail. Production Appearances Category:Season 1 Characters Category:Minor Characters Category:Police"
1115f8b0ce74,Lester Freamon,The Wire,"actor: Clarke Peters | seasons: 1, 2, 3, 4, 5","Landsman assigned them a seemingly impossible case involving the deaths of fourteen women who died while being transported a cargo ship that docked in the Baltimore harbor. The girls suffocated after the air pipe was deliberately closed off (other than one girl who was murdered and thrown overboard on the previous night). Based on the few sparse facts they knew, Freamon and Bunk deduced that the women were prostitutes being smuggled in from overseas, that one of the girls was murdered by a sailor after refusing sex, and the rest were killed for witnessing the crime.","Lester Freamon is a former detective for the Baltimore Police Department. Biography Background Freamon's first major assignment was Baltimore police's Homicide Unit. In 1987, he investigated the burglary-murder of an eighty-year-old and identified the two suspects. The suspects fenced the property they stole to the son of an editor of The Baltimore News-American. Deputy Commissioner of Operations Mueller, under pressure from newspaper's editor, instructed the commander of Homicide Unit to charge the two suspects only using fingerprint identification and a statement, both of which weakened the case. Though the case was successfully closed, the Deputy Commissioner transferred Freamon to the Pawn Shop Unit as a punishment. Freamon spent ""thirteen years and four months"" there. Freamon began making dollhouse furniture, a hobby which provided him with supplemental income and helped him deal with the boredom of his new position. Season 1 When the initial Barksdale detail was formed, Frea"
54bc374b8e3e,Reginald Cousins,The Wire,"actor: Andre Royo | seasons: 1, 2, 3, 4, 5","After he was nearly killed trying to steal some drugs, he tried to get off the needle, drawing on advice from former addict Walon. Bubbles awakes to find that Sherrod has died after taking the tainted drugs. Sergeant Landsman sees that the death was unintentional and decides, despite the negative impact on the homicide unit's clearance rate, to send Bubbles to a psychiatric facility at a state hospital than charge Bubbles with murder.","Reginald Cousins, nicknamed ""Bubbles"", is a recovering heroin addict and a former confidential informant for the Baltimore Police Department. Biography Background Bubbles has a son named KeyShawn who lives with his mother. He was a Confidential Informant for Detective Greggs. He was incarcerated for an unknown reason and released three months before the start of the series. Season 1 In 2002, Bubbles was a homeless heroin addict and a mentor to Johnny Weeks. The two ran a scam creating counterfeit money with a photocopier and using coffee to stain and age it, making the fake money look real. Bubbles was successful in using the counterfeit cash to purchase heroin from Barksdale dealer Wallace in the low-rise McCulloh Homes public housing project. Crew chief D'Angelo Barksdale immediately recognized the cash as counterfeit and instructed his dealers to remain alert for potential scammers. The next day, Johnny attempted the scam but was caught and assaulted by Bodie, Poot, and Wallace."
40e59d42e061,The Greek,The Wire,"actor: Bill Raymond | seasons: 2, 5","The container belonged to The Greek and the girls were killed by a crewman onboard the vessel that had delivered them. The ship's crew had been paying the girls for sex and when one of the girls refused, she was killed. The Greek tracked the crewman down, interrogated him, and had him killed.","""The Greek"" is the alias of the unnamed man in charge of The Greeks, an international narcotics trafficking crime syndicate. Biography Background ""The Greek"" is a mysterious figure involved in numerous criminal activities. His given name is never said on the show, and though he is known only as ""The Greek"", he has stated that he is not actually Greek. His background and ethnicity are never overtly identified, although his ouzo drinking habits, accent, and the make-up of his organization strongly suggest an eastern European background. He seems fluent in English, Greek, Turkish, Portuguese and Farsi. Due to his implied dislike of Turks in 'The Old World' in the second episode of the second season, inference suggests that he may be Armenian or Greek Cypriot. He is a quiet and unassuming man, but is cunning and ruthless and only interested in facts that make him more money. Anyone interfering in this process is eliminated immediately, and his signature style is to leave victims headless"
19ee04e0d7c6,Cedric Daniels,The Wire,"actor: Lance Reddick | seasons: 1, 2, 3, 4, 5","Ziggy killed George ""Double G"" Glekas in a warehouse involved in the Greek's smuggling. Sobotka was murdered before the detail could take his testimony. Bell dies but Barksdale was arrested courtesy of Major Colvin who was then forced to retire from the department due to his ""Hamsterdam"" experiment.","Cedric Daniels is a criminal defense attorney and a former member of the Baltimore Police Department. Biography Background Daniels joined the Baltimore Police Department in 1981. Daniels served as a shift lieutenant in the BPD Narcotics Division under Major Raymond Foerster. Daniels supervised detectives Kima Greggs, Ellis Carver and Thomas ""Herc"" Hauk. Season 1 After Detective McNulty prompted Judge Phelan to inquire about the Barksdale Organization, Major Foerster came to Daniels for more information. Daniels and his detectives were unaware of Barksdale. Daniels instructed Kima to contact the DEA to gather more information on Barksdale and compile a narcotics briefing on Barksdale. The next day, Foerster appointed Daniels to command the Barksdale detail. That night, he met with Deputy Commissioner Burrell, who instructed him to to conduct an expeditious and affordable investigation using buy-and-bust arrests. Daniels selected Detectives Greggs, Herc, and Carver from the Narcoti"
e2839dc79bdf,Roland Pryzbylewski,The Wire,"actor: Jim True-Frost | seasons: 1, 2, 3, 4, 5","Prez is shocked at the fact that he killed another officer and quits the force though Daniels, Caroline Massey and Lester Freamon (all African-American) agree to testify that he did not kill Waggoner out of racial prejudice. (2004)

Production
Appearances

Notes
 The only police officer who, throughout the series, fires his weapon or kills someone.","Roland ""Prez"" Pryzbylewski is a teacher at Edward J. Tilghman Middle School and a former detective in the Baltimore Police Department. Biography Background Prez married the daughter of Southeastern District Commander Stanislaus Valchek. He served for three years in the the Auto Theft Unit until he discharged his firearm into his squad car in a panic. He filed a false report and claimed he was being fired upon until the ballistics matched the discharged bullets to his service weapon. The Baltimore City State's Attorney's Office intended to indict Prez for false report but Valchek ensured he was reassigned to casualty section under Lieutenant Cantrell. Season 1 Prez is sent to Lieutenant Daniels' Barksdale detail because Deputy Commissioner Burrell tells the unit commanders to dump their most incompetent officers on Daniels. Upon arrival at the detail, he accidentally shoots a wall while showing off modifications to his gun. Daniels is appalled, but agrees to keep Prez if Cantrell wi"
cc7771ac45c4,Robert Brown,The Wire,"actor: Bobby J. Brown | seasons: 1, 3, 4, 5","Later, Brown is the first officer at a suspicious death that is investigated by Detective Jimmy McNulty - the death is later ruled natural as predicted by Brown and McNulty.","Robert ""Bobby"" Brown is a uniformed patrol officer in the Western District of Baltimore City. Biography Season 1 Brown was the first officer to arrive at the crime scene of William Gant's murder and apprises William ""Bunk"" Moreland of the case. He is the responding officer at the crime scene of Brandon Wright's murder. Detective Jimmy McNulty later enlisted Brown to help watch the home of Wallace. Season 3 Howard ""Bunny"" Colvin's Hamsterdam initiative enables Brown to solve a church burglary case. Season 4 Brown and Sergeant Ellis Carver warned and arrested Namond Brice for trafficking narcotics on a pre-indicted corner. Season 5 Brown was livid about the withholding of his overtime pay and is insubordinate in Ellis Carver's first roll-call briefing as Sergeant in charge. Brown is involved in a parking lot brawl with another officer over the poor state of a vehicle he hands over. Later, Brown is the first officer at a suspicious death that is investigated by Detective Jimm"
1d409ccdf900,William Rawls,The Wire,"actor: John Doman | seasons: 1, 2, 3, 4, 5",McNulty used wind and tide charts to prove that the death occurred in Rawls' jurisdiction.,"William Rawls is the superintendent of the Maryland State Police and a former member of the Baltimore Police Department. Biography Background Rawls is a married man with children and a closeted homosexual. Season 1 In 2002, Rawls was a major and commander of the Homicide Unit. He was enraged when Detective McNulty circumvented chain of command by discussing the Barksdale Organization with Judge Phelan. Rawls instructed McNulty to type up the Homicide Unit briefing on Avon Barksdale by the following morning. After Burrell requested manpower for the Barksdale detail, Rawls sent the insubordinate McNulty and the incompetent Santangelo. After Phelan contacted Deputy Commissioner of Operations Burrell regarding the murder of State's witness William Gant, Rawls met with Burrell], Narcotics Unit Commander Foerster, and Narcotics Shift Lieutenant Daniels. Rawls believed that Gant's murder was unrelated to his testimony and offered to discipline McNulty for once again circumventing chain of"
1e76b820cee5,Ervin Burrell,The Wire,"actor: Frankie Faison | seasons: 1, 2, 3, 4, 5",When Burrell failed to bring a murdered witness to the Mayor's attention before it became a campaign issue Royce ordered Burrell to downplay the story to the press and take the political fallout on himself.,"Ervin Burrell is the former commissioner of the Baltimore Police Department. He served as acting commissioner until Mayor Royce appointed him to a full term in 2004. He was removed from office by Mayor Carcetti after altering city crime statistics. Biography Background Burrell is a careerist and statistics-minded bureaucrat who cares more about reducing crime on paper than building strong cases. Burrell is conscious of the media coverage of his department and is very sensitive to the newspaper headlines concerning its progress. He struggles to direct the department to make an adequate impact on crime reduction and is constantly engaged in conflict with the city's politicians, some of whom blame him directly for the department's problems. By 2002, Burrell was Deputy Commissioner of the Baltimore Police Department to Commissioner Frazier. Season 1 Burrell was contacted by Judge Phelan to inquire about the department's failure to investigate West Baltimore drug kingpin Avon Barksdale. "
77beca6d1017,Thomas Hauk,The Wire,"actor: Domenick Lombardozzi | seasons: 1, 2, 3, 4, 5",,"Thomas ""Herc"" Hauk is a criminal defense investigator. He was dismissed from his role as a sergeant in the BPD's Major Crimes Unit in 2006. Biography Season 1 Herc and Ellis Carver typically worked as a pair in Narcotics, and both were intimidated by Detective Greggs's ability and annoyed at her superior attitude towards them. They all joined the Barksdale detail because their shift lieutenant Cedric Daniels was assigned to command the detail. Herc and Carver, with Officers Pryzbylewski, got into trouble early on in the investigation when they drunkenly raided the Barksdale organizations tower operation and nearly incited a riot. Herc was slightly injured, but returned early from his sick leave to take part in raids on the Barksdale's operation. When young dealer Preston Broadus punched Detective Mahon, Herc, Carver and Greggs were unrelenting in punishing him with a beating. After Bodie escaped from a juvenile detention centre, Herc spotted him in the low rise projects and arrested "
fa824385e1c2,Ellis Carver,The Wire,"actor: Seth Gilliam | seasons: 1, 2, 3, 4, 5",,"Lieutenant Ellis Carver is the executive officer to Western District Commander Dennis Mello in the Baltimore Police Department. Biography Background Carver grew up in the Flag House Courts housing project in East Baltimore. He attended Dunbar High School. Season 1 thumb Carver was a narcotics detective under Major Foerster in season one; he joined the Barksdale detail along with his friends from narcotics, detectives Greggs and Hauk. His shift lieutenant from narcotics Cedric Daniels was assigned to command the detail. Herc and Carver typically worked as a pair. They were intimidated by Greggs' ability and annoyed at her superior attitude towards them. They got into trouble early on in the investigation when they drunkenly raided the Barksdale organizations tower operation and nearly incited a riot. They easily convinced the erratic Detective Pryzbylewski to accompany them and he worsened the situation by hitting a teenage drug dealer. Daniels was exasperated with his detectives lac"
2c3312c72a65,Leander Sydnor,The Wire,"actor: Corey Parker Robinson | seasons: 1, 3, 4, 5",,"Leander Sydnor is a detective in the Major Crimes Unit of the Baltimore Police Department. Biography Background Sydnor is noted as being one of the best younger detectives on the force. A good investigator with a thorough knowledge of the streets of Baltimore, Sydnor is used frequently as the Major Case Unit's undercover officer in street based operations. Sydnor is shown preferring to do good investigations using workable interrogation tactics to make a case. Sydnor seems to be disliking of the Baltimore Police Department's method of case selections as he has had disagreements over the choice investigation targets due to departmental politics. It seems that Sydnor like Detective Pryzbylewski is more interested in investigations than in making rank but unlike Prez, he seems to enjoy the tactical hand to hand methods of policing more than the asset investigation based methods of policing. Realizing the demands of the detectives, Sydnor appears mentoring the other young plainclothes off"
45188f1d03dd,Michael Santangelo,The Wire,actor: Michael Salconi,,"Michael ""Sanny"" Santangelo is a officer responsible for driving the district arrest van in the Western District in the BPD. Biography Season 1 Santangelo was a detective in the Homicide Unit who was sent with James McNulty into the Barksdale Detail in order to spy on him for William Rawls. Rawls sent him to the detail because ""Sanny"" was one of the unit's more inept homicide detectives, with a less than 40% clearance rate whose excuse for his performance is a lack of ""dunker"" cases (easy cases). He tries to resist, stating that it isn't his job to inform on a fellow cop and Rawls orders him to solve one of his open cases, all of which are ""Whodunits"" (difficult cases), inform on McNulty or leave the Homicide Unit altogether. Sergeant Landsman recommends a psychic, Madame LaRue, and Santangelo desperately tries her. ""Sanny"" follows her instructions to bury a doll at the cemetery. That evening, McNulty solves one of the open cases, and Santangelo doesn't understand why a different case "
1dc3bd1410c4,Augustus Polk,The Wire,actor: Nat Benchley,,"Augustus Polk is an officer in the Evidence Control Unit of the BPD. He formerly worked briefly with the Barksdale detail, the Sobotka detail, and the Property Crimes Unit. Biography Background Polk developed a drinking problem and has not solved a single case in the Property Crimes Unit of CID since 1992. Season 1 In 2002, Polk and his partner Patrick Mahon from the Property Crimes Unit to the Barksdale detail. After his partner Mahon retired due to injury, Polk considered deliberately injuring himself to retire early with a pension. Unable to follow through on his plan, he became despondent and proceeded to binge drink. He missed several days of work and finally arrived inebriated at 9:00 a.m.. Lieutenant Daniels told him to either take sick leave for his alcohol problem or work ""wet"". Polk opted for sick leave and was off until the case is closed. Season 2 In 2003, he was briefly assigned to the first Sobotka detail under Lieutenant Grayson. After Major Valchek complained abou"
dc5a928e9882,Patrick Mahon,The Wire,actor: Tom Quinn | seasons: 1,,"Patrick Mahon is a retired detective of the Baltimore Police Department. Biography Background Mahon served in the Property Crimes Unit and had not solved a single case since 1992. Season 1 In 2002, Mahon and his partner Augustus Polk were transferred to the Barksdale detail. He was assaulted by Preston ""Bodie"" Broadus, a young narcotics dealer, during a raid of the low-rise McCulloh Homes public housing project. Mahon received early retirement with pension following his injury, and was last seen encouraging Polk to do the same. Production Appearances References Category:Characters Category:Recurring Characters Category:Season 1 Characters Category:Police"
3a494076be9f,Warren Frazier,The Wire,actor: Dick Stilwell | seasons: 1,"Production
Appearances

Notes
As actor Dick Stilwell died in a car accident after the filming of this episode, the character retired and Ervin Burrell replaced him as commissioner.","Warren Frazier was the commissioner of the Baltimore Police Department. Biography Season 1 He ordered city-wide raids following the shooting of Kima Greggs. At the hospital, Commissioner Warren Frazier found Lieutenant Cedric Daniels being interviewed by Edward Norris and went on to see Greggs. He shook Norris's hand, mistaking him for Lieutenant Daniels. He informed Cedric that the entire police department stood behind Kima. Production Appearances Notes As actor Dick Stilwell died in a car accident after the filming of this episode, the character retired and Ervin Burrell replaced him as commissioner. Category:Characters Category:Season 1 Characters Category:Minor Characters Category:Police"
646b9adf5660,Stanislaus Valchek,The Wire,"actor: Al Brown | seasons: 1, 2, 3, 4, 5","Sobotka was ultimately killed, but the surveillance van was still being shipped around the world.","Stanislaus Valchek is the Commissioner of the Baltimore Police Department. Valchek was the former Deputy Commissioner of Administration and the commander of the predominantly Polish-American Southeastern District. Biography Season 1 Valchek met with Deputy Commissioner of Operations Burrell and Lieutenant Daniels to advocate for Prez after he blinded an unarmed fourteen-year-old. Valchek reminded Daniels that if Daniels helped Prez, Valchek would owe him a favor. Season 2 Valchek was the impetus behind the investigation into corruption at the docks, due to a petty feud he had with IBS Local 1514 treasurer Frank Sobotka. Both men wished to donate stained glass windows to a local church, and Sobotka refused to withdraw his larger, more expensive window which had been installed first. Valchek became curious as to how the destitute union could afford the expensive window. He ordered his subordinates (including Sergeant Ellis Carver) to begin harassing Sobotka and his union, putting pa"
9c3fa9cb73dd,Robert Reed,The Wire,"actor: Tony D. Head | seasons: 1, 3, 4",,"Robert ""Bobby"" Reed is a major and commander of the Internal Investigations Division in the Baltimore Police Department. He is loyal to Ervin Burrell's administration and prioritizes the reputation of the department over effective police work. Biography Season 1 Reed investigated the brutality charges filed against Roland ""Prez"" Pryzbylewski for blinding a teenager in one eye. Reed dismissed the witnesses based upon their criminal records but suspends Prez from street duty pending a Grand Jury hearing. After the Barksdale detail caught Damien Price, State Senator Davis's driver receiving cash payments from the Barksdale Organization, Reed intervened when the detail attempted to investigate Price and Davis. After Greggs's shooting, the Barksdale detail and drug enforcement units were ordered to raid drug houses. Daniels withheld the Barksdale stash house to ensure the wiretap was not compromised. Reed confronted Daniels about withholding targets. Reed met with Daniels and Burrell"
e0ffa52ca666,William Moreland,The Wire,"actor: Wendell Pierce | seasons: 1, 2, 3, 4, 5","The girls suffocated after the air pipe was deliberately closed off (other than one girl who was murdered and thrown overboard on the previous night). Based on the few sparse facts they knew, Bunk and Freamon deduced (correctly) that the women were prostitutes being smuggled in from overseas to join a prostitute ring, that one of the girls was murdered by a sailor after refusing sex, and the rest were killed for witnessing the crime. He became incensed, and obsessed over her death, continuing to investigate it even after his superior officers Landsman, Colonel Raymond Foerster Rawls ordered him to find the stolen weapon of Officer Kenneth Dozerman, who was nearly killed in a failed drug bust led by Sergeant Ellis Carver.","William ""Bunk"" Moreland is a veteran homicide detective in the Baltimore Police Department. Biography Background Moreland graduated from Edmondson-Westside High School. He moved to Randallstown, MD, a predominantly black suburb of Baltimore, with his wife Nadine and their three children. He became the partner of James McNulty in 2000. Season 1 Bunk dropped off evidence at Ilene Nathan's office at the Circuit Court For Baltimore City courthouse with fellow homicide detective and partner, McNulty. McNulty wryly advises Bunk to not answer Homicide phone calls because the pair are not in rotation. Bunk, however, answers the homicide report of an unidentified man in a vacant house in the Poe Homes. McNulty is amused that Bunk ignored his advice and an irritated Bunk resolves to investigate the homicide alone. That night, after being reprimanded by Lansman, Bunk revealed that Randall Frazier found a bullet in the body of the Poe Homes homicide victim. The next day, at a bar, McNulty lamen"
b97e0ee4ad2a,Edward Norris,The Wire,"actor: Ed Norris | seasons: 1, 2, 3, 4, 5",Norris also investigated the death of Sherrod who died by tainted drugs.,"Edward ""Ed"" Norris is a veteran homicide detective. Biography Background Norris became a BPD homicide detective in 1991. Season 1 Norris and his squad mate Vernon Holley first appeared assigned to the case of the murder of Omar Little’s boyfriend Brandon Wright. They recognized a connection to the recent murder of Omar’s crew member John Bailey because both corpses were found in Kevlar vests. They called in their colleague James McNulty and the Barksdale details work secured a conviction for the murder against soldier Roland Brice. Norris was also lead detective on the shooting of Wendell ""Orlando"" Blocker and Shakima Greggs this time working with Detective Ray Cole. This case was also solved when Roland Brice confessed to the shooting. Season 2 In 2003, he appeared briefly when investigating the shooting of a child by a stray bullet. Season 3 He attended the wake of his colleague Ray Cole. Season 4 He was the lead investigator in the politically important murder of a state's wi"
02e39a8e81b7,Vernon Holley,The Wire,"actor: Brian Anthony Wilson | seasons: 1, 2, 3, 4, 5","Season 4
Holley initially works as the secondary investigator on Norris' case of a murdered state's witness named Braddock that becomes a ""red ball"" case. Holley and Crutchfield are then seen catching the case of a delivery woman murdered in the convenience store of Old Face Andre.","Vernon Holley is a detective in the Homicide Unit of the BPD. Biography Background Holley works in the squad of Jay Landsman. the command of Major Rawls and later Colonel Foerster followed by Cedric Daniels. Holley often works with Norris, Bunk, or Crutchfield and is one of the unit's more short tempered and physically intimidating detectives. Season 1 He first appeared with partner Edward Norris and caught the case of the murder of Omar Little’s boyfriend Brandon. They recognized a connection to the recent murder of Omar’s crew member John Bailey because both corpses were found in Kevlar vests. They called in their colleague James McNulty and the Barksdale detail's work secured a conviction for the murder against soldier Roland Brice. Following the shooting of detective Shakima Greggs, Holley found her confidential informant Bubbles paging her from a payphone. Holley assumed he was a suspect and had uniformed officers bring him in for an interrogation. Believing Bubbles to be the s"
c73ae7daee84,Randall Frazier,The Wire,actor: Erik Todd Dellums,He helped James McNulty establish the deaths occurred in the City of Baltimore jurisdiction by identifying the time of death based on the air supply in the container the bodies were discovered in.,Randall Frazier is a Medical Examiner who frequently works with the Homicide Unit of the Baltimore Police Department. Biography Season 1 He found a bullet in the body of the Vacant House Murder Victim Bunk's decomp case. He performed the autopsy of William Gant. Season 2 He performed autopsies on the fourteen unidentified women discovered at the Port of Baltimore. He helped James McNulty establish the deaths occurred in the City of Baltimore jurisdiction by identifying the time of death based on the air supply in the container the bodies were discovered in. He also linked the bodies to a specific plastic surgery clinic by identifying a breast implant type that several of the women shared and tracing the serial number. This information helped the detectives to establish that the women were sex trade workers. Production Appearances *Uncredited appearance. References Category:Characters Category:Season 1 Characters Category:Season 2 Characters Category:Season 3 Characters Categ
1ed05f53fec8,Cheryl,The Wire,"seasons: 1, 2, 3, 4, 5 | actor: Melanie Nicholls-King","Season 2
Cheryl finds this hard to understand, until Kima showed her the conditions in which fourteen girls were murdered.","Cheryl is the ex-girlfriend of Shakima Greggs. Biography Season 1 Cheryl is first seen as Greggs's live-in partner; she works in the television news industry and often worries about Kima's safety as a police officer. She hopes that Kima will take a less dangerous job and start a family with her. She also appears to do most of the cooking and cleaning in the relationship. After Kima's shooting, Cheryl insists that she take a desk job. Kima acquiesced for a time. Season 2 Cheryl finds this hard to understand, until Kima showed her the conditions in which fourteen girls were murdered. Cheryl jealously insists on accompanying Kima when she went to interview a contact in a strip club. Cheryl became pregnant via artificial insemination. Season 3 In 2004, the couple have a young baby boy. Kima begins to spend less time at home, and Cheryl was left to deal with motherhood alone. Kima eventually realizes she does not want to be a parent, and moves out of their shared home. Season 4 Kima i"
690c23c04144,Elena McNulty,The Wire,"actor: Callie Thorne | seasons: 1, 2, 3, 4, 5",,"Elena McNulty is the estranged ex-wife of James McNulty. Biography Background Elena and Jimmy dated in college. She became pregnant after Jimmy completed just one year at Loyola College. He dropped out, they married, and he became a Baltimore City police officer. Over the course of their marriage, they had two children together: Sean and Michael. Elena and Jimmy's marriage ended due to his infidelity. Elena suspected he was being unfaithful and had him followed by a private investigator. The investigator took photos of Jimmy with Rhonda and gave them to Elena; Rhonda is not aware that this happened. Elena manipulates Jimmy to agree to give her more child support and alimony than he can afford. Season 1 Jimmy brought Bubbles to Sean's soccer game and introduced him to Elena, she was obviously caught off guard. He took the boys to a city market where Stringer Bell also happened to be shopping. Jimmy asked them to play cops and follow Stringer he lost them. When Elena heard this story s"
a63ca9761136,Sean McNulty,The Wire,"actor: Eric G. Ryan | seasons: 1, 2, 3, 4, 5 | birth: June 22, 1992",,"Sean McNulty is Elena and James McNulty's eldest son. Biography Background Sean was born on June 22, 1992. Season 1 In the wake of his parents' separation, Sean lives with his mother and his brother Michael but still visits with his father. Jimmy made a point to train his sons in the ""Front-and-Follow"" technique, and, upon spotting Stringer Bell in a market, has them follow him. Michael and Sean manage to record Stringer's number plate, which aids their father's investigation. Season 2 Season 3 Season 4 Sean says he wants to be a rock star. Season 5 Production Appearances *Uncredited appearance. Notes Sean's birthday on McNulty's separation agreement reads June 22, 1994. However, McNulty informed Greggs earlier that Sean was 10. The stated age aligns with Sean's appearance. Sean would have to been born in 1992 to be 10 at the time of his claim, which was in fall of 2002. Category:Characters Category:Season 1 Characters Category:Season 2 Characters Category:Season 3 Chara"
1dfd8935e942,Michael McNulty,The Wire,"actor: Antonio Cordova | seasons: 1, 2, 3, 4, 5 | birth: November 3, 1993",,"Michael McNulty is Elena and James McNulty's younger son. Biography Background Michael was born on November 3, 1993. Season 1 He lives with his mother and his brother Sean following his parents separation but still sees his father. Michael plays soccer and Jimmy tries to attend his games. Jimmy teaches his sons the front and follow technique and when he spotted Russell Bell in a market he had them follow him. Michael and Sean managed to record Stringer's number plate, which aided their father's investigation. Season 2 Season 3 Season 4 He says he wants to be a videogame designer. Season 5 Production Appearances *Uncredited appearance. Notes The birthday on McNulty's separation agreement reads November 3, 1997. However, McNulty informed Greggs earlier that Michael was eight. The stated age aligns with Michael's appearance. He would have to been born in 1993 to be 8 at the time of his claim, which was in the fall of 2002. Category:Characters Category:Season 1 Characters Categ"
70b7363000f4,Rhonda Pearlman,The Wire,"actor: Deirdre Lovejoy | seasons: 1, 2, 3, 4, 5","A wire is set up that yields little evidence until Prop Joe's nephew Cheese talks about a murdered ""dog"" over the phone. The day that get a wiretap Stringer Bell is murdered but evidence from Bell is presented to the detail at the hands of Major Colvin.","Rhonda Pearlman is a judge in the Circuit Court for Baltimore City. She was the legal liaison for all major criminal investigations on the show and worked as the chief prosecutor for the Major Crimes Unit. In 2004, she began a personal relationship with Cedric Daniels. Biography Background As a leading Assistant State's Attorney in the Narcotics Division, Pearlman has been a guiding legal presence through all of the wiretap detail's investigations. A stickler for process, Pearlman's grasp of the nuance of surveillance law and the legalities of complex casework proves invaluable to the investigations of both the Barksdales and Frank Sobotka. However, like everyone else with her eye on office politics and the next promotion, she is often worried about the political implications of the casework. A tough prosecutor, she once had a soft spot for James McNulty, leading to an on-again-off-again affair that was eventually discovered by McNulty's wife - and ultimately led to the dissolution of"
57a24083ae62,Ilene Nathan,The Wire,"actor: Susan Rome | seasons: 1, 2, 3, 4",She convinced Roland Brice to plead guilty to multiple murders to avoid the death penalty.,"Ilene Nathan is the Deputy State's Attorney of the Major Crimes Division in the BCSAO. Biography Season 1 Nathan is the head of the Violent Crimes Unit in the Baltimore City State's Attorney's Office. She convinced Roland Brice to plead guilty to multiple murders to avoid the death penalty. She later observes Savino Bratton confess to involvement in the shooting of Detective Greggs. Season 2 Nathan prosecuted Marquis ""Bird"" Hilton, using Omar Little as a witness. After Bird was found guilty, she promised Omar a free pass on one criminal misdemeanor in the future for his assistance. Season 3 Nathan attended the wake of Homicide Unit Detective Ray Cole. Season 4 Nathan transferred Omar to a safer prison after Omar was framed for a murder, at Detective William Moreland's behest. Nathan informed Bunk that she considered her debt to Omar repaid. She attended the wake of CID Commander Raymond Foerster. Nathan helped Detectives Greggs and Norris investigate the Braddock murder case. Af"
77befc13d3d5,Daniel Phelan,The Wire,"actor: Peter Gerety | seasons: 1, 2, 3, 5",,"Daniel Phelan is a Baltimore circuit court judge instrumental in the creation and maintenance of the initial investigation into the Barksdale organisation. Biography Season 1 Judge Phelan is a friend of Detective McNulty's who presided over the D'Angelo Barksdale murder trial, watching the jury gave a not guilty verdict when a witness changed her statement. After he learned the witness was paid off (and possibly intimidated), and that D'Angelo was part of a much larger drug dealing operation, Phelan insisted that Police Deputy Commissioner Ervin Burrell set up a detail to investigate. When Phelan speaks to the press about the murder of another witness from the trial, McNulty felt that Phelan had gone behind his back and their relationship was soured for a time. Over the course of the investigation, he was always willing to sign court documents authorizing wiretaps. When Phelan realized his actions had cost him political capital, his passion for the case waned. Assistant States Attorn"
5a1306184bda,Roland Brice,The Wire,"actor: Hassan Johnson | seasons: 1, 2, 3, 4, 5","While he did not kill her, he took no action to prevent her death from overdose after raping her at a party. Later, after D'Angelo's murder, Wee-Bey assured Avon that D'Angelo's death was not his fault. (2001)
Toreen Boyd: Murdered through unknown reasons prior to the start of the series.","Roland ""Wee-Bey"" Brice was the primary enforcer for the Barksdale Organization. He was sentenced to life without parole in 2002. Biography Background Wee-Bey dropped out of school in sixth grade and started dealing drugs on a corner with Avon Barksdale and Russell Bell (both slightly older than him), eventually becoming the primary soldier in their criminal organization. Wee-Bey was also responsible for more mundane activities including driving and picking up money. In contrast to his long list of crimes, Wee-Bey is good-natured towards his friends, and has a passion for keeping pet fish. He has a son, Namond, by a woman named De'Londa, though he had no hesitation about sleeping with other women and maintains a separate residence. De'Londa uses his last name although they are not married. Season 1 In 2002, Wee-Bey was the primary and trusted enforcer of the Barksdale Organization and second-in-command to Russell ""Stringer"" Bell. He was pulled over by Detectives Hauk and Carver, who s"
f630f340fca3,Malik Carr,The Wire,"actor: Tray Chaney | seasons: 1, 2, 3, 4, 5 | birth: 1986","However, when Wallace returned to town and Stringer ordered him killed, Poot and Bodie were there to carry out the orders. Chris and Snoop killed Little Kevin.","Malik ""Poot"" Carr is a salesman at Jacob's Athletic Shoes and Sportswear and a former drug dealer for the Barksdale and Stanfield organizations. Biography Season 1 In 2002, Poot worked in The Pit under D'Angelo Barksdale alongside fellow dealers Bodie and Wallace. Poot was trapped in the stash house with other members of his crew when it was robbed by Omar Little. Although he was unhurt Poot was terrified enough to vomit when Omar left. He was with Wallace when they spotted Brandon, Omar's boyfriend and accomplice in the heist. Wallace reported the sighting to D'Angelo and Stringer Bell arrived soon afterwards with a trio of enforcers. Poot believed that Stringer would not come. Poot was not as affected as Wallace by the body of Brandon being displayed in their neighborhood as a warning to Omar. The trauma drove Wallace to leave working with the organization. Poot tried to get him to return to work but had no success. Poot followed Wallace and realised he had turned to drugs to esc"
c70c95ece7ac,Sterling,The Wire,actor: Curtis Montez,,"Sterling is a former dealer for the Barksdale Organization. Biography Season 1 Sterling is a drug dealer in the low rise McCulloh Homes housing project under D'Angelo Barksdale. Sterling is in charge of the crew's stash of narcotics, giving vials of drugs to the runners when needed. When Omar Little robs the crew, Sterling refuses to tell him where the stash is hidden and Omar shoots him in the kneecap. When Stringer Bell asks D'Angelo to flush out leaks in his team, D'Angelo discovers that Sterling (along with Cass) is stealing from him. He lets them off with a warning and a demotion to lookouts. When Preston Broadus takes over ""The Pit"", Sterling is involved in his efforts to drive off a rival crew and is seen wielding a baseball bat alongside Bodie and Malik Carr. Production Appearances *Uncredited appearance. Category:Characters Category:Recurring Characters Category:Season 1 Characters Category:Article stubs Category:Barksdale organization Category:Drug dealers"
70a788b75d00,Cass,The Wire,actor: Sheena Barksdale | seasons: 1,,Cass is a former drug dealer in the McCulloh Homes public housing project who worked underneath D'Angelo Barksdale. Biography Season 1 When Stringer Bell asked D'Angelo to flush out leaks in his team by withholding their pay D'Angelo discovered that Cass was stealing from him along with another hopper named Sterling. He was lenient in his punishment and let them with a warning and a demotion to lookouts. {{Crossref|1x06}] Production Appearances *Uncredited appearance. Category:Characters Category:Barksdale organization Category:Drug dealers Category:Season 1 Characters
bab16c5a2661,Thomas Carcetti,The Wire,"actor: Aidan Gillen | seasons: 3, 4, 5",Carcetti's debate answers are invigorated when he learns from Major Valchek that a state's witness has been murdered.,"Thomas ""Tommy"" Carcetti is the governor of Maryland and the former mayor of Baltimore City. Biography Background Carcetti married Jennifer Carcetti and together they had two children. By November 2nd, 1998, he was the Councilman for Baltimore City Council District 1. Season 3 By 2004, Thomas Carcetti was Chairman of the Public Safety Committee. His Democratic Party political connections gave him a sympathetic contact in the Baltimore Police Department, Major Valchek. Carcetti manipulates Commissioner Burrell into working with him using his power as chairman and his connection to Valchek. Carcetti suggests that Burrell provide him with inside information about Mayor Royce's decision-making. In exchange, Carcetti would use the subcommittee to relieve pressure on Burrell's department and provide political capital, funding, and equipment. Burrell is initially resistant but agrees to Carcetti's plan when he increases the pressure applied through his subcommittee. Carcetti becomes further"
83b00464f7c6,Clarence Royce,The Wire,"actor: Glynn Turman | seasons: 3, 4, 5",Carcetti drops a bombshell on Royce when he uses news of a recently murdered state's witness in an answer taking the opportunity to accuse Royce of ignoring his request for witness protection in Baltimore - Royce is unaware of the killing and unable to respond adequately.,"Clarence V. Royce is the former mayor of Baltimore City. Biography Background Mayor of Baltimore Clarence V. Royce is a deft political figure and is fixated on remaining in power. Royce is the incumbent Mayor of Baltimore who was elected into office in 2002 and is in the process of seeking re-election. He is ably advised by his chief of staff Coleman Parker and also takes counsel from State Delegate Odell Watkins. Royce values loyalty amongst his people and aims to reward it whenever it will not hurt his position to do so. He appointed Ervin Burrell as acting commissioner following the retirement of Warren Frazier. Season 3 Royce first appears at the demolition of the Franklin Terrace housing projects as a means of demonstrating reform throughout Baltimore. With a new election approaching, Royce's advisor and chief of staff Coleman Parker notices the ambitions of first district councilman Tommy Carcetti who has been criticizing police commissioner Ervin Burrell at the public safety m"
9edc6cd0cc1e,Howard Colvin,The Wire,"actor: Robert Wisdom | seasons: 2, 3, 4, 5",He realizes that Namond was never fit for the corners and will only end up being killed or in jail if he remains in his current household.,"Howard ""Bunny"" Colvin is a retired police officer. He served as a Field Researcher at the University of Maryland School of Social Work in 2006 and as commander of the Western District in the BPD until his forced retirement in 2004. Biography Background Colvin joined the Baltimore Police Department in 1974 patrolling his home neighborhood in the department's Western District; one of his early posts was at Pensey and Fremont. Over his tenure, he advanced to the rank of major of the Western District. Colvin's philosophy of policing involved protecting the community he served by making quality arrests through the use of trusted informants on his foot post. As a commander he insisted that his men learn their sense of direction, their foot post, and urged them to focus on doing real police work. Toward the end of his career, he began seeing the war on drugs as an ineffective waste of time and resources in his district that brought about too many unnecessary deaths. Season 2 Colvin was firs"
f1426ce25825,Norman Wilson,The Wire,"actor: Reg E. Cathey | seasons: 4, 5",,"Norman Wilson is a senior aide to Thomas Carcetti. Biography Season 4 Wilson is a professional political operative who serves as Councilman Carcetti's deputy campaign manager in his run for mayor of Baltimore, under campaign manager Theresa D'Agostino. Wilson is practical minded and organized, essential qualities because he is tasked with keeping Carcetti on a strict schedule. Wilson was once a night editor for the Baltimore Sun and has many connections amongst the city's media. He is an honest voice in Carcetti's campaign and is often the sounding board for Carcetti's worries about race in Baltimore politics. When poll results do not go in Carcetti's favor he loses interest in the campaign believing that it is impossible to win. Wilson is left to keep his candidate on track despite his pessimism. thumb After Carcetti wins the primary and subsequent election, D'Agostino moves on, but Wilson continues to serve as his right hand man, accompanying the newly elected mayor everywhere he "
e2b6168ad1ff,Marlo Stanfield,The Wire,"actor: Jamie Hector | seasons: 3, 4, 5 | birth: 1980 / 1981","The case disintegrated when the witness was murdered and the body found using the tracking device, which was still attached to the corpse. The investigating detective, Vernon Holley, believed that Marlo killed the witness. His soldier Snoop killed Barksdale soldier Rico in a drive-by.",Marlo Stanfield is a retired narcotics trafficking kingpin in the West Baltimore drug trade. Biography Season 3 Marlo Stanfield began his reign by occupying corners along Eastern Avenue in West Baltimore. Marlo soon initiated war with the Barksdale Organization over territory. The Barksdale Organization approached Marlo through lieutenant Preston Broadus to discuss exchanging the sharing of territory for a share of their high quality supply of drugs. Bodie had set up his own crew within Stanfield's established territory. Marlo refused to acknowledge Bodie and insisted that he move his crew away. Later Marlo had his dealer Fruit and his crew beat Bodie's team with baseball bats to prove that he wasn't going to lay down and let the Barksdale organization move into his territory. Stringer Bell visited Marlo personally to try to convince him to join the co-op; a group of Baltimore drug players who buy packages of narcotics together to receive discount and try to reduce the violence of th
feeee375a1dc,Terrance Fitzhugh,The Wire,"actor: Doug Olear | seasons: 1, 2, 3, 5",,"Terrance ""Fitz"" Fitzhugh is a special agent in Squad Six of the FBI's Baltimore Field Office. Biography Background Fitzhugh began investigating narcotics trafficking for the FBI's Baltimore Field Office in 1998. Season 1 Fitz met with Jimmy McNulty to discuss a drug distribution surveillance case on Homer Avenue in Pimlico. Fitz revealed the investigation would be the office's final as the FBI transitions to counterterrorism. Fitz inspires McNulty to use modern electronic surveillance against the Barksdale organization by showing how they to set up video surveillance on a drug production ring. He tells McNulty it would be the last major bureau drug investigation in Baltimore because they are shifting resources to counter-terrorism. Fitz helps McNulty again by giving him some of the FBI's less bulky recording devices. He also warns McNulty that his commander Cedric Daniels was investigated for corruption by the FBI and they had found an excess of liquid assets. After they handed the"
df37bf23e9b2,Amanda Reese,The Wire,actor: Benay Berger,,"Amanda Reese is a supervisor working in the FBI's Baltimore Field Office. Biography Season 1 Reese is a Baltimore division FBI supervisor and the superior of Terrance Fitzhugh. She often works with Lieutenant Daniels, supplying him with resources and running joint cases. She is approached with the Barksdale case to discuss pursuing a corruption angle, but Daniels decided that is not the direction he wanted. Season 2 After Valchek brings the details of the Sobotka investigation to the FBI, Amanda Reese initiates a concurrent RICO investigation of IBS Local 1514. Season 3 Season 5 Production Appearances Category:Characters"
d161f8c5641b,Kristos Koutris,The Wire,actor: Tom Mardirosian | seasons: 2,This information leads to Sobotka’s death.,"Kristos Koutris (Greek: Κρήστος Κούτρας ) is an undercover agent in the FBI working for The Greeks. Biography Season 2 Koutris is an FBI agent who feeds information on the bureau’s activity to The Greek. He is responsible for telling The Greek about an investigation by Baltimore police and the local FBI, and gives The Greek warning enough to temporarily shut down his smuggling operation. He is rewarded with information on a large shipment of drugs that he seizes on the FBI’s behalf. Koutris is also responsible for telling The Greek that his contact in the Baltimore port, Frank Sobotka, has agreed to give evidence against him. This information leads to Sobotka’s death. FBI Agent Terrance Fitzhugh realizes Koutris is a leak, but is unable to do anything because Koutris is well-regarded because of the drug arrest. It is also implied that Koutris is protecting The Greek in exchange for information about potential acts of terrorism. Production Appearances Category:Characters Category:Sea"
d39cb10fbf26,Rupert Bond,The Wire,"actor: Dion Graham | seasons: 4, 5",,"Rupert Bond is the State's Attorney for Baltimore City. Biography Season 4 Bond is a State's Attorney candidate running for election in Baltimore City against Steven Demper, Mayor Royce's choice candidate. He maintains a lead against Demper throughout the primary and is initially viewed with skepticism from Rhonda Pearlman - She claims that if Demper loses, the new front office will ""bump the white girl"" to a demoted position due to Bond's race in majority black Baltimore. Royce and Demper both lose, and Bond is elected the new State's Attorney for Baltimore City. Bond appears to be more interested in pursuing quality prosecutions than Demper, promoting both Ilene Nathan and Rhonda Pearlman whom he admires as good prosecutors. In a meeting with newly elected Mayor Tommy Carcetti, Bond is opposed to legalizing gambling in Baltimore due to the crime increase that comes with casinos. Season 5 Production Appearances Category:Characters Category:Season 4 Characters Category:Season 5 Cha"
26d403779c65,Stephen Demper,The Wire,actor: Doug Roberts,,"Stephen E. Demper is the former State's Attorney for Baltimore City, who served from 2002 to 2006. Biography Season 1 In 2002, Demper was the State's Attorney for Baltimore City. He was the boss of Assistant State's Attorneys Rhonda Pearlman and Ilene Nathan. Demper was widely regarded as being more interested in preserving his elected position than pursuing justice. Pearlman fell out of his favor when a detail she is working with begins to investigate campaign donations made by drug dealers. Season 3 In 2004, he was criticized by Ervin Burrell for refusing to chance a ""whodunit"" case as a means of helping the police department make convictions that stick. State Delegate Watkins was dissatisfied with Demper but Mayor Royce wouldn't replace him due to his loyalty. Season 4 In 2006, Royce threatened to drop him from the party ticket if Demper does not go along with Royce's plans to interfere with the Carcetti campaign. Demper lost his bid for re-election to black candidate Rupert Bond"
55592a25ffd6,Dwight Tilghman,The Wire,actor: Antonio D. Charity | seasons: 2,,"Dwight Tilghman was a corrections officer at Maryland Correctional Institution - Jessup who was secretly involved in the prison drug trade. Biography Season 2 He harassed prisoner Roland Brice after Wee-Bey confessed to the murder of one of his relatives. Fellow prisoner Avon Barksdale tried to negotiate a truce but Tilghman refused, so Avon had Russell Bell locate his drug supplier. Bell paid the supplier, Butchie, to give Tilghman tainted heroin, leading to the deaths of several inmates. An investigation was launched and Avon informed on Tilghman in exchange for an early parole hearing. When prison staff searched Tilghman's car, they found evidence which Shamrock had subtly planted to corroborate Avon's story, and Tilghman was arrested. Production Appearances *Uncredited appearance. Category:Characters Category:Season 2 Characters"
007b1a4dd5db,James Asher,The Wire,actor: Gene Terinoni | seasons: 4,,"Lieutenant James ""Jimmy"" Asher is the former commander of the Major Crimes Unit. Biography Season 4 Asher is a lenient lieutenant who is a friend of Lester Freamon. He was handpicked to command the Major Crimes Unit by Freamon with the approval of Cedric Daniels. He normally lets the detectives do as they wish while working on his beach house in Delaware. He was briefly reassigned to a telephone unit and replaced by Lieutenant Charles Marimow for purposes of properly ""supervising"" the Major Crimes Unit under the orders of Deputy Commissioner Rawls. With Daniels promotion to C.I.D. colonel, Asher is reinstalled as commander the unit again as Freamon feels he will effectively let the detectives do what they need to make a case without interference from the commissioner's office. Production Appearances Category:Characters Category:Season 4 Characters Category:Law Enforcement Category:Baltimore Police Department Category:Police"
69ed1d28e3ef,Kenneth Dozerman,The Wire,"actor: Rick Otto | seasons: 3, 4, 5",,"Kenneth Dozerman is a plainclothes officer in the Baltimore Police Department. Biography Season 3 He worked in Sergeant Carver's DEU squad the Western District. He became friends with Herc and Carver while working in the squad accompanying them in various activities off duty. Dozerman was shot and injured in a buy bust operation gone awry and decommissioned from duty for the rest of the season. His attempted murder was the catalyst for Major Colvin's ""Hamsterdam"" experiment as Colvin wanted to reduce crime and not see any more of his men get hurt. His service weapon was also stolen. The detective assigned to finding the pistol was William Moreland, who was eventually given the weapon as a means of amends from Omar Little. When the weapon was found it was returned to Dozerman at a press conference. thumb|As seen at the start of Season 5. Season 4 In 2006, Dozerman transferred to the Major Crimes Unit when his friend Herc transferred in, filling the gap left by Greggs' and Freamon"
2a50e0189fed,Caroline Massey,The Wire,"actor: Joilet F. Harris | seasons: 3, 4",,"Caroline Massey is a middle-aged detective who worked in the Major Crimes Unit from 2004 to 2006. Biography Season 3 In 2004, Officer Massey was a member of the Major Crimes Unit under Lieutenant Cedric Daniels. Massey is a world-weary officer with a penchant for sarcasm and cutting coupons. She was particularly adept at deciphering the slang used by Barksdale drug dealers on wiretaps of cellular phones. Her diligent work manning wiretaps earned the respect of Lester Freamon when she was part of his successful undercover operation to supply pre-wiretapped phones to the Barksdale organization. Season 4 In 2006, Massey continued to work with the Major Case Unit and settled into her role. When the unit was assigned Lieutenant Marimow as a commander, Freamon transferred out. Massey and Sydnor were left to face Marimow closing down their wiretaps and ordering raids on weeks old targets. Production Appearances *Uncredited appearance. References Category:Characters"
f5f631795521,Charles Marimow,The Wire,actor: Boris McGiver | seasons: 4,,"Charles Marimow is a shift lieutenant in the Baltimore Police Department. He briefly served as the commander of the Major Crimes Unit in 2006 to curtail their investigation into political corruption. Biography Season 4 In 2006, he was installed as the commander of the Major Crimes Unit by William Rawls based on his hostile reputation to properly supervise the unit's detectives and prevent them upsetting politicians. Marimow renews the unit's focus on more obviously violent drug dealers and closed down their wiretaps on Marlo Stanfield. His caustic command style drove away Lester Freamon and Shakima Greggs, the unit's best two detectives, leaving him with only Leander Sydnor and Caroline Massey. His unit's staffing problems are solved when Sergeant Hauk transfers back, bringing Officer Dozerman with him. Marimow and Herc develop an immediate mutual dislike which worsened over their tenure. Marimow is one of the most unanimously disliked commanders of the Baltimore PD as he has a reput"
8b46dad21547,Michael Crutchfield,The Wire,"actor: Gregory L. Williams | seasons: 3, 4, 5","When Omar Little was murdered, Crutchfield was the detective assigned to work the case.","Michael Crutchfield is a veteran detective in the Homicide Unit of the BPD. Biography Season 3 He was the primary detective at the murder that took place in Major Colvin's ""free zone"" and withheld the investigation at Colvin's request. Colvin then helped create a ""dunker"" case having his suspect turned in after threatening the drug dealers in the ""free zone"". Season 4 Crutchfield played a bigger role appearing with Vernon Holley getting an identification of Omar Little as a murder suspect from Old Face Andre. When Detective Moreland wanted to re-examine the case, Crutchfield displayed his anger over Bunk wanting to reverse one of his clearances. Crutchfield then promised to reverse a clearance of Bunk's as payback for going back on a solved case. When Sergeant Carver left a message for Bunk, Crutchfield deliberately threw it away, causing a lengthy delay in the discovery of the bodies being left all over the City by the Stanfield Organization. Crutchfield ended season four investigat"
ef3f05da7315,Lambert,The Wire,actor: Nakia Dillard | seasons: 3,After Dozerman's shooting the D.E.U.'s hand to hand operations were suspended as Major Colvin did not want to see anymore of his men come close to death over a minimal amount of drugs.,"Lambert is an officer in the Western District Drug Enforcement Unit. Biography Season 3 Lambert was an officer in Sergeant Ellis Carver's Drug Enforcement Unit in the Western District of the Baltimore Police Department, often seen with Officers Hauk, Colicchio, and Garrick. He was part of the operation that resulted in the shooting of Officer Dozerman. After Dozerman's shooting the D.E.U.'s hand to hand operations were suspended as Major Colvin did not want to see anymore of his men come close to death over a minimal amount of drugs. Production Appearances *Uncredited appearance. Category:Characters Category:Season 3 Characters Category:Law Enforcement Category:Police Category:Baltimore Police Department"
18bcc64aee06,Dennis Mello,The Wire,"actor: Jay Landsman | seasons: 2, 3, 4, 5",,"Dennis Mello is a veteran officer and acting commander of the Western District. Biography Season 2 Mello first appeared on the series as Western District administrative lieutenant and Major ""Bunny"" Colvin's second in command and confidante before Colvin's forced retirement. Mello then ran the district until Major Daniels was named district commander. Mello ran briefings for the Western district at roll call maintaining a sense of humor, typically dismissing the men with ""don't get captured"" and jokingly referring to them as ""humps"" and ""mopes."" Mello was once again given command of the Western district after Daniels' promotion to C.I.D. colonel at least until a new Major is given district command. Incidentally, the actor who plays Dennis Mello is a retired Baltimore detective named Jay Landsman, and was the real-life basis for the character of the same name in the show. Mello appeared with Colvin during the accidental shooting of a nine year old child going off of Colonel Rawls' comm"
dc68584a5b77,Brian Baker,The Wire,"actor: Derek Horton | seasons: 3, 4",,"Brian Baker is a rookie patrol officer in the Western District. Biography Season 3 In 2004, is a rookie patrol officer assigned with Aaron Castor to the Western District under the command of Howard Colvin. He and Castor are both forced by Colvin to carry a compass until they can correctly identify the north direction. Season 4 In 2006, Baker teams with Officer McNulty to arrest two people for a string of felony church burglaries. McNulty allows him credit for the arrest, later concurring with Bunk that Baker could be ""good police"". Production Appearances *Uncredited appearance. Category:Characters Category:Police Category:Season 3 Characters Category:Season 4 Characters Category:Minor Characters"
577ed8b639e9,Aaron Castor,The Wire,"actor: Lee Everett Cox | seasons: 3, 5",,"Aaron Castor is a patrol officer in the Western District of the Baltimore Police Department. Biography Background Aaron is the nephew of Lloyd Castor, a reputable Baltimore Police Department officer. Season 3 Castor jointed the Western District in 2004 along with his partner, Officer Brian Baker. Colvin delivered his lecture on orienteering and gave them both compasses to ensure they became proficient in identifying cardinal directions. Season 5 Castor notified Major Dennis Mello of the fight in the parking lot of the Western District between Officer Brown and another officer. Castor was the responding officer to the triple homicide of Junebug, his girlfriend, and his associate. Castor failed to locate a young boy hiding in a closet until Detective Greggs discovered him. Production Appearances *Uncredited appearance. References Category:Characters Category:Season 3 Characters Category:Season 5 Characters Category:Police"
7d5b75437c93,Edward Walker,The Wire,"actor: Jonnie Louis Brown | seasons: 2,4",,"Eddie Walker is a corrupt patrol officer in the Western District. Biography Season 4 He appears very hateful towards poor black youths and is known as being both crooked and antagonistic on the street. He is feared and loathed by Namond, Michael, and the other young drug dealers as he is seen brutalizing them often with or without provocation. He is first seen stealing money from Randy. Later, he steals bootleg DVDs from Bubbles. He is the arresting officer for Omar Little, stealing a ring from him in the process. After Walker breaks Donut's fingers merely for giving him more paperwork to do after a car chase, Michael orchestrates an act of revenge on him, robbing him at gunpoint of money (and the ring) and throwing yellow paint on him. Walker tells fellow officers that he was attacked by Bloods. Walker's attitude earns him the respect of more zealous officers and the dislike of officers such as James McNulty. Production Appearances *Uncredited appearance. Category:Characters Catego"
87648d3369bc,Anthony Colicchio,The Wire,"actor: Benjamin Busch | seasons: 3, 4, 5",,"Anthony ""Tony"" Colicchio is a former officer in Sergeant Ellis Carver's DEU squad in the Western District of Baltimore City. Biography Season 3 He was often partnered with fellow squad members Thomas ""Herc"" Hauk and Lloyd ""Truck"" Garrick. Colicchio is part of the operation that resulted in the shooting of Officer Dozerman. Along with the rest of the squad, Colicchio is involved in policing drug tolerant zones set up by his district commander Major Colvin without the knowledge of his superiors. It is Colicchio who inspires the name ""Hamsterdam"" after citing Amsterdam's liberal drug laws as a metaphor for Colvin's new policies. As Colicchio is zealously committed to using brute force to fight the war on drugs, he describes the drug-free zones as ""moral midgetry."" Season 4 Colicchio remains and Carver tried to bring him around to his new way of doing things - getting to know the street dealers and cultivating informants. Colicchio takes part in Lieutenant Marimow's failed raids in the W"
4f4e9db34158,Lloyd Garrick,The Wire,"actor: Ryan Sands | seasons: 3, 4, 5",,"Lloyd ""Truck"" Garrick is an officer in the Western District DEU of the Baltimore Police Department. Biography Season 3 He is often partnered with fellow squad members Herc, Lambert and Colicchio. Garrick was part of the operation that resulted in the shooting of Officer Dozerman. Along with the rest of the squad Garrick was involved in policing drug tolerant zones set up by his district commander Howard ""Bunny"" Colvin without the knowledge of his superiors. He was with Herc when he phoned the paper to report Colvin's actions and again when he met with a reporter. Season 4 Truck appeared briefly at a useless lesson for Western police on counter-terrorism and once assisting Herc and Carver. Season 5 Production Appearances Category:Characters Category:Season 3 Characters Category:Season 4 Characters Category:Season 5 Characters Category:Law Enforcement Category:Police Category:Baltimore Police Department"
d77f9a27ec47,Claude Diggins,The Wire,actor: Jeffrey Fugitt | seasons: 2,,"Claude Diggins is a veteran officer in the Marine Unit of the Baltimore Police Department. Biography Season 2 In 2002, Diggins was a Marine Unit officer who partners James McNulty when he is assigned to the unit. He advises McNulty on how to make the best of the situation, but McNulty hates the fumes. Diggins is forgiving of McNulty's time away from the unit and shares his own boat with Bunk Moreland and McNulty to pose as a fishing craft when observing Spiros. Production Appearances Category:Characters Category:Police"
b7f6e45778f4,SWAT Team Leader,The Wire,"actor: Derren M. Fuentes | seasons: 1, 2, 3","In Season 2, he appeared leading the raid on the Franklin Terrace towers when a nine year old kid was accidentally shot and killed by an off target bullet.","The SWAT team leader is an unnamed officer who appears in charge of the BPD SWAT team when they are required for raiding and arresting various criminals. Biography He first appeared in Season 1 leading the search for Savino and then commanding the unit to surround Avon Barksdale's strip club during his arrest. In Season 2, he appeared leading the raid on the Franklin Terrace towers when a nine year old kid was accidentally shot and killed by an off target bullet. In that raid he had the unit arrest everyone in The Pit as he assumed them a suspect for being around that area. In Season 3, he appeared at the rank of Major commanding the SWAT forces citywide but was in uniform duty no longer physically participating in the raids. He then appeared leading the officers to shut down ""Hamsterdam"" at the orders of Deputy Rawls. He was present with Rawls finding the body of drug addict Johnny Weeks who was then wheeled off in a squad car as a means of preventing the media from discovering anyth"
ac63b637cfef,Marvin Taylor,The Wire,actor: Barnett Lloyd | seasons: 3,,"Marvin Taylor is the former commander of the Eastern District in the Baltimore Police Department. Biography Season 3 Under pressure from the Mayor's office, Commissioner Burrell is told to start coming down on the department to reduce the crime rate by any means possible. As Taylor's district had a low number of felony arrests and handgun confiscations in addition to a high number of homicides in a very short period of time, Deputy Rawls angrily tells him that he had eight hours to get a grip on his district or he would be fired. Lieutenant Daniels and Detective McNulty then arrested an East Side drug dealer named Cheese whom they suspect of being responsible for some of the murders in his district. When insufficient evidence against ""Cheese"" or any other suspected murderers is present, Rawls berates him one last time at a ComStat meeting, after which Commissioner Burrell relieves Taylor of command. This is intended as an example to all the other commanders in the department, that if "
91b5597dac74,R. Clayton Davis,The Wire,"actor: Isiah Whitlock, Jr. | seasons: 1, 2, 3, 4, 5","Stringer, furious, told Avon that he wanted the Senator killed, but Avon warned him that assassinating a public figure would be dangerously out of their league attracting federal and state police in addition to city police to investigate their organization.","Senator R. Clayton ""Clay"" Davis is an American politician who represents a legislative district of Baltimore City in the Maryland State Senate. Biography Season 1 When Lieutenant Daniels's detail discovered $20,000 of Avon Barksdale's money in the car of Davis' driver, they tried to expand the investigation to include Davis in the wiretaps. Deputy Commissioner Burrell called Daniels into a closed-door meeting with the Senator, but he was unwilling to drop the case. Burrell pulled the plug on the investigation as soon as he could, and Clay Davis' involvement went uninvestigated. It was mentioned however that Davis had a file under federal investigation that was being built for over two years suspecting him of accepting illegal liquid assets. Season 2 Davis attended a Democratic fundraiser thrown by IBS union leader Frank Sobotka, accepting contributions in return for assurances that he would vote to construct the granary pier that Sobotka believed necessary to revitalize the union. Af"
2603d43a766d,Odell Watkins,The Wire,"actor: Frederick Strother | seasons: 3, 4, 5","The mayor ignores their proposal, and Carcetti uses this against Royce in a debate after another witness is killed in the fourth season. Watkins, Carcetti, and Marla Daniels all attend the funeral of the murdered witness.","Odell Watkins is a Delegate representing Baltimore City in the Maryland House of Delegates, the lower house of the Maryland state legislature. Biography Background Watkins is a longtime major Baltimore political figure who uses a wheelchair. Watkins is a member of the influential State Appropriations Committee with strong voter influence and is known as a kingmaker. Watkins is also the moral voice of authority among the Baltimore politicians as he has full support of the religious leaders, looks to address the concerns of the citizens in an ethical and representable way, and is most critical of politicians prone to bribes and corruption. Season 3 In 2004, Watkins backs Marla Daniels's campaign for the Western district council seat. Watkins believes that Eunetta Perkins, the council woman Marla aims to unseat, has become disinterested in the job. Initially, Mayor Royce resists, as Perkins was loyal to him. However, when he needs Watkins' support after a controversy involving Major Col"
fcae8030e7bd,Nerese Campbell,The Wire,"actor: Marlyne Afflack | seasons: 4, 5",,"Nerese Campbell is the mayor of Baltimore City and the former president of the Baltimore City Council. Biography Season 4 Campbell was the only member of Clarence Royce's campaign ticket to win election to their respective position. Campbell first appeared drawing the attention of the Mayor's security detail officers. Campbell is the leading voice of opposition to Mayor Tommy Carcetti's plan to fire Commissioner Ervin Burrell claiming that a good portion of her constituency would be against this action. She is close to the ministers and politicians from Clarence Royce's era who promised her to become the next mayor of Baltimore on his ticket. She is told by Carcetti that she may become Mayor in 2008 by default if Carcetti decides to run for governor at that time. When issues pertaining to the city school system arise, Campbell suggests that Carcetti go to the Maryland governor to ""beg"" for the money to solve the $54 million deficit that is present. Season 5 Production Appearances N"
9a040849810f,Marla Daniels,The Wire,"actor: Maria Broom | seasons: 1, 2, 3, 4, 5 | first: ""The Detail"" | last: ""Refugees""","She attended the funeral of a murdered state's witness the district alongside Watkins and learned that Thomas Carcetti is supportive of her campaign, despite her being part of Royce's ticket.","Marla Daniels is the councilwoman for the Eleventh District of Baltimore City and the ex-wife of Cedric Daniels. Biography Background Marla always had ambitions for her husband to progress in the police force and his failure to do so contributed to the demise of their relationship. Season 1 In 2002, her husband Cedric, seemed a likely candidate to receive a promotion when he was assigned to run the controversial Barksdale detail. Marla advised Cedric to build the case his superiors were demanding (quick and simple, low-level busts), but he is pushed to more elaborate investigative work by the detectives he commanded. He also met a driver for Senator Clay Davis while attending a function she dragged him to, which turns out to be important for the investigation. Season 2 Cedric was banished to the Evidence Control Unit after upsetting his superiors, and Marla convinced him to leave the department and become a lawyer. Cedric was ready to do so until he got a second chance to do the kin"
a4412cadd48d,Gerry,The Wire,actor: Karen Vicks | seasons: 4,,Gerry was a key member of Tommy Carcetti’s campaign staff in the Mayoral election race and later a senior member of his administration. Biography Season 4 She helps to decide campaign strategy along with Norman Wilson and Theresa D'Agostino. She becomes a senior staffer in the Carcetti administration. Production Appearances Category:Characters Category:Season 4 Characters
4d1fc5d429d6,Anthony Gray,The Wire,"actor: Christopher Mann | seasons: 3, 4",,"Anthony ""Tony"" Gray is a former councilman for Baltimore City. Biography Season 3 Gray worked alongside his colleague and close friend Tommy Carcetti on the Public Safety Committee. Gray became disillusioned with Mayor Royce and used his position on the committee to berate senior police officials including Acting Commissioner Burrell. Encouraged by Carcetti, Gray decided to run for mayor on an education platform. Gray hoped that Carcetti would join his campaign with a position as council president as a reward; however, Carcetti secretly planned to run, hoping that Gray would split the black vote. This deception upset Gray and ruined their friendship. Season 4 Gray continued his stalling campaign. Carcetti Deputy Campaign Manager Norman Wilson fed Gray a story about the BPD covering up the murder of a state's witness. Gray took the story to The Baltimore Sun. Gray attended church with his wife on the eve of the election. Gray ultimately lost the 2006 mayoral election to Carcetti. Pro"
24106014eefd,Coleman Parker,The Wire,"actor: Cleo Reginald Pizana | seasons: 3, 4",,"Coleman Parker is a political adviser. He was the chief of staff to Mayor Clarence Royce from December 7th, 2002 to December 7th, 2006. Biography Season 3 Parker was responsible for organizing Royce's time and limits access to the mayor. Parker relies on property developer Andy Krawczyk for large donations and assistance in fundraising. He organizes the mayor's re-election campaign including public speaking events with major property developers. He is also responsible for negotiations over debates with the mayor. Parker is the first to see that Royce is politically vulnerable because of Baltimore's rising crime rate and urges the mayor to fire acting Police Commissioner Ervin Burrell. Royce resists, because he values loyalty and Burrell has always proved useful to him. When drug tolerant zones set up by police district commander Howard ""Bunny"" Colvin are exposed in Western Baltimore, Parker advisers that it would be a disaster to support them, despite a fall in the areas' crime rate."
9de4303b2056,Theresa D'Agostino,The Wire,"actor: Brandy Burre | seasons: 3, 4",,"Theresa D'Agostino is a campaign manager who works with the Democratic Congressional Campaign Committee. Biography Background D'Agostino graduated from Maryland law-school at the same time as councilman Tommy Carcetti. Season 3 In 2004, Carcetti aggressively pursued D'Agostino to work as his campaign manager for his planned run for Mayor of Baltimore. She was reluctant to work for a white candidate in a predominantly black city, but Carcetti convinced her nonetheless. D'Agostino quickly planned a strategy for the campaign. Carcetti suggested they use his colleague Anthony Gray, who was also planning to run, to split the black voter base. D'Agostino pursued a casual relationship with Detective McNulty, but he ends the relationship when he realizes that she does not value it highly. D'Agostino arranged for Carcetti to receive coaching on his public speaking. She felt that he was too focused on winning arguments and that he should place appearing likable first. When Carcetti discovered"
f73a0a195a6d,Andy Krawczyk,The Wire,"actor: Michael Willis | seasons: 2, 3, 4, 5",,"Andy Krawczyk is a property developer and corrupt political donor. Biography Season 2 In 2003, he discusses Frank Sobotka's union business with Major Valchek. He is working on a model of the prospective grain pier condominium development which Sobotka is against. He is later shown breaking ground on the development with State Senator Davis. Season 3 In 2004, Krawczyk is revealed to be the property developing consultant to Stringer Bell. He is constantly trying to calm Stringer down, explaining the business to him, and is ultimately present when Omar Little comes calling on Bell for revenge. Season 4 In 2006, he continues to make campaign donations to Clarence Royce in exchange for assistance with his property developments. Krawczyk is also a regular fixture at Royce's fundraising poker games, where players deliberately lose (to get around campaign finance laws). Detective Kima Greggs personally serves Krawczyk with a subpoena for financial records, as part of Lester Freamon's invest"
773b934f80c2,Jennifer Carcetti,The Wire,"actor: Megan Anderson | seasons: 3, 4, 5",,"Jennifer ""Jen"" Carcetti is the wife of Maryland Governor Thomas Carcetti. Biography Background Jennifer and Thomas Carcetti have two children, a son and a daughter. Jennifer supports her husband's political ambitions and is unaware of his infidelity. Season 3 Season 4 Season 5 Production Appearances *Uncredited appearance. Category:Characters Category:Season 3 Characters Category:Season 4 Characters Category:Season 5 Characters"
8781979dad2c,Frog,The Wire,"actor: Gary 'D. Reign' Senkus | seasons: 2, 5 | first: ""Undertow"" | last: ""-30-""",,"Frog is a drug dealer in southeastern Baltimore. Biography Season 2 He is seen early distributing a package for Chester Sobotka (and stealing from him in the process), and later negotiates with Nickolas Sobotka to distribute another. During the early stages of season two's investigation, he sells heroin to Thomas ""Herc"" Hauk and is photographed by Shakima Greggs and Ellis Carver. Production Appearances *Uncredited appearance. Category:Characters Category:Season 2 Characters Category:Minor Characters Category:Article stubs Category:Drug dealers Category:The Greeks Category:Gangsters"
59b21fa16e81,Michael McArdle,The Wire,"actor: Brook Yeaton | seasons: 2, 3",,"Michael ""White Mike"" McArdle is a drug dealer in East Baltimore. Biography Season 2 He supplied Chester Sobotka with packages of narcotics to distribute but their relationship soured when Ziggy failed to make adequate profit from the package. He later supplied Nickolas Sobotka with a package of narcotics. McArdle was supplied by The Greeks smuggling operation and was arrested as part of an investigation into that operation. He was quick to turn against his suppliers and gave up all the information he had. Production Appearances *Uncredited appearance. Notes Brook Yeaton is also an on set dresser for the show. Category:Article stubs Category:Drug dealers Category:The Greeks Category:Season 2 Characters Category:Characters Category:Recurring Characters Category:Incarcerated Category:Gangsters"
