char_id,name,franchise,infobox_fields,death_sentences,text_excerpt
2a42f689605b,Hayman,Alien vs Predator,species: Human | gender: Male | actor: Theo Maggs,,Hayman was a Weyland-Yutani Corporation employee and part of the scientific research team stationed at Hadley's Hope on Acheron in 2179. He was subsequently involved in the infestation at the colony. Trivia Hayman is never named in Alien: River of Pain; his name is taken from the audio drama. Appearances Alien: River of Pain/audio drama References Category:Scientists Category:Weyland-Yutani employees Category:Hadley's Hope residents Category:Alien: River of Pain characters
71127c2e3863,Hanks,Alien vs Predator,"status: Active | species: Synthetic, Hyperdyne Systems 121-A/3 | gender: ""Female"" | actor: Tara Pratt",,"Hanks was a Hyperdyne Systems 121-A/3 synthetic. Biography Hanks was created to be an employee of the Weyland-Yutani Corporation and assigned as the Security Officer of the mine at the Bowen's Landing colony. Events at Bowen's Landing Hanks was working at the colony when a group of miners encountered a lone in the mine where they worked. Upon learning of the Xenomorph's existence, she began working against the miners to ensure the creature's survival so that it could be recovered by the company for study. It is unknown if she survived the Xenomorph incident.Alien: Ore (short film) Trivia Hanks actress Tara Pratt originally auditioned for one of the miners, but after seeing her audition tape, directors Kailey and Sam Spear offered her the larger role of Hanks instead. Appearances Alien: Ore Gallery References Category:Synthetics Category:Weyland-Yutani employees Category:Colonists Category:Unknown Fate Category:Alien: Ore characters"
ce677209dc89,Bill Monroe,Alien vs Predator,status: Active | species: Human | gender: Male | actor: Bola Omodara,,"Bill Monroe was a colonist living at Bowen's Landing. Biography Bill Monroe was a Weyland-Yutani Corporation employee assigned as the supervisor in charge of the Bowen's Landing Mine. Events at Bowen's Landing Monroe was working at the colony when a group of miners encountered a lone in the mine where they worked. Upon learning of the Xenomorph's existence, Monroe was locked out of the facility control room by his synthetic colleague, Hanks, who was trying to preserve the creature so that it could be recovered by the company for study. It is unknown if he survived the Xenomorph incident.Alien: Ore (short film) Appearances Alien: Ore References Category:Humans Category:Weyland-Yutani employees Category:Colonists Category:Unknown Fate Category:Alien: Ore characters"
6b41b89ebce5,Hope (Otranto),Alien vs Predator,status: Active | species: Synthetic | gender: 'Female' | actor: Taylor Lyons,,"Hope was a synthetic crewmember aboard the commercial transport starship Otranto. Biography Hope had been online for over 80 years and was one of the last individuals from her synthetic model line still active. Once top of the line, her advanced age meant she had been successively demoted over her lifespan, finding herself assigned to longer and longer postings on more and more decrepit ships. Adrift in the Otranto When the vessel was evacuated in response to a chemical leak, Hope was left behind, adrift in space and with little chance of rescue. Hope eventually discovered a live Facehugger specimen in storage aboard her ship, and as her mind deteriorated due to the extended period she had been alone, she became determined to assist the creature in fulfilling its biological purpose. When the Otranto was boarded by a salvager, Hope helped the facehugger subdue the salvager and impregnate him. Alien: Alone (short film) Although a Chestburster emerged from her victim and grew into a ,"
30068defbe62,Kevin (San Drad),Alien vs Predator,species: Human | gender: Male | status: K.I.A.,"Predator (1994 arcade game) characters
Category:Colonial Marines
Category:Deceased
Category:Humans
Category:Military personnel
Category:Xenomorph victims","Kevin was a member of the United States Colonial Marine Corps and a friend of Dutch Schaefer, who was stationed in San Drad, California during a infestation. He was ultimately mortally wounded by a Razor Claws Xenomorph. Biography Kevin's unit was stationed in San Drad, California when a Weyland-Yutani bio-weapons project accidentally unleashed a Xenomorph infestation upon the city. His unit was later attacked by the Razor Claws, which wiped them out in minutes, leaving Kevin was the sole survivor, though he was severely injured in the attack. Kevin was still alive by the time Dutch, Linn, and the Hunter and Warrior arrived, which allowed him to warn them of the new Xenomorph variant before he ultimately succumbed to his wounds. The group questioned why they left him alive and eventually avenged him by slaying the Razor Claws after it revealed itself. Trivia Kevin uses a generic sprite shared by other marine corpses. Appearances Alien vs. Predator (1994 arcade game) Categ"
909c6b15b310,Mr. Freeze,Alien vs Predator,species: Human | gender: Male | first: ''Batman versus Predator III: Blood Ties'' | actor: Arnold Schwarzenegger,"There, the predators attacked and killed all of Freeze's henchmen.","Mr. Freeze, formerly known as Dr. Victor Fries, is a scientist who became a supervillain based in Gotham City following a incident that altered his blood chemistry. Biography In 1997, Freeze and his henchmen robbed the Gotham Trust and Securities' main vault. They were able to steal the money and escape from the Gotham's Police Department, Batman, and Robin. Unbeknownst to Freeze and his henchmen, they were followed by a pair of Yautja hunters from a Gotham's hunting party who followed them to his hideout at Eskimo Jack Frozen Foods. There, the predators attacked and killed all of Freeze's henchmen. However, the Predators were unable to see Freeze due to his lower body temperature and was able to make his escape despite Gotham's heat wave. Freeze's DNA was later used by Dr. Catherine Fortune. His DNA was used to create one of the Spliced Xenomorphs' pack of 6 from Arkham Asylum's supervillains.Batman/Aliens II, Book 3 of 3 Trivia Mr. Freeze was played by Arnold Schwarzenegger in B"
fb0fac9ce3b7,Bishop (Epsilon),Alien vs Predator,species: Synthetic | gender: 'Male' | status: Active | actor: Lance Henriksen (likeness),"Though he was revered as a hero by the Company for being the man responsible for their first procurement of a Xenomorph specimen - the Alpha, Cruz himself became distant with his family, his wife and son Danny leaving him after he convinced his wife to drop a lawsuit against the Wey-Yu after their son Lucas had died in an accident aboard Epsilon. Hamilton was killed in the chaos, and the fully-grown Alpha was now hunting them down. Instead, Cruz donned a compression suit to manually separate the raft from the station, but was attacked by the emerging Alpha, and the two are killed after an explosion propels them both into space.","Bishop was a Bishop-model synthetic who would serve as veteran Gabriel Cruz's counsellor aboard Epsilon Station. After the station suddenly plunged into chaos following a botched raid from the Minute Hand Movement, Bishop would assist Cruz in his plight for survival, alongside Defence Agent, Hamilton. Biography Weyland-Yutani Defence Agent Gabriel Cruz and his squad were assigned to investigate the colony vessel Hadley that had been adrift in space species twenty years prior. The crew were met with a infestation, leaving Cruz the sole survivor, who was rescued by his squads' Bishop-model. After Bishop had returned Cruz to Epsilon Station in Stasis, the Company managed to surgically remove the specimen mere moments before its birthing. Though he was revered as a hero by the Company for being the man responsible for their first procurement of a Xenomorph specimen - the Alpha, Cruz himself became distant with his family, his wife and son Danny leaving him after he convinced his wife t"
89b94706bea3,Beta and Alpha,Alien vs Predator,species: Synthetic | gender: 'Male' | status: Active | actor: Keith Silverstein (voice),,"Beta and Alpha were a pair of Integer-series Combat Androids. They were manufactured by Seegson and served aboard the UAS Endeavor. Characteristics and Traits Owing to the expendable nature of Integer-series Synthetics, Beta and Alpha possessed more basic traits to that of typical androids. Beta possessed a cap with the USCM logo on it. He had the moniker 'tinman' sprayed on the front of his armor. He also sported a small smiley sticker, with the phrase 'what me worry?' written around it. On the back of his vest was the term 'artificial person', the latter word being humorously crossed out and replaced with 'badass'. Alpha possessed a black beanie. He had a small icon with a red cross over it, tally marks around the cross. Beside it, the words 'heavy metal marine'. Behind his vest were the words 'marine machine' sprayed on. Gameplay Beta and Alpha serve as the default teammates for the player. If only two players are present in a team, either synth will be the third teammate. Both "
049a86078e00,Sarii,Alien vs Predator,species: Dog | actor: Coco,,"Sarii was the canine companion of the Comanche hunter Naru. Behind the scenes When asked about how the Comanche warriors will fight the Predator in an interview with TimeOut, director Dan Trachtenberg said ""Naru and her dog are at the heart of the movie."" and described their relationship as ""...sort of a riff on Mad Max 2: The Road Warrior,""https://www.timeout.com/news/prey-everything-you-need-to-know-about-the-new-predator-movie-062822 where Max is accompanied by his canine companion named ""Dog"". In an interview with Freshfiction.tv, Dan Trachtenberg talked about the challenges using the dog and that the breed is a Carolina Dog which is accurate for the film’s time period.https://freshfiction.tv/interview-how-prey-went-from-an-innovative-idea-to-a-meaningful-movie/ Sarii is portrayed by a dog named Coco, who was rescued from a shelter specifically to film in Prey.Fulton County Animal Services posted on Facebook on August 11, 2022.Collider: 'Prey's Breakout Star, Coco, Was a Rescue "
25866934ea5d,Williams,Alien vs Predator,species: Human,,Sergeant Williams was a member of the Royal Marines Commandos deployed to LV-187 in 2186 during a outbreak on the planet. Appearances Fallout Category:Fallout characters Category:Humans Category:Military personnel Category:Royal Marines Commandos
a06b848cf3f9,Bishop (USS Benning),Alien vs Predator,status: Operational as of 2184 | species: Synthetic | gender: Male programming,,"A Bishop-model synthetic was assigned to the United States Colonial Marine Corps starship and attached to the elite -hunting Midnighters unit. Shortly before the mission to the National Data Corporation Charybdis complex on the Independent Core System Colonies world of LV-991 in 2184, Bishop was present at a briefing led by unit commander Kylie Duncan, and corrected her when she stated that the base's Iranian workforce spoke Arabic, informing her that the lingua franca at Charybdis was Farsi. Appearances Alien: Into Charybdis Category:Alien: Into Charybdis characters Category:Midnighters Category:Synthetics"
e4001d0fa2ed,Christo Morse,Alien vs Predator,species: Human,,"Christo Morse was an independent prospector operating on Lucien 411. During an annual Thanksgiving Day tradition which involved Morse and others overindulging in rye and racing in their Daihotai Tractors, Morse witnessed fellow wildcatter DeFalco ramming colleague Schafer's tractor, which sent it into a volcanic caldera nicknamed 'The Devil's Bowl'. Morse was also present when Schafer was rescued after his tractor was pulled free of the lava two days later. Appearances References Category:Colonists Category:Humans Category:Miners"
1eba3caa078f,David Buston,Alien vs Predator,species: Human | gender: Male,,"Colonel David Buston was a member of the Three World Empire's Royal Marines Commandos. In 2186, Buston represented the 3WE on the United Nations Interstellar Settlement Corps' Great Mother Mission aboard the colony ship UNCSS Ìyánlá alongside Administrator Lynna Young-hee. Appearances Category:Building Better Worlds characters Category:Humans Category:Royal Marines Commandos Category:Three World Empire citizens"
5d4463b51f82,Emily Quintana,Alien vs Predator,species: Human | gender: Female,,"Emily Quintana was a prospector from the United Americas and a crewmember aboard the United Nations Interstellar Settlement Corps vessel UNCSS Solovetsky Island. In 2186, Quintana took part in the UNISC's Great Mother Mission. Biography Emily Quintana hailed from the city of Zihuatanejo in the United Americas, and later joined the crew of the United Nations Interstellar Settlement Corps exploratory vessel UNCSS Solovetsky Island. As of 2182, the Solovetsky Island was attached to the UNISC's Great Mother Mission, a humanitarian effort dedicated to reestablishing contact with the lost Far Spinward Colonies. During the mission in 2186, Quintana joined an expedition to the prospective colony planet Aljanna to offer her expertise as a prospector. Personality and traits An observant individual, Emily Quintana's principle concern was the accrual of wealth, even at the expense of others. She was prepared to blackmail anyone who secreted valuable finds, threatening to report them to the Inte"
fa844111394a,Yen Yamada,Alien vs Predator,species: Human | gender: Female,,"Yen Yamada was a member of the Weylanders, the ruling economic class at the isolated colony of Dylan City on the Far Spinward Colonies world of KOI-784.01. Personality and traits Yen Yamada was spoiled, vindictive, and resentful, and desired the privilege of ruling alone. She also felt that neither Vidan Simenya nor Dzuma Tibandi gave her the respect she was due. When the crew of the Solovetsky Island landed on KOI–784.01, Yamada was willing to offer them anything they wanted if they assisted her in removing her rivals from power. Skills and abilities Yamada was capable of quickly drawing a weapon. Equipment Yamada carried a knife and a battered M37A2 Pump Shotgun, and wore a Weyland Corp jacket. Appearances Category:Building Better Worlds characters Category:Business owners and executives Category:Humans category:Weylanders"
d3e4136f03c9,William Tark,Alien vs Predator,species: Human,,"William Tark was an industrialist. In 2061, Tark collaborated with Weyland Corp to establish the research outpost Tark-Weyland Station on JPG-973c in the Weyland Isles Sector. Appearances Category:Building Better Worlds characters Category:Business owners and executives Category:Humans"
53f6567e219e,Andy,Alien vs Predator,status: Damaged (Semi-Functional) as of 2142 | species: Synthetic | gender: Male | actor: David Jonsson,"During their trip, Bjorn continuously harassed Andy due to his synthetic roots as his mother and two other miners were killed by one in trying to save more than a dozen miners. Soon, Navarro and Bjorn were killed by the newly-born Xenomorph with the unstable Corbelan IV crashed into the Romulus hangar bay in which they witnessed through the station's camera feed. Thinking Kay was killed, Carradine slapped Andy out of anger but quickly felt remorseful and learned of his new primary directive.","Andy was a synthetic and 'brother' of Rain Carradine. Biography Early Service Andy originated on Jackson's Star located in LV-410; a society that, unfortunately for him, disliked synthetics.https://www.avpgalaxy.net/2024/03/13/spoilers-alien-romulus-plot-details-leaked-trailer-incoming/ He had a habit of telling pun-based jokes to Rain, and in her early years, she found them humorous.Brian Davids, ‘Alien: Romulus’ Director Fede Álvarez on That Surprise Character: “It Was Unfair That the Likeness Was Never Used Again”, The Hollywood Reporter, August 19, 2024. When Rain's father was dying, he left Andy to be a kind of caretaker for his daughter. However, Andy was damaged, so rather than becoming Rain's surrogate father, he became a 'younger brother' to her with the two sharing a close bond.https://ew.com/alien-romulus-director-fede-alvarez-star-cailee-spaeny-tease-new-xenomorph-8642159 Due to his damaged state, Andy was more of a burden than a help to Rain, but the two remained close"
a75584d0dee2,David Gideon,Alien vs Predator,species: Human,,"David Gideon was a representative of the Interstellar Commerce Commission and a crewmember aboard the United Nations Interstellar Settlement Corps exploratory vessel UNCSS Typhoon. In 2186, during the UNISC's Great Mother Mission, Gideon and the rest of the crew were involved in an incident that saw the destruction of the ship. Appearances Category:Building Better Worlds characters Category:Business owners and executives Category:Humans Category:ICC employees Category:UNCSS Typhoon crew"
3af4ebbba4e8,Officer 40,Alien vs Predator,species: Human | gender: Female | actor: Rosie Ede,,"Officer 40 worked at the Office of Colony Affairs at the Weyland-Yutani Corporation mining colony Jackson's Star on LV-410 as of 2142. In that year, Officer 40 was responsible for denying employee Rain Carradine and her synthetic brother Andy a release from their contract with the company. Behind the scenes Officer 40 was portrayed by Rosie Ede in the 2024 film Alien: Romulus. While the character was billed as ""WY Officer"" in the film's credits, the terminal she used in the film designated her as Officer 40. Appearances Alien: Romulus Category:Alien: Romulus characters Category:Humans Category:Weyland-Yutani employees Category:Unidentified individuals"
a4ccd7b7bc74,William Pope,Alien vs Predator,species: Human | gender: Male,,William Pope was a scavenger and former member of the Union of Progressive Peoples' Space Operating Forces. Pope was based out of Guelph Station alongside his wife Daniella and sons Lenny and Morgan. Appearances Alien: Seventh Circle Category:Alien: Seventh Circle characters Category:Humans Category:Military personnel Category:Miners Category:Pope family Category:UPP citizens
33846bccc23f,Hernan Perez,Alien vs Predator,species: Human,,"Hernan Perez was a crewmember aboard the Furball, a starship based out of Guelph Station. Appearances Alien: Seventh Circle Category:Alien: Seventh Circle characters Category:Humans"
ac8535fb9686,John J. Torres,Alien vs Predator,species: Human | gender: Male | actor: Rick Gonzalez,"The three are escorted to a gladiatorial arena, where a Yautja chief, dubbed Grendel King by Ursa, tells them they will have to fight each other to the death, and the winner will have to fight him; provided with a battle axe, Ursa starts fighting the two, driven by her lust for revenge for her son's death at the hands of a Predator, while Torres tries to reason with them, when a giant creature is released in the arena and swallows him whole, before getting killed by Kenji and Ursa together.","John J. Torres was an American pilot serving the United States Navy in the Atlantic Ocean during World War II. In 1942, Torres and the Texas Aces encountered a stalking the skies in search of prey. Biography in 1941, John was living in the rural US with his father, working as a mechanic, when he was drafted into WWII as a Navy pilot. Encounter with Yautja pilot By the next year, he was serving on an aircraft carrier in the Atlantic Ocean, when the sole survivor of one of their squadrons returned badly wounded, claiming that he saw ""hooks in the sky"". While Captain Vandy led a squad to investigate, John extracted the harpoon from the survivor's plane, and realized it must've been alien technology, so he took off on a battered F4F Wildcat called ""The Bullet"" to warn his comrades. When he reached the squad, the alien ship had already started attacking, using harpoons linked to thrusters and Netball Launcher, and, as it took down the entire squad, he and the Captain understood tha"
4b4484a4b669,Atom Eins,Alien vs Predator,species: Synthetic | gender: Male | actor: Adrian Edmondson,,"Atom Eins was an employee of Prodigy Corporation CEO Boy Kavalier. History Atom Eins was an employee and personal right hand of Boy Kavalier, he would be used to investigate or intimidate others into complying with the company's objectives. Atom showed disapproval over Kavalier's focus on the alien lifeforms over the hybrid project that was supposed due for public release and frequently attempted to refocus Kavalier on to the main project. After being intrigued by the Ocellus, Kavalier made frequent comments about having it take over a human, which Atom disapproved of but nonetheless followed his orders. Atom would attemp to use Joe Hermit as the test subject by locking him the room with the Ocellus. When this failed due to Wendy's intervention, he revealed himself as a Synthetic by effortlessly throwing Wendy across the room and into a table. During this confrontation, Atom expressed his disapproval over what Kavalier was doing but was programmed not to be too critical of "
dce1bc2385c4,Kenji Kawakami,Alien vs Predator,species: Human | gender: Male | actor: Louis Ozawa Changchien,"The trio is brought to a gladiatorial arena, where a Yautja leader—whom they call the ""Grendel King""—announces that they must battle each other to the death, with the victor earning the right to face him.","Kawakami Kenji was a shinobi active in Japan in 1629. Biography Shinobi vs. Predator vs. Samurai By 1609 in Japan, Kenji and his brother Kiyoshi—the sons of a samurai warlord—are commanded to duel to decide who will succeed their father. Kenji refuses to fight, but Kiyoshi attacks and defeats him, forcing Kenji to flee. Two decades later, Kiyoshi rules the region, while Kenji has spent the years in exile as a shinobi. When Kenji returns to face his brother, he is unaware that a Yautja is stalking him. He infiltrates Kiyoshi’s castle and defeats him in a sword duel, sending Kiyoshi into the castle’s moat. Soon after, the Yautja ambushes Kenji, who manages to escape and save the wounded Kiyoshi. The brothers unite to slay the Yautja, though Kiyoshi ultimately succumbs to his injuries. Later, the ninja is captured by other members of the attacker's species and placed in a hypersleep chamber. The Arena Many centuries later, Kenji awakens imprisoned in a cell alongside a Viking named "
e6021b51fd81,Margaret Thompson,Boardwalk Empire,"Actor: Kelly MacDonald | Seasons: 1, 2, 3, 4, 5","(""Family Limitation"")Margaret's father died shortly before or after the birth of Aylesh in 1909, when Margaret was 16. Margaret miscarried during the voyage in steerage, and her Ellis Island immigration file includes a medical assessment containing these details.""Family Limitation"" Margaret never wrote back to Ireland and only kept in touch with a fellow immigrant cousin, Martin Hennessey, from whom she knew years later that her mother had died.""Peg of Old""

thumb|left|The Schroeder family in 1916. (""A Return to Normalcy"")Van Alden visits Margaret and tells her that Nucky killed her husband.","Margaret Catherine Sheila Thompson, née Rohan, formerly Schroeder, is the second main character in Boardwalk Empire after Nucky Thompson. She is played by Scottish actress Kelly MacDonald. A resident of Atlantic City, Margaret is an Irish immigrant of poor, rural background whose relation to the family she left there as a teenager is non-existent. She is the widow of an abusive husband, Hans Schroeder, and has two surviving children, Teddy and Emily. Although smart and with an interest in politics which led her to join the Women's Temperance League and the League of Women Voters, Margaret's main motivation is to secure a source of income that can provide for her and her children and will put back her ideals if she needs to achieve it. Her fortunes greatly improve when she becomes the domestic partner and eventual wife of Atlantic City crime boss Nucky Thompson, but the guilt stemming from his actions soon grows to be too much to bear for her. Biography Background Margaret was born Ma"
2c0d9e795367,Eli Thompson,Boardwalk Empire,"Actor: Shea WhighamOakes Fegley (1884)Ryan Dinning (1897) | Seasons: 1, 2, 3, 4, 5","Season 1

Season 2

Season 3

Relationships
Family
June Thompson: Wife
William Thompson: Son
Michael Thompson: Son *
Patrick Thompson: Son
Brian Thompson: Son
Dermott Thompson: Son
Kathleen Thompson: Daughter
Nora Thompson: Daughter
Anne Thompson: Daughter
Edith Thompson: Daughter
Ethan Thompson: Father (deceased)
Elenore Thompson: Mother (deceased)
Nucky Thompson: Older brother (deceased)
Susan Thompson: Sister (deceased)
Mabel Thompson: Sister-in-law (deceased)
Margaret Thompson: Sister-in-law

Work
Mickey Doyle: Current partner, Nucky's bootlegging manager (deceased)
Damien Fleming: Alderman
Edward Bader: Atlantic City Mayor
Jimmy Darmody: Former co-conspirator, boss of the organization (deceased)
Jim Neary: Atlantic County Treasurer, co-conspirator (deceased)
The Commodore: Financial b","Elias ""Eli"" Thompson, played by Shea Whigham, is the former Atlantic County Sheriff and the younger brother of Atlantic City crime boss Nucky Thompson. Guest stars Oakes Fegley and Ryan Dinning portray the character in flashbacks to the 19th century. Biography Background As the brother of Atlantic County Treasurer, Nucky Thompson, Eli, not surprisingly, manages to find his way into the position of Sheriff. He and his brother are an effective duo when it comes to keeping a hold on the reigns of the city's corrupt government and underworld. Unspoken tension exists between the brothers however, with rivalry and resentment lurking just below the façade of smiling exteriors. Season 1 Season 2 Season 3 Relationships Family June Thompson: Wife William Thompson: Son Michael Thompson: Son * Patrick Thompson: Son Brian Thompson: Son Dermott Thompson: Son Kathleen Thompson: Daughter Nora Thompson: Daughter Anne Thompson: Daughter Edith Thompson: Daughter Ethan Thompson: Father (deceased) Ele"
2b08bd94a18c,Gillian Darmody,Boardwalk Empire,"Actor: Gretchen MolMadeleine Rose Yen (1897) | Seasons: 1, 2, 3, 4, 5","thumb|left|Jimmy kills The Commodore in the presence of Gillian. (""Under God's Power She Flourishes"")
As Jimmy succumbs to the pressures of town leadership, he gets in conflict with Philadelphia gangster Manny Horvitz, who kills Angela while Jimmy is selling alcohol away in Princeton. Jimmy turns the tables with his trench knife, and under Gillian's encouragement, kills the Commodore.","Gillian Darmody (played by Gretchen Mol), is a former Cafe Beaux-Arts showgirl, prostitute and madame of The Artemis Club brothel in Atlantic City. She is the mother of Jimmy Darmody, who was conceived when she was raped by then town boss, Commodore Louis Kaestner, six weeks before she turned 13. Gillian is also grandmother of Tommy Darmody, Jimmy's young son. She is played by Madeleine Rose Yen as a 12-year old orphan in 1897. Biography Background Before Jimmy's birth (1884-1897) Gillian was orphaned young and raised by the Children's Society Home in Trenton, New Jersey. She has bad memories of the place and doesn't remember her parents (""Havre de Grace""). thumb|Gillian during May Day, 1897 (""Paris Green"")Gillian moved soon to Atlantic City and by age 12 she lived off the money she earned selling stolen cigars and cigarettes to the tourists on the Boardwalk. It was under the Boardwalk, on April 30, 1897, where she was kissed for the first time by a boy, a kid from out of town named"
f503c9e24912,Lucy Danziger,Boardwalk Empire,"Actor: Paz de la Huerta | Seasons: 1, 2","Relationships

Nucky Thompson: Ex-boyfriend (deceased)
Eddie Kessler: Nucky's assistant (deceased)
Nelson Van Alden: Lover (deceased)
Abigail Van Alden: Daughter
Margaret Schroeder: Romantic rival, former dresser
Annabelle: Former friend
Isabelle Jeunet: Proprietor of La Belle Femme dress shop
Eddie Cantor: Friend
Babette: Proprietor of Babette's Supper Club (deceased)

Memorable Quotes

""She's a fucking shopgirl""
""I'll suck your cock for a nickel""
""Is that Irish for bitch?""

Appearances

Category:Season 1
Category:Season 2
Category:Atlantic City
Category:Main Characters
Category:Performers
Category:Concubines","Lucy Danziger (played by Paz de la Huerta) was Nucky Thompson's girlfriend. Biography Background Lucy, who was at one time a Ziegfeld Follies performer was the mistress of Atlantic City's beloved treasurer, Nucky Thompson. Since Nucky had afforded her a life of privilege most can only dream of, she had given up her stage days in favor of life in the lap of luxury. Hot-tempered and incredibly passionate with a taste for life in the fast-lane, she was more than a match for even a man as powerful as Nucky. Season 1 Boardwalk Empire (pilot) On the eve of prohibition Lucy accompanies Nucky to a party at Babette's Supper Club. Once Nucky has concluded his business, preparing his political organization to get into bootlegging, they spend the night dancing together. They retire to Nucky's suite at the Ritz Carlton hotel. Nucky's assistant Eddie Kessler wakes Nucky and tells him that a pregnant woman wants to talk to him; a Margaret Schroeder who saw him speak to the temperance league. Lucy ma"
91a34c8bf846,Isabelle Jeunet,Boardwalk Empire,"Actor: Anna Katarina | Seasons: 1, 3","(""Belle Femme"")

Relationships
thumb|right
Margaret: Former Employee/Assistant
Maryska: Polish Assistant
Nan Britton: Customer
Lucy Danziger: Regular customer
Nucky Thompson: Protection racketeer (deceased)

Memorable Quotes
""You have power that you do not suspect."" (Spoken to Margaret)

Appearances

Category:Characters
Category:Atlantic City
Category:Recurring Characters
Category:Salespersons
Category:Season 1","Isabelle Jeunet (played by Anna Katarina) is the French proprietor of La Belle Femme haute couture dress shop in the lobby of the Ritz Carlton Hotel in Atlantic City. She is Margaret Schroeder's employer during Season 1. Biography Background Isabelle is a French woman who owns an haute couture shop on the boardwalk; La Belle Femme dress shop in the lobby of the Ritz Carlton Hotel. She considers Lucy Danziger an important customer. Season 1 Madame Jeunet explains the responsibilities of a fitting room assistant to her new employee, Margaret Schroeder, in La Belle Femme dress shop. Margaret is taken aback when Jeunet asks how often she bathes. Jeunet rudely instructs Margaret to bathe weekly and wash her hair and fingernails daily because she will be modelling the clothes for customers. Jeunet asks about Margaret’s experience and finding that Margaret has none complains that Nucky made her sack her last dresser, Rosalie, to give Margaret the job. Jeunet warns Margaret about working ext"
5491d8c16db1,Lolly Steinman,Boardwalk Empire,Actor: Danny Burstein,"(""New York Sour"")

Relationships
Nucky Thompson - Investor and supplier (deceased)
Owen Sleater - Former employee (deceased)

Memorable Quotes

Appearances

Category:Characters
Category:Season 1
Category:Season 2
Category:Recurring Characters
Category:Atlantic City
Category:Jewish people","Laszlo “Lolly” Steinman is the manager of a casino in Atlantic City. Steinman is played by Danny Burstein. Biography Background Laszlo Steinman was born to a Hungarian Jewish family, he became the manager of a casino on the boardwalk of Atlantic City. Nucky Thompson is an investor in Steinman's casino. Steinman pays Nucky Thompson for protection and buys alcohol from Nucky's organisation. Season 1 When New York crime boss Arnold Rothstein visits the casino and wins enough money to break the house Steinman calls Nucky. Steinman believes Rothstein has been cheating but is aware of his reputation and chooses to leave it to Nucky to intervene. (""Boardwalk Empire"") Steinman is linked to Nucky in a report by Prohibition Agent Nelson Van Alden. Nucky brings his girlfriend Lucy Danziger to the casino for an evening out. (""The Ivory Tower"") The casino is robbed by the D'Alessio brothers in June 1920 as part of an ongoing feud between Nucky and Rothstein. The brothers arrive before the take "
7023df390c0e,Leander Cephas Whitlock,Boardwalk Empire,"Actor: Dominic Chianese Jordan Lage (1897) | Seasons: 2, 3, 4, 5","(""The Age of Reason"")

Jimmy's new allies, Eli and Gillian convince him that Nucky must be killed. He says that he is acutely aware of the finite nature of life following his father’s death and that he is going to end their difficulties. Jimmy's wife Angela is murdered by his enemy Manny Horvitz.","Leander Cephas Whitlock (played by Dominic Chianese) is an elderly New Jersey lawyer and power broker. He is part of a group of rich investors who back Commodore Louis Kaestner in his attempted political coup against Atlantic County Treasurer Nucky Thompson. Whitlock speaks Latin when he meets with Eli Thompson to welcome him to the Commodores side. Biography Background Whitlock is Commodore Louis Kaestner’s long serving lawyer. He has watched Kaestner's original protege Nucky Thompson build his empire up and admires Nucky as a strategist. Season 2 Nucky Thompson addresses Atlantic City dignitaries and residents on the beach North of the city to mark Memorial Day. On the platform with Nucky are Whitlock, Mayor Edward Bader and Whitlock's associates from the memorial committee. The crowd have come to memorialize their fallen soldiers and mark the beginning of the construction of the Atlantic County War Memorial. Among the audience are James Edison Darmody and family, Thompson’s driver "
da17ab8a6861,Harry Daugherty,Boardwalk Empire,"Actor: Christopher McDonald | Seasons: 1, 2, 3","Season 4

A newspaper shows that Daugherty has resigned as Attorney General

Relationships
Nucky Thompson - Political ally, former Atlantic County Treasurer (deceased)
Warren G. Harding - Political ally, employer, President of the USA from December 1920 onwards
Jess Smith - Subordinate, Department of Justice aide (deceased)
Charles Kenneth Thorogood - Subordinate, Assistant US Attorney, family friend
Esther Randolph - Subordinate, Assistant US Attorney
Walter Edge - Political associate, State Senator for New Jersey

Memorable Quotes
""We all go a little haywire at times."" (""A Man, A Plan..."")

Appearances

Category:Characters
Category:Historical figures
Category:Lawyers
Category:Ohio
Category:Politicians
Category:Recurring Characters
Category:Season 1
Category:Season 2
Category:Season 3
Cat","Harry Daugherty (played by Christopher McDonald) is a crooked politician and later, the U.S. Attorney General under Presidents Harding and Coolidge. He is based on the real life politician of the same name. He appears as a recurring character in the first three seasons, and as the tertiary antagonist in Season 3. Biography Background Daugherty was born January 26 1860 in Washington Court House, Ohio. He worked as a lawyer before moving into politics. Season 1 In the first season Daugherty is the campaign manager for senator and candidate for the Republican presidential nomination Warren Harding. Daugherty and Harding go to Chicago, Illinois for the 1920 Republican National Convention. Daugherty courts Walter Edge, the Senator for New Jersey and a fellow Republican, for the Vice Presidential candidacy. He throws a reception at the beginning of the conference and invites Edge. Edge sends Nucky Thompson in his place. Harding is not considered a front runner for the nomination and faces"
3affef4c7886,Edward Edwards,Boardwalk Empire,Actor: Wayne Duvall,"(""A Dangerous Maid"")

Relationships
Frank Hague: Mayor of Jersey City, Democrat, ally
Nucky Thompson: Atlantic County Treasurer, Republican, enemy (deceased)
The Commodore: Atlantic City power broker and former Atlantic County Treasurer, Republican, ally (deceased)

Memorable Quotes

Appearances

Category:Characters
Category:Season 2
Category:Politicians
Category:Historical figures
Category:Season 1","Edward Edwards is a Democratic politician played by Wayne Duvall. He is the Governor of New Jersey. The character is based on the real politician of the same name. Biography Season 1 Atlantic County Treasurer Nucky Thompson mentions inviting Governor Edwards to his birthday party in 1920, knowing that Edwards will not attend because of their mutual dislike. (""Anastasia"") Season 2 He is a supporter of The Commodore in his attempted political coup against Nucky Thompson. He meets with the commodore and his son, Jimmy Darmody, for dinner at Babette's Supper Club provoking a confrontation with Thompson. (""A Dangerous Maid"") Relationships Frank Hague: Mayor of Jersey City, Democrat, ally Nucky Thompson: Atlantic County Treasurer, Republican, enemy (deceased) The Commodore: Atlantic City power broker and former Atlantic County Treasurer, Republican, ally (deceased) Memorable Quotes Appearances Category:Characters Category:Season 2 Category:Politicians Category:Historical figures Catego"
c12198618a9c,Rose Van Alden,Boardwalk Empire,"Actor: Enid Graham | Seasons: 1, 2","(""Under God's Power She Flourishes"")

Relationships
Nelson Van Alden - Ex-Husband (deceased)

Memorable Quotes
""Maybe it's better we don't have children.","Rose Van Alden is the wife of Prohibition Agent Nelson Van Alden. She is a devout Christian and supporter of prohibition. Rose is played by Enid Graham. Biography Season 1 Nelson is assigned to investigate New York crime boss Arnold Rothstein for links to bootlegging. (""Boardwalk Empire"") He links Rothstein to Atlantic County Treasurer Nucky Thompson and believes Thompson is a better target. He investigates a multiple murder, correctly believing it occurred during the hijacking of a shipment of liquor. The newspapers report that Hans Schroeder was responsible when his body is found. Nelson believes this is a cover-up and develops an attraction to Hans' widow Margaret Schroeder when he questions her. (""The Ivory Tower"") He identifies Jimmy Darmody as a suspect in the murder/hijacking and wants permission to arrest Jimmy for murder personally because of police corruption. Supervisor Elliot instructs Van Alden to wait until he has asked for clearance from Bodine (meaning Joseph Lamb Bo"
760a2b95b740,Solomon Bishop,Boardwalk Empire,Actor: Bill Sage,,"Solomon Bishop is a Deputy US Attorney for the State of New Jersey played by Bill Sage. He is responsible for the investigation into election fraud by Nucky Thompson. Biography Background Season 2 Following the order of Governor Edwards, Solomon Bishop and three agents of the New Jersey State Police go to Nucky Thompson's suite at the Ritz Carlton Hotel to arrest him. They only find his butler, Eddie Kessler, and make him phone Nucky and tell him to come immediately. After Nucky arrives, Bishop identifies himself and a State Trooper arrests Nucky for election fraud, something that clearly pleases Bishop. (""21"") Deputy US Attorney Thorogood addresses Judge Ketchum at a hearing regarding Nucky's election rigging charges. Bishop sits at the other table. Thorogood proposes a motion to transfer the charges to federal court because of Nucky’s involvement in trafficking prostitutes across state lines. Nucky’s lawyer Isaac Ginsburg, the architect of the plan to have the charges made federal"
3fd2500c7727,Damien Fleming,Boardwalk Empire,Actor: Victor Verhaeghe,"Relationships
Eleanor Fleming - Wife
Nucky Thompson - Ex-boss, former Atlantic County Treasurer (deceased
The Commodore - Rejected boss, former Atlantic County Treasurer (deceased)
Eli Thompson - Atlantic County Sheriff
Jimmy Darmody - Boss, racketeer (deceased)
George O'Neill - Fellow Alderman (deceased)
Jim Neary - Fellow Alderman, interim Treasurer (deceased)
Al Boyd - Fellow Alderman
Lolly Steinman - Casino manager
Paddy Ryan - Chief Clerk of the Fourth Ward

Memorable Quotes

Appearances

Category:Atlantic City
Category:Characters
Category:Gamblers
Category:Irish people
Category:Politicians
Category:Recurring Characters
Category:Season 1
Category:Season 2
Category:Season 3

es:Damien Fleming","Damien Fleming is an Atlantic City politician. He is an Alderman of the Atlantic City Council. He is a Republican and is loyal to political boss Nucky Thompson. Fleming is played by Victor Verhaeghe. Biography Background Fleming has been a local politician for several years. He is an Alderman of the Atlantic City Council. He is a Republican and works for political boss Nucky Thompson. As a Ward Boss he is responsible for making collections for Nucky's organization and managing Precinct Captains in his ward. He is an Irish American and a member of the Order of Ancient Celts. Season 1 With the dawn of prohibition Nucky assembles his organisation for a dinner at Babette's Supper Club and explains that they are about to get in to bootlegging. Fleming and his colleagues greet the announcement with cheers and applause. (""Boardwalk Empire"") Nucky and Fleming pick-up a payment from bar owner Abe Klein. (""The Ivory Tower"") Nucky entertains guests in his suite at the Ritz Carlton Hotel. Eddi"
c87887e39366,Tommy Darmody,Boardwalk Empire,"Actor: Brady, Connor Noon (S1-S4) Travis Tope (S5) | Seasons: 1, 2, 3, 4, 5","(""Georgia Peaches"")

Upon Jimmy's return to Atlantic City, he discovers that Angela has been murdered and flies into a rage when Gillian reveals that she told Tommy that Angela has gone on a trip, and that she expects him to forget Angela quickly. Jimmy then kills Kaestner with a knife, and collapses. After talking he reveals his identity to Nucky and shoots Nucky twice in the body, and once in the cheekThe previous edit erroneously stated that Tommy replicated the way in which Nucky killed James (two shots to the body, one through the cheek).","Thomas ""Tommy"" Darmody is the son of Jimmy and Angela Darmody. He is a child during the first 4 seasons of the show and is played by twins Brady and Connor Noon. In Season 5, set in 1931, Tommy reappears as a teenager using the alias Joe Harper and is played by Travis Tope. Biography Background Tommy was accidentally conceived when his father, Jimmy Darmody, was attending Princeton College. Jimmy left Princeton shortly afterwards to fight in World War I. Tommy's parents were not married and Jimmy was abroad when he was born. He was raised solely by his mother Angela Darmody while Jimmy was fighting overseas. Jimmy was injured towards the end of the war and then spent an extended period recuperating in hospital. Jimmy moves in with the family in an apartment on his return to Atlantic City. Tommy is initially fearful of Jimmy. Season 1 Jimmy eats breakfast with Tommy and Angela on day one of prohibition, about a month after getting back. Jimmy affectionately calls Tommy ""Skeezix"" and t"
8c3ed9aca9fb,Al Boyd,Boardwalk Empire,Actor: Edward McGinty,"However, after Neary is murdered both Boyd and Ryan comply: they still attend Nucky's trial, but do not testify, to Randolph's anger. (""Resolution"")

Relationships
Nucky Thompson - Former boss of the organization, former Atlantic County Treasurer (deceased)
Jimmy Darmody - Boss of the organization, co-conspirator against Nucky (deceased)
The Commodore - Former boss of the organization, former Treasurer, financial backer and co-conspirator against Nucky (deceased)
Leander Cephas Whitlock - Financial backer, co-conspirator against Nucky
Eli Thompson - Atlantic County Sheriff, co-conspirator against Nucky
George O'Neill - Alderman, co-conspirator against Nucky (deceased)
Jim Neary - Interim Atlantic County Treasurer, Alderman, co-conspirator against Nucky (deceased)
Damien Fleming - Alderman
","Al Boyd is an Atlantic City politician. He was an Alderman of the Atlantic City Council. He is a Republican and is initially loyal to political boss Nucky Thompson. He is ousted after turning against Nucky in a failed coup and is forced to take a custodian job. Boyd is played by Edward McGinty. Biography Background Boyd has been a local politician for several years. He is an Alderman of the Atlantic City Council. He is a Republican and works for political boss Nucky Thompson. As a Ward Boss he is responsible for making collections for Nucky's organization and managing Precinct Captains in his ward. He is an Irish American and a member of the Order of Ancient Celts. Season 1 With the dawn of prohibition Nucky assembles his organisation and explains that they are about to get in to bootlegging. Boyd and his colleagues greet the announcement with cheers and applause. (""Boardwalk Empire"") Boyd and Nucky hand out cartons of cigarettes to hotel staff in Boyd's ward to maintain voter loyal"
85fa4dd2d1e6,Emily Thompson,Boardwalk Empire,"Actor: Lucy and Josie Gallina | Seasons: 1, 2, 3, 4","Nucky has Hans framed for murder and killed when he finds out what Hans did to Margaret. The story concerns the discovery of amnesia victim Anna Anderson who is claiming to be Princess Anastasia Romanov, the daughter of a Russian Tsar whose family were murdered by the Bolsheviks. Relationships
Hans Schroeder - Father (deceased)
Margaret Schroeder - Mother
Teddy Schroeder - Brother
Nucky Thompson - Step father (deceased)
Owen Sleater - Bodyguard (deceased)
Richard Harrow - Former bodyguard (deceased)
Lillian - Nanny
Katy - Maid
Edith Mauer - Former neighbor and babysitter

Memorable Quotes

Appearances

Category:Characters
Category:Atlantic City
Category:Children
Category:German people
Category:Irish people
Category:Recurring Characters
Category:Season 1
Category:Season 2
Category:Season 3","Emily Thompson, born Schroeder, is the biological daughter of Hans Schroeder and Margaret Thompson and the adopted daughter of Nucky Thompson. She has an older brother, Teddy Thompson. She is played by twins Lucy and Josie Gallina. Biography Background Emily was likely born in Atlantic City. Her father, Hans Schroeder is a some time baker's assistant of German extraction. Her mother, Margaret Schroeder, is a housewife and first generation Irish immigrant. She has an older brother, Teddy. Hans is a gambler and heavy drinker with a violent temper, physically abusive even after Margaret falls pregnant again in 1919. Season 1 In January 1920 Margaret Schroeder is concerned about Hans being out of work during the winter. She visits Atlantic City Treasurer Nucky Thompson (without Hans knowing) to ask if he can help Hans find work and while he cannot he does give her a cash handout to help her family. Hans is suspicious when she is dropped off near their home having been driven back in Nuck"
a2cb653cabbf,Teddy Thompson,Boardwalk Empire,"Actor: Rory and Declan McTigue | Seasons: 1, 2, 3, 4","Nucky later has Hans framed for murder and killed. The story concerns the discovery of amnesia victim Anna Anderson who is claiming to be Princess Anastasia Romanov, the daughter of a Russian Tsar whose family were murdered by the Bolsheviks. Relationships
Hans Schroeder - Father (deceased)
Margaret Schroeder - Mother
Emily Schroeder - Sister
Nucky Thompson - Step-Father (deceased)
Owen Sleater - Bodyguard (deceased)
Richard Harrow - Former bodyguard (deceased)
Lillian - Nanny
Katy - Maid
Edith Mauer - Former neighbor and babysitter

Memorable Quotes

Appearances

Category:Atlantic City
Category:Children
Category:Irish people
Category:German people
Category:Season 1
Category:Season 2
Category:Season 3
Category:Recurring Characters","Theodore ""Teddy"" Thompson, born Schroeder, is the son of Hans and Margaret Schroeder, and the adopted son of Nucky Thompson. He has a younger sister, Emily. He is played by twins Rory and Declan McTigue. Biography Background Teddy was likely born in Atlantic City. His father is Hans Schroeder, a baker's assistant of German extraction. His mother, Margaret Schroeder, is a housewife and first generation Irish immigrant. Teddy also has a younger sister, Emily. Hans is a gambler and heavy drinker with a violent temper and is physically abusive to both Teddy and his mother. He continues to be so even after Margaret becomes pregnant for a third time in 1919. (""Boardwalk Empire"", ""The Ivory Tower"", ""21"") Season 1 In January 1920, Margaret is concerned about Hans being out of work during the winter. She visits Atlantic City Treasurer Nucky Thompson (without Hans knowing) to ask if he can help Hans find work and while he cannot he does give her a cash handout to help her family. Hans is suspi"
2a5e02eff542,Ernie Moran,Boardwalk Empire,Actor: John Keating,"Relationships
Nucky Thompson: Atlantic County Treasurer, business partner (deceased)

Appearances

Category:Characters
Category:Season 1
Category:Season 2
Category:Recurring characters
Category:Businessmen
Category:Atlantic City
Category:Irish people","Ernie Moran is an Atlantic City businessman played by John Keating. He is an investor in Nucky Thompson's road-building scheme and is also a member of the Order of Ancient Celts. He introduces Nucky to Sinn Fein fundraiser John McGarrigle in order for Nucky to buy influence back in Ireland. Biography Background Moran is a first generation Irish immigrant and an Atlantic City businessman, the owner of a quarry firm. He is a member of the Order of Ancient Celts. While still in Ireland he fought for Irish independence from the English. He remains a supporter of Sinn Fein. (""Nights in Ballygran"", ""21"") Season 1 Moran attends the Order of Ancient Celts annual St. Patrick's Day dinner and gets involved in an argument about whether second generation Irish immigrants are as loyal to their homeland as first generation immigrants. As a first generation man Moran interjects that he held the line against the English armed with only a fire pole. The dinner is later broken up by Prohibition Agents"
1291136fa73e,Lenore White,Boardwalk Empire,Actor: Natalie Wachen,"Relationships
Albert ""Chalky"" White: Husband (deceased)
Maybelle White: Daughter (deceased)
Lester White: Son
Adeline White: Daughter

Appearances

Category:Characters
Category:Season 2
Category:Atlantic City
Category:Housewives
Category:Black people
Category:Recurring Characters","Lenore White is a recurring character in the series played by Natalie Wachen. She debuts in the second season's premiere episode, ""21"". Biography Lenore is the wife of Chalky White and the mother of his children Lester, Maybelle and Adeline. Unlike her husband, she is a ""high yellow"" - an educated, light skinned African American born in a family of wealth and social status Season 2 Lenore offers Nucky and Eli something to eat when they visit Chalky at his home after his altercation with the Ku Klux Klan in February 1921, but they decline. Chalky then comments that he wants to speak with them in private, compelling Lenore and their son Lester to leave. (""21"") Lenore visits Chalky in jail after his arrest. She tells him that their daughter Maybelle wants to invite her beau Samuel Crawford for dinner at the family home; Chalky replies that maybe in a few days. She also tells him that Lester wanted to see him in jail, which Chalky doesn't approve, and that he has given her a book for"
69fc4a65cb7e,Lester White,Boardwalk Empire,Actor: Justiin A. Davis,"Relationships
Albert ""Chalky"" White: Father (deceased)
Lenore White: Mother
Maybelle White: Sister (deceased)
Adeline White: Sister
Ernie Coates: Teacher
Althea Maitland: Half-sister

Appearances

Category:Atlantic City
Category:Black people
Category:Characters
Category:Recurring Characters
Category:Season 2
Category:Season 3","Lester White, played by Justiin A. Davis, is a recurring character in Boardwalk Empire's Season 2. Biography Background Lester is the eldest child of Chalky and Lenore White and their only son. He is a good student and an accomplished piano player. He is expected to join Morehouse College in 1923. (""21"") Season 2 Lester is playing the piano when Nucky and Eli Thompson visit Chalky at his home to discuss his recent altercation with the Ku Klux Klan. The two guests praise his talent. (""21"") After Chalky is arrested, Lester sends him a copy of David Copperfield to entertain himself by way of his mother. (""Ourselves Alone"") Lester is the first of Chalky's children to know that his father has left jail after being bailed out by Nucky's lawyer, Isaac Ginsburg. While the family has breakfast, he mocks his youngest sister, Adeline, for asking Chalky to correct her homework, implying that Lester is actually aware of Chalky's illiteracy. Lenore tells Lester to not taunt his father, but Chalk"
26bef744d200,Paddy Ryan,Boardwalk Empire,Actor: Samuel Taylor,"However, after Neary is murdered both Boyd and Ryan comply: they still attend Nucky's judgement, but do not testify, to Randolph's anger. (""To the Lost"")

Relationships
Nucky Thompson - Ex-boss (deceased)
Jimmy Darmody - Boss, co-conspirator (deceased)
The Commodore - Financial backer, co-conspirator (deceased)
Leander Cephas Whitlock - Financial backer, co-conspirator
Eli Thompson - Atlantic County Sheriff, co-conspirator
George O'Neill - Alderman, co-conspirator (deceased)
Jim Neary - Atlantic County Treasurer, co-conspirator (deceased)
Damien Fleming - Alderman
Al Boyd - Alderman, co-conspirator
Mickey Doyle - Co-conspirator (deceased)
Richard Harrow - Co-conspirator (deceased)
Manny Horvitz - Associate (deceased)

Memorable Quotes

Appearances

Category:Characters
Category:Season 1
Cat","Patrick ""Paddy"" Ryan (played by Samuel Taylor) is a young Atlantic City politician. He is the Chief Clerk of the Fourth Ward of Atlantic City under Alderman Jim Neary and is initially loyal to Nucky Thompson and his organization. In the second season he joins a political coup against Nucky and agrees to act as a confidential witness to Nucky's involvement in election rigging. Biography Background Ryan is a college graduate and fledgling Atlantic City politician. He is a republican and part of Nucky Thompson's organization in Atlantic City. Season 1 On the eve of prohibition (January 16 1920) Nucky Thompson assembles his Nucky's organization at Babette's Supper Club and explains that they are about to get in to bootlegging. Ryan and his colleagues greet the announcement with cheers and applause. At the dinner Nucky announces that Ryan is to become Chief Clerk of the Fourth Ward of Atlantic City - a position that Nucky's driver Jimmy Darmody had hoped to receive himself. Mayor Harry Ba"
c3ce8ad8f629,Bill McCoy,Boardwalk Empire,Actor: Pearce Bunting,"(""A Man, A Plan..."")

Relationships
Nucky Thompson - Buyer, ally (deceased)
Gyp Rosetti - Buyer (deceased)
August Tucker: Business associate, murder victim (deceased)

Memorable Quotes
""And he took the loaves and fishes, looked at his disciples and said: Fuck it, we are getting in the whiskey business"" (""Boardwalk Empire"")
(to The Commodore) ""So he bested you in the bargain and now you're fucking him over."" (""A Dangerous Maid"")
""See that scotch that keeps you warm at night?","Bill McCoy (played by Pearce Bunting) is a recurring character in Boardwalk Empire. He is a ship Captain and bootlegger that supplies several ports of the East Coast, including Atlantic City, with foreign alcohol, and a trusted ally of Nucky Thompson. He is based on the historical figure of the same name. Biography Background William Frederick McCoy was born in Syracuse, New York in 1877. After graduating in the Pennsylvania Nautical School he worked as a sailor in the Caribbean before he and his brother Ben established a yacht building firm in Florida around 1900. By 1920 the further development of roads and rail rendered yachting as a means of transportation along the East Coast obsolete and their firm fell on hard times. On the other hand, McCoy saw that the advent of Prohibition offered plenty of opportunities to make money and he soon became the biggest rum-runner in the Eastern Seaboard, smuggling rum, whiskey and spirits to the US from Canada and the Bahamas. In order to avoid "
2d58aaefbb63,Katheryn Bader,Boardwalk Empire,Actor: Tracy Sallows,,"Katheryn Bader (played by Tracy Sallows) is the wife of construction magnate and Atlantic City Mayor Edward Bader. Biography Season 1 Sophie Tucker entertains the crowd at Babette’s Supper Club with a risqué routine. Edward and Kathryn are there having dinner with Atlantic County Treasurer Nucky Thompson and his companion Margaret Schroeder. Nucky talks about opportunism as a positive quality and reminds Bader of his success exercising good timing in the building industry. Nucky lists Bader’s positive qualities; he is a churchgoer, a family man and well liked in the community. Margaret calls Bader impressive. Bader stares up at the ceiling and Katheryn wonders what he is looking for. He jokes that he is wondering when the other shoe will drop drawing a laugh from his companions. Tucker announces a song; “Some Of These Days”. Nucky suggests that Margaret take Kathryn to get a better view. While they are gone Nucky invites Edward to run for Atlantic City Mayor. (""Belle Femme"") Edward "
621c93159ab1,June Thompson,Boardwalk Empire,"Actor: Nisi Sturgis | Seasons: 1, 2, 3, 4, 5","Relationships
Eli Thompson: Husband
William Thompson: First son
Michael Thompson: Second son
Patrick Thompson: Third son
Brian Thompson: Fourth son
Dermott Thompson: Fifth son
Edith Thompson: First daughter
Anne Thompson: Second daughter
Enoch Thompson: Brother-in-law (deceased)
Margaret Thompson: Sister-in-law
Ethan Thompson: Father-in-law (deceased)

Memorable Quotes

Appearances

Category:Characters
Category:Atlantic City
Category:Housewives
Category:Recurring Characters
Category:Season 1
Category:Season 2
Category:Irish people","June Thompson (played by Nisi Sturgis) is the wife of Eli Thompson and the mother of his eight children. Biography Season 1 Eli attends the Order of Ancient Celts annual St. Patrick's Day dinner and comes home drunk. June rubs his back as he vomits into their toilet. (""Nights in Ballygran"") Eli and June attend the wedding of one of her cousins. June sleeps in the car on the way home as Eli stops to make a collection from Lolly Steinman's casino. He interrupts a robbery in progress and is shot and wounded. June helps to care for him at home. (""Hold Me in Paradise"") Season 2 She expresses concerns about Eli's ailing father Ethan Thompson. (""A Dangerous Maid"") The children are playing noisily while Eli eats breakfast with Ethan. June chides two of the children for running around. Eli’s older son Michael announces a visitor; Dick Halsey, clerk to Assistant US Attorney Esther Randolph. Ethan is worried by the visitor and Eli tries to reassure him. Halsey complains that Eli has been avoi"
7e527a81cd11,Katy,Boardwalk Empire,Actor: Heather Lind,"(""Ging Gang Goolie"")

Relationships
Nucky Thompson - Former employer (deceased)
Margaret Schroeder - Former employer
Teddy Schroeder - Former employer's son
Emily Schroeder - Former employer's daughter
Owen Sleater - Lover, former employer's driver (deceased)
Pauleen - Ex-colleague
Lillian - Ex-colleague

Memorable Quotes

Appearances

Category:Atlantic City
Category:Characters
Category:Domestic servants
Category:Irish people
Category:Recurring Characters
Category:Season 2
Category:Season 3","Katy (played by Heather Lind) is Margaret Schroeder's housemaid. She is attracted to Owen Sleater. Biography Background Katy is employed as a housemaid when Nucky Thompson buys a house to live in with Margaret Schroeder and her children. She is one of three servants on staff in the house along with Lillian, the children's nanny, and Pauleen, the cook. She is Irish-American. (""A Dangerous Maid"") Season 2 She assists Margaret in contacting her estranged relatives in New York and deduces Margaret's old identity. (""A Dangerous Maid"") She becomes Owen Sleater's lover after he becomes Nucky Thompson's bodyguard. Katy and Owen are almost caught in bed together when her scream of passion awakens Margaret. Katy meets Margaret in the corridor, claims she was roused by Margaret’s movement and denies hearing a scream. Margaret says she has had a strange day and sends Katy back to bed. When Katy returns to her room, Sleater is naked in her bed. They discuss Margaret and Katy tells Sleater about "
213dd84c3fff,Pauline,Boardwalk Empire,Actor: Amy Warren,"(""Battle of the Century"")

Relationships
Margaret Schroeder: Ex-employer
Nucky Thompson: Ex-employer (deceased)
Emily Schroeder: Employer's daughter
Teddy Schroeder: Employer's son
Lillian: Ex-colleague
Katy: Ex-colleague

Memorable Quotes

Appearances

Category:Characters
Category:Season 2
Category:Recurring characters
Category:Atlantic City
Category:Domestic servants","For the Season 4 character see Pauline (Season 4) Pauline, played by Amy Warren, is a cook working at Margaret Schroeder's house in Season 2. Biography Background Pauline is married and has children. Her husband is jobless, making the whole family dependent on her salary. (""What Does the Bee Do?"") Season 2 On July 2 1921 Emily Schroeder is diagnosed with polio and quarantined in the children's hospital. Margaret Schroeder, Katy and Lillian collect Emily’s things at her home. Margaret pauses when she finds Emily’s doll on her bed and then casts it into the basket with the rest of the contaminated items. Katy and Lillian wear masks to cover their faces and place the collected possessions on a bonfire outside. Margaret watches from the window with Teddy. Pauline comes downstairs with a case packed. Margaret asks where she is going and Pauline apologises. Margaret tries to reassure her that they are taking every precaution. Pauline says that she has to worry about her own children and le"
398f6e2b5e4f,Lillian,Boardwalk Empire,Actor: Jacqueline Pennewill,"Relationships
Nucky Thompson - Employer (deceased)
Margaret Schroeder - Employer
Teddy Schroeder - Employer's son
Emily Schroeder - Employer's daughter
Owen Sleater - Colleague, Nucky's driver (deceased)
Pauleen - Ex-colleague, cook
Katy - Colleague, housemaid

Memorable Quotes

Appearances

Category:Atlantic City
Category:Domestic servants
Category:Recurring characters
Category:Season 2
Category:Season 3","Lillian, played by Jacqueline Pennewill, is Emily and Teddy Schroeder's nanny. Biography Background Lillianis employed as a housemaid when Nucky Thompson buys a house to live in with Margaret Schroeder and her children. She is one of three servants on staff in the house along with Katy, the maid, and Pauleen, the cook. Season 2 Hearing a crash, Lillian goes to the conservatory and finds Nucky fighting with his brother Eli Thompson. Lillian summons Margaret Schroeder, who breaks up the fight. (""Gimcrack & Bunkum"") Teddy is posing for a photograph to commemorate his first communion. Lillian brings Emily through to watch, calling Teddy a soldier in God’s army. (""The Age of Reason"") Lillian tidies away toys as Nucky gets in. He asks if Owen has called and she tells him no but that Margaret is on her way home from New York. She tells him she is going to take the children to the beach with Katy. (""Peg of Old"") On July 1 1921, while Nucky is in Ireland, Lillian has trouble getting Emily "
dcd85e94128c,Louanne Pratt,Boardwalk Empire,Actor: Johnnie Mae | Seasons: 1,"After his death it is revealed that he left everything to her in a will that he wrote in 1914 but his son Jimmy Darmody destroys the document. Season 2
After The Commodore's death it is revealed that he left everything to her in a will that he wrote in 1914 but his son Jimmy Darmody destroys the document. Relationships
Louis Kaestner - Employer (deceased)
Nucky Thompson - Saviour (deceased)

Memorable Quotes

(in response to why she poisoned the Commodore) ""Because if I'd used a shotgun, I'd have to clean up the mess myself."" (""A Return to Normalcy"")

Appearances

Category:Characters
Category:Season 1
Category:Atlantic City
Category:Domestic servants
Category:Black people
Category:Memorable Quotes
Category:Recurring Characters","Louanne Pratt is a maid played by Johnnie Mae. She was Commodore Louis Kaestner's housemaid during the first season. After Gillian attempts to poison him using arsenic, Louanne is paid off to take the blame. After his death it is revealed that he left everything to her in a will that he wrote in 1914 but his son Jimmy Darmody destroys the document. Biography Background Louanne is a housemaid working for Atlantic City power broker Commodore Louis Kaestner. Kaestner is a racist and abusive employer. Season 1 thumb|right|Johnnie Mae as Louanne in ""Boardwalk Empire"" When Nucky visits The Commodore at his home in January 1920 Louanne announces his arrival. The Commodore rudely dismisses her. (""Boardwalk Empire"") Nucky visits again a week later. When the conversation turns to suffrage The Commodore summons Louanne by ringing a bell and quizzes her on current affairs. She is not able to comment on the League of Nations or the Halliday Act and The Commodore calls her ""the woman who empties h"
1f3df52e1c58,Frank Hague,Boardwalk Empire,Actor: Chris Mulkey,"Relationships
Nucky Thompson: Political ally (deceased)
Jack Dempsey: Sponsoring fight
Edward Bader: Colleague

Memorable Quotes

Appearances

Category:Characters
Category:Season 1
Category:Season 2
Category:Recurring Characters
Category:Jersey City
Category:Historical figures
Category:Politicians
Category:Irish people
Category:Season 3","Frank Hague is a New Jersey politician played by Chris Mulkey. He is the Mayor of Jersey City during the first and second seasons. The character is based on the real life politician of the same name. Biography Background Hague is a Democrat. He was elected Mayor of Jersey City in 1917. Season 1 Despite their differing party affiliations Hague is a political ally of Republican Atlantic County Treasurer Nucky Thompson. Nucky invites Senator Walter Edge and Hague as guests of honor to his birthday celebrations in Atlantic City. He pays for suites at the Ritz Carlton Hotel for both men and arranges their dates for the evening, telling his assistant to ensure that they get laid. Nucky believes that Edge is the key to Atlantic County receiving the Road Appropriations money he is hoping for, knowing that there is $30,000,000 to be distributed across the state. He worries that with a democrat for governor Hague will receive too much of the funding. (""Anastasia"") With the band in full swing "
789a47ace914,Frederick Elliot,Boardwalk Empire,Actor: Peter McRobbie,"(""The Age of Reason"")

Relationships
Nelson Van Alden - Subordinate (deceased)
Eric Sebso - Subordinate (deceased)
Agent Clarkson - Subordinate (deceased)
Stan Sawicki - Subordinate (deceased)
Jimmy Darmody - One-off informant (deceased)
Arnold Rothstein - Investigatory target (deceased)
Nucky Thompson - Investigatory target (deceased)

Memorable Quotes

Appearances

Category:Characters
Category:Season 1
Category:Recurring Characters
Category:Law Enforcement
Category:Season 2
Category:Prohibition agents","Frederick Elliot is a supervising Government Revenue agent with the Bureau of Prohibition played by Peter McRobbie. He is in command of the New Jersey Division including Agent Nelson Van Alden. Biography Background Frederick Elliot is the supervising agent for the New Jersey division of the Bureau of Prohibition. Season 1 thumb|316px|Elliot inducts a new class of recruits into service as prohibition agents. Elliot inducts a new class of recruits into service as prohibition agents. Veteran Agent Nelson Van Alden watches solemnly from the stage. Van Alden later goes to Atlantic City to follow the movements of Chicago mob boss James ""Big Jim"" Colosimo and his underboss Johnny Torrio. Van Alden tracks them to a meeting with Atlantic City Treasurer Nucky Thompson and New York crime boss Arnold Rothstein. Van Alden also identifies Thompson's driver Jimmy Darmody as a potential source of information. Van Alden picks Jimmy up and brings him in to meet with Elliot. (""Boardwalk Empire"") At th"
aebd18769669,Mrs. McGarry,Boardwalk Empire,Actor: Dana Ivey,Her husband made money in oil and died shortly after they moved to Atlantic City. He then has Margaret's husband Hans killed and uses him as a scapegoat for the Hammonton hijacking. While she was not looking her child climbed in and was poisoned to death by the mixture.,"Mrs. McGarry, played by Dana Ivey, is a recurring character in the first season of Boardwalk Empire. She is the president of the Atlantic City Women's Temperance League. Biography Background Mrs. McGarry is a political supporter of Nucky Thompson and remains unaware of his involvement in bootlegging. She is a friend of Margaret Schroeder. McGarry is a widow. Her husband made money in oil and died shortly after they moved to Atlantic City. (""Family Limitation"") Season 1 Boardwalk Empire thumb|Mrs. McGarry speaks before the Women's Temperance League. Mrs. McGarry reads a poem she has written about the evils of liquor to the members of the Atlantic City Women’s Temperance League, called Owed to Liquor, in the night of January 16 1920. She reminds the audience that Prohibition begins the next day and introduces their guest speaker – Atlantic County Treasurer Enoch “Nucky” Thompson. Thompson thanks McGarry for the poem and asks if she would send him a copy. He then tells the audience th"
0603a022fd19,Harry Prince,Boardwalk Empire,Actor: Michael Badalucco,"Relationships
Nucky Thompson: Friend (deceased)
Annabelle: Ex-girlfriend
Margaret Schroeder: Acquaintance

Memorable Quotes

Appearances

Category: Season 1
Category:Characters
Category:Atlantic City",Harry Prince is an Atlantic City businessman played by Michael Badalucco. He keeps his mistress Annabelle in an apartment next door to the one Nucky Thompson rents for Margaret Schroeder. Biography Season 1 Harry and Annabelle are at a North Side speakeasy for the evening with Nucky Thompson and Margaret Schroeder. The two Caucasian couples stand out among the largely African American crowd. While the women are in the bathroom Nucky is in conversation with Harry but is having difficulty following the business man. Harry explains that he has invested in International Reply Coupons via an Italian man in Boston. He explains that his contact claims that he buys the coupons in bulk abroad and then sells them in the US at face value to make a profit. Nucky wonders why everyone is not doing this if it is such an easy way to turn a profit. Harry says that he has been promised a 50% return in 45 days and has had successful returns twice so far and as now invested all of his savings. Harry gra
e8b2ba58abe5,Walter Edge,Boardwalk Empire,Actor: Geoff Pierson,"Relationships
Nucky Thompson - Political enemy (deceased)
Harry Daugherty - Political associate

Memorable Quotes

Appearances

Category:Characters
Category:Businessmen
Category:Historical figures
Category:Politicians
Category:Season 1
Category:Season 2
Category:Season 3
Category:Washington DC","Walter Edge is the United States Senator from New Jersey played by Geoff Pierson. The character is based on the real politician of the same name. Biography Season 1 Atlantic County Treasurer Nucky Thompson invites Senator Edge and Jersey City Mayor Frank Hague as guests of honor to his birthday celebrations in Atlantic City. He pays for suites at the Ritz Carlton Hotel for both men and arranges their dates for the evening, telling his assistant to ensure that they get laid. Nucky believes that Edge is the key to Atlantic County receiving the Road Appropriations money he is hoping for, knowing that there is $30,000,000 to be distributed across the state. (""Anastasia"") With the band in full swing and the dance floor busy Nucky eats dinner with Commodore Louis Kaestner, Hague, Edge and their dates at Babette's Supper Club. Hague tells a sexist joke involving domestic abuse. Edge turns the subject to Women’s suffrage and Nucky recalls Edge as a supporter of the movement. Edge says that h"
77e9c13dfaf7,Robert Dittrich,Boardwalk Empire,Actor: Josiah Early | Seasons: 1,"(""Belle Femme"") 

Relationships
Mary Dittrich - Wife
Angela Darmody - Family friend (deceased)
Tommy Darmody - Family friend

Memorable Quotes

Appearances

Category:Season 1
Category:Characters
Category:Recurring Characters
Category:Atlantic City
Category:Graphic artists","Robert Dittrich is a photographer played by Josiah Early. He is married to Mary Dittrich. When Jimmy Darmody is serving in the military his fiancee Angela has an affair with the Dittrichs. When Jimmy uncovers the affair the couple flee Atlantic City. Biography Season 1 Tommy Darmody runs into Dittrich’s photography and Jimmy Darmody follows him. Robert warmly greets Tommy, picking him up. Jimmy asks for Dittrich’s name and when Mary Dittrich realises who Jimmy is, she introduces herself. Mary calls Tommy photogenic and Robert says they are fond of both Tommy and Jimmy’s wife. Jimmy points out that he is not actually married to Angela, yet. Dittrich congratulates Jimmy on the engagement and Jimmy explains the delay by mentioning his war service. Dittrich calls the war thrilling and mentions wishing he had fought. Mary comments on the loveliness of Paris and Jimmy says he did not have time for sightseeing. Jimmy urges Tommy to leave and Tommy initially refuses. Dittrich lifts him to the"
1de9b19f642f,Mary Dittrich,Boardwalk Empire,Actor: Lisa Joyce | Seasons: 1,"(""Belle Femme"") 

Relationships
Robert Dittrich - Husband
Angela Darmody - Family friend, lover (deceased)
Tommy Darmody - Family friend

Memorable Quotes
""Forgive me, but don't forget me.""

Appearances

Category:Characters
Category:Season 1
Category:Atlantic City
Category:Recurring Characters
Category:Graphic artists","Mary Dittrich is a photographer's assistant played by Lisa Joyce. Mary is married to photographer Robert Dittrich. She and her husband become involved with Jimmy Darmody's fiancee Angela while he is serving in the military. When Jimmy returns to Atlantic City and uncovers the affair Robert and Mary leave town. Biography Season 1 Tommy Darmody runs into Dittrich’s photography and Jimmy Darmody follows him. Robert warmly greets Tommy, picking him up. Jimmy asks for Robert’s name and when Mary realises who Jimmy is, she introduces herself too. Mary calls Tommy photogenic and Robert says they are fond of both Tommy and Jimmy’s wife. Jimmy points out that he is not actually married to Angela, yet. Robert congratulates Jimmy on the engagement and Jimmy explains the delay by mentioning his war service. Robert calls the war thrilling and mentions wishing he had fought. Mary comments on the loveliness of Paris and Jimmy says he did not have time for sightseeing. Jimmy urges Tommy to leave and "
82e72bebcbbc,Regina (Madam),Boardwalk Empire,Actor: Susan Varon,"(""Hold Me in Paradise"")

Relationships
Johnny Torrio : Employer, owner of the Four Deuces
Pearl: Former colleague at the Four Deuces, prostitute (deceased)
Odette: Colleague at the Four Deuces, prostitute
Jimmy Darmody: Former colleague at the Four Deuces, bouncer (deceased)
Al Capone: Colleague at the Four Deuces, bouncer
Gino: Colleague at the Four Deuces, bouncer
Scozione: Colleague at the Four Deuces, bouncer
Antonio: Colleague at the Four Deuces, bouncer
Graves: Regular client of the Four Deuces

Memorable Quotes

Appearances

Category:Characters
Category:Chicago
Category:Recurring Characters
Category:Season 1","Regina (played by Susan Varon) is a madam at the Four Deuces brothel in Chicago, Illinois. Biography Season 1 At the Four Deuces Irish American gangster Liam asks Regina if Al Capone is there. She says that he is not and Liam asks about Jimmy Darmody. She tells Liam they do not cater for homosexuals. Liam claims that Jimmy recommended a prostitute but that he cannot recall her name. Regina refers him to Pearl and he nods and approaches her. After he sleeps with Pearl, Liam cuts her face with a knife as a message to Darmody in a turf war. Liam's men shoot up the place to create a distraction as he escapes. Later, Jimmy brings flowers for Pearl but Regina tells him she is sleeping. (""Anastasia"") During her recovery Pearl comes downstairs with her wounds undressed. The assembly are shocked and she says she is there to work. Regina says she does not need to work yet from behind the bar. Jimmy takes Pearl back upstairs. (""Nights in Ballygran"") In June 1920 Regina entertains Judge Graves"
da0767736f1c,Odette,Boardwalk Empire,Actor: Maggie Steele,"That's how she is."" (""A Dangerous Maid"")

Memorable Quotes
""I'm whatever you want me to be."" 
""I got a whole ticker-tape parade ready.""

Relationships
Johnny Torrio: Employer
Al Capone: Bouncer colleague
Richard Harrow: Lover (deceased)
Regina: Madam
Pearl: Colleague (deceased)

Appearances

Category:Chicago
Category:Season 1
Category:Prostitutes
Category:Season 2
Category:Recurring Characters","Odette (played by Maggie Steele) is a prostitute from Chicago. Biography Season 1 thumb|316px|Jimmy introducing Odette to Richard. Odette is a prostitute in Johnny Torrio's Four Deuces brothel in Chicago, Illinois. She is introduced to Richard Harrow by Jimmy Darmody, in an effort for Richard to lose his virginity. At first she is jarred by Richard's appearance, but almost immediately is able to get past his injury and mask in order to show him ""how grateful the nation is for his sacrifice."" (Home) Richard has had a dream of Odette. In it, they're walking along the beach together as a happy and playful couple. His face is as it was before the war, and he is able to have a loving relationship with Odette. She runs and plays in the water before running up to Richard and screaming. The dream had turned into a nightmare and Odette's screams were faded into reality as the young Emily Schroeder stood over Richard crying and scared of his face. (The Emerald City) Season 2 George Remus is "
694195c234da,Carolyn Rothstein,Boardwalk Empire,"Actor: Jennifer Ferrin (Season 2)Shae D'Lyn (Season 5) | Seasons: 2, 5","(""What Does the Bee Do?"")

Relationships
Arnold Rothstein - Husband (deceased)

Memorable Quotes

Category:Season 2
Category:New York City
Category:Historical figures
Category:Performers
Category:Housewives
Category:Irish people
Category:Season 1
Category:Season 5","Carolyn Rothstein, née Green is the wife of New York gangster Arnold Rothstein. She is played by co-star Jennifer Ferrin in the second season and guest star Shae D'Lyn in the fifth season. Character Biography Carolyn is married to renowned gambler and crime boss Arnold Rothstein and they share a home in New York City. Season 1 Arnold Rothstein confides Lucky Luciano and Meyer Lansky that he is planning to leave with Carolyn for Scotland in order to avoid imprisonment for his role in the Black Sox Scandal. Luciano and Lansky convince him instead to make an agreement with Nucky Thompson. (""A Return to Normalcy"") Season 2 Carolyn Rothstein answers the phone when it rings at the Rothstein residence. It's Nucky Thompson, and he wants to talk to her husband. Arnold Rothstein, who is suffering from some digestive problems, has a soft interaction with his wife, but as soon as he gets the phone he puts on his tough gangster persona. (""What Does the Bee Do?"") Relationships Arnold Rothste"
cbcf54cee39f,Jack Dempsey,Boardwalk Empire,Actor: Devin Harjes | Seasons: 2,"(""Peg of Old"")

Relationships

Frank Hague - Fight sponsor
Jack ""Doc"" Kearns - Trainer
Nucky Thompson - Radio sponsor (deceased)
Edward Bader - Radio sponsor

Memorable Quotes
""For those of you who...","Jack Dempsey is a boxer. Dempsey was the world heavyweight champion from 1919 to 1926. He is portrayed by Devin Harjes. Character biography He was born William Harrison Dempsey on June 24, 1895 in Manassa, Colorado. Dempsey's parents were poor and he left home in 1911 aged 16 to make his own living. He spent time homeless and discovered a talent for fighting. He began training as a boxer with assistance from his brother and fought in bar-room brawls and eventually professional fights. He won the world heavyweight title from Jess Willard in 1919. He successfully defended the title twice in 1920. Season 1 Jimmy Darmody reads a story where Jack Dempsey tries to justify himself for not serving in World War I in the newspaper in the morning of January 18, 1920. Dempsey claims he is not a draft dodger, but that he had to remain at home to help his mother. Jimmy does not believe it, convinced that Dempsey dodged the draft to start his boxing career, because ""nobody would give up that op"
15a898565592,Carl Surran,Boardwalk Empire,Actor: Kevin Henderson,"(""Under God's Power She Flourishes"")

Relationships
Ethan Thompson: Patient, broken hip (died of myocardial infarction) (deceased)
Louis Kaestner: Patient, arsenic poisoning and stroke (murdered)
Nucky Thompson: Patient, gunshot victim, bootlegging supplier (deceased)
Eli Thompson:  Patient, gunshot victim
Emily Schroeder: Patient, polio sufferer
Margaret Schroeder:  Patient's relative
Teddy Schroeder:  Patient's relative
Edward Holt: Colleague, medical director of the Atlantic City Children’s Hospital

Appearances

Category:Season 1
Category:Season 2
Category:Atlantic City
Category:Recurring Characters
Category:Health workers","Carl Surran (played by Kevin Henderson) is a family physician in Atlantic City, New Jersey. His patients include the rich and powerful of the city and he counts among them Atlantic County Treasurer Nucky Thompson, Atlantic County Sheriff Eli Thompson, former treasurer Louis ""The Commodore"" Kaestner, former Sheriff Ethan Thompson and Emily Schroeder. In the first season he diagnoses The Commodore with arsenic poisoning, treats Eli following a gunshot wound and treats Ethan for a broken hip. In the second season he diagnoses Emily with polio, treats Nucky for a gunshot wound and treats The Commodore for a stroke. Nucky also provides him with a license to sell medicinal alcohol. Biography Season 1 Surran treats Ethan Thompson when he breaks his hip falling at his home. Ethan's son the Atlantic County Sheriff Eli Thompson, Deputy Halloran and Dr Surran have splinted his right leg and are preparing to lift him from the floor. Ethan grumbles constantly as they work. Ethan's other son Atlant"
191abb47824f,Adeline White,Boardwalk Empire,Actor: Skai Jackson,"Relationships
Albert ""Chalky"" White: Father (deceased)
Lenore White: Mother
Lester White: Brother
Maybelle White: Sister (deceased)
Althea Maitland: Half-sister

Appearances

Category:Atlantic City
Category:Black people
Category:Children
Category:Season 2
Category:Season 3","Adeline White (played by Skai Jackson in the second season and Dominique Swift in the third season) is a child in Atlantic City. Character Biography Background Adeline is the youngest child of Atlantic City bootlegger and community leader Chalky White. She lives in his home with her mother Lenore White, older brother Lester White and older sister Maybelle White. Season 2 Adeline does not realize that Chalky is illiterate and asks him to correct her homework, embarrassing him in front of her mother and siblings. She later attends the dinner with her sister's beau, Samuel Crawford, where Chalky makes a fool of himself. (""What Does the Bee Do?"") Season 3 Adeline interrupts a heated discussion between Chalky and Maybelle about her marrying Samuel to say that dinner is ready. Relationships Albert ""Chalky"" White: Father (deceased) Lenore White: Mother Lester White: Brother Maybelle White: Sister (deceased) Althea Maitland: Half-sister Appearances Category:Atlantic City Category:Black "
be6a6b369afc,Samuel Crawford,Boardwalk Empire,"Actor: Ty Michael Robinson | Seasons: 2, 3, 4","Relationships
Maybelle White: Love interest (deceased)
Oliver Crawford: Father
Mrs.","Samuel Crawford (played by Ty Michael Robinson) is a medical student from an upper-class African-American family. He is the beau and later, fiancee, of Maybelle White. Character Biography He is studying medicine to become a doctor. Chalky says that his parents run a nice boarding house in Atlantic City on Mediterranean Avenue and refers to them as respectable. Season 2 Maybelle invites Samuel to dinner with her parents; Atlantic City bootlegger and community leader Chalky White and his wife Lenore. He is made welcome by Lenore and Maybelle's brother Lester. When Lenore asks him to say grace he obliges but is constantly interrupted by Chalky who is upset that the dinner is not what he asked for - Hoppin' John. Samuel laughs at the mention of the dish and offends Chalky. Samuel mentions that his grandmother used to make Hoppin' John. He apologizes and offers to leave but Chalky withdraws from the dinner himself. Samuel later enjoys Lester's piano playing with the rest of the family, ap"
5edb166737e9,Isaac Ginsburg,Boardwalk Empire,Actor: Peter Van Wagner,"(""Two Boats and a Lifeguard"")

Following the death of his father, Ethan Thompson Nucky announces his retirement and gets permission to go to Ireland to bury him. (""Georgia Peaches"")

Relationships
Nucky Thompson: Ex-client (deceased)
Albert ""Chalky"" White: Client (deceased)
Attorney General Harry Daugherty: Professional contact
Department of Justic Aide Jess Smith: Professional contact (deceased)
Assistant US Attorney Charles Kenneth Thorogood: Professional contact
Deputy US Attorney for New Jersey Solomon Bishop: Professional contact
Judge Ketchum: Professional contact
Assistant US Attorney Esther Randolph: Professional contact
Department of Justice Investigator Clifford Lathrop: Professional contact

Memorable Quotes

Appearances

Category:Season 2
Category:Recurring characters
Category:","Isaac Ginsburg (played by Peter Van Wagner) is an attorney in Atlantic City. Biography Background Ginsburg is Nucky Thompson's lawyer. He is Jewish. He has a strong reputation and is meticulous and ingenious. He is sometimes called ""Icky"". Season 2 Ginsburg represents Thompson when he is arrested for election fraud. He arranges for Thompson to be released on bail. Ginsburg finds mention of two confidential informants in the warrant for Thompson's arrest. Thompson refers Chalky White to Ginsburg when White is arrested for the murder of a Klansman. Ginsburg is also able to get White released on bail when White's original lawyer had failed to do so. (""What Does the Bee Do?"") Ginsburg attends Atlantic City Mayor Edward Bader's birthday party along with Thompson. The party is a bawdy affair with prostitutes acting as strippers. When Ward Boss Damien Fleming explains that the prostitutes were all originally from Philadelphia and came to Atlantic City to influence voters in the run-up to "
235730dd5f19,Peter,Boardwalk Empire,Actor: Peter Claymore,"(""To the Lost"")

Relationships
Arnold Rothstein - Employer (deceased)
Charlie Luciano - Associate
Meyer Lansky - Associate
Eddie Kessler - Associate (deceased)
Nucky Thompson - Associate (deceased)

Appearances

Category:Characters
Category:Season 1
Category:Season 2
Category:Recurring characters
Category:New York City
Category:Gangsters","Peter is Arnold Rothstein's assistant. He is played by co-star Peter Claymore. Biography Background The Grey-Haired Man often accompanies Rothstein to business meetings, answers his phone calls and manages his visitors. His relationship with Rothstein seems to be equivalent to Eddie Kessler working for Nucky Thompson. Season 1 The Grey-Haired Man announces the arrival of Charlie Luciano and Frankie Yale while Rothstein plays pool in a large games room. (""The Ivory Tower"") Rothstein hands a letter to the Grey-Haired Man while on the phone with Luciano. (""Family Limitation"") Season 2 The Grey-Haired Man accompanies Rothstein when he mediates a meeting between Charlie Luciano, Meyer Lansky and Joe Masserria. (""A Dangerous Maid"") He accompanies Rothstein to a meeting with his horse trainer Max Hirsch. (""Two Boats and a Lifeguard"") In August 1921 he takes a phone call from Nucky Thompson as Rothstein meets with Luciano and Lansky to discuss becoming involved in importing and distributi"
2b0eb7008bb0,Ray Halloran,Boardwalk Empire,"Actor: Adam Mucci | Seasons: 1, 2",The men were killed as part of a hijacking. Simon dies in transit but identifies Jimmy Darmody as a perpetrator of the hijacking. They are known as a group of burglars who have graduated to stickups and Eli recalls investigating them for the robbery of Bookbinders on 17th Street where two customers and a waiter were killed.,"Raymond ""Ray"" Halloran, played by Adam Mucci, is the former First Deputy of the Atlantic County Sheriff's Office. He worked closely with his friend and boss Atlantic County Sheriff Eli Thompson until Eli's distrust lead to him being severely beaten. He turns against Eli and agrees to testify about his involvement in the murder of Hans Schroeder. He confesses to the crime in exchange for a plea deal. The deal is invalidated when a mistrial is declared and Halloran is remanded to Leavenworth Penitentiary, Kansas. Biography Season 1 Deputy Halloran holds off the press at the hospital as Atlantic City Treasurer Nucky Thompson arrives following the discovery of four bodies on the Hammonton road. The men were killed as part of a hijacking. Nucky decides to frame Hans Schroeder for the murders. Halloran and Sheriff Eli Thompson pick Hans up near his home and bundle him into their car. They take him out to sea on a small boat wher Eli beats Schroeder unconscious and they throw him into the se"
2f6c8ef8ec25,Charles Kenneth Thorogood,Boardwalk Empire,Actor: T.J. Kenneally | Seasons: 2,"(""The Age of Reason"")

Relationships
Harry Daugherty - Family friend and employer, Attorney General
Jess Smith - Associate, Department of Justice aide (deceased)
Nucky Thompson - Defendant, criminal associate (deceased)
Isaac Ginsburg - Professional and criminal associate, Nucky's lawyer
Judge Ketchum - Professional associate
Solomon Bishop - Professional associate, New Jersey State's Attorney
Chip's girl - Prostitute
Hooker 1 - Prostitute

Appearances

Category:Season 2
Category:Recurring Characters
Category:Lawyers","Charles Kenneth Thorogood, also known as Chip, is a federal prosecutor with the title Deputy US Attorney. Chip is played by T.J. Kenneally. Biography Background Thorogood is a Deputy US Attorney. He is a relatively inexperienced federal prosecutor. His father is well connected and an old friend of Attorney General Harry Daugherty. Thorogood is known as ""Chip"" to his friends. He has a penchant for redheaded prostitutes. Season 2 Thorogood is selected as the federal prosecutor for charges of election fraud and violation of the Mann act against Atlantic County Treasurer Nucky Thompson by Attorney General Harry Daugherty and his aide Jess Smith. Thompson and Daugherty are political allies and Daugherty wants a prosecutor who will ensure the charges do not result in a conviction. Chip meets with Thompson, Daugherty, Smith and Thompson's lawyer Isaac Ginsburg in Thompson's suite at the Ritz Carlton hotel to discuss their strategy. Chip plans to bring a motion before a judge to transfer the"
28cdd0235371,Brian Thompson,Boardwalk Empire,Actor: Brandon Zumsteg,"Ethan dies just moments later. Relationships
Eli Thompson - Father
June Thompson - Mother
Nucky Thompson - Uncle (deceased)
Ethan Thompson - Grandfather (deceased)
Patrick Thompson - Older brother
Michael Thompson - Oldest brother
Anne Thompson - Older Sister

Appearances

Category:Atlantic City
Category:Children
Category:Irish people
Category:Recurring Characters
Category:Season 2
Category:Season 3","Brian Thompson is the fourth son of June and Eli Thompson. He is played by Brandon Zumsteg. Brian has 7 siblings and is sometimes mistaken for his brother Patrick. Biography Season 2 Brian and Eli attempt to fix Brian's toy revolver when they are interrupted by a visit from George O'Neill. Eli sends Brian to borrow an invented tool from a neighbour so that he can talk to O'Neill in private. While Brian is gone Eli murders O'Neill. When Brian returns Eli tells him he is not feeling well and sends him back to the house. (""Gimcrack & Bunkum"") Brian is eating breakfast with Eli, his brother Patrick, and his grandfather Ethan. When their older brother Michael Thompson comes in to announce a visitor the younger boys leave the table. Ethan dies just moments later. (""Two Boats and a Lifeguard"") Brian and his family attend Ethan's funeral on July 1 1921. (""Battle of the Century"") Season 3 He warmly welcomes his father Eli when he returns home after sixteen months in prison for election rig"
4fb48e001bc1,Boardwalk Barker,Boardwalk Empire,Actor: Kevin Carolan,,"This Boardwalk Barker is responsible for drawing tourists in to see a dancing girls attraction in Atlantic City. He is played by Kevin Carolan. (""Boardwalk Empire"") He is calling tourists to see a freak show in Cafe Frolic in summer 1922. (""Two Boats and a Lifeguard"") He is calling out the attractions at the Boardwalk Flea Circus in December 1922. Category:Atlantic City Category:Performers Category:Recurring characters Category:Season 1 Category:Season 2 Category:Season 3"
5bf693fbaf36,Harry Bacharach,Boardwalk Empire,Actor: John Rue,"(""A Return to Normalcy"")

Relationships
Nucky Thompson: Political mentor (deceased)
Eli Thompson: Colleague
Jimmy Darmody: Colleague (deceased)
George O'Neill: Colleague (deceased)
Jim Neary: Colleague (deceased)
Damien Fleming: Colleague
Paddy Ryan: Colleague

Memorable Quotes

Appearances

Category:Season 1
Category:Atlantic City
Category:Historical figures
Category:Politicians
Category:Recurring Characters
Category:Jewish people","Harry Bacharach is an Atlantic City politician. Bacharach is the Atlantic City Mayor until December 1920 and is played by John Rue. The character is based on the real politician of the same name. Biography Background Bacharach has been a local politician for several years. He is a republican and the elected Mayor of Atlantic City. He is part of Treasurer Nucky Thompson's organisation. He has a reputation for being ineffectual. Season 1 With the dawn of prohibition Nucky assembles his organisation for a dinner at Babette's Supper Club and explains that they are about to get in to bootlegging. Bacarach and his colleagues greet the announcement with cheers and applause. (""Boardwalk Empire"") Bacharach attends Nucky's birthday party at Babette's with a date. (""Anastasia"") Bacharach chairs the Order of Ancient Celts annual St. Patrick's Day dinner. The dinner is later broken up by Prohibition Agents. (""Nights in Ballygran"") Sheriff Eli Thompson is shot during a robbery of Lolly Steinman"
65ee4515afe5,Bandleader,Boardwalk Empire,Actor: Vince Giordano,,"The Bandleader at Babette's Supper Club is played by Vince Giordano. In the pilot episode the Bandleader announces prohibition after the crowd at Babette's count down to midnight. (""Boardwalk Empire"") Category:Season 1 Category:Atlantic City Category:Performers"
15c1308a613e,Little girl 1,Boardwalk Empire,Actor: Chloe Harting,,"Little girl 1 is listening to the patter of a Boardwalk Barker attempting to draw tourists to see a dancing girls attraction in Atlantic City. She is played by Chloe Harting in the pilot episode ""Boardwalk Empire"". Category:Season 1 Category:Children"
ddcc256b9405,Little girl 2,Boardwalk Empire,Actor: Francesca Scorsese,,"Little girl 2 is listening to the patter of a Boardwalk Barker attempting to draw tourists to see a dancing girls attraction in Atlantic City. She is played by Francesca Scorsese in the pilot episode ""Boardwalk Empire"". Category:Season 1 Category:Children"
c13c8a9d189b,Ward Boss 1,Boardwalk Empire,Actor: Curtis Shumaker,,"Ward Boss 1 was a supporting character in the series pilot ""Boardwalk Empire"" played by co-star Curtis Shumaker. The ward bosses are city council members, also known as Aldermen, in Atlantic City Treasurer Nucky Thompson's political organisation. Each ward is a portion of Atlantic City where votes are totaled on election day. On the eve of prohibition Nucky assembles his organisation for a dinner at Babette's Supper Club and explains that they are about to get in to bootlegging. The group responds with cheers and applause. Nucky tells the ward bosses that they will be responsible for taking orders and collecting payment from restaurants and hotels in their wards. After the dinner the group counts down to midnight and then spends the evening dancing. Category:Season 1 Category:Atlantic City Category:Politicians"
4b847adf8da3,Ward Boss 2,Boardwalk Empire,Actor: Noel Wilson,,"Ward Boss 2 was a supporting character in the series pilot ""Boardwalk Empire"" played by co-star Noel Wilson. The ward bosses are city council members, also known as Aldermen, in Atlantic City Treasurer Nucky Thompson's political organisation. Each ward is a portion of Atlantic City where votes are totaled on election day. On the eve of prohibition Nucky assembles his organisation for a dinner at Babette's Supper Club and explains that they are about to get in to bootlegging. The group responds with cheers and applause. Nucky tells the ward bosses that they will be responsible for taking orders and collecting payment from restaurants and hotels in their wards. After the dinner the group counts down to midnight and then spends the evening dancing. Category:Season 1 Category:Atlantic City Category:Politicians"
f89be77c404c,Ward Boss 3,Boardwalk Empire,Actor: Scott Jaeck,,"Ward Boss 3 was a supporting character in the series pilot ""Boardwalk Empire"" played by co-star Scott Jaeck. The ward bosses are city council members, also known as Aldermen, in Atlantic City Treasurer Nucky Thompson's political organisation. Each ward is a portion of Atlantic City where votes are totaled on election day. On the eve of prohibition Nucky assembles his organisation for a dinner at Babette's Supper Club and explains that they are about to get in to bootlegging. The group responds with cheers and applause. Nucky tells the ward bosses that they will be responsible for taking orders and collecting payment from restaurants and hotels in their wards. After the dinner the group counts down to midnight and then spends the evening dancing. Category:Season 1 Category:Atlantic City Category:Politicians"
d6f018a9aead,Crying Wife,Boardwalk Empire,Actor: Loyita Chapel,,"Crying Wife was a supporting character in the series pilot ""Boardwalk Empire"" played by co-star Loyita Chapel. On the eve of prohibition she attended Babette's Supper Club with her husband. The crowd counts down to midnight, black balloons are released and the band restarts playing. The couple are sobbing together at the bar. Category:Season 1 Category:Atlantic City"
c04d1b5d0081,Crying Husband,Boardwalk Empire,Actor: Allen Jared,,"Crying Husband was a supporting character in the series pilot ""Boardwalk Empire"" played by co-star Allen Jared. On the eve of prohibition he attended Babette's Supper Club with his wife. The crowd counts down to midnight, black balloons are released and the band restarts playing. The couple are sobbing together at the bar. Category:Season 1 Category:Atlantic City"
dbd8b7783d57,Hotel Manager,Boardwalk Empire,Actor: John Mainieri,,"The Hotel Manager, played by co-star John Mainieri, is an Atlantic City resident who works for the city's hotels. He first appeared a supporting character in the series pilot ""Boardwalk Empire"". He welcomes Big Jim Colosimo and Johnny Torrio to the Brighton Hotel. thumb|316px|The Hotel Manager welcomes Big Jim Colosimo and Johnny Torrio to the Brighton.He has begun working for the Ritz Carlton Hotel by Season 2. The Ritz Carlton is the headquarters of Atlantic City Treasurer Nucky Thompson who rents the entire eighth floor. Nucky also puts his associate Charles Kenneth Thorogood up in a suite until Thorogood falls out of Nucky's favour. Thorogood is in his suite enjoying the attention of two women when Eddie is let in by the Hotel Manager. Eddie sends the women away and informs Thorogood that Nucky wants him to leave. Thorogood is confused, suspecting a joke, and says that he is not amused. The manager says Thorogood has five minutes to leave and throws his shoes onto the bed, compli"
aaaec4bf7a81,Funeral Director,Boardwalk Empire,Actor: Steve Witting,,"Funeral Director was a supporting character in the series pilot ""Boardwalk Empire"" played by co-star Steve Witting. He shows Nucky Thompson to the funeral home's basement for his meeting with Mickey Doyle. Category:Season 1 Category:Atlantic City Category:Funerary services"
41614bf58b1b,Widow's Friend,Boardwalk Empire,Actor: Jeanette Gould,,"The Widow's Friend was a supporting character in the series pilot ""Boardwalk Empire"" played by co-star Jeanette Gould. She is comforting the widow at a funeral and is surprised by the arrival of Atlantic City Treasurer Nucky Thompson to the funeral home. Category:Season 1 Category:Atlantic City"
e06b0de34858,Widow (Boardwalk Empire),Boardwalk Empire,Actor: Prudence Wright Holmes,,"The Widow was a supporting character in the series pilot ""Boardwalk Empire"" played by co-star Prudence Wright Holmes. She is surprised by the arrival of Atlantic City Treasurer Nucky Thompson at the funeral home during her husband's memorial service. Category:Season 1 Category:Atlantic City"
0d360633a4e0,Mortician (Boardwalk Empire),Boardwalk Empire,Actor: Jeff Ware,,"The Mortician was a supporting character in the series pilot ""Boardwalk Empire"" played by co-star Jeff Ware. He is working on a female corpse as Nucky Thompson arrives in the funeral home's basement for his meeting with Mickey Doyle. Category:Season 1 Category:Atlantic City Category:Funerary services"
86aabe3cd313,Traymore Hotel Concierge,Boardwalk Empire,Actor: George Sheffey,,"Traymore Hotel Concierge was a supporting character in the series pilot ""Boardwalk Empire"" played by co-star George Sheffey. He welcomes Big Jim Colosimo, Johnny Torrio and Nucky Thompson to the hotel when they come for dinner with Arnold Rothstein and Lucky Luciano. Category:Season 1 Category:Atlantic City Category:Hotel employees"
1c211879dd43,Referee,Boardwalk Empire,Actor: Randy Neumann,,"The Referee was a supporting character in the series pilot ""Boardwalk Empire"" played by co-star Randy Neumann. He oversees a midget boxing match involving midget labour leader Carl Heely. Category:Season 1 Category:Atlantic City"
70778388e801,Carl Heely,Boardwalk Empire,Actor: Nic Novicki,"(""Peg of Old"")

Relationships
Nucky Thompson:Business associate (deceased)
Jack Dempsey: Stunt sparring partner

Memorable Quotes
""No hitting below the belt"" (""Peg of Old"")

Appearances

Category:Season 1
Category:Season 2
Category:Recurring Characters
Category:Atlantic City
Category:Athletes
Category:Performers
Category:Memorable Quotes","Carl Heely is a little person involved in Atlantic City boardwalk entertainments. He is played by co-star Nic Novicki. Biography Season 1 Heely participates in a boxing match being watched by Al Capone and Jimmy Darmody. (""Boardwalk Empire"") Later that month Heely passes Atlantic County Treasurer Nucky Thompson on the boardwalk. Nucky presses him into a joke about his short stature. Heely participates but then rolls his eyes as Nucky turns away. (""The Ivory Tower"") Heely's colleagues complain about their leprechaun costumes for the forthcoming St. Patrick's Day dinner of the Order of Ancient Celts in the dressing room of the boxing venue. Heely enters and tells Green and Kiley that they are fighting next. Kiley angrily tells Heely that they are fed up with working in degrading circumstances. Heely asks what he should tell Nucky and Kiley says to get Nucky to dress as a leprechaun. A Polish boxer interjects in his own language. The others voice support for Kiley and Heely suggests tha"
4add223b434a,Reporter (Pilot),Boardwalk Empire,Actor: Jonathan Brody,,"The reporter was a supporting character in the series pilot ""Boardwalk Empire"" played by co-star Jonathan Brody. He is reporting a story from the catch of the day attraction where the body of Hans Schroeder has been found. The story perpetuates the (false) rumour started by Nucky Thompson that Schroeder was involved in the murder of Davey Murdoch and three others. Category:Season 1 Category:Journalists"
8f415cf64b41,Lady Jean,Boardwalk Empire,Actor: Charleigh E. Parker,,"Lady Jean is a boardwalk fortune teller played by co-star Charleigh E. Parker. Nucky Thompson pauses outside her store after a conversation with Jimmy Darmody in the series pilot ""Boardwalk Empire"". Nucky meets with Gillian Darmody inside the store in ""Broadway Limited"". Lady Jean tells Gillian's fortune beginning with a dark and dangerous man but is interrupted by Nucky’s arrival. Nucky is impatient and Gillian asks Lady Jean for a few minutes of privacy. Category:Season 1 Category:Atlantic City Category:Recurring Characters"
808a325abac8,Eddie Corrigan,Boardwalk Empire,Actor: Brent Bateman,He asks Capone for a statement and tells Capone that he plans to run a story linking Torrio to Colosimo's death.,"Eddie Corrigan is a reporter for the Chicago Tribune Newspaper. Corrigan is played by co-star Brent Bateman in the episode ""The Ivory Tower"". He attends the funeral of Chicago mafia boss Big Jim Colosimo and questions Colosimo's underboss Johnny Torrio. Corrigan (correctly) believes that Torrio ordered Colosimo's murder. At the funeral he is pushed back by Torrio's drive Al Capone. Corrigan later tracks Capone down tending bar at the Four Deuces, a whorehouse. He asks Capone for a statement and tells Capone that he plans to run a story linking Torrio to Colosimo's death. Capone severely beats Corrigan. Category:Season 1 Category:Chicago Category:Journalists"
6b0451e572a8,Showgirl 2,Boardwalk Empire,Actor: Ellie Braverman,,"Showgirl 2 is a dancer at the Cafe Beaux-Arts nightclub. She is played by co-star Ellie Braverman in the episode ""The Ivory Tower"". She is appearing in a burlesque adaptation of the odyssey alongside Gillian Darmody. She remarks that she is thirsty upon returning to the dancers dressing room. Category:Atlantic City Category:Season 1 Category:Performers"
8473a2c11f88,Showgirl 3,Boardwalk Empire,Actor: Katelyn O'Friel,,"Showgirl 3 is a dancer at the Cafe Beaux-Arts nightclub. She is played by co-star Katelyn O'Friel in the episode ""The Ivory Tower"". She is appearing in a burlesque adaptation of the odyssey alongside Gillian Darmody. She calls Gillian a good egg when she tells a story about having to sell a prized necklace to provide for her son. Category:Season 1 Category:Atlantic City Category:Performers"
0c7054ffe792,Showgirl 1,Boardwalk Empire,Actor: Annie Paul,,"Showgirl 1 is a dancer at the Cafe Beaux-Arts nightclub. She is played by co-star Annie Paul in the episode ""The Ivory Tower"". She is appearing in a burlesque adaptation of the odyssey alongside Gillian Darmody. Category:Season 1 Category:Atlantic City Category:Performers"
45bf817f2317,Nurse (The Ivory Tower),Boardwalk Empire,Actor: Kendal Ridgeway,,"The Nurse is a supporting character in ""The Ivory Tower"". She is played by co-star Kendal Ridgeway. She is caring for Margaret Schroeder when Eli Thompson visits her in hospital. Category:Season 1 Category:Atlantic City Category:Health workers"
c1ccc5e34ef9,Female Patient,Boardwalk Empire,Actor: Lauren Champlin,,"This Female Patient is a supporting character in ""The Ivory Tower"". She is played by co-star Lauren Champlin. She is in the hospital be next to Margaret Schroeder when Eli Thompson visits. She seems to suffer seizures. (""The Ivory Tower"") Category:Season 1 Category:Atlantic City"
7f4dd4e90168,Wire Service Operator,Boardwalk Empire,Actor: Bill Bria,,"The Wire Service Operator is a supporting character in ""The Ivory Tower"". He is played by co-star Bill Bria. He appears as part of a montage showing Nucky Thompson's businesses."
7ffa4fe20945,Abe Klein,Boardwalk Empire,Actor: Bob Engel,,"Abe Klein is a bar owner in Atlantic City. He is played by co-star Bob Engel in ""The Ivory Tower"". He appears as part of a montage showing Nucky Thompson's businesses. Thompson and Alderman Damien Fleming visit Klein's bar to collect money from him. Klein's bar is known to serve alcohol by members of the Atlantic City Women's Temperance League and they discuss this activity at a meeting in ""Nights in Ballygran"". When Alderman George O'Neill is making collections at the beginning of ""Family Limitation"" Kleins is crossed out on the list of places he needs to visit implying that he has already made the collection. Category:Atlantic City Category:Catering Category:Season 1"
404531d2f21d,Chinese Man,Boardwalk Empire,Actor: Clem Cheung,,"The Chinese Man is a supporting character in ""The Ivory Tower"". He is played by co-star Clem Cheung. He is Mickey Doyle's cell-mate when Nucky Thompson visits Doyle in jail."
45720fd0a813,Croupier,Boardwalk Empire,Actor: Sam Guncler,,"The Croupier is a supporting character in ""The Ivory Tower"". He is played by co-star Sam Guncler. He appears as part of a montage showing Nucky Thompson's businesses working at Lolly Steinman's casino. He also takes a bet from Thompson when Thompson visits the casino later in the episode."
