char_id,name,franchise,infobox_fields,death_sentences,text_excerpt
275cb637d2e1,Rene Dubois,James Bond 007,portrayed: ''Unknown'',,"Rene Dubois is a French criminal and intelligence asset of the Deuxième Bureau who appeared in the 2015 video-game James Bond: World of Espionage, during its Slow Down Faster story-line. Biography Born in Perpignan, France, Rene is uncle to Justine and Benoit Dubois. Only Rene's allegiance to the Deuxième Bureau allows him to stay out of prison. Hopping strategically between the two sides of the law, he is frequently found robbing art pieces from remote galleries as he is assisting in their retrieval. With a skill set derived from his criminal activities, Rene is skilled in climbing, stealth and acrobatics, and is multilingual, speaking French, Spanish, Basque and English.In-game agent dossier, James Bond: World of Espionage. Rene was assigned to assist James Bond by his niece Justine and rescues him by boat from Ludovic de Baleine's assassin Dragomir. The character offers a buff to money obtained from missions and provides a +3% facility money bonus using floor traps, +25 total defe"
6ca0b17c8b03,Sigrid Ganer,James Bond 007,portrayed: Alysa Conger (Uncredited),"Game biography
One would think that after seeing a dozen of your friends and colleagues injured, maimed or killed, that one might decide to slow down a bit.","Sigrid Ganer is a fictional Swedish intelligence operative employed by the Secret Intelligence Service's ""Station 'Z'"". The character appeared in the 2015 video-game James Bond: World of Espionage, during its Slow Down Faster story-line. Game biography One would think that after seeing a dozen of your friends and colleagues injured, maimed or killed, that one might decide to slow down a bit. These rough experiences only seem to have encouraged Sigrid to go faster. Noted for her overconfidence, she is employed by Station Z, Zurich and is skilled in climbing, surveillance and acrobatics, and is multilingual, speaking Swedish, English, Danish and Russian. In-game agent dossier, James Bond: World of Espionage. After James Bond's cover in the Alps is blown, Dauphin Baleine dispatches assassins to comb the mountain for him. MI6 send an extraction team led by Sigrid Ganer to rescue him and Anaelle Brouchard, Baleine's mistress. After the group comes under fire, 007 orders them to flee with t"
489406e7982e,Anaelle Brouchard,James Bond 007,portrayed: Siri Blomquist (Uncredited),,"Anaelle Brouchard is a fictional French cryptographer who is associated with Dauphin Baleine. The character appeared in the 2015 video-game James Bond: World of Espionage, during its Slow Down Faster story-line. Game biography Despite her reputation as a naïve and optimistic girl, Anaelle pursued studies in cryptography and computer science, As she further descended into the world of the 'ark net' she began to live a complex life, with multiple online identities who no one could trace back to her. In-game agent dossier, James Bond: World of Espionage. James Bond first encounters Brouchard after his initial contact in the Alps, Justine Dubois, points him in her direction believing that she is in possession of a key which he is searching for. The pair dine together, during which it is revealed that her key was given the key by her jealous 'friend', Ludovic de Baleine. Later Baleine's henchman Dragomir wounds 007 and he encounters Anaelle in the chalet which the Dauphin bought for her. "
fada0e8581ff,Colonel Irina Sedova,James Bond 007,,"Sedova then had Charnage killed by his own mercenary henchman, Ludwig Smith, and went to take Fairburn back, and ended up with Perry Mandeville as an additional hostage as she and one of her lieutenants dragged Fairburn through London's abandoned Pneumatic Rail System tunnels.","Colonel Irina Sedova, codenamed Babushka, is a Soviet spy and OGPU leader who is a major antagonist from author Charlie Higson's 2007 and 2008 Young Bond novels Double or Die, and By Royal Command. Biography Double or Die Sedova worked with John Charnage of the U.K. to create a calculating machine for code cracking purposes. Ultimately, Charnage's incompetence led to a boy called James Bond taking the machine's designer Alexis Fairburn being rescued from them. Sedova then had Charnage killed by his own mercenary henchman, Ludwig Smith, and went to take Fairburn back, and ended up with Perry Mandeville as an additional hostage as she and one of her lieutenants dragged Fairburn through London's abandoned Pneumatic Rail System tunnels. She eventually dropped Mandeville after hitting him with her gun, and eventually became aware of Bond's presence. She bade him not to follow her, but he and Mandeville attacked, and sent her associate into a large fan in the tunnel floor, killing him. Bond"
00bf1e533078,Tatiana Romanova (World of Espionage),James Bond 007,portrayed: Polina Boyd (Uncredited),"It quickly becomes apparent that a Russian FSB agent, who had been tailing 007, was killed by an unknown assailant. 007 eventually overpowers and kills him.","Tatiana Romanova (Russian: Татьяна Романова) is a fictional Russian cypher clerk and honeytrap who appeared in the 2015 video-game James Bond: World of Espionage. The character is a re-imagining of the literary and film character who first appeared in Ian Fleming's 1957 novel From Russia with Love and was subsequently adapted for EON Productions' 1963 James Bond film of the same name. Biography Not all honeytraps are truly aware of the role they play in espionage. The ones who have the most limited grasp of the issues sometimes are the most effective at their tasks. Tatiana's naïveté and lack of artifice have helped her gain the trust of her targets. Nevertheless, she is a child at heart and her schoolgirl fantasies of love and romance make her susceptible to persuasion and a liability to the FSB. In-game agent dossier, James Bond: World of Espionage. After James Bond returns from the Alps with a mysterious cryptographic hash function, a Russian defector named Tatiana Romanova appro"
0a011a2cee79,Alexander Sechenov,James Bond 007,portrayed: Ryan McKenzie,,"Alexander Sechenov (Russian: Александр Сеченов) is a fictional MI6 mole within the FSB of Russia. The character appeared in the 2015 video-game James Bond: World of Espionage, during its From Russia with Love story-line. Game biography After years of complex interaction with the authorities, the paranoid Alexander Sechenov was finally turned in a video game chatroom to use his skills to assist MI6 in the capture of a Chechen terrorist. Despite his unsavoury habits, MI6 deemed him useful enough to keep out of Russian prison and has been utilizing him as a mole within the Federal Security Service of the Russian Federation (FSB).In-game agent dossier, James Bond: World of Espionage. During the early missions of the From Russia with Love story-line 007 meets with Sechenov to confirm the authenticity of a mysterious hash key he had obtained. He confirms that the key is genuine (although not Russian), increasing the value of a cypher to decrypt the message offered by Russian defector, Tatia"
a9b283187c5c,Kerim Bey (World of Espionage),James Bond 007,portrayed: ''Unknown'',,"Kerim Bey is a head of MI6 station 'T' in Istanbul, Turkey who appeared in the 2015 video-game James Bond: World of Espionage. The character is a re-imagining of the literary and film character who first appeared in Ian Fleming's 1957 novel From Russia with Love and was subsequently adapted for EON Productions' 1963 James Bond film of the same name. Biography Head of MI6 station 'T' in Istanbul, the giant Kerim Bey is as generous and magnanimous a man as can be found upon the earth. His loyalty and kindness are matched by a fierce devotion to his family that cannot be shaken by any kind of threat.In-game agent dossier, James Bond: World of Espionage. After returning from the Alps with a mysterious cryptographic hash function, a Russian defector named Tatiana Romanova approaches MI6's Turkish station, claiming that she can provide MI6 with a cypher which decodes the message. However, she will only defect to Bond, with whom she has allegedly become besotted. 007 flies to Istanbul, wher"
50dd425fb824,Domino Vitali (World of Espionage),James Bond 007,portrayed: Yesenia Osuna (Uncredited),"He informs her Largo killed her brother, asking for help finding the bombs.","Domino Vitali is the fictional mistress of SPECTRE agent Emilio Largo, who appeared in the 2015 video-game James Bond: World of Espionage. The character is a re-imagining of the literary and film character who first appeared in Ian Fleming's 1961 novel Thunderball and was subsequently adapted for EON Productions' 1965 James Bond film of the same name. Biography Appearing in the James Bond: World of Espionage's seventh set of missions, based on Thunderball, Domino Vitali is the mistress of SPECTRE operative Emilio Largo and sister to Captain Vitali, the pilot of a recently stolen atomic bomber. While investigating the theft in Madagascar, James Bond approaches Domino in an attempt to gain her favour, saving her from being poisoned by a sea urchin, whose spines had become embedded in her foot. He informs her Largo killed her brother, asking for help finding the bombs. While Largo is out drinking with his men, the pair search the Disco Volante with a Geiger counter. His suspicions confir"
661bf7493bc2,Holly Cooper,James Bond 007,portrayed: Odessa Rae (Uncredited),,"Holly Cooper is a fictional British intelligence operative. The character appeared in the 2015 video-game James Bond: World of Espionage, during its Thunderball story-line. Game biography Hunted by the Irish Republican Army (IRA) after a disastrous mission in Liverpool, Holly was relocated outside the UK for her own safety.In-game agent dossier, James Bond: World of Espionage. Certain that stolen atomic weapons are on-board Emilio Largo's yacht, the Disco Volante, 007 liaises with Holly Cooper and the crew of a submarine tasked with finding and engaging the ship. She is skilled in hand-to-hand combat, firearms and boating, and is multi-lingual, speaking English, Swahili, Arabic and Russian. The character offers a reduction to Gear costs, as well as +15 total offence using hidden blades, +2 total offence using laser-sighted pistols, and +5% XP gain using cat suits. She is a 'rare agent' (blue) and can be levelled to level 25. References Category:James Bond Characters Category:Game C"
cf91eca4a42b,Fiona Kelley,James Bond 007,portrayed: Zorana Adzic (Uncredited),"She is known to have 17 confirmed kills, including at least one member of the CIA, MI6, CSIS and the Mossad.","Fiona Kelley is a fictional Irish assassin associated with Emilio Largo and the criminal organisation SPECTRE. The character appeared in the 2015 video-game James Bond: World of Espionage. She was a fusion of the classic Thunderball characters Patricia Fearing and Fiona Volpe, the latter of whom was originally intended by writer Richard Maibaum to be an Irish assassin named ""Fiona Kelly"". Biography Beautiful, sophisticated , deadly. No one but Fiona truly knows how many British agents and police have fallen for her. She is known to have 17 confirmed kills, including at least one member of the CIA, MI6, CSIS and the Mossad. Unconnected to any of the known Irish independence movements, investigations of her benefactors has repeatedly resulted in the sudden and surprising deaths of the investigating agent.In-game agent dossier, James Bond: World of Espionage. 007 first meets Kelley at the Shrublands spa in Madagascar, where the assassin is posing as one of the spa's therapists, presumab"
6288fba9df67,Dahab Darwish,James Bond 007,portrayed: Haley Jackson (Uncredited),,"Dahab Darwish (دهب درويش ) is a fictional Azerbaijani intelligence operative. The character appeared in the 2015 video-game James Bond: World of Espionage, during its From Russia with Love story-line. Game biography Dahab's many talents made her the ideal operative for a well-armed gang which trafficked women and drugs throughout the Caucasus mountain region. Tired of being exploited by her handler, Dahab slew him and his guards in the night after a substantial revel. Her brief period of independence ended when she turned to MI6 for protection from their retaliation. While her loyalty may be in question, her skills are not.In-game agent dossier, James Bond: World of Espionage. 007 encounters Dahab whilst accompanying Kerim Bey to the camp of his Romany friends. Notable for her duplicitous personality, she is skilled in hand-to-hand combat, deception and stealth, and is multi-lingual, speaking Azerbaijani, Farsi, Arabic and English. The character offers a buff to critical damage and p"
500a71d51523,Genevieve Fox,James Bond 007,portrayed: Frances Parsons (Uncredited),,"Genevieve Fox is a fictional French intelligence operative working for the Deuxième Bureau. The character appeared in the 2015 video-game James Bond: World of Espionage, during its Thunderball story-line. Biography After formative years among the remote islands of French Polynesia, Fox landed on the US West Coast to go about her studies. First recruited by the CIA, she vehemently disagreed with some of their methods, but loved working in the intelligence community. After a stint in Silicon Valley industry, she relocated to the Indian Ocean where she holds down the fort, keeping tabs on a multitude of security threats of both regional and global scale.In-game agent dossier, James Bond: World of Espionage. Apparently working for the French Deuxième Bureau by the time of the Thunderball story-line, 007 contacts her to share his findings regarding the theft of two atomic missiles by Emilio Largo. A lonely personality, she is skilled in surveillance, deception and operations, and is mult"
7707edf08fd1,Dr. Doak,James Bond 007,status: Varies; Player's choice | portrayed: David Doak,,"Dr. Doak is a fictional scientist and MI6 operative working at the Arkangel Chemical Weapons Facility. A minor ally character, he appears in the 1997 James Bond video-game GoldenEye 007, with the facial likeness and name of game developer David Doak. Biography Dr. Doak is a double-agent in the Arkhangelsk chemical weapons facility, on special assignment from MI6. As James Bond's contact, he offers 007 a Door Decoder that allows him access into the bottling area. Bond tells him to escape the facility before his rendezvous with Alec Trevelyan. Dr. Doak takes his advice and leaves before the nerve gas is released. However, Bond can instead choose to murder the defenseless doctor after getting his decoder, which sadly, won't affect the mission status. Dr. Doak is featured in multiplayer as the first Scientist in the character select list. Behind the Scenes Several members of the game's development staff were featured in the game as generic character faces. Bond's double-agent contact ""Dr"
72f63d967284,Oliver Arsenault,James Bond 007,portrayed: ''Unknown'',,"Oliver Arsenault is a fictional arms dealer who appeared in the 2015 video-game James Bond: World of Espionage, during its Spectre Part 1 story-line. Biography With the address of Marco Sciarra's rendezvous with Gallo in his possession, James Bond meets with arms dealer Oliver Arsenault in a Mexican back alley to procure a sniper rifle for the job. For a price, Arsenault agrees to deliver the weapon to a prearranged location on a rooftop near the apartment Gallo had rented. Although the character was not a collectable Agent, he did appear as a boss with his own Villain Encounter. References Category:James Bond Characters Category:Game Characters Category:Allies Category:World of Espionage Characters Category:Male Characters Category:Arms Dealers Category:Businessmen Category:French Category:Criminals Category:Agents Category:Intelligence Operatives"
38ff1e850971,Luiz Quinonez,James Bond 007,portrayed: ''Unknown'',,"Luiz Quinonez is a Mexican intelligence operative working with the American CIA. The character appeared in the 2015 video-game James Bond: World of Espionage, during its Spectre Part 1 story-line. Biography After arriving in Mexico, James Bond liaises with old CIA friend Felix Leiter, who takes the spy to meet his local colleague, Luiz Quinonez. Quinonez has been investigating the address which was of interest to terrorist and SPECTRE operative, Marco Sciarra. The building was a block of apartments, mainly for discrete, short-term rentals. Apartment 6 was recently rented by Gallo, a cartel smuggler known for moving narcotics and explosives across the American/Mexican border. While briefly included in the main story of the game, the character was not actually a collectable 'agent'. References Category:James Bond Characters Category:Game Characters Category:World of Espionage Characters Category:Male Characters Category:Mexicans Category:Allies Category:Agents Category:Intelligence O"
a4fd83004391,Baysan Rashid,James Bond 007,portrayed: Monica Kane (Uncredited),,"Baysan Rashid is a fictional Iranian intelligence operative loosely affiliated with MI6. The character appeared in the 2015 video-game James Bond: World of Espionage. Biography As comfortable in a veil as in a miniskirt, Baysan plays both sides and sometimes the middle too. No one in MI6 is quite sure of her motives, but the disappearance of her father in the 1979 Islamic revolution is usually cited as the reason she is motivated to act against her home state for the British.In-game agent dossier, James Bond: World of Espionage. Notable for this conflicted loyalty, she has skills in deception, finance, jewelcraft and multi-lingual, speaking Farsi, Hindi, Arabic and English. The character offers a buff to facility-generated income and provides a +5 energy bonus using weaponised umbrellas, +1HP to Finishing Move threshold using passenger jets, and +35HP in Conflict and Villain battles using micronized CS gas. She is a 'rare agent' (blue) and can be levelled to level 25. Images Refere"
b3c8262d1dd9,Rosemary Cleveland,James Bond 007,portrayed: Brianna Gilchrist (Uncredited),,"Rosemary Cleveland is a fictional American CIA intelligence operative working with MI6. The character appeared in the 2015 video-game James Bond: World of Espionage. Biography Realising that a peaceful 'Live and Let Die' philosophy was not going to save her community, Rosemary began acting as a police informant to help break the power of local armed gangs. Slick, quiet and effective, Rosemary began her career in law enforcement leading her first to Baltimore, then Washington and after a chance encounter with Felix Leiter, finally to London. Willing to work with the British as long as 'they have their heads on straight', Rosemary appreciates not only the result of her work, but the process as well.In-game agent dossier, James Bond: World of Espionage. Notable being hunted by a motorcycle gang, she has skills in deception, surveillance, hand-to-hand combat, and is multi-lingual, speaking English, Spanish and Irish. The character offers a chance to gain +2000 money from missions, with a "
eb717b2ea6c4,Avincia Torres,James Bond 007,portrayed: Jess Digi (Uncredited),,"Avincia Torres is a Brazilian intelligence operative. The character appeared in the 2015 video-game James Bond: World of Espionage. Biography Avincia's unorthodox manner may put off some people, but once she embarks on a task, it is done with skill and precision. A master of disguises, Avincia is as likely to be found dressed as a candy striper, as in a military uniform.In-game agent dossier, James Bond: World of Espionage. Notable for being dyslexic, she has skills in deception, hand-to-hand combat and invention, and is multi-lingual, speaking Portugese, English and Spanish. The character offers a reduced clothing cost, with a +10% critical chance using a steel club and +2% total offence using chain and blade. She is an ""uncommon agent"" (green) and can be levelled to level 15. Gallery References Category:James Bond Characters Category:Game Characters Category:World of Espionage Characters Category:Female Characters Category:Brazilians Category:Allies Category:Agents Category:Intel"
a7fb97173ef0,Vico Toussaint,James Bond 007,portrayed: ''Unknown'',,"Vico Toussaint is a Corsican Unione Corse criminal with connections to the Deuxième Bureau and MI6. The character appeared in the 2015 video-game James Bond: World of Espionage. Biography The Unione Corse is a notorious criminal organisation with tendrils that reach throughout the Mediterranean and into southern Europe. Vico worked his way up through the society to eventually become the bodyguard to the leader of that union, all the while maintaining connections to the Deuxième Bureau and MI6. Rumours in the European intelligence community suggest that French intelligence allows the Unione to function, as long as they stay out of certain businesses, and keep foreign smuggling rings in check. The Unione Corse say nothing, nothing at all, about such an arrangement.In-game agent dossier, James Bond: World of Espionage. Notable being honourbound, he has skills in firearms, piloting and climbing, and is multi-lingual, speaking Italian, French and English. The character offers increased da"
9eec86dea419,Jack York,James Bond 007,portrayed: ''Unknown'',,"Jack York is a British intelligence operative and friend to MI6 chief, M. The character appeared in the 2015 video-game James Bond: World of Espionage. Biography Jack has been a friend of M since childhood, as both of their fathers were both involved in Operation Dynamo to help evacuate the beaches of Dunkirk. Disinterested in the complicated and political world chosen by M, Jack has held the line against threats to England for decades, never asking for more than he was due and never once speaking a word about his work to anyone outside the service.In-game agent dossier, James Bond: World of Espionage. Notable for living with an unidentified injury, he has skills in survival, hand-to-hand combat and firearms, and is multi-lingual, speaking English, German, Japanese and French. The character offers an increased offence value, with +7% XP gain using bowties, 3% chance to gain 1500 bonus money using street sweeper pistols, and +7% XP gain using military disguises. He is a ""rare agent"" (b"
12bdc8c39ebe,Christina De La Cruz,James Bond 007,portrayed: Sofia Szabo (Uncredited),,"Christina De La Cruz is a fictional intelligence operative who appeared in the 2015 video-game James Bond: World of Espionage. Game biography No background was provided for the character Christina De La Cruz, because the dossier was marked 'confidential' and she did not appear during the game's main plot.In-game agent dossier, James Bond: World of Espionage. The character offers an increased critical chance, with +12 HP in Conflict and versus Villains using double-barrel pistols, +20% critical hit damage using diamond bullets, and +20 player defence using a 'holiday elf' disguise. She is a ""legendary agent"" (gold) and can be levelled to level 50. Images References Category:James Bond Characters Category:Game Characters Category:World of Espionage Characters Category:Allies Category:Agents Category:Bond Girls Category:Female Characters Category:Intelligence Operatives"
6f485d5f9e65,Nuo Wei,James Bond 007,portrayed: Christina Liu (Uncredited),,"Nuo Wei is a fictional Chinese hacker and intelligence operative who appeared in the 2015 video-game James Bond: World of Espionage. Game biography Mysterious and beautiful, Nuo Wei will steal your heart and your classified data. Growing up in shanghai, under the strict tutelage of the renowned Gouzhi Huang, Nuo demonstrated a natural proclivity for deception and decryption. By age 6, she had hacked top international databases and exposed corruption on a global scale. Her stealth and accuracy were so great that only one person had ever managed to trace her identity. He observed Nuo patiently before recruiting her to his sinister organisation. Nuo weaves a web of intrigue. It's still unclear whose side she's really on.In-game agent dossier, James Bond: World of Espionage. Notable for a devious personality, she has skills in decryption, stealth and hacking, and is multi-lingual, speaking Chinese, English and French. The character offers increased XP gain, with +10% total defence using "
0284d6f3aaf2,Caroline Farthing,James Bond 007,portrayed: Maye Musk (Uncredited),,"Caroline Farthing is a fictional British intelligence operative who appeared in the 2015 video-game James Bond: World of Espionage. Game biography Never satisfied with what she saw as complicity and cowardice among her colleagues, Caroline fought her way to the top of her organization with the ruthless tenacity of a bulldog.In-game agent dossier, James Bond: World of Espionage. Notable for a ruthless personality, she has skills in deception, interrogation and finance, and is multi-lingual, speaking English, French, Swedish and German. The character offers an increased energy bonus, with +6 stamina using reinforced briefcases, +1HP to the finishing move threshold, -5% to Facility costs using 'The Classic' automobile, and +20 bonus money gained each mission using a truth serum. She is an ""epic agent"" (purple) and can be levelled to level 35. Images References Category:James Bond Characters Category:Game Characters Category:World of Espionage Characters Category:Agents Category:Female"
6f3c6a49abd0,Monika Krush,James Bond 007,portrayed: Mariia Gofer (Uncredited),,"Monika Krush is a fictional Canadian MI6 intelligence operative who appeared in the 2015 video-game James Bond: World of Espionage. Game biography A native of the Arctic, Monika Krush is said to have ice water running through her veins. The cold and calculating Canadian grew up on an isolated research facility in Nunavut with her scientist parents. Left to her own devices, Monika became an expert in chess and deception and was recruited at an young age by MI6. The brilliant and beautiful Monika views the world as her chessboard and everyone in it as a pawn. She applies her strategic and tactical moves to anyone who gets in her way and those who cross her path find themselves trapped in a brutal endgame.In-game agent dossier, James Bond: World of Espionage. Notable for an uncaring personality, she has skills in firearms, survival and deception, and is multi-lingual, speaking English, French, and Russian. The character offers an increased loyalty gain bonus from completing missions, wi"
d4617cc8490b,Alice Winters,James Bond 007,portrayed: Lisa Marie Moore (Uncredited),,"Alice Winters is a fictional Australian intelligence operative who appeared in the 2015 video-game James Bond: World of Espionage. Game biography Fascinated by the lifestyles of the wealthy women which she saw on the television, Alice began her long quest for luxury at an early age. Stowing away on a trading ship bound for Malaysia, she quickly learned to don a head scarf, lower her eyes and stay out of trouble. As she rose in power, she adopted a dual persona, splitting her time between acting as a meek, deferential, covered woman an a proud lioness clad in furs and gems.In-game agent dossier, James Bond: World of Espionage. Notable for a vain personality, she has skills in deception, smuggling and firearms, and is multi-lingual, speaking English, Chinese, Japanese and Malay. The character offers a bonus to the finishing move threshold in Conflicts, with +10 total defence bonus with parabolic listening devices, +10 total defence bonus with laser wristwatches, +25 total offence bonus "
2fc327b542a0,Patricia Lancaster,James Bond 007,portrayed: Victoria Summer (Uncredited),,"Patricia Lancaster is a fictional British MI6 intelligence operative who appeared in the 2015 video-game James Bond: World of Espionage. Game biography Whether clad in an olive trench-coat or dressed in jewels and furs, Ms. Lancaster always arrives at the perfect moment. Her sense of timing and her calculating mind have allowed her to maintain deep cover disguises for long enough to foil all manner of devious plots.In-game agent dossier, James Bond: World of Espionage. Notable for an cautious personality, she has skills in card sharking, operations and finance, and is multi-lingual, speaking English, French, Spanish and Russian. The character offers an increased money gain bonus from facilities, with +15% critical chance bonus using stiletto heels, +20% critical hit damage using .45 special pistols, +150HP in Alliance Wars using Formula Racer automobiles, and -5% facility costs using 'The Classic' automobiles. She is an ""epic agent"" (purple) and can be levelled to level 35. Images "
2082e0f3e163,Mikhail Molotov,James Bond 007,portrayed: ''Unknown'',,"Mikhail Molotov (Russian Михаил Молотов) is a Russian intelligence operative who appeared in the 2015 video-game James Bond: World of Espionage. Biography There is a certain type of personality disorder that the secret service fears, as much as it values. Mikhail, as calm as can be under extreme duress, has an angry side to him which he likes to express by firebombing large buildings. Just be sure you are not standing too close to a terrorist when he comes to 'liberate' you.In-game agent dossier, James Bond: World of Espionage. Notable for an volatile personality, he has skills in climbing, demolition and firearms, and is multi-lingual, speaking Russian, English,and German. The character offers an increased chance of bonus damage, with +2 stamina with fake moustaches and +2% total offence with laser-sighted pistols. He is an ""uncommon agent"" (green) and can be levelled to level 15. Gallery Behind the scenes Molotov literally means ""son of the hammer"". References Category:James Bon"
9151dbae2e0c,Song Tao,James Bond 007,portrayed: [http://www.imdb.com/name/nm5448069/?ref_=ttfc_fc_cl_t4 Topher Park],,"Song Tao is a Chinese intelligence operative, formerly of the Chinese Ministry of State Security (MSS) and later recruited by the MI6. The character appeared in the 2015 video-game James Bond: World of Espionage and was portrayed by actor Topher Park. Biography While on assignment for the Chinese MSS, Song Tao encountered an elderly man who passed onto him an ancient copy of a banned book. Hiding his discovery from his handlers, Song eventually grew to resent his training and his 'masters'. Eventually escaping through Qinghai, he made his way to the Himalayas where he hid for several years. Turning his back on his old self, he made his way down to Nepal, where MI6 found and recruited him for their cause.In-game agent dossier, James Bond: World of Espionage. Notable for political dissonance, he has skills in hand-to-hand combat, stealth and acrobatics, and is multi-lingual, speaking Chinese, English, Tibetan and Hindi. The character offers an increased chance to perform an attack with"
a155bd694daf,Xi Zian,James Bond 007,portrayed: ''Unknown'',,"Xi Zian is a Taiwanese intelligence operative and inventor who appeared in the 2015 video-game James Bond: World of Espionage. Biography Q's only true rival in university, Xi Zian initially despised MI6 as a blunt instrument of colonialism, So used to encountering scorn and disapproval of those who cannot keep up with his keen intellect, he makes a game of it, developing an ever more flamboyant and dissonant persona. In his spare time, when not rebuilding hardware, he is known to take on entire teams of enemies in online games, making use of extreme user interfaces and pet AI modules that allow him to function as a team, while playing solo.In-game agent dossier, James Bond: World of Espionage. Notable for an obsessive compulsive personality, he has skills in operations, surveillance and invention, and is multi-lingual, speaking Chinese, English, Japanese and Assembly. The character offers a reduced gadget cost bonus, with +5 energy bonus with thick glasses, +10 total defence bonus wi"
9d4e2b351470,Sachiko Takeda,James Bond 007,portrayed: ''Unknown'',,"Sachiko Takeda (Japanese: 武田 幸子) is a Japanese intelligence operative who appeared in the 2015 video-game James Bond: World of Espionage. Biography While some take pleasure in their jobs, others in the perks that go with the jobs and some even in the killing that is required. Sachiko takes pleasure in everything. With a grin on her face that is never forced she carries out her duties with a relentless smile.In-game agent dossier, James Bond: World of Espionage. Notable for an infantile personality, she has skills in firearms, deception and finance, and is bi-lingual, speaking Japanese and English. The character offers an increased offence bonus, with +10 total offence bonus with night vision devices and +100HP in Alliance Wars using poisoned rings. She is an ""uncommon agent"" (green) and can be levelled to level 15. Gallery References Category:James Bond Characters Category:Game Characters Category:World of Espionage Characters Category:Female Characters Category:Japanese Category:A"
ec3e21f27360,Jane Fox,James Bond 007,portrayed: Brittany Bao,,"Jane Fox is a fictional sociopathic British MI6 intelligence operative who appeared in the 2015 video-game James Bond: World of Espionage. Game biography Whether it is appropriate to allocate sociopaths to active duty in MI6 has been an ongoing debate for decades. Jane is currently a test case. Can her lack of compunctions regarding the killing of humans turn her into a blunt instrument for justice?In-game agent dossier, James Bond: World of Espionage. Notable for a murderous personality, she has skills in firearms, demolition and deception, and is speaks English. The character offers an increased damage dealing bonus, with +5% damage bonus in Conflict and Villain fights with razor wire and +40 bonus money gained each time in Missions using silenced pistols. She is an ""uncommon agent"" (green) and can be levelled to level 15. Images References Category:James Bond Characters Category:Game Characters Category:World of Espionage Characters Category:Agents Category:Female Characters Cat"
9bc2e3b90e37,Pablo Cervantes,James Bond 007,portrayed: ''Unknown'',,"Pablo Cervantes is a Venezuelan intelligence operative who appeared in the 2015 video-game James Bond: World of Espionage. Biography Having trekked across more of the Americas than any other man alive, Pablo knows the mountains as well as the rivers and the cities as well as the jungles. His network of contacts reaches from Punta Arenas to Albuquerque. His preferred weapon is a serrated steel boomerang that can decapitate a man at forty feet.In-game agent dossier, James Bond: World of Espionage. Notable for being afflicted by malaria, he has skills in survival, hand-to-hand combat and piloting, and is multi-lingual, speaking Spanish, English and Quechua. The character offers a chance to perform an attack with no stamina cost and provides a +10 total defence bonus using C4 explosives and +2 stamina using snow-climbing gear. He is an ""uncommon agent"" (green) and can be levelled to level 15. Gallery References Category:James Bond Characters Category:Game Characters Category:World of E"
a30a6942ce76,Rick Taylor,James Bond 007,portrayed: ''Unknown'',,"Rick Taylor is a American intelligence operative and engineer who appeared in the 2015 video-game James Bond: World of Espionage. Biography Despite Rick's mechanical aptitude, he despises any technology more complicated than a carburetor. As comfortable field stripping an automatic weapon as he is replacing the electrical system of a Mustang, he has a bad attitude towards those type of people who are 'stuck in their heads' or rely too heavily on computerised technology. He does not get on well with Q.In-game agent dossier, James Bond: World of Espionage. Notable for a 'luddite' personality, he has skills in invention, firearms and driving, and is bi-lingual, speaking both English and Polish. The character offers a reduced vehicle cost bonus and provides a +5 energy bonus using armoured cars and -2 damage bonus during Conflict and Villain fights using armed snowmobiles. He is an ""uncommon agent"" (green) and can be levelled to level 15. Gallery References Category:James Bond Charact"
bd51b5cb2deb,Taiji Koraku,James Bond 007,portrayed: ''Unknown'',,"Taiji Koraku (Japanese:後楽 太極) is a Japanese intelligence operative and martial artist who appeared in the 2015 video-game James Bond: World of Espionage. Biography Working to train some of the best hand-to-hand combat experts in all of Japan, Taiji was a key recruit when MI6 needed to up their game in the region. After much negotiation, he agreed to host the agents at his school. When the training ceased, Taiji's natural curiousity took hold and he has been 'on the hunt' for forces of destabilisation across north eastern Asia ever since.In-game agent dossier, James Bond: World of Espionage. Notable for his honorbound personality, he has skills in hand-to-hand combat, archery and stealth, and is multi-lingual, speaking Japanese, Portuguese, Spanish and English. The character offers a reduced melee cost and provides a -1% facility cost reduction using silk gloves and +35HP bonus in Conflict and Villain fights using a sword cane. He is an ""uncommon agent"" (green) and can be levelled to l"
69053379273e,Tom Mills,James Bond 007,portrayed: ''Unknown'',,"Tom Mills is a American intelligence operative, formerly employed by the Central Intelligence Agency and later hired by MI6. The character appeared in the 2015 video-game James Bond: World of Espionage. Biography After his exile from the CIA, Tom did everything he could to obliterate his records, knowing that the files had been planted by an organization which needed to disrupt trust in the US overseas security organization. Unable to regain security clearance in the US, he approached MI6 who were willing to give him a chance, especially due to his extremely useful skill set.In-game agent dossier, James Bond: World of Espionage. He has skills in firearms, stealth and surveillance, and is multi-lingual, speaking English, Spanish and Russian. The character offers a damage bonus during Alliance Wars and provides a 1% chance to spend no energy in missions using Hollowpoint ammunition, along with a 7% damage bonus during Alliance Wars using tuxedo disguises. He is an ""uncommon agent"" (gre"
c9ff43fc8502,Ahmed Salam,James Bond 007,portrayed: ''Unknown'',,"Ahmed Salam is a Kuwaiti medic and intelligence operative who appeared in the 2015 video-game James Bond: World of Espionage. Biography After he was left an orphan when a suicide bomber detonated a car bomb at a busy market, he saw his mother die of blood loss in front of him. Ahmed swore he would do what he could to save the lives of the innocent. As he navigates the complicated world of politics and deception, he finds that making the right moral choices is sometimes as challenging as performing surgery under artillery fire.In-game agent dossier, James Bond: World of Espionage. He has skills in medicine, survival and driving, and is multi-lingual, speaking Arabic, English and Malay. The character offers a Defence buff and provides a +6 bonus to stamina using medical kits and 1% chance to spend no stamina in Conflict using fireproof overcoats. He is an ""uncommon agent"" (green) and can be levelled to level 15. Gallery References Category:James Bond Characters Category:Game Characte"
4dec1e76ebf7,Bruno Adonidas,James Bond 007,portrayed: Essam Faris,,"Bruno Adonidas (Greek: Μπρούνο Άδωνιδας) is a fictional Greek smuggler and intelligence operative who appeared in the 2015 video-game James Bond: World of Espionage. Game biography After a vicious double-cross upon the Mediterranean Sea, Bruno was left to drown. Rescued by a small patrol boat from Cyprus on the lookout for Syrian refugees, Bruno made contact with the authorities and began the slow process of infiltrating and destroying his rival's smuggling ring.In-game agent dossier, James Bond: World of Espionage. Notable for his alcoholism, he has skills in smuggling, piloting and hand-to-hand combat, and is multi-lingual, speaking Greek, English, Turkish and Serbian. The character offers a buff which reduces the Alliance War token regeneration duration and provides a +10 bonus to total offence using sleeve guns and +15 bonus to total offence using incendiary chemicals. He is an ""uncommon agent"" (green) and can be levelled to level 15. Behind the scenes The name is a tribute to C"
a09e6b1a92b4,Dang Nattuggla,James Bond 007,portrayed: Katryn Kruger (Uncredited),,"Dang Nattuggla is a fictional Danish intelligence operative and MI6 intern who appeared in the 2015 video-game James Bond: World of Espionage. Game biography Child of a Danish subversive and an American drug smuggler, Dang spent much of her formative years between the anarchist commune of Christiania in Denmark and a housing squat in Detroit. As a result of her exposure to the constant troubles that plagued those communities, Dang decided to apply herself in school and work towards a better government rather than to overturn existing structures, even if they were imperfect.In-game agent dossier, James Bond: World of Espionage. A recent intern in MI6, she is notable for an insecure personality and has skills in operations, stealth and acrobatics. She is multi-lingual, speaking Danish, Dutch, English, and German. The character offers a chance to perform a mission action with zero energy cost and provides a +5 Energy bonus using armored cars and +10 bonus to total offense using luxury se"
556c1d8ec975,Gaston Jobidon,James Bond 007,portrayed: ''Unknown'',,"Gaston Jobidon is a French waiter and intelligence operative who appeared in the 2015 video-game James Bond: World of Espionage. Biography As the best access to the tables of the wealthy and corrupt is often through the servants' quarters, Gaston has learned to play his role as a waiter expertly.In-game agent dossier, James Bond: World of Espionage. Notable for being an addict, he has skills in deception, stealth and firearms, and is multi-lingual, speaking French, English, Italian and Russian. The character offers an increased defence buff and provides a +10 bonus to total defence using a false beard and +8 bonus to stamina using a waiter disguise. He is an ""uncommon agent"" (green) and can be levelled to level 15. Gallery References Category:James Bond Characters Category:Game Characters Category:World of Espionage Characters Category:Male Characters Category:French Category:Agents Category:Intelligence Operatives"
95a481ecafd9,Jose Gomez,James Bond 007,portrayed: ''Unknown'',,"Jose Gomez is a American firearms expert and fugitive employed by MI6's research and development division, Q Branch. The character appeared in the 2015 video-game James Bond: World of Espionage. Biography In the wrong place at the wrong time, Jose was bladed for a serious crime as a youth. Taking his life in his hands, he made an international move to keep the long arm of the law far away enough that he was out of their grasp. Putting his skills to good use in his European environment, Jose has expertise with weaponry of all kinds, leading him to join Q's branch.In-game agent dossier, James Bond: World of Espionage. A wanted man, he has skills in operations, demolition and invention, and is multi-lingual, speaking Spanish, English and Tagalog. The character offers a buff which reduces the cost of handguns and provides a +10% critical chance bonus using steel clubs and +15 bonus to total offence using immobilising foam. He is an ""uncommon agent"" (green) and can be levelled to level 15"
0bb76da33f65,Boaz Pearlmutter,James Bond 007,portrayed: ''Unknown'',,"Boaz Pearlmutter is a fictional intelligence operative based in Israel. The character appeared in the 2015 video-game James Bond: World of Espionage. Biography After the breakdown of his second marriage, Boaz left Canada and moved to Israel for a fresh start. He is one of the few working intelligence agents with excellent ties to both Mossad and the Canadian Security Intelligence Service (CSIS). In-game agent dossier, James Bond: World of Espionage. He has skills in smuggling, jewelcraft and piloting, and is multi-lingual, speaking French, English, Hebrew and Russian. The character offers a defence buff and provides a +10 bonus to total offence using bulletproof briefcases and a 1HP bonus to the Finishing Move threshold using passenger jets. He is an ""uncommon agent"" (green) and can be levelled to level 15. Gallery References Category:James Bond Characters Category:Game Characters Category:World of Espionage Characters Category:Agents Category:Male Characters Category:Canadians Cat"
0e146bdb8e6a,Vadim Chornovil,James Bond 007,portrayed: ''Unknown'',,"Vadim Chornovil (Ukrainian: Вадим Чорновіл) is a fictional former Ukrainian police officer. The character appeared in the 2015 video-game James Bond: World of Espionage. Biography When it seemed there was nothing left, the bottle itself called to Vadim. Broken, frustrated and angry, he looked for some way to take revenge on those in the force (and on their payroll) who had put him in such a desperate situation from which he could not escape. He enjoys the simple elegance and freedom of the steel baseball bat to encourage compliance. ""The enemy of my enemy is my friend,"" the bartender had said, and thus began his mission to find his enemies' worst enemy, and to use them to get done what he knew he could not do on his own.In-game agent dossier, James Bond: World of Espionage. An alcoholic, he has skills in hand-to-hand combat, driving and interrogation, and is multi-lingual, speaking Ukrainian, Russian and English. The character offers a buff which reduces damage taken in Alliance Wars"
7d2828cedb73,Bradford Kennedy,James Bond 007,portrayed: ''Unknown'',,"Bradford Kennedy is a American intelligence operative employed by the CIA and on loan to the British MI6. The character appeared in the 2015 video-game, James Bond: World of Espionage. Biography Cool headed, loyal and a crack shot, Bradford is the best the CIA has to offer. In the second year of his exchange programme working with MI6, he finds the British culture as alien as California.In-game agent dossier, James Bond: World of Espionage. Noted for his overconfidence, he has skills in firearms, hand-to-hand combat and driving, and is multi-lingual, speaking English, Spanish and Arabic. The character offers a buff which reduces damage taken and provides a 2% chance to gain 1250 bonus money from Missions using reinforced vests, along with a +5 energy bonus using smoke bombs. He is a ""common agent"" (white) character and can be levelled to level 5. References Category:James Bond Characters Category:Game Characters Category:World of Espionage Characters Category:Male Characters Catego"
77fe2843c7b5,Carmen Zapata,James Bond 007,portrayed: Elena Ghenoiu,,"Carmen Zapata is a fictional Mexican intelligence operative. The character appeared in the 2015 video-game James Bond: World of Espionage. Game biography Although she has been passed over for promotion twice, Carmen continues to work harder than any other agent towards the goals she has set for herself. A combination of optimism and stubbornness makes working with her either as good or as bad, as it can get.In-game agent dossier, James Bond: World of Espionage. A single mother, she has skills in operations, surveillance and interrogation, and is multi-lingual, speaking Spanish, French, Russian and English. The character offers a buff which reduces facility costs and provides a 5% damage increase during Conflict and Villain fights using razor wire, along with a +6 stamina bonus using medical kits. She is a ""common agent"" (white) and can be levelled to level 5. Images References Category:James Bond Characters Category:Game Characters Category:World of Espionage Characters Category:Ag"
0fed1cade337,Cesar Alvarez,James Bond 007,portrayed: Adrian Michael Ramon,"Biography
Having witnessed his share of violence and death from an early age, Cesar Alvarez works across the Latin American sphere to destabilise criminal and corrupt organisations.In-game agent dossier, James Bond: World of Espionage.","Cesar Alvarez is a fictional American intelligence operative. The character appeared in the 2015 video-game James Bond: World of Espionage. Biography Having witnessed his share of violence and death from an early age, Cesar Alvarez works across the Latin American sphere to destabilise criminal and corrupt organisations.In-game agent dossier, James Bond: World of Espionage. Destructive, he has skills in firearms, survival and driving, and is bi-lingual, speaking Spanish and English. The character offers a chance to deal 10 bonus damage and provides a +10 total offence using stun grenades, along with +20 HP in Conflict and Villain fights using flak jackets. He is an ""uncommon agent"" (white) and can be levelled to level 5. Images References Category:James Bond Characters Category:Game Characters Category:World of Espionage Characters Category:Agents Category:Male Characters Category:Americans Category:Intelligence Operatives"
a263cbb04678,November Halliday,James Bond 007,portrayed: Christian Victoria (Uncredited),,"November Halliday is a fictional engineer employed by MI6's research and development division, Q Branch. The character appeared in the 2015 video-game James Bond: World of Espionage. Game biography Half-sister to Quarrel and Summer Halliday, November's talents were not immediately recognised, but due to her stubborn, tenacious nature, she persevered and made her way out of the Caribbean to the United States. While working two jobs to make ends meet, she achieved her Master's Degree in Engineering before her 20th birthday. Soon after her second failed technology start-up crashed and burned, some patents she drafted were found by Q Branch. This led to her rapid recruitment into MI6.In-game agent dossier, James Bond: World of Espionage. She has skills in inventing, operations and computing, and is multi-lingual, speaking English, Japanese and Italian. The character offers a reduced gadget cost buff and provides a +15 total defence using hatchets, along with +2 stamina bonus using anti-CP"
c3527842dbca,Hilary Bray (World of Espionage),James Bond 007,portrayed: ''Unknown'',,"Hilary Bray is a Scottish laird and an adjunct member of The British Secret Intelligence Service (SIS/MI6) who appeared in the 2015 video-game James Bond: World of Espionage. The character is a re-imagining of the literary and film character who first appeared in Ian Fleming's 1963 novel On Her Majesty's Secret Service and was subsequently adapted for EON Productions' 1969 James Bond film of the same name. Biography The laird of a ghostly tower on the coast of Northern Scotland, Hilary has a view on the world that could not be further from the deception and intrigue necessary to act as a modern spy. However, willing to do his duty to the crown without question, Hilary acts as an adjunct member of MI6. He is primarily used on missions which require attendance at fabulous functions full of foreign diplomats who are likely to be impressed by his 'native' costume and broad accent. Occasionally, he will take people he dislikes back to his estate for a hunt and forget to inform them of the "
60afde479b72,Summer Halliday,James Bond 007,portrayed: Christina Gray (Uncredited),,"Summer Halliday is a intelligence operative employed by MI6. The character appeared in the 2015 video-game James Bond: World of Espionage. Biography Drawn into the web of British intrigue by her half-sister November and her brother Quarrel, Summer Halliday has the aptitude and ability to make just about anything happen. Hey physical skills are unparalleled and her loyalty to her family is unquestionable.In-game agent dossier, James Bond: World of Espionage. Notable for her dyslexia, she has skills in swimming, driving and acrobatics, and is multi-lingual, speaking English, French and Spanish. The character offers a chance to perform a Mission action with zero Energy cost and provides a 10% chance to increase critical damage by 100% while using throwing knives. In addition, she provides a 15% increase to critical chance using ATVs. She is a ""common agent"" (white) and can be levelled to level 5. Gallery References Category:James Bond Characters Category:Game Characters Category:Worl"
d0edbc8f5a31,Brigitte Borbeau,James Bond 007,portrayed: Ana Flavia Gavlak,"Game biography
Lurching from one disastrous relationship to another, Brigitte reported the death of her first husband on a cruise in the Indian Ocean as an accident (apparently, he cut himself shaving).","Brigitte Borbeau is a fictional French intelligence operative. The character appeared in the 2015 video-game James Bond: World of Espionage. Borbeau is loosely based on the literary character Elizabeth Krest, who was featured in the Ian Fleming's short story, ""The Hildebrand Rarity"". The character is portrayed by the Brazilian actress Ana Flavia Gavlak. Game biography Lurching from one disastrous relationship to another, Brigitte reported the death of her first husband on a cruise in the Indian Ocean as an accident (apparently, he cut himself shaving). Having gathered a taste for blood and money, she now plays method actor on the yachts of the most foul men imaginable, biding her time to gather evidence needed to ensure their conviction. Failing that, she is only too happy to give them a close shave with her hand-crafted, spring-loaded straight razor.In-game agent dossier, James Bond: World of Espionage. A misanthrope, she is skilled in swimming, hand-to-hand combat and finance, and "
ff3da558fc1d,Fang Ren,James Bond 007,portrayed: Jennifer Lee (Uncredited),,"Fang Ren is a fictional intelligence operative based in Hong Kong. The character appeared in the 2015 video-game James Bond: World of Espionage. Game biography Daughter of a powerful family who spanned both political and criminal spheres, Fang Ren is as accustomed to high culture dinner parties as she is navigating the seedy underworld. Her preferred modus operandi is to seduce her target into submission and then remove their beating heart just after they pledge their undying love. Despite this perverse pleasure, she is thought to keep them in formaldehyde jars for sentimental value.In-game agent dossier, James Bond: World of Espionage. Having a murderous ex-husband, she is skilled in deception, hand-to-hand combat and interrogation, and is multi-lingual, speaking Chinese, English, Japanese and Vietnamese. The character offers an increased critical damage buff and provides a +15 total offence bonus using lie detectors and +10 total offence using tasers. She is a 'common agent' (white"
6c8bfe100790,Chastity Chase,James Bond 007,portrayed: Katelyn Byrd (Uncredited),,"Chastity Chase is a fictional intelligence operative employed by the British Secret Intelligence Service (SIS/MI6). The character appeared in the 2015 video-game, James Bond: World of Espionage. Biography Having explored much of her natal continent by the age of eighteen, Chastity continued her expeditions throughout the Middle East and then into Europe as an undergraduate reading Anthropology. Her disruption of a German-run poaching ring drew the attention of MI6 who then relentlessly pursued her as an agent. After refusing their advances on numerous occasions, she had a change of heart and now works tirelessly to protect British interests wherever they are threatened.In-game agent dossier, James Bond: World of Espionage. She is skilled in firearms, survival and driving, and is multi-lingual, speaking English, Swahili, Dutch and German. The character offers an increased critical damage buff and provides a +10 total offence bonus using double-action pistols and +10 total offence usin"
3710e7957ab6,Kissy Suzuki (World of Espionage),James Bond 007,portrayed: Jessica Cheung (Uncredited),,"Kissy Suzuki (Japanese: 鈴木 きしー) is a fictional Japanese ama pearl diver and intelligence operative who appeared in the 2015 video-game James Bond: World of Espionage. The character is a re-imagining of the literary and film character who first appeared in Ian Fleming's 1964 novel You Only Live Twice and was subsequently adapted for EON Productions' 1967 James Bond film of the same name. Biography After falling in love with James Bond, Kissy became tangled up in the web of MI6. Unable to return to her normal life as an ama pearl diver, she pursued opportunities to assist her now contacts within the Japanese and British intelligence organisations. Her first attempt to get out of it all and lead a peaceful life was frustrated when she was offered an opportunity she couldn't refuse. A reluctant spy, she fears that leaving the service could be even more dangerous than continuing on her current path.In-game agent dossier, James Bond: World of Espionage. Although afraid of firearms, she is "
a8b3d2361a59,Pussy Galore (World of Espionage),James Bond 007,portrayed: Crystal Mantecon (Uncredited),,"Pussy Galore is a fictional American cat burglar and intelligence operative who appeared in the 2015 video-game James Bond: World of Espionage. The character is a re-imagining of the literary and film character who first appeared in Ian Fleming's 1959 novel Goldfinger and was subsequently adapted for EON Productions' 1964 James Bond film of the same name. Game biography Failure to make a life for herself as a trapeze artist led Pussy to consider just how her superb physical skills could be used to make ends meet. Turning to crime, she organised a group of like-minded women with similar abilities and carried out surprising raids with expert timing and coordination, until she met James Bond. She sticks closely with MI6 now, as she knows, if she loses their good will, she will spend the next 20 years of her life in a maximum security prison.In-game agent dossier, James Bond: World of Espionage. A misanthropist, she is skilled in stealth, acrobatics and surveillance, and is multi-lingual"
b065f3f236ef,Gillian Ponsford,James Bond 007,portrayed: ''Unknown'',,"Gillian Ponsford is a intelligence operative employed by Alice Winters. The character appeared in the 2015 video-game James Bond: World of Espionage. He is portrayed by an unknown actor. Biography Although not a collectable Agent character, and not featured in the game's main story-line, Gillian Ponsford is one of several 'boss' characters protecting Alice Winters (alongside Vera Muller) in her special event Villain encounter. No other details were provided about the character. Gallery References Category:James Bond Characters Category:Game Characters Category:World of Espionage Characters Category:Male Characters Category:British Category:Agents Category:Intelligence Operatives"
590db68d45c9,Vera Muller,James Bond 007,portrayed: Jelly Howie,,"Vera Muller is a fictional intelligence operative employed by Alice Winters. The character appeared in the 2015 video-game James Bond: World of Espionage. She is portrayed by American actress Jelly Howie. Biography Although not a collectable Agent character and not featured in the game's main story-line, Vera Muller is one of several 'boss' characters (alongside Gillian Ponsford) protecting Alice Winters in her special event Villain encounter. No details were provided about the character. Gallery References Category:James Bond Characters Category:Game Characters Category:World of Espionage Characters Category:Female Characters Category:Bond Girls Category:Honeytraps Category:Femme Fatales Category:Germans Category:Americans Category:James Bond Love Interests"
a628f15f138c,The Chameleon,James Bond 007,portrayed: Alan Oppenheimer,,"The Chameleon is a shape-shifting thief associated with the criminal organisation, S.C.U.M.. A reoccurring antagonist voiced by American actor, Alan Oppenheimer, the character appeared in the 1991 animated television series, James Bond Jr; beginning with episode three, ""The Chameleon"". Biography His real name unknown, the freelance criminal-for-hire known only as ""The Chameleon"" underwent surgery to implant a series of ""micro-moulders"" under his skin; allowing him to alter his physical appearance at will. The implants come at a cost, however, as sustained exposure to water can short out their master circuit, resulting in the individual painfully losing control over the properties of his skin, eyes, and hair. In his final appearance, an accomplice crafts an ""illusion suit"" suit for the Chameleon, allowing him to not only change the appearance of his morphology - but also his clothing. The surgical procedure was initially used in his scheme to pose as a U.S. Army General; using his aut"
50c21dd6386f,Barbella,James Bond 007,portrayed: Kath Soucie,,"Barbella is a bodybuilder, assassin and henchwoman of the criminal organisation, S.C.U.M. Voiced by American actress, Kath Soucie, the recurring antagonist first appeared in episode 14 (""City of Gold"") of the 1991 spin-off animated television series, James Bond Jr, and was subsequently adapted for its accompanying novelisations and Marvel comic-book series. Biography Appearances City of Gold Going For the Gold Goldiefinger at the End of the Rainbow See also May Day References Category:James Bond Jr Characters Category:Television Characters Category:Assassins Category:S.C.U.M. Members Category:Female Characters Category:Villains Category:Henchmen Category:Americans Category:Unofficial Characters Category:1990s Characters Category:1990s Television Characters"
0eabf80bbc89,John Q. Law,James Bond 007,portrayed: Jan Rabson,,"John Q. Law was a London police inspector and father of Marsha Law. A minor character portrayed by Jan Rabson, he appeared in episode 53 (""Sherlock I.Q."") of the 1991 animated television series, James Bond Jr. Biography As S.C.U.M. operative, Baron Von Skarin, rampages through the British capital in a stolen experimental tank, inspector John Law powerlessly witnesses the demolition of his police station. His daughter, Marsha, and James Bond Jr. arrive shortly after the attack and he turns down the latter's offer of help. They take it upon themselves to hunt the tank, following its tracks from the crime scene to a toy factory. References Category:James Bond Jr Characters Category:Television Characters Category:Allies Category:Male Characters Category:Police Category:British Category:Minor Characters Category:Unofficial Characters Category:1990s Characters Category:1990s Television Characters"
cf5b4abf13d5,Wendy Day,James Bond 007,portrayed: Kath Soucie,,"Wendy Day was a British weather forecaster and television presenter for Channel 6. A one-shot ally voiced by American actress, Kath Soucie, the character appeared in episode 50 (""Weather or Not"") of the 1991 animated television series, James Bond Jr. She was subsequently adapted for Caryn Jenner's accompanying children's book, Freeze Frame. Biography Intelligent and insightful, Wendy Day was a Channel 6 meteorologist and capable helicopter pilot. Day was reporting on a strangely localised blizzard in London when she was almost hit by a van; narrowly saved by James Bond Jr. With the help of Bond's tech-savvy friend, I.Q., they quickly deduced that the criminal organisation, S.C.U.M., had hijacked a British Meteorological Institute weather-control satellite and were using it to commit armed robberies across the city. Investigating the Institute, the pair were captured by mad scientist, Dr. Derange, and were almost frozen in its climate testing chambers. After escaping, Wendy recruited "
0824c75847e1,Bernard Chaplan,James Bond 007,portrayed: Julian Holloway,,"Bernard Chaplan was a British defence expert. A one-shot ally voiced by English actor, Julian Holloway, the character appeared in episode 49 (""Canine Caper"") of the 1991 animated television series, James Bond Jr. Biography Chaplan was abducted by the criminal organisation, S.C.U.M., whilst walking his dog in a town near Warfield Academy. Their goal was to extract Scotland Yard's security system plans from him in order to melt the building with an acid bomb. Before they could kidnap him he fastened part of the microfilm plans to his dog's collar and sent him away. The dog was subsequently befriended by James Bond Jr.; who followed a trail of evidence to the subway lair of mad scientist, Dr. Derange, under the city of London. They, in turn, were followed by Chaplan's daughter - an undercover police officer. She and her colleagues raided the lair and liberated her father and the students before they could come to harm. References Category:James Bond Jr Characters Category:Television Ch"
c23f21e51ee9,Regis,James Bond 007,,,"Regis, also known as ""Charlie"", was a Old English Sheepdog owned by British defence expert, Bernard Chaplan. A one-shot ally, the animal appeared in episode 49 (""Canine Caper"") of the 1991 animated television series, James Bond Jr. Biography While being chased by the criminal organisation, S.C.U.M., Chaplan fastened microfilm to the animal's collar and sent him away before he was abducted. The dog subsequently followed a reluctant James Bond Jr. back to Warfield Academy; where his friends quickly took a liking to the animal. Their attempts to hide the dog, who they named ""Charlie"", failed and Bond incurred the wrath of Principal Milbanks. With the help of Buddy Mitchell, the students discovered the microfilm and determined it to be security plans for Scotland Yard. They decided to return to the point of Chaplan's abduction and used Charlie (who had been outfitted with a tracking device by I.Q.) to search for him. In a seemingly false alarm, the dog enthusiastically ran up to undercov"
afea477c0834,Vicki Jones,James Bond 007,portrayed: Mari Devon (?),,"Vicki Jones was a American geologist associated with an unnamed Wyoming university. A one-shot antagonist-turned-ally, the character appeared in episode 56 (""Quantum Diamonds"") of the 1991 animated television series, James Bond Jr. Biography A geologist motivated by personal greed, Vicki Jones plundered geysers in Yellowstone National Park for crystals with the intent of transmuting them into diamonds by way of a particle accelerator at a nearby university science lab. She was searching in Old Faithful when she met the visiting James Bond Jr. and the students of Warfield Academy. Suddenly, mad scientist Dr. Derange arrived at the site with the same intent and drove them away with laser fire. Jaws, using a pressurised diving suit, managed to acquire an enormous crystal from the geyser - which Vicki promptly snatched from him. Running on foot, she was pursued by the villains' van; saved only by the students in their SUV. While taking Vicki to the university, the Warfield SUV was set up"
a18d97ef518b,Jade Green,James Bond 007,portrayed: ''Unidentified'',,"Jade Green was the daughter of Sir Alex Green, a missile engineer working on China's silkworm missile project. A one-shot ally, the character appeared in episode 35 (""Queen's Ransom"") of the 1991 animated television series, James Bond Jr. Biography Kidnapped along with her father by S.C.U.M. operative, Walker D. Plank, Jade managed to escape from her captors and flee to Hong Kong. Plank and his men pursued her through the streets; where she was spotted by the vacationing James Bond Jr. Plank trapped them both in a runaway cable car; which they narrowly escaped - falling conveniently into inflatable pool chairs at the Warfield students' hotel. Bond agreed to help her liberate her father and the pair returned to the pirates' river camp by night. Taking advantage of the squabbling ineptitude of Jaws and Nick Nack, they rescued Sir Alex and stole a junk transporting silkworm missile containers. As the villains chased them down the river in speedboats, Bond defended the vessel with Roman c"
bd95bbf67604,Sir Alex Green,James Bond 007,portrayed: ''Unidentified'',,"Sir Alex Green was the British missile engineer involved with China's silkworm missile project. He was also father to Jade Green. A one-shot ally, the character appeared in episode 35 (""Queen's Ransom"") of the 1991 animated television series, James Bond Jr. Biography Sir Alex Green was involved with the development of China's ""silkworm"" missile program when he was kidnapped along with his daughter by S.C.U.M. operative, Walker D. Plank. Plank used him to obtain fifty of the experimental guided missiles and incarcerated them at a river camp in mainland China. Jade managed to escape from her bumbling captors, Jaws and Nick Nack, and fled to Hong Kong. There she inadvertently drew attention of James Bond Jr, who chose to personally liberate Sir Alex rather than involve the Hong Kong authorities and disclose his involvement with China. At the river camp, the three stole one of Plank's transport junks loaded with silkworm missile containers; ultimately repelling the pirates and sailing to "
c8706f2d947e,Maximillion Cortex,James Bond 007,portrayed: Jan Rabson,,"Maximillion Cortex is a master criminal and thief. Voiced by American actor, Jan Rabson, the recurring antagonist first appeared in episode 18 (""Lamp of Darkness"") of the 1991 spin-off animated television series, James Bond Jr, and was subsequently adapted for the Super NES variant of the tie-in video game. Biography Henchmen & associates Appearances Lamp of Darkness Leonardo da Vinci's Vault References Category:James Bond Jr Characters Category:Television Characters Category:Thieves Category:Male Characters Category:Villains Category:Main Villains Category:Unofficial Characters Category:1990s Characters Category:1990s Television Characters"
0a95a9e19e52,Slug,James Bond 007,portrayed: ''Unknown'',,"Slug is a henchman employed by photophobic criminal, The Worm. He is paired with his partner-in-crime, Cricket. A one-shot henchman, he first appeared in episode 13 (""Pompeii and Circumstance"") of the 1991 spin-off animated television series, James Bond Jr. Biography As part of a scheme to loot a lost treasury in the buried city of Pompeii, the photosensitive criminal, The Worm, constructs several makeshift boring tanks from stolen military equipment. Slug (seemingly the higher-ranking of the pair) and his accomplice, Cricket, pilot one of the vehicles and accidentally manage to crash it under a coastal road. Their activities draw the attention of James Bond Jr., whose sports car almost crashes into the collapsed section. They flee from their damaged tank and commandeer another one. Eventually, they cross paths with Bond and his car in the tunnel system. They corner him at a dead end of tunnel, but he manages to escape by driving up the wall and along the roof using retractable tyre s"
3e158edbe397,Cricket,James Bond 007,status: Incarcerated | portrayed: ''Unknown'',,"Cricket is a henchman employed by photophobic criminal, The Worm. He is paired with his partner-in-crime, Slug. A one-shot henchman, he first appeared in episode 13 (""Pompeii and Circumstance"") of the 1991 spin-off animated television series, James Bond Jr. Biography As part of a scheme to loot a lost treasury in the buried city of Pompeii, the photosensitive criminal, The Worm, constructs several makeshift boring tanks from stolen military equipment. Cricket and his accomplice, Slug, pilot one of the vehicles and accidentally manage to crash it under a coastal road. Their activities draw the attention of James Bond Jr., whose sports car almost crashes into the collapsed section. They flee from their damaged tank and commandeer another one. Eventually, they cross paths with Bond and his car in the tunnel system. They corner him at a dead end of tunnel, but he manages to escape by driving up the wall and along the roof using retractable tyre spikes. Later, Bond pursues their tank from"
e0ea89571e74,Auric Goldfinger (Dynamite),James Bond 007,status: Incarcerated,,"Auric Goldfinger, also known by the cryptonym ""ORU Prime"", was a wealthy British metallurgist and secretly the head of the terrorist organisation ORU. Based on the literary character created by Ian Fleming, the character served as the primary antagonist of Dynamite Entertainment's James Bond comic arc, James Bond 007, which ran between 7th November 2018 and 30th October 2019. Biography Early life To be added ORU To be added Aftermath To be added See also Auric Goldfinger Auric Goldfinger (Literary) Auric Goldfinger (Gert Fröbe) Auric Goldfinger (Ian McKellen) Auric Goldfinger (James Bond Jr.) References Category:James Bond Characters Category:Literary Characters Category:Comic Characters Category:James Bond 007 (2018 comic) Characters Category:Villains Category:Main Villains Category:Male Characters Category:Dynamite Characters category:British Category:Intelligence Operatives Category:Agents Category:Unadapted Characters Category:Industrialists Category:Businessmen Category:Terr"
b66debbdc071,LeGrand,James Bond 007,status: Unclear | portrayed: Charles Boyer,"When Bond continues to stand firm, his mansion is destroyed by a mortar attack at the orders of M, who himself is killed in the explosion, possibly with Smernov and LeGrand himself. Gallery

References

Category:James Bond Characters
Category:Film Characters
Category:Unofficial Characters
Category:Casino Royale (1967) Characters
Category:Allies
Category:Male Characters
Category:Deuxième Bureau Personnel
Category:French
Category:Non-Eon Film Characters
Category:Agents
Category:Intelligence Operatives
Category:Spymasters
Category:1960s Film Characters
Category:Presumably Deceased Characters","LeGrand or Le Grand was the fictional Head of the French Secret Service, the ""Deuxième Bureau"". Portrayed by actor Charles Boyer, the character appeared in the 1967 parody spy film, Casino Royale. Biography LeGrand appears at Sir James Bond's residence along with the heads of several major intelligence agencies - M of the British MI6, Soviet KGB representative Smernov, and American CIA representative Ransome. The Red Chinese are not at the meeting, although they feature later. Sir James was a legendary spy, who has been retired for some fifty years. All of the visitors implore Bond to come out of retirement to deal with SMERSH who have been eliminating agents: Bond spurns all their pleas. When Bond continues to stand firm, his mansion is destroyed by a mortar attack at the orders of M, who himself is killed in the explosion, possibly with Smernov and LeGrand himself. His mansion destroyed, Bond has little choice but to take on the mission. Trivia LeGrand is one of the 1967 Casino R"
53089aa7b9d7,Smernov,James Bond 007,status: Unclear | portrayed: Kurt Kasznar,"When Bond continues to stand firm, his mansion is destroyed by a mortar attack at the orders of M, who himself is killed in the explosion, possibly with Smernov and LeGrand himself. Gallery

References

Category:James Bond Characters
Category:Film Characters
Category:Unofficial Characters
Category:Casino Royale (1967) Characters
Category:Allies
Category:Male Characters
Category:KGB Agents
Category:Russians
Category:Deceased Characters
Category:Characters Killed by Other Characters
Category:Presumably Deceased Characters
Category:Soviet People
Category:Agents
Category:Intelligence Operatives
Category:Non-Eon Film Characters
Category:Spymasters
Category:1960s Film Characters","Smernov or Smirnov (Russian: Смирнов) was the fictional Head of the Soviet Secret Service, the ""KGB"". Portrayed by actor Kurt Kasznar, the character appeared in the 1967 parody spy film, Casino Royale. Biography We see Smernov and some other heads of intelligence in cars approaching a mansion. The park around it has lions, which Smernov baulks at. Smernov appears at Sir James Bond's residence along with the heads of several major intelligence agencies - M of the British MI6, French Deuxième Bureau representative LeGrand, and American CIA representative Ransome. The Red Chinese are not at the meeting, although they feature later. Sir James was a legendary spy, who has been retired for some fifty years. All of the visitors implore Bond to come out of retirement to deal with SMERSH who have been eliminating agents: Bond spurns all their pleas. When Bond continues to stand firm, his mansion is destroyed by a mortar attack at the orders of M, who himself is killed in the explosion, pos"
1597ab81ac51,Brinon,James Bond 007,portrayed: François Avazeri,He is probably aware that the latter faked his death. It is not revealed what happens to Brinon and his cohorts after the death of their employer.,"Brinon is the bodyguard of Colonel Jacques Bouvar in Thunderball, portrayed by the French actor François Avazeri. He is probably aware that the latter faked his death. Biography In Dreux, France, Jacques Bouvar's mock funeral takes place and Brinon waits for Bouvar outside the chapel where the funeral is taking place. After James Bond assassinates Bouvar, Brinon and a butler pursue the spy until he escapes in a jet pack and joins Mlle. La Porte and his Aston Martin DB5. Brinon and two other men emerge from the castle and fire shots at the car before heavy sprays of water emerge from the Aston and knock Brinon and the other two men down, allowing Bond and La Porte to escape. It is not revealed what happens to Brinon and his cohorts after the death of their employer. It is not clear whether he knows he is working for SPECTRE or not. References fr:Brinon Category:James Bond Characters Category:Film Characters Category:Thunderball (film) Characters Category:SPECTRE Agents Category:Vi"
8d9785696785,Emilio Largo (Tom Conti),James Bond 007,portrayed: *Tom Conti,,"Emilio Largo was a fictional criminal operative and board member of the secretive criminal organisation, SPECTRE. He was portrayed by the Scottish actor Tom Conti in the radio drama by the BBC. Biography Thunderball To be added Personality To be added Henchmen & Associates To be added Weapons & Equipment To be added Gallery Trivia To be added See also Emilio Largo Emilio Largo (Literary) Emilio Largo (Adolfo Celi) Maximillian Largo References Category:James Bond Characters Category:Radio Drama Characters Category:Thunderball (radio drama) Characters Category:Villains Category:Main Villains Category:Male Characters Category:SPECTRE Agents Category:Masterminds Category:Psychopaths Category:2010s Radio Drama Characters"
2056b2b04729,Hugo Drax (Samuel West),James Bond 007,portrayed: Samuel West,"He is portrayed by British actor Samuel West in the radio drama for the BBC

Biography
Background
To be added

Moonraker
To be added

Personality
To be added

Henchmen & Associates 
To be added

Weapons & Equipment
To be added

Gallery

See also
Hugo Drax
Sir Hugo Drax (Literary)
Hugo Drax (Michael Lonsdale)
Gustav Graves

References

Category:James Bond Characters
Category:Radio Drama Characters
Category:Moonraker (2018 radio drama) Characters
Category:Villains
Category:Main Villains
Category:Male Characters
Category:Omnicidal Maniacs
Category:Germans
Category:Terrorists
Category:Nazis
Category:Gamblers
Category:British Peers
Category:Businessmen
Category:British
Category:Aristocrats
Category:Deceased Characters","Hugo Drax is a nazi, turned undercover agent who planned to destroy the United Kingdom with his Moonraker Rocket. He is portrayed by British actor Samuel West in the radio drama for the BBC Biography Background To be added Moonraker To be added Personality To be added Henchmen & Associates To be added Weapons & Equipment To be added Gallery See also Hugo Drax Sir Hugo Drax (Literary) Hugo Drax (Michael Lonsdale) Gustav Graves References Category:James Bond Characters Category:Radio Drama Characters Category:Moonraker (2018 radio drama) Characters Category:Villains Category:Main Villains Category:Male Characters Category:Omnicidal Maniacs Category:Germans Category:Terrorists Category:Nazis Category:Gamblers Category:British Peers Category:Businessmen Category:British Category:Aristocrats Category:Deceased Characters"
fd6164b21a5c,Solitaire (Rutina Wesley),James Bond 007,portrayed: Rutina Wesley,,"Solitaire is a fictional character who worked for Mr. Big, before she assisted James Bond in stopping the crime lord. She is portrayed by American actor Rutina Wesley in the radio drama by the BBC. Biography Background To be added Live and Let Die To be added Personality To be added Behind the Scenes To be added Trivia To be added Gallery See also Solitaire Solitaire (Literary) Solitaire (Jane Seymour) Category:James Bond Characters Category:Radio Drama Characters Category:Live and Let Die (radio drama) Characters Category:Allies Category:Female Characters Category:Henchmen Category:Haitians Category:Bond Girls"
9e36e8d50235,Francisco Scaramanga (Guillermo Diaz),James Bond 007,portrayed: Guillermo Diaz,,"Francisco Scaramanga is an international assassin, who became a target of James Bond. He was portrayed by American actor Guillermo Diaz in the radio drama produced by the BBC. Biography Background To be added The Man with the Golden Gun To be added Personality To be added Henchmen & Associates To be added Weapons & Equipment To be added Behind the Scenes To be added Trivia To be added Gallery See also KGB Francisco Scaramanga Francisco Scaramanga (Literary) Francisco Scaramanga (Christopher Lee) Golden Gun References Category:James Bond Characters Category:Radio Drama Characters Category:The Man with the Golden Gun (radio drama) Characters Category:Male Characters Category:Villains Category:Main Villains Category:Assassins Category:Gangsters Category:Criminals Category:Titular Characters"
01854969ba96,M (John Standing),James Bond 007,portrayed: John Standing,,"Sir Miles Messervy (known by his first initial, ""M"") is a fictional character in Ian Fleming's James Bond series; the character is the Head of Secret Intelligence Service—also known as MI6. He was portrayed by British actor John Standing, in a series of radio dramas by the BBC from 2008 to 2025, starting with Dr. No and up to Casino Royale. Biography Background To be added Dr. No To be added Goldfinger To be added From Russia with Love To be added On her Majesty's Secret Service To be added Diamonds are Forever To be added Thunderball To be added Moonraker To be added Live and Let Die To be added The Man with the Golden Gun To be added Casino Royale To be added Personality To be added Behind the scenes To be added Trivia To be added See also M (Literary) M (Bernard Lee) M (Robert Brown) M (Judi Dench) (classic film continuity) M (Judi Dench) (modern continuity) M (Ralph Fiennes) References Category:James Bond Characters Category:Radio Drama Characters Category:Casino "
2aa0ba3888a2,Auric Goldfinger (Ian McKellen),James Bond 007,portrayed: Ian McKellen,,"Auric Goldfinger was an entrepreneur and the treasurer of SMERSH. He was portrayed by British actor, Sir Ian McKellen in a radio drama produced by the BBC. Biography Background To be added Goldfinger To be added Personality To be added Henchmen & Associates Weapons & Equipment To be added Behind the Scenes To be added Trivia To be added Gallery See also Auric Goldfinger Auric Goldfinger (Literary) Auric Goldfinger (Gert Fröbe) Auric Goldfinger (Graham Crowden) Auric Goldfinger (Dynamite) Auric Goldfinger (James Bond Jr.) Auric Goldfinger (Enn Reitel) Goldfinger List of James Bond villains References Category:James Bond Characters Category:Radio Drama Characters Category:Goldfinger (radio drama) Characters Category:Villains Category:Main Villains Category:SMERSH Members Category:Titular Characters Category:Male Characters Category:Agents Category:Smugglers Category:Businessmen Category:Gamblers Category:2010s Radio Drama Characters"
b31d890e1931,Ernst Stavro Blofeld (Alfred Molina),James Bond 007,portrayed: Alfred Molina,,Ernst Stavro Blofeld is the founder and head of the criminal organisation SPECTRE and the archenemy of the British Secret Service agent James Bond. He was portrayed by British actor Alfred Molina in the radio drama adaptations of On Her Majesty's Secret Service and Thunderball. Biography Background To be added On Her Majesty's Secret Service To be added Thunderball To be added Personality To be added Henchmen & Associates To be added Weapons & Equipment To be added Behind the Scenes To be added Trivia To be added See also Ernst Stavro Blofeld Ernst Stavro Blofeld (Literary) Ernst Stavro Blofeld (classic film continuity) Ernst Stavro Blofeld (Christoph Waltz) Ernst Stavro Blofeld (Max von Sydow) Ernst Stavro Blofeld (Gideon Emery) Ernst Stavro Blofeld (Glenn Wrage) Ernst Stavro Blofeld (Dynamite) SPECTRE References Category:James Bond Characters Category:Radio Drama Characters Category:On Her Majesty's Secret Service (radio drama) Characters Category:Thunderball (radio dram
e3e651cf8f3d,Oddjob (Jon David Yu),James Bond 007,portrayed: Jon David Yu,,Oddjob was the Korean manservant and enforcer of Auric Goldfinger. He was portrayed by Jon David Yu in a radio drama produced by the BBC. Biography Background To be added Goldfinger To be added Personality To be added Weapons & Equipment To be added Behind the Scenes To be added Trivia To be added Gallery See also Oddjob Oddjob (Literary) Oddjob (Harold Sakata) Oddjob (James Bond Jr.) References Category:James Bond Characters Category:Radio Drama Characters Category:Goldfinger (radio drama) Characters Category:Male Characters Category:Villains Category:Henchmen Category:Koreans Category:Butlers Category:2010s Radio Drama Characters
47d9caee0cbd,Red Grant (Nathaniel Parker),James Bond 007,portrayed: Nathaniel Parker,,"Donovan ""Red"" Grant or Krassno Granitski (Красно Гранитский), born Donovan Grant, is an assassin in the employ of Otdyel II, the execution department of SMERSH headed by Colonel Rosa Klebb. He was portrayed by British actor, Nathaniel Parker in a radio drama produced by the BBC. Biography Background To be added From Russia with Love To be added Personality To be added Weapons & Equipment To be added Behind the Scenes To be added Trivia To be added See also Red Grant Red Grant (Literary) Red Grant (Robert Shaw) Red Grant (World of Espionage) References Category:James Bond Characters Category:Radio Drama Characters Category:From Russia with Love (radio drama) Characters Category:Villains Category:Henchmen Category:Assassins Category:SMERSH Members Category:Russians Category:Soviet People Category:British Category:Irish Category:Male Characters Category:Psychopaths Category:Sociopaths Category:Intelligence Operatives Category:Agents Category:KGB Agents Category:2010s Radio Drama"
b7a08d778457,French Legionnaire,James Bond 007,portrayed: Jean-Paul Belmondo,He was killed in the explosion caused by Dr.,"The French Legionnaire was a minor character who appeared at the end of Casino Royale (1967 film). Biography Casino Royale (1967 film) During the fight at the end of the movie, the French Legionnaire arrived at Casino Royale and informs Sir James Bond that the French have arrived in his French accent, but he translates his message in English in his English translation book. While punching a few people, the French Legionnaire goes from exclaiming ""Ouch!"" in French and translating it in his book. He was killed in the explosion caused by Dr. Noah after he swallowed an atomic bomb pill. Category:James Bond Characters Category:Film Characters Category:Casino Royale (1967) Characters Category:Male Characters"
9ba8a23e5405,French legionnaire,James Bond 007,portrayed: Jean-Paul Belmondo,He was killed in the explosion caused by Dr.,"The French Legionnaire was a minor character who appeared at the end of Casino Royale (1967 film). Biography Casino Royale (1967 film) During the fight at the end of the movie, the French Legionnaire arrived at Casino Royale and informs Sir James Bond that the French have arrived in his French accent, but he translates his message in English in his English translation book. While punching a few people, the French Legionnaire goes from exclaiming ""Ouch!"" in French and translating it in his book. He was killed in the explosion caused by Dr. Noah after he swallowed an atomic bomb pill."
fa78570b270d,James Bond (From Russia with Love video game),James Bond 007,portrayed: Sean Connery,,"Commander James Bond CMG is a Senior Operational Officer of the Double-O Section, an ultra-covert Black Ops unit within the Secret Intelligence Service (SIS/MI6). As an agent of MI6, Bond holds cryptonym ""007"". The '00' prefix indicates his discretionary licence to kill in the performance of his duties. He was created and developed by the British author and former naval intelligence officer Ian Fleming. Biography From Russia with Love (video game) To be added Gallery Screenshots Promotional Behind the Scenes See also James Bond (Personality and Traits) From Russia with Love (video game) James Bond (Literary) James Bond (Sean Connery) James Bond (George Lazenby) James Bond (Roger Moore) James Bond (Timothy Dalton) James Bond (Pierce Brosnan) James Bond (Daniel Craig) James Bond (Toby Stephens) James Bond (Others) References Category:James Bond Characters Category:Game Characters Category:James Bonds Category:From Russia with Love (game) Characters Category:Bond Family Category:Ma"
f0a5d07a783a,Q (Phil Proctor),James Bond 007,portrayed: Phil Proctor,,"Major Boothroyd (also known by the initial ""Q"") was the quartermaster of the Secret Intelligence Service (SIS/MI6). Biography From Russia with Love (video game) To be added Gallery Screenshots Promotional See also Major Boothroyd (Literary) Major Boothroyd (Peter Burton) Q (Desmond Llewelyn) Q (John Cleese) Q (Ben Whishaw) Q (Geoffrey Bayldon) Q (Alec McCowen) Q (Gregg Berger) Q (Peter Capaldi) Q (Julian Sands) Q (Dynamite) References Category:James Bond Characters Category:Game Characters Category:From Russia with Love (game) Characters Category:Allies Category:Male Characters Category:British Category:SIS Personnel Category:Quartermasters Category:Inventors Category:2000s Game Characters"
b1112a8bcd10,M (Peter Renaday),James Bond 007,portrayed: Peter Renaday,,"Sir Miles Messervy (known by his first initial, ""M"") is a character in Ian Fleming's James Bond series; the character is the Head of Secret Intelligence Service—also known as MI6. Biography From Russia with Love (video game) To be added Gallery Screenshots See also M (Literary) M (Bernard Lee) M (Robert Brown) M (Judi Dench) (classic film continuity) M (Judi Dench) (modern continuity) M (Ralph Fiennes) M (John Standing) References Category:James Bond Characters Category:Game Characters Category:From Russia with Love (game) Characters Category:Allies Category:SIS Personnel Category:Male Characters Category:British Category:Heads of MI6 Category:Military Figures Category:British Peers Category:Aristocrats Category:Spymasters Category:2000s Game Characters"
e54fc9580fee,Mr. DNA,Jurassic Park,appearances: ''Jurassic World: Camp Cretaceous'' | portrayed: Greg Burson (voice; ''Jurassic Park'')Colin Trevorrow (voice; ''Jurassic World'')Jeff Bergman (voice; ''Jurassic World: Camp Cretaceous''),"DNA death screen from Jurassic Park: The Game. DNA would appear when the playable character died saying ""You died!"" along with a counter tracking how many times the player had died.","Mr. DNA was a cartoon character designed to explain to Jurassic Park tourists, who are assumed to be laymen, how InGen recreated the dinosaurs. He was an anthropomorphic DNA helix with arms, legs, and a face. He was created solely for the movie and never appeared in the novels. History Creation thumb|right|Mr. DNA circa 1993. Mr. DNA was created by InGen to help visitors understand the processes involved in the creation of the dinosaurs on Jurassic Park. A film starring him and InGen's founder John Hammond would be played in a theater located in the park's Visitor Center before a tour. Mr. DNA also was used on the maintenance board of Jurassic Park's Geothermal Power Plant and on a board telling how tall a person must be to ride the upcoming Bone Shaker roller coaster. After the Jurassic Park Incident the cartoon character seemed to have been put out of service by his company for about a decade. Jurassic World |thumb|150px|left|A variation of Mr. DNA with the colors of Jurassic Wor"
59fc896a9ddc,Chaos Effect Ian Malcolm,Jurassic Park,appearances: Chaos Effect | species: Human,,"This version of Ian Malcolm is one of two human figures from the Chaos Effect toy line. He sports a yellow body suit with armour, a large claw to grapple the mutated dinosaurs and Tyrannosaurus rex hatchling. Category:Jurassic Park: Chaos Effect"
2f4035ecd883,Chaos Effect Roland Tembo,Jurassic Park,appearances: Chaos Effect | species: Human,,Roland Tembo was the second human figure released for the Chaos Effect toy line. He features a Gatling gun with missiles and a Ultimasaurus hatchling. Category:Jurassic Park: Chaos Effect
73e241fd5b66,Monorail Announcer,Jurassic Park,portrayed: Brad Bird | species: Human,,The Monorail Announcer was a voice heard by visitors to Jurassic World who rode the monorail into the main area of the park. Navigation Category:Male characters Category:Jurassic World employees Category:Jurassic World minor characters Category:Unnamed Characters Category:Unseen Characters Category:Adults Category:Jurassic World characters
311ea6bc5bcb,Park Announcer,Jurassic Park,portrayed: Bonnie Wild | species: Human,,"The Park Announcer was a voice heard by visitors over the P.A. system throughout Jurassic World. The P.A. System is never seen but heard in Jurassic World (film) Announcements ""Welcome to Isla Nublar, home of Jurassic World. We hope you have a safe and enjoyable stay with us"" ""Please obey all park rules following attire including shoes and shirts must be warn at all times."" ""Due to technical difficulties all our exhibits are now closed."" ""Due to technical difficulties all our exhibits are now closed. Please disembark all rides, and return to the resort."" ""Ladies and Gentlemen, due to a containment anomaly all guests must take shelter immediately."" ""Ladies and Gentlemen, we'd like to thank you for your patience. The next ferry will be leaving in 45 minutes if you require immediate medical attention, please report to the nearest health services."" ""Thank you for visiting Jurassic World, we hope you enjoyed your adventure. Don't forget to visit the gift shop and remember it's always happy"
fa63f837929c,Park Ranger,Jurassic Park,species: Human | portrayed: Billy Smith,,The Park Ranger was a Jurassic World park ranger who was on guard duty at Gate 05 when Gray and Zach Mitchell came driving up to the main gate in Jeep 29. He and a fellow ranger then watched in surprise as a flock of Pteranodons and Dimorphodons appeared over the horizon and began flying towards them. Navigation Category:Jurassic World minor characters Category:Jurassic World employees Category:Unnamed Characters Category:Male characters Category:Adults Category:Jurassic World characters
17048cd0cce9,Soldier,Jurassic Park,appearances: ''LEGO Jurassic World'' | species: Human,,"is a group that appears in LEGO Jurassic World. They are male and wear bright red combat armor. They are based on the US Marines that appeared in . Video Games LEGO Jurassic World Several soldiers appear at the end cut scene of the Jurassic Park III missions where they arrive at the beach of Isla Sorna and rescue Dr. Alan Grant and the Kirbys. As a playable character, the soldier wields a tranquilizer gun that can be used to shoot objects and enemy dinosaurs. Category:LEGO Jurassic World characters Category:Games characters"
9d0f76d30d4d,Mark Hanson,Jurassic Park,appearances: Jurassic Park III: The DNA Factor | species: Human,,Mark Hanson is one of the playable characters of Jurassic Park III: The DNA Factor. Mark was the photographer of the cargo plane flying over Isla Sorna before it was struck by lightning and crashed on the island. Category:Jurassic Park III: The DNA Factor characters
2d83a41c18d8,Ordov,Jurassic Park,species: Human | portrayed: Sean Gislingham,,Senator Ordov''https://www.imdb.com/title/tt4881806/fullcredits?ref_=tt_cl_sm#cast was a US senator who participated in the hearings on whether or not the United States government ought to intervene on behalf of the dinosaurs of Isla Nublar. He listened to testimony from Dr. Ian Malcolm. References Navigation Category:Male characters Category:Adults Category:United States Portal Category:U.S. Characters
1decd9c76369,Swanbeck,Jurassic Park,species: Human | portrayed: Max Baker,,Mr. Swanbeck''https://www.imdb.com/title/tt4881806/fullcredits?ref_=tt_cl_sm#cast was a character appearing in . References Navigation Category:Male characters
eecd06fe3e6c,Wyatt,Jurassic Park,appearances: ''The Evolution of Claire'' | species: Human | gender: Male,,"Wyatt was an Intern for Bright Minds. He didn't get along with the other interns very well. His presence in the Bright Minds program is said to be due to nepotism as his father is an executive for one of Masrani's companies. He attends Harvard and throughout the course of the novel acts as a minor antagonistic force towards the other interns. History The Evolution of Claire His first interaction with Claire Dearing is on the dock before they get on the boat to Jurassic World. Once on the boat while Tanya Skye and Veronica ""Ronnie"" Torres are having a conversation about dyeing hair, he voices his opinion that men prefer natural colors. The other interns react poorly to this and he remains in conflict with them for the rest of their stay. When Claire and Justin Hendricks went to the Botanical Gardens they found him flirting with Amanda. It was here that he told them all of his phantom intern story but was dismissed as a conspiracy theorist by Justin upon which Wyatt insulted his m"
93f472436ca8,Amanda,Jurassic Park,appearances: ''The Evolution of Claire'' | species: Human,,Amanda was an intern for Bright Minds. The Evolution of Claire Category:The Evolution of Claire characters Category:Female characters Category:Characters Category:Minor Characters Category:Unseen Characters
fd581155dc1e,"Veronica ""Ronnie"" Torres",Jurassic Park,appearances: ''The Evolution of Claire'' | species: Human,,"Veronica ""Ronnie"" Torres was an intern for Bright Minds. She was Claire's friend. The Evolution of Claire Category:The Evolution of Claire characters Category:Female characters Category:Unseen Characters Category:Minor Characters Category:Characters"
8d642752b960,Madison,Jurassic Park,appearances: (Extended Edition) | species: Human | gender: Female | portrayed: Aisling Sharkey,,"Madison is a tourist seen in Dr. Alan Grant's dig site in Utah. Biography Jurassic World: Dominion left|thumb Madison and her friend are tourists in Grant's dig site. While he explains that palaeontology is science and there is truth on the fossils, the two girls are looking down to their phones. Afterwards, the two girls laugh, and Madison reads an Instagram post stating that a T. rex had a small brain. Grant refutes her, saying that the T. rex was smarter than initially thought. The girl points the phone with an Instagram post depicting a T. rex sighting and states that it seemed ""random"" to dig up fossils while there are living dinosaurs since the '90s.While the scene where the girls are looking down to their phones is seen in the theatrical release, it cuts the dialogue. However, the full scene was included on the extended edition of Dominion. References Navigation Category:Jurassic World: Dominion characters Category:Female characters Category:Humans Category:Living character"
6204ec97dd66,Black Car Driver,Jurassic Park,species: Human | gender: Male | portrayed: Ben Cooke,,The unnamed Black Car Driver is a driver who worked for Soyona Santos and drove Maisie Lockwood through Malta to a chartered jet to fly to Biosyn's headquarters in the Dolomites. Navigation Category:Jurassic World: Dominion characters Category:Males Category:Humans Category:Male characters Category:Minor Characters Category:Unnamed Characters
