Name,URL,Image_URL,Enemies,Seen in Series,Family,Ethnicity,Status,Location,Chapter Count,Type,Age,State,Hair Color,Leader(s),Episode Count,Romances,Eye Color,Aliases,Gender,Occupation,Real-world Counterpart/Filming Location,Pets,Actor,Issue/Episode,Merged With,Other Actors,Allies
A.J. Ford (TV Series),https://walkingdead.fandom.com/wiki/A.J._Ford_(TV_Series),https://static.wikia.nocookie.net/walkingdead/images/e/ec/AJ-Cropped.PNG/revision/latest/scale-to-width-down/268?cb=20141120050512,,,Ellen Ford † - Mother Abraham Ford † - Father Becca Ford † - Sister,Caucasian-American,Dead,,,,10,,Red,,,,,,Male,Pre-Apocalypse Assumed Elementary School Student,,,Drake Ethan Light,,,,
AMC,https://walkingdead.fandom.com/wiki/AMC,,,,,,,,,,,,,,,,,,,,,,,,,,
Aaron (TV Series),https://walkingdead.fandom.com/wiki/Aaron_(TV_Series),https://static.wikia.nocookie.net/walkingdead/images/7/70/Season_eleven_aaron.png/revision/latest/scale-to-width-down/268?cb=20220926174046,,,(Unnamed) † - Mother (Unnamed) † - Brother Eric Raleigh † - Late Husband Gracie - Adopted Daughter,Caucasian-American,Alive,,,,"Early 30s ("" Them "") Late 30s ("" Who Are You Now? "") Early 40s ("" Rest in Peace "")",,Brown,,70,(Unnamed) - Ex-Boyfriend Paul Rovia † - Ex-Boyfriend [ 1 ],,The Man with the Metal Arm (by Alpha ),Male,Pre-Apocalypse Former Politician NGO Worker Post-Apocalypse Former Recruiter for the Alexandria Safe Zone and the Commonwealth Former Soldier for the Militia and the Coalition Former Head of the Alexandria Council Co-Leader of the Coalition and the Alexandria Safe Zone,,,Ross Marquand,,,,
Abraham's Group (TV Series),https://walkingdead.fandom.com/wiki/Abraham%27s_Group_(TV_Series),https://static.wikia.nocookie.net/walkingdead/images/8/8a/S04E10_Abe%2C_Eugene_and_Rosita.png/revision/latest/scale-to-width-down/268?cb=20190709170619,Unknown,TV Series,,,Disbanded,None,,Survivors,,,,Abraham Ford,,,,G.R.E.A.T.M.,,,,,,""" Inmates "" to "" Coda """,Rick's Group,,None
Abraham Ford (TV Series),https://walkingdead.fandom.com/wiki/Abraham_Ford_(TV_Series),https://static.wikia.nocookie.net/walkingdead/images/e/ee/Season_six_abraham_ford.png/revision/latest/scale-to-width-down/268?cb=20210409010533,,,Ellen Ford † - Late Wife A.J. Ford † - Son Becca Ford † - Daughter,Caucasian-American,Dead,,,,Late 40s,,Red,,32,Rosita Espinosa † - Ex-Girlfriend Sasha Williams † - Girlfriend,Blue,Red (by Negan ),Male,Pre-Apocalypse Sergeant for the U.S Army Post-Apocalypse Former Leader of his own group Construction Foreman for the Alexandria Safe Zone,,,Michael Cudlitz,,,,
Adam Sutton (TV Series),https://walkingdead.fandom.com/wiki/Adam_Sutton_(TV_Series),https://static.wikia.nocookie.net/walkingdead/images/2/20/Season_eleven_adam_sutton.png/revision/latest/scale-to-width-down/268?cb=20221121231602,,,Frances † - Mother Mary † - Maternal Aunt John - Maternal Grandfather Alice - Maternal Grandmother Tammy Rose Sutton † - Adoptive Mother Earl Sutton † - Adoptive Father Alden † - Adoptive Father,Caucasian-American,Alive,,,,"6-8 Months ("" Bounty "") 1 ("" What It Always Is "") 3 ("" Rest in Peace "")",,Brown,,10,,,,Male,,,,Collete ( S9 ) Noah and Preston Wilbourn ( S11 ),,,"Unknown ( S9 , S10 , "" Rest in Peace "")",
Adeline (TV Series),https://walkingdead.fandom.com/wiki/Adeline_(TV_Series),https://static.wikia.nocookie.net/walkingdead/images/8/86/Season_nine_addy.png/revision/latest/scale-to-width-down/268?cb=20230723025924,,,Unknown,Caucasian-American,Dead,,,,Mid to Late Teens,,Dark Brown,,5,,,,Female,Pre-Apocalypse Student,,,Kelley Mack,,,,
Adrian (TV Series),https://walkingdead.fandom.com/wiki/Adrian_(TV_Series),https://static.wikia.nocookie.net/walkingdead/images/9/90/Extra9_%28JSS%29.png/revision/latest?cb=20151020235841,,,Unknown,Caucasian-American,Dead,,,,Early 30s,,Auburn,,2,,,,Male,Unknown,,,Andrew Rusk,,,,
Adrienne (TV Series),https://walkingdead.fandom.com/wiki/Adrienne_(TV_Series),https://static.wikia.nocookie.net/walkingdead/images/b/b7/Extra2_%28Lockdown%29.png/revision/latest/scale-to-width-down/268?cb=20220926183134,,,Unknown,Caucasian-American,Dead,,,,"Late 20s to Early 30s ("" Swear "") Mid to Late 30s ("" The Calm Before "")",,Brown,,13,,,,Female,Post-Apocalypse Photographer for the Commonwealth Tribune,,,Keely McAllister,,,,
Agatha (TV Series),https://walkingdead.fandom.com/wiki/Agatha_(TV_Series),https://static.wikia.nocookie.net/walkingdead/images/0/0f/Season_eleven_agatha.png/revision/latest/scale-to-width-down/268?cb=20210831190658,,,Unknown,Caucasian-American,Dead,,,,Mid to Late 30s,,Brown,,6,Duncan † - Late Boyfriend [ 1 ],,,Female,Unknown,,,Laurie Fortier,,,,
Aiden (TV Universe),https://walkingdead.fandom.com/wiki/Aiden_(TV_Universe),https://static.wikia.nocookie.net/walkingdead/images/2/21/Season_one_aiden.png/revision/latest/scale-to-width-down/268?cb=20240228215001,,,Elle - Sister (Unnamed) † - Unborn Child,Caucasian-American,Dead,,,,Mid to Late 30s,,Red,,1 ( The Walking Dead ) 1 ( The Ones Who Live ),Bailey † - Boyfriend,,,Female,Unknown,,,Breeda Wool,,,,
Aiden Monroe (TV Series),https://walkingdead.fandom.com/wiki/Aiden_Monroe_(TV_Series),https://static.wikia.nocookie.net/walkingdead/images/c/c6/Season_five_aiden_monroe.png/revision/latest/scale-to-width-down/267?cb=20191230200707,,,Reg Monroe † - Father Deanna Monroe † - Mother Spencer Monroe † - Brother,Caucasian-American,Dead,,,,Late 20s to Early 30s,,Black,,2,,,,Male,Pre-Apocalypse Army R.O.T.C. College Student Post-Apocalypse Supply Runner for the Alexandria Safe Zone,,,Daniel Bonjour,,,,
Ainsley (TV Series),https://walkingdead.fandom.com/wiki/Ainsley_(TV_Series),https://static.wikia.nocookie.net/walkingdead/images/5/59/Season_ten_ainsley.png/revision/latest/scale-to-width-down/268?cb=20210308095003,,,Unknown,Caucasian-American,Dead,,,,Late 20s to Early 30s,,Dark Brown,,,,,,Female,Unknown,,,Haley Leary,,,,
Albert (TV Series),https://walkingdead.fandom.com/wiki/Albert_(TV_Series),https://static.wikia.nocookie.net/walkingdead/images/4/4c/Season_five_albert.png/revision/latest/scale-to-width-down/268?cb=20210728022810,,,Unknown,Caucasian-American,Dead,,,,Early 20s,,Dark Brown,,2,,,,Male,Post-Apocalypse Former Security at Terminus,,,Benjamin Papac,,,,
Alden (TV Series),https://walkingdead.fandom.com/wiki/Alden_(TV_Series),https://static.wikia.nocookie.net/walkingdead/images/1/15/Season_eleven_alden.png/revision/latest/scale-to-width-down/268?cb=20210830161754,,,(Unnamed) † - Brother Adam Sutton - Adopted Son,Caucasian-American,Dead,,,,"22 ("" The Damned "") 23 ("" A New Beginning "") 29 ("" Who Are You Now? "") 30 ("" Lines We Cross "")",,Light Brown,,28,Enid † - Late Girlfriend,Brown,,Male,"Pre-Apocalypse Student Post-Apocalypse Former Worker for the Saviors Former Soldier for the Militia Former Construction Foreman, Blacksmith and Council Member [ 1 ] for the Hilltop Colony Soldier for the Coalition",,,Callan McAuliffe,,,,
Alek (TV Series),https://walkingdead.fandom.com/wiki/Alek_(TV_Series),https://static.wikia.nocookie.net/walkingdead/images/c/c1/Season_nine_alek.png/revision/latest/scale-to-width-down/268?cb=20250625034225,,,Unknown,Caucasian-American,Dead,,,,Early 40s,,Brown,,,,,,Male,Post-Apocalypse Road Patrol between the joint communities,,,Jason Kirkpatrick,,,,
Alex (Alexandria),https://walkingdead.fandom.com/wiki/Alex_(Alexandria),https://static.wikia.nocookie.net/walkingdead/images/e/ec/Season_ten_alex.png/revision/latest/scale-to-width-down/268?cb=20191028155056,,,Unknown,Caucasian-American,Dead,,,,Mid 20s,,Dark Brown,,2,,,,Male,Pre-Apocalypse Student Post-Apocalypse Former Nurse for the Alexandria Safe Zone Doctor for the Hilltop Colony,,,Austin Freeman,,,Unknown Stand-In ( S9 ),
Alex (Terminus),https://walkingdead.fandom.com/wiki/Alex_(Terminus),https://static.wikia.nocookie.net/walkingdead/images/8/89/Season_four_alex.png/revision/latest/scale-to-width-down/268?cb=20250623020635,,,Mary † - Mother Gareth † - Brother,Caucasian-American,Dead,,,,Mid to Late 20s,,Black,,2,,,,Male,Unknown,,,Tate Ellington,,,,
Alexa Park (TV Series),https://walkingdead.fandom.com/wiki/Alexa_Park_(TV_Series),https://static.wikia.nocookie.net/walkingdead/images/c/c9/Season_eleven_alexa_park.png/revision/latest/scale-to-width-down/268?cb=20220228024516,,,Unknown,Caucasian-American,Unknown,,,,Late 20s to Early 30s,,Blonde,,,,,,Female,Pre-Apocalypse Painter,,,Unknown,,,,
Alexandria Safe Zone (TV Universe),https://walkingdead.fandom.com/wiki/Alexandria_Safe_Zone_(TV_Universe),https://static.wikia.nocookie.net/walkingdead/images/7/7f/Alexandria_S9.png/revision/latest/scale-to-width-down/268?cb=20190815212231,,,,,Active,,,Pre-Apocalypse Residential Development Post-Apocalypse Settlement Former Military Safe Zone Former Commonwealth Outpost and Labor Camp,,Virginia,,,,,,Outpost 22 (under the Commonwealth 's reign),,,"Alexandria, Virginia",,,,,,
Alfred (TV Series),https://walkingdead.fandom.com/wiki/Alfred_(TV_Series),https://static.wikia.nocookie.net/walkingdead/images/f/f7/Season_ten_alfred.png/revision/latest/scale-to-width-down/268?cb=20250625033433,,,Unknown,Caucasian-American,Dead,,,,Mid to Late 30s,,Dark Brown (Graying),,3,,,,Male,Post-Apocalypse Soldier for the Coalition Guard for the Alexandria Safe Zone,,,David Shae,,,,
Alice (TV Series),https://walkingdead.fandom.com/wiki/Alice_(TV_Series),https://static.wikia.nocookie.net/walkingdead/images/c/cb/Season_nine_alice.png/revision/latest?cb=20200127065755,,,Frankie † - Adoptive Mother,African/Caucasian-American,Unknown,,,,"9-10 ("" Scars "") 15-16 ("" The Calm Before "")",,Brown,,2,,,,Female,Pre-Apocalypse Student,,,"Jaydin McCollum ("" Scars "")",,,"Unknown ("" The Calm Before "")",
Alisha (TV Series),https://walkingdead.fandom.com/wiki/Alisha_(TV_Series),https://static.wikia.nocookie.net/walkingdead/images/1/1e/Season_four_alisha.png/revision/latest/scale-to-width-down/268?cb=20191119034019,,,Unknown,Caucasian/African/Asian-American,Dead,,,,Mid to Late 20s,,Brown,,4,Tara Chambler † - Girlfriend,,,Female,Pre-Apocalypse Army Reserve Post-Apocalypse Soldier for the Governor's Militia,,,Juliana Harkavy,,,,
Aliyah (TV Series),https://walkingdead.fandom.com/wiki/Aliyah_(TV_Series),https://static.wikia.nocookie.net/walkingdead/images/6/61/Season_eleven_aliyah.png/revision/latest/scale-to-width-down/268?cb=20230322022122,,,Nabila - Mother Jerry - Father Ezra - Brother Mariam - Sister,African/Samoan-American,Alive,,,,"4 ( Season 9 ) 5 ( Season 10 ) 6-7 ("" Rest in Peace "")",,Brown,,13,,,,Female,,,,Autumn Azul,,,,
Allen (TV Series),https://walkingdead.fandom.com/wiki/Allen_(TV_Series),https://static.wikia.nocookie.net/walkingdead/images/4/49/Season_three_allen.png/revision/latest/scale-to-width-down/268?cb=20230328225658,,,Donna † - Late Wife Ben † - Son,Caucasian-American,Dead,,,,Late 30s,,Brown,,7,,,,Male,Post-Apocalypse Soldier for the Woodbury Army,,,Daniel Thomas May,,,,
Alpha (TV Universe),https://walkingdead.fandom.com/wiki/Alpha_(TV_Universe),https://static.wikia.nocookie.net/walkingdead/images/0/03/Season_ten_alpha.png/revision/latest/scale-to-width-down/268?cb=20210228061359,,,(Unnamed) † - Father Frank † - Late Husband Lydia - Daughter,Caucasian-American,Dead,,,,"Early to Mid 30s ("" Dee "") Late 30s to Early 40s ("" Adaptation "")",,Dirty Blonde (Shaved Head),,19 ( The Walking Dead ) 1 ( Tales ),Negan Smith - Lover,Blue,Dee Alpha Debbie (at the Fair ) Skin Queen (by Negan ),Female,Post-Apocalypse Former Janitor on Brooke's Steamboat Former Leader of the Whisperers,,,Samantha Morton,,,,
Alvarado (TV Series),https://walkingdead.fandom.com/wiki/Alvarado_(TV_Series),https://static.wikia.nocookie.net/walkingdead/images/1/14/508_Alvarado.png/revision/latest?cb=20141201041001,,,Unknown,Latino-American,Dead,,,,Early to Mid 30s,,Black,,4,,,,Male,Pre-Apocalypse Police Officer,,,Sammy Hadid,,,,
Alvaro (TV Series),https://walkingdead.fandom.com/wiki/Alvaro_(TV_Series),https://static.wikia.nocookie.net/walkingdead/images/9/9d/Season_eight_alvaro.png/revision/latest/scale-to-width-down/268?cb=20190727025652,,,( Unnamed ) - Father,Latino-American,Dead,,,,Mid to Late 30s,,Black,,9,,,,Male,Post-Apocalypse Soldier for the Kingdom Soldier for the Militia,,,Carlos Navarro,,,,
Alves (TV Series),https://walkingdead.fandom.com/wiki/Alves_(TV_Series),https://static.wikia.nocookie.net/walkingdead/images/b/bf/Season_eleven_alves.png/revision/latest/scale-to-width-down/268?cb=20220328045709,,,Unknown,Caucasian-American,Dead,,,,Early to Mid 30s,,Black,,,,,,Male,Post-Apocalypse Soldier for the Commonwealth Army,,,J.R. Adduci,,,,
Amanda (TV Series),https://walkingdead.fandom.com/wiki/Amanda_(TV_Series),https://static.wikia.nocookie.net/walkingdead/images/2/2d/Season_nine_amanda.png/revision/latest/scale-to-width-down/268?cb=20190709114524,,,Unknown,Caucasian-American,Unknown,,,,Late 20s,,Ginger,,,,,,Female,Unknown,,,Ashlyn Stallings,,,,
Amanda Shepherd (TV Series),https://walkingdead.fandom.com/wiki/Amanda_Shepherd_(TV_Series),https://static.wikia.nocookie.net/walkingdead/images/f/f1/Season_five_officer_shepherd.png/revision/latest/scale-to-width-down/268?cb=20141128221422,,,Unknown,Caucasian-American,Dead,,,,Late 20s to Early 30s,,Brown,,3,,,,Female,Pre-Apocalypse Police Officer Post-Apocalypse Leader of Grady Memorial Hospital,,,Teri Wyble,,,,
Amber (TV Series),https://walkingdead.fandom.com/wiki/Amber_(TV_Series),https://static.wikia.nocookie.net/walkingdead/images/b/b5/Season_eight_amber.png/revision/latest/scale-to-width-down/268?cb=20250715165122,,,(Unnamed) - Mother,Caucasian-American,Unknown,,,,Early 20s,,Blonde,,3,"Mark † - Late Boyfriend Negan Smith - Ex-""Husband""",Blue,,Female,Unknown,,,Autumn Dial,,,,
Amelia (TV Series),https://walkingdead.fandom.com/wiki/Amelia_(TV_Series),https://static.wikia.nocookie.net/walkingdead/images/2/29/Season_ten_amelia.png/revision/latest/scale-to-width-down/268?cb=20191104045329,,,Milo † - Son,Caucasian-American,Dead,,,,Late 30s,,Blonde,,,,,,Female,Unknown,,,Virginia Newcomb,,,,
Amy Harrison (TV Series),https://walkingdead.fandom.com/wiki/Amy_Harrison_(TV_Series),https://static.wikia.nocookie.net/walkingdead/images/9/9c/Season_one_amy.png/revision/latest?cb=20180905005113,,,Mrs. Harrison † - Mother Terry Harrison † - Father Andrea Harrison † - Sister,Caucasian-American,Dead,,,,24,,Blonde,,7,,Blue,,Female,Pre-Apocalypse College Student,,,Emma Bell,,,,
Ana (TV Series),https://walkingdead.fandom.com/wiki/Ana_(TV_Series),https://static.wikia.nocookie.net/walkingdead/images/5/55/Season_four_ana.png/revision/latest/scale-to-width-down/268?cb=20250624225425,,,Unknown,Caucasian-American,Dead,,,,Early to Mid 20s,,Brown,,,Sam † - Boyfriend,,,Female,Unknown,,,Brina Palencia,,,,
Ancheta (TV Series),https://walkingdead.fandom.com/wiki/Ancheta_(TV_Series),https://static.wikia.nocookie.net/walkingdead/images/c/c0/Season_eleven_ancheta.png/revision/latest/scale-to-width-down/268?cb=20211013223933,,,Unknown,Basque-American,Dead,,,,Late 30s to Early 40s,,Brown,,4,,,,Male,Pre-Apocalypse Combat Engineer for the U.S. Military Mercenary Post-Apocalypse Engineer for the Reapers,,,Dane Davenport,,,,
Andre Anthony (TV Series),https://walkingdead.fandom.com/wiki/Andre_Anthony_(TV_Series),https://static.wikia.nocookie.net/walkingdead/images/3/36/Season_four_michonne%27s_son.png/revision/latest/scale-to-width-down/268?cb=20140210205108,,,Michonne Grimes - Mother Mike † - Father R.J. Grimes - Half Brother Mrs. Hawthorne † - Maternal Grandmother,African-American,Dead,,,,3,,Brown,,,,Brown,Peanut (by Michonne ),Male,,,,Unknown,,,,
Andrea Harrison (TV Series),https://walkingdead.fandom.com/wiki/Andrea_Harrison_(TV_Series),https://static.wikia.nocookie.net/walkingdead/images/e/ec/Season_three_andrea.png/revision/latest/scale-to-width-down/268?cb=20210226031328,,,Mrs. Harrison † - Mother Terry Harrison † - Father Amy Harrison † - Sister,Caucasian-American,Dead,,,,"36 ("" Guts "") 37 ("" Seed "")",,Blonde,,33,Shane Walsh † - Ex-Lover Philip Blake † - Ex-Boyfriend,Blue,Blondie (by Merle ),Female,Pre-Apocalypse Civil Rights Lawyer Post-Apocalypse Former Supply Runner for the Atlanta Camp Former Lookout for the Greene Family Farm Former Guard for Woodbury,,,Laurie Holden,,,,
Andrew (TV Series),https://walkingdead.fandom.com/wiki/Andrew_(TV_Series),https://static.wikia.nocookie.net/walkingdead/images/b/b7/Season_three_andrew.png/revision/latest/scale-to-width-down/268?cb=20210808114128,,,Unknown,African-American,Dead,,,,Mid 20s,,Brown,,3,,Brown,,Male,Unknown,,,Markice Moore,,,,
Andy (TV Series),https://walkingdead.fandom.com/wiki/Andy_(TV_Series),https://static.wikia.nocookie.net/walkingdead/images/8/82/Season_eight_andy.png/revision/latest/scale-to-width-down/268?cb=20200517202701,,,Unknown,Caucasian-American,Dead,,,,Early 30s,,Brown,,5,,,,Male,Post-Apocalypse Food Exchanger for the Hilltop Colony Soldier for the Militia,,,Jeremy Palko,,,,
Anna (TV Series),https://walkingdead.fandom.com/wiki/Anna_(TV_Series),https://static.wikia.nocookie.net/walkingdead/images/0/0b/Season_seven_anna.png/revision/latest/scale-to-width-down/268?cb=20180316234658,,,Unknown,Caucasian-American,Dead,,,,Late 30s to Early 40s,,Brown,,4,,,,Female,Unknown,,,Vanessa Cloke,,,,
Anne (TV Universe),https://walkingdead.fandom.com/wiki/Anne_(TV_Universe),https://static.wikia.nocookie.net/walkingdead/images/8/8a/Season_one_jadis_stokes_towl.png/revision/latest/scale-to-width-down/268?cb=20240304190704,,,Unknown,Caucasian-American,Dead,,,,"Mid 30s ("" New Best Friends "") Early 40s ("" Quatervois "") Mid 40s ("" Gone "")",,Brown,,16 ( The Walking Dead ) 6 ( World Beyond ) 5 ( The Ones Who Live ),Gabriel Stokes - Ex-Lover,Brown,Jadis Stokes (fake identity),Female,Pre-Apocalypse Art Teacher Artist Post-Apocalypse Former Leader of the Scavengers Former Human Trafficker and Warrant Officer of the Civic Republic Military,,,Pollyanna McIntosh,,,,
Annette Greene (TV Series),https://walkingdead.fandom.com/wiki/Annette_Greene_(TV_Series),https://static.wikia.nocookie.net/walkingdead/images/b/bd/Season_two_annette_greene_alive.png/revision/latest/scale-to-width-down/268?cb=20130727231014,,,Hershel Greene † - Husband Shawn Greene † - Son Beth Greene † - Daughter Maggie Rhee - Stepdaughter Hershel Rhee - Step-Grandson Arnold Greene † - Stepnephew Glenn Rhee † - Stepson-In-Law Mr. Greene † - Father-In-Law,Caucasian-American,Dead,,,,Mid to Late 50s,,Brown,,2,,Brown,,Female,Pre-Apocalypse Farmhand on the Greene Family Farm,,,Amber Chaney,,,,
Annie (TV Series),https://walkingdead.fandom.com/wiki/Annie_(TV_Series),https://static.wikia.nocookie.net/walkingdead/images/3/3c/Season_six_annie.png/revision/latest/scale-to-width-down/268?cb=20210308013800,,,Unknown,Caucasian-American,Dead,,,,Early 30s,,Brown,,2,,,,Female,Post-Apocalypse Supply Runner for the Alexandria Safe Zone,,,Beth Keener,,,,
Annie Smith (TV Universe),https://walkingdead.fandom.com/wiki/Annie_Smith_(TV_Universe),https://static.wikia.nocookie.net/walkingdead/images/7/75/Season_eleven_annie.png/revision/latest/scale-to-width-down/268?cb=20220923011355,,,Negan Smith - Husband Joshua Smith - Son Mrs. Smith † - Mother-In-Law Mr. Smith † - Father-In-Law,African-American,Alive,,,,Early to Mid 40s ( TV Series ) Late 40s to Early 50s ( Dead City ),,Black,,9 ( TV Series ) 2 ( Dead City ),,,,Female,Unknown,,,Medina Senghore,,,,
Anton (TV Series),https://walkingdead.fandom.com/wiki/Anton_(TV_Series),https://static.wikia.nocookie.net/walkingdead/images/f/f1/Season_eleven_anton.png/revision/latest/scale-to-width-down/268?cb=20221114230323,,,Unknown,African-American,Unknown,,,,Early 30s,,Black,,,,,,Male,Post-Apocalypse Soldier for the Commonwealth Army,,,Onye Eme-Akwari,,,,
Aphid (TV Series),https://walkingdead.fandom.com/wiki/Aphid_(TV_Series),https://static.wikia.nocookie.net/walkingdead/images/5/54/Season_six_aphid.png/revision/latest/scale-to-width-down/268?cb=20200108012427,,,Unknown,Caucasian-American,Dead,,,,Early to Mid 30s,,Brown,,,,,,Male,Pre-Apocalypse Garbage Collector [ 1 ],,,Duke Jackson,,,,
April Martens (TV Series),https://walkingdead.fandom.com/wiki/April_Martens_(TV_Series),https://static.wikia.nocookie.net/walkingdead/images/a/aa/Season_eleven_april_martens.png/revision/latest/scale-to-width-down/268?cb=20220328045711,,,Mrs. Martens - Mother Mr. Martens - Father ( Unnamed ) - Son ( Unnamed ) - Daughter,Caucasian-American,Dead,,,,Late 20s to Early 30s,,Brown,,,,,,Female,Unknown,,,Wynn Everett,,,,
Arat (TV Series),https://walkingdead.fandom.com/wiki/Arat_(TV_Series),https://static.wikia.nocookie.net/walkingdead/images/2/2f/Season_nine_arat.png/revision/latest/scale-to-width-down/268?cb=20251228072823,,,Unknown,Middle Eastern-American,Dead,,,,Mid to Late 20s,,Blonde (Dyed) Black,,11,,,,Female,Post-Apocalypse Former Lieutenant of the Saviors,,,Elizabeth Ludlow,,,,
Arnold Greene (TV Series),https://walkingdead.fandom.com/wiki/Arnold_Greene_(TV_Series),https://static.wikia.nocookie.net/walkingdead/images/7/73/Season_two_arnold_greene.png/revision/latest?cb=20131126233204,,,Hershel Greene † - Uncle Maggie Rhee - Cousin Beth Greene † - Cousin Shawn Greene † - Step-Cousin Josephine Greene † - Aunt Hershel Rhee - Cousin Glenn Rhee † - Cousin-In-Law,Irish-American,Dead,,,,Mid 20s,,Light Brown,,4,,Brown,,Male,Unknown,,,Tony Gowell,,,,
Ashley (TV Series),https://walkingdead.fandom.com/wiki/Ashley_(TV_Series),https://static.wikia.nocookie.net/walkingdead/images/b/b4/Teacher_%28Lines_We_Cross%29.png/revision/latest/scale-to-width-down/268?cb=20211031020102,,,Unknown,Caucasian-American,Unknown,,,,Early to Mid 30s,,Brown,,,,,,Female,Pre-Apocalypse Assumed Teacher Post-Apocalypse Teacher at the Alexandria Safe Zone,,,Heather Gilliland,,,,
"Atlanta, Georgia (TV Universe)","https://walkingdead.fandom.com/wiki/Atlanta,_Georgia_(TV_Universe)",https://static.wikia.nocookie.net/walkingdead/images/b/b4/The_Walking_Dead_Atlanta_Scene.jpg/revision/latest/scale-to-width-down/268?cb=20260606110125,,,,,Overrun by the undead and abandoned; partly destroyed; pockets of survivors scattered in some areas,,,City,,Georgia,,,,,,,,,Atlanta,,,,,,
Atlanta Nursing Home,https://walkingdead.fandom.com/wiki/Atlanta_Nursing_Home,https://static.wikia.nocookie.net/walkingdead/images/e/ee/Atlanta_Nursing_Home.jpg/revision/latest/scale-to-width-down/268?cb=20111101050722,,TV Series,,,Inactive,,,Nursing Home,,Georgia,,,,,,,,,,,,""" Vatos """,,,
Atlanta Survivor Camp (TV Series),https://walkingdead.fandom.com/wiki/Atlanta_Survivor_Camp_(TV_Series),https://static.wikia.nocookie.net/walkingdead/images/8/82/AMC_TWD_Days_Gone_Bye.png/revision/latest/scale-to-width-down/268?cb=20230708193838,,TV Series,,,Abandoned,,,Campsite,,Georgia,,,,,,,,,Shirley Clarke Franklin Park,,,""" Days Gone Bye "" to "" Wildfire """,,,
Attila (TV Series),https://walkingdead.fandom.com/wiki/Attila_(TV_Series),https://static.wikia.nocookie.net/walkingdead/images/c/c3/Season_eleven_attila.png/revision/latest/scale-to-width-down/268?cb=20221003182834,,,Unknown,African-American,Unknown,,,,Mid to Late 40s,,Black,,,,,,Male,Post-Apocalypse Wrestler,,,Raw Leiba,,,,
Austin (TV Series),https://walkingdead.fandom.com/wiki/Austin_(TV_Series),https://static.wikia.nocookie.net/walkingdead/images/5/5c/Season_eleven_austin.png/revision/latest/scale-to-width-down/268?cb=20220215203444,,,Unknown,Caucasian-American,Dead,,,,Early to Mid 30s,,Brown,,5,,,,Male,Pre-Apocalypse Soldier for the U.S. Military Mercenary,,,Lex Lauletta,,,,
Axel (TV Series),https://walkingdead.fandom.com/wiki/Axel_(TV_Series),https://static.wikia.nocookie.net/walkingdead/images/9/9d/Season_three_axel.png/revision/latest/scale-to-width-down/268?cb=20210825100235,,,(Unnamed) - Brother,Caucasian-American,Dead,,,,Early to Mid 40s,,Blond,,8,,Blue,,Male,Pre-Apocalypse Possible Motorcycle Mechanic,,,Lew Temple,,,,
Bailey (TV Universe),https://walkingdead.fandom.com/wiki/Bailey_(TV_Universe),https://static.wikia.nocookie.net/walkingdead/images/1/1f/Season_one_bailey.png/revision/latest/scale-to-width-down/268?cb=20240305011729,,,(Unnamed) † - Unborn Child,African-American,Dead,,,,Early to Mid 30s,,Black,,1 ( The Walking Dead ) 1 ( The Ones Who Live ),Aiden † - Late Girlfriend,,,Male,Unknown,,,Andrew Bachelor,,,,
Baker (TV Series),https://walkingdead.fandom.com/wiki/Baker_(TV_Series),https://static.wikia.nocookie.net/walkingdead/images/2/25/Season_eleven_baker.png/revision/latest/scale-to-width-down/268?cb=20220328045713,,,Unknown,African-American,Alive,,,,Early to Mid 30s,,Black,,3,,,,Male,Post-Apocalypse Soldier for the Commonwealth Army,,,Terrence James,,,,
"Baltimore, Maryland","https://walkingdead.fandom.com/wiki/Baltimore,_Maryland",https://static.wikia.nocookie.net/walkingdead/images/f/fa/Baltimore_Flag.jpg/revision/latest/scale-to-width-down/268?cb=20250202074708,,,,,Overrun,,,City,,Maryland,,,,,,,,,Baltimore,,,,,,
Barbara (TV Series),https://walkingdead.fandom.com/wiki/Barbara_(TV_Series),https://static.wikia.nocookie.net/walkingdead/images/2/20/Season_eleven_barbara.png/revision/latest/scale-to-width-down/268?cb=20211011010414,,,( Unnamed ) † - Son ( Unnamed ) † - Daughter,Caucasian-American,Alive,,,,"Late 20s to Early 30s ("" Forget "") Late 30s to Early 40s ("" Evolution "")",,Auburn,,20,,,,Female,Post-Apocalypse Babysitter,,,Mandi Christine Kerr,,,,
Barnes (TV Series),https://walkingdead.fandom.com/wiki/Barnes_(TV_Series),https://static.wikia.nocookie.net/walkingdead/images/f/f1/Season_six_barnes.png/revision/latest/scale-to-width-down/268?cb=20210304034459,,,Unknown,Caucasian-American,Dead,,,,Late 20s to Early 30s,,Brown,,2,,,,Male,Unknown,,,Justin Miles,,,,
Beatrice (TV Series),https://walkingdead.fandom.com/wiki/Beatrice_(TV_Series),https://static.wikia.nocookie.net/walkingdead/images/4/47/Season_ten_beatrice.png/revision/latest/scale-to-width-down/268?cb=20201003032437,,,( Unnamed ) † - Late Husband,Caucasian-American,Dead,,,,"Mid 20s ("" Swear "") Early 30s ("" A Certain Doom "")",,Dark Brown,,11,,,,Female,Post-Apocalypse Former Soldier for the Militia Soldier for the Coalition,,,Briana Venskus,,,"Justine Davis ("" Wrath "")",
Becca Ford (TV Series),https://walkingdead.fandom.com/wiki/Becca_Ford_(TV_Series),https://static.wikia.nocookie.net/walkingdead/images/8/87/Season_five_becca_ford.png/revision/latest/scale-to-width-down/268?cb=20141120050351,,,Ellen Ford † - Mother Abraham Ford † - Father A.J. Ford † - Brother,Caucasian-American,Dead,,,,Possibly 5-10,,Auburn,,,,,,Female,Pre-Apocalypse Elementary School Student,,,Unknown,,,,
Bello (TV Series),https://walkingdead.fandom.com/wiki/Bello_(TV_Series),https://static.wikia.nocookie.net/walkingdead/images/1/18/Season_five_officer_bello.png/revision/latest/scale-to-width-down/268?cb=20250711232524,,,Unknown,Caucasian-American,Dead,,,,Late 20s to Early 30s,,Brown,,2,,,,Female,Pre-Apocalypse Police Officer,,,Amber Dawn Fox,,,,
Ben (TV Series),https://walkingdead.fandom.com/wiki/Ben_(TV_Series),https://static.wikia.nocookie.net/walkingdead/images/a/af/BenCrop.PNG/revision/latest/scale-to-width-down/268?cb=20250627014152,,,Donna † - Mother Allen † - Father,Caucasian-American,Dead,,,,17,,Black,,5,,,,Male,Pre-Apocalypse Assumed High School Student Post-Apocalypse Soldier for the Woodbury Army,,,Tyler Chase,,,,
Benjamin (TV Series),https://walkingdead.fandom.com/wiki/Benjamin_(TV_Series),https://static.wikia.nocookie.net/walkingdead/images/7/79/Season_seven_benjamin.png/revision/latest/scale-to-width-down/268?cb=20210308000759,,,(Unnamed) † - Mother (Unnamed) † - Father Henry Sutton † - Brother,Caucasian-American,Dead,,,,Late Teens,,Light Brown,,4 ( The Walking Dead ) 1 ( Fear ),,,,Male,Pre-Apocalypse Assumed High School Student Post-Apocalypse Soldier for the Kingdom,,,Logan Miller,,,,
Bernie (TV Series),https://walkingdead.fandom.com/wiki/Bernie_(TV_Series),https://static.wikia.nocookie.net/walkingdead/images/3/34/Season_nine_bernie.png/revision/latest/scale-to-width-down/268?cb=20181119162405,,,Unknown,Caucasian-American,Dead,,,,Early 30s,,Black,,,,,,Male,Unknown,,,Louis Zehner,,,,
Bertie (TV Series),https://walkingdead.fandom.com/wiki/Bertie_(TV_Series),https://static.wikia.nocookie.net/walkingdead/images/1/1d/Season_ten_bertie.png/revision/latest/scale-to-width-down/268?cb=20210816160351,,,Unknown,African-American,Unknown,,,,"Late 30s ("" Knots Untie "") Mid to Late 40s ("" Stradivarius "")",,Black,,13,,,,Female,Post-Apocalypse Former Supply Runner and Teacher for the Hilltop Colony Former Soldier for the Militia and the Coalition Former Secretary for Maggie Rhee,,,Karen Ceesay,,,,
Beta (TV Series),https://walkingdead.fandom.com/wiki/Beta_(TV_Series),https://static.wikia.nocookie.net/walkingdead/images/5/5c/Season_ten_beta.png/revision/latest/scale-to-width-down/268?cb=20210322120038,,,Unknown,Caucasian-American,Dead,,,,"Early 40s ("" We Are the End of the World "", Flashbacks) Mid 40s ("" Guardians "")",,Brown (Graying),,14,,,Half Moon (stage name) Jolly Green Giant (by Negan ) Frowny McTwoKnives (by Negan) Fee Fi Fo Asshole (by Negan),Male,Pre-Apocalypse Country Musician Post-Apocalypse Former Second-in-Command and De-Facto Leader of the Whisperers,,,Ryan Hurst,,,,
Beth Greene (TV Series),https://walkingdead.fandom.com/wiki/Beth_Greene_(TV_Series),https://static.wikia.nocookie.net/walkingdead/images/2/2e/Season_five_beth_greene_%281%29.png/revision/latest/scale-to-width-down/267?cb=20220918023809,,,Annette Greene † - Mother Hershel Greene † - Father Maggie Rhee - Half Sister Shawn Greene † - Half Brother Arnold Greene † - Cousin Glenn Rhee † - Brother-In-Law (Unnamed) † - Paternal Grandfather Hershel Rhee - Half-Nephew,Irish-American,Dead,,,,"16 ("" Bloodletting "") 17 ("" Seed "") 18 ("" Alone "") [ 1 ]",,Blonde,,40,Jimmy † - Late Boyfriend Zach † - Late Boyfriend,Blue,Bethy (by her fam ily ) Doodlebug (by Hershel ),Female,Pre-Apocalypse High School Student Farmhand on the Greene Family Farm Post-Apocalypse Ward at Grady Memorial Hospital,,,Emily Kinney,,,,
Betsy (TV Series),https://walkingdead.fandom.com/wiki/Betsy_(TV_Series),https://static.wikia.nocookie.net/walkingdead/images/6/64/Season_six_betsy.png/revision/latest/scale-to-width-down/268?cb=20200221012439,,,David † - Late Husband,Indian-American,Dead,,,,Late 20s to Early 30s,,Brown,,,,,,Female,Unknown,,,Jasmine Kaur,,,,
Betty Coleman (TV Series),https://walkingdead.fandom.com/wiki/Betty_Coleman_(TV_Series),https://static.wikia.nocookie.net/walkingdead/images/3/3a/Debi_Hett_Kimsey_2_%28TSK%29.png/revision/latest/scale-to-width-down/268?cb=20200602000005,,,Michael Coleman † - Late Husband Michael Coleman Jr. † - Son Emily Coleman † - Daughter,Caucasian-American,Dead,,,,Late 60s to Early 70s,,White,,3,,,,Female,Post-Apocalypse Assumed Soldier for the Woodbury Army,,,Debi Hett-Kimsey,,,,
Big Tiny (TV Series),https://walkingdead.fandom.com/wiki/Big_Tiny_(TV_Series),https://static.wikia.nocookie.net/walkingdead/images/1/15/Season_three_big_tiny.png/revision/latest/scale-to-width-down/268?cb=20160320205206,,,Unknown,African-American,Dead,,,,Early to Mid 30s,,Black,,2,,Brown,,Male,Unknown,,,Theodus Crane,,,,
Big Tony (TV Series),https://walkingdead.fandom.com/wiki/Big_Tony_(TV_Series),https://static.wikia.nocookie.net/walkingdead/images/d/d7/TonyWalker-Crop.PNG/revision/latest?cb=20141001031344,,,Unknown,Caucasian-American,Dead,,,,Late 40s to Early 50s,,Brown,,,,,,Male,Pre-Apocalypse Owner and Founder of Big Tony's Express Mart,,,Unknown,,,,
Bill Jenkins (TV Series),https://walkingdead.fandom.com/wiki/Bill_Jenkins_(TV_Series),https://static.wikia.nocookie.net/walkingdead/images/7/70/Season_four_bill_jenkins.png/revision/latest?cb=20140926212328,,,Unknown,Caucasian-American,Dead,,,,Early to Mid 60s,,Brown (Bald),,,,,,Male,Pre-Apocalypse Army Veteran,,,Unknown,,,,
Billy (Meridian),https://walkingdead.fandom.com/wiki/Billy_(Meridian),https://static.wikia.nocookie.net/walkingdead/images/f/f4/Season_ten_billy.png/revision/latest/scale-to-width-down/268?cb=20210301021319,,,Unknown,Unknown,Dead,,,,Unknown,,Unknown,,,,,,Male,Unknown,,,None,,,,
Billy (TV Series),https://walkingdead.fandom.com/wiki/Billy_(TV_Series),https://static.wikia.nocookie.net/walkingdead/images/a/a8/Season_four_billy.png/revision/latest?cb=20140330164719,,,Unknown,Caucasian-American,Dead,,,,Early 30s,,Brown,,4 ( The Walking Dead ) 1 ( Red Machete ),,,,Male,Unknown,,,Eric Mendenhall,,,,
Billy Johnson (TV Series),https://walkingdead.fandom.com/wiki/Billy_Johnson_(TV_Series),https://static.wikia.nocookie.net/walkingdead/images/e/ea/Season_eleven_billy_johnson.png/revision/latest/scale-to-width-down/268?cb=20220322153921,,,Unknown,Unknown,Dead,,,,Unknown,,Unknown,,,,,,Male,Unknown,,,None,,,,
Bloodsworth Island,https://walkingdead.fandom.com/wiki/Bloodsworth_Island,https://static.wikia.nocookie.net/walkingdead/images/9/9e/Bloodworth-island.jpg/revision/latest/scale-to-width-down/268?cb=20191202151957,,,,,Abandoned,,,Island/Naval Base,,Maryland,,,,,,,,,Bloodsworth Island,,,,,,
Bob Lamson (TV Series),https://walkingdead.fandom.com/wiki/Bob_Lamson_(TV_Series),https://static.wikia.nocookie.net/walkingdead/images/1/10/Season_five_bob_lamson.png/revision/latest/scale-to-width-down/268?cb=20141128221421,,,( Unnamed ) - Son,Latino-American,Dead,,,,Late 30s,,Black (Bald),,2,,,,Male,Pre-Apocalypse Sergeant in the Atlanta Police Department Post-Apocalypse Guard at Grady Memorial Hospital,,,Maximiliano Hernández,,,,
Bob Miller (TV Series),https://walkingdead.fandom.com/wiki/Bob_Miller_(TV_Series),https://static.wikia.nocookie.net/walkingdead/images/1/1b/Season_seven_bob_miller.png/revision/latest/scale-to-width-down/268?cb=20170902160328,,,Natalie Miller † - Late Wife (Unnamed) - 5 Children (Unnamed) - 12 Grandchildren,Caucasian-American,Dead,,,,Mid 70s,,Gray,,14,,,,Male,Unknown,,,Curtis Jackson,,,,
Bob Stookey (TV Series),https://walkingdead.fandom.com/wiki/Bob_Stookey_(TV_Series),https://static.wikia.nocookie.net/walkingdead/images/a/a9/Season_five_bob_stookey.png/revision/latest/scale-to-width-down/267?cb=20260218073057,,,Unknown,African-American,Dead,,,,Early to Mid 30s,,Black,,20,Sasha Williams † - Girlfriend,,,Male,Pre-Apocalypse Medic for the U.S. Military Post-Apocalypse Former Supply Runner for the Prison,,,Lawrence Gilliard Jr.,,,,
Bobby (TV Series),https://walkingdead.fandom.com/wiki/Bobby_(TV_Series),https://static.wikia.nocookie.net/walkingdead/images/c/c4/Season_five_bobby.png/revision/latest/scale-to-width-down/268?cb=20170818053041,,,Unknown,Caucasian-American,Dead,,,,Mid 40s,,Black,,6,,,,Male,Post-Apocalypse Guard for the Alexandria Safe Zone Construction Worker for the Alexandria Safe Zone,,,Robert Morato,,,,
Boone (TV Series),https://walkingdead.fandom.com/wiki/Boone_(TV_Series),https://static.wikia.nocookie.net/walkingdead/images/1/17/Season_eleven_boone.png/revision/latest/scale-to-width-down/268?cb=20210907161531,,,Unknown,Caucasian-American,Dead,,,,Late 30s to Early 40s,,Unknown (Bald),,4,,,,Male,Pre-Apocalypse Soldier for the U.S. Military Mercenary,,,Zac Zedalis,,,,
Bossie (TV Series),https://walkingdead.fandom.com/wiki/Bossie_(TV_Series),https://static.wikia.nocookie.net/walkingdead/images/3/32/Season_eleven_bossie.png/revision/latest/scale-to-width-down/268?cb=20210907161539,,,Unknown,Caucasian-American,Dead,,,,Mid to Late 30s,,Brown,,3,,,,Male,Pre-Apocalypse Soldier for the U.S. Military Mercenary,,,Michael Shenefelt,,,,
Brady's Squad,https://walkingdead.fandom.com/wiki/Brady%27s_Squad,https://static.wikia.nocookie.net/walkingdead/images/1/17/National_Guardsmen.png/revision/latest/scale-to-width-down/268?cb=20131124213113,Woodbury Army,TV Series,,,Inactive,National Guard Camp Refugee Center (Formerly),,Military,,,,Brady,,,,,,,,,,""" Walk With Me """,,,U.S. Military
Brady (TV Series),https://walkingdead.fandom.com/wiki/Brady_(TV_Series),https://static.wikia.nocookie.net/walkingdead/images/e/e0/Season_three_brady.png/revision/latest/scale-to-width-down/268?cb=20250222183111,,,Unknown,Caucasian-American,Dead,,,,Late 30s to Early 40s,,Brown,,2,,,,Male,Pre-Apocalypse Corporal for the U.S. Military Post-Apocalypse Leader of his own squad,,,Gary Weeks,,,,
Brandon (TV Series),https://walkingdead.fandom.com/wiki/Brandon_(TV_Series),https://static.wikia.nocookie.net/walkingdead/images/2/22/Season_ten_brandon.png/revision/latest/scale-to-width-down/268?cb=20191028144803,,,(Unnamed) † - Mother (Unnamed) † - Father (Unnamed) - Adoptive Father,Caucasian-American,Dead,,,,Late Teens to Early 20s,,Brown,,3,,,,Male,Pre-Apocalypse Student Post-Apocalypse Former Prison Guard for the Alexandria Safe Zone,,,Blaine Kern III,,,,
Brandon Carver (TV Series),https://walkingdead.fandom.com/wiki/Brandon_Carver_(TV_Series),https://static.wikia.nocookie.net/walkingdead/images/a/af/Season_eleven_brandon_carver.png/revision/latest/scale-to-width-down/268?cb=20210907161526,,,Unknown,Native-American,Dead,,,,Mid to Late 30s,,Black,,4,,,,Male,Pre-Apocalypse Soldier for the U.S. Military Mercenary Post-Apocalypse Former Second-in-Command of the Reapers,,,Alex Meraz,,,,
Brianna (TV Series),https://walkingdead.fandom.com/wiki/Brianna_(TV_Series),https://static.wikia.nocookie.net/walkingdead/images/9/9a/Season_ten_brianna.png/revision/latest?cb=20191214140119,,,Unknown,African-American,Dead,,,,Early 30s,,Black,,,,,,Female,Unknown,,,Camille Robinson,,,,
Brion (TV Series),https://walkingdead.fandom.com/wiki/Brion_(TV_Series),https://static.wikia.nocookie.net/walkingdead/images/5/5e/Season_eight_brion.png/revision/latest/scale-to-width-down/268?cb=20180311012132,,,Unknown,Caucasian-American,Dead,,,,Late 50s to Early 60s,,Light Brown,,7,,,,Male,Post-Apocalypse Lieutenant of the Scavengers,,,Thomas Francis Murphy,,,,
Brooke (TV Series),https://walkingdead.fandom.com/wiki/Brooke_(TV_Series),https://static.wikia.nocookie.net/walkingdead/images/9/93/Season_eight_brooke.png/revision/latest?cb=20171121031433,,,Unknown,Caucasian-American,Unknown,,,,Early to Mid 40s,,Red,,3,,,,Female,Post-Apocalypse Former Worker for the Saviors,,,Brooke Jaye Taylor,,,,
Brooks (TV Series),https://walkingdead.fandom.com/wiki/Brooks_(TV_Series),https://static.wikia.nocookie.net/walkingdead/images/c/c7/Season_eleven_brooks.png/revision/latest/scale-to-width-down/268?cb=20221114230755,,,Unknown,Caucasian-American,Dead,,,,Mid to Late 30s,,Brown,,5,,,,Male,Post-Apocalypse Soldier for the Commonwealth Army,,,John Prozny,,,,
Bruce (TV Series),https://walkingdead.fandom.com/wiki/Bruce_(TV_Series),https://static.wikia.nocookie.net/walkingdead/images/f/f3/Season_eight_bruce.png/revision/latest/scale-to-width-down/268?cb=20200802021434,,,(Unnamed) - Wife (Unnamed) - Child,Caucasian-American,Dead,,,,Early to Mid 40s,,Brown,,11,,,,Male,Post-Apocalypse Construction Worker for the Alexandria Safe Zone Soldier for the Militia,,,Ted Huckabee,,,,
Bud (TV Series),https://walkingdead.fandom.com/wiki/Bud_(TV_Series),https://static.wikia.nocookie.net/walkingdead/images/3/3b/609_Savior_1.png/revision/latest/scale-to-width-down/268?cb=20160216150851,,,Unknown,Caucasian-American,Dead,,,,Late 40s,,Brown (Graying),,2,,,,Male,Post-Apocalypse Lieutenant of the Saviors,,,Christopher Berry,,,,
Buttons (TV Series),https://walkingdead.fandom.com/wiki/Buttons_(TV_Series),https://static.wikia.nocookie.net/walkingdead/images/a/a0/Buttons_Ep_13.JPG/revision/latest/scale-to-width-down/268?cb=20150309064854,,,Unknown,Horse,Dead,,,,Unknown,,Black,,,,,,Male,,,,Bucephalus [ 1 ],,,,
Byrd (TV Series),https://walkingdead.fandom.com/wiki/Byrd_(TV_Series),https://static.wikia.nocookie.net/walkingdead/images/f/fe/Season_seven_byrd.png/revision/latest/scale-to-width-down/268?cb=20260519083025,,,Unknown,Caucasian-American,Dead,,,,Late 30s to Early 40s,,Brown,,,,,,Male,Pre-Apocalypse Soldier in the U.S. Military,,,Unknown,,,,
Caesar Martinez (TV Series),https://walkingdead.fandom.com/wiki/Caesar_Martinez_(TV_Series),https://static.wikia.nocookie.net/walkingdead/images/c/c6/Season_four_martinez.png/revision/latest/scale-to-width-down/268?cb=20191119034029,,,Mrs. Martinez † - Late Wife (Unnamed) † - Children,Latino-American,Dead,,,,Early to Mid 30s,,Black,,13,,Brown,,Male,Pre-Apocalypse Coach Post-Apocalypse Former Guard for Woodbury Former Second-in-Command of the Woodbury Army Former Leader of the River Camp Supply Runner for the River Camp,,,Jose Pablo Cantillo,,,,
Caleb Subramanian (TV Series),https://walkingdead.fandom.com/wiki/Caleb_Subramanian_(TV_Series),https://static.wikia.nocookie.net/walkingdead/images/f/f0/Season_four_dr_subramanian.png/revision/latest/scale-to-width-down/268?cb=20210302044055,,,Unknown,Indian-American,Dead,,,,Early 30s,,Black,,4,,,Dr. S,Male,Pre-Apocalypse Doctor Post-Apocalypse Doctor for the Prison,,,Sunkrish Bala,,,,
Callaway (TV Universe),https://walkingdead.fandom.com/wiki/Callaway_(TV_Universe),https://static.wikia.nocookie.net/walkingdead/images/6/6d/Calliway_%28TV%29.JPG/revision/latest/scale-to-width-down/268?cb=20130224040136,,,Unknown,Caucasian-American,Undead,,,,Mid to Late 30s,,Brown,,1 ( Torn Apart ) 2 ( The Walking Dead ),,,,Male,Pre-Apocalypse Sergeant Major for the U.S. Military,,,Michael Koske,,,,
Cam (TV Series),https://walkingdead.fandom.com/wiki/Cam_(TV_Series),https://static.wikia.nocookie.net/walkingdead/images/2/2e/Season_six_cam.png/revision/latest?cb=20260605031707,,,Unknown,Caucasian-American,Dead,,,,Early to Mid 30s,,Brown,,,,,,Male,Unknown,,,Matt Lowe,,,,
Candace Jenner (TV Series),https://walkingdead.fandom.com/wiki/Candace_Jenner_(TV_Series),https://static.wikia.nocookie.net/walkingdead/images/1/19/Season_one_candace_jenner.png/revision/latest/scale-to-width-down/268?cb=20260305212940,,,Edwin Jenner † - Husband,Caucasian-American,Dead,,,,34,,Red,,,,Blue,Test Subject 19,Female,Pre-Apocalypse Head Scientist of the CDC,,,Claire Bronson,,,Rosaura Cruz ( Survival Instinct ),
Captain Commonwealth (TV Series),https://walkingdead.fandom.com/wiki/Captain_Commonwealth_(TV_Series),https://static.wikia.nocookie.net/walkingdead/images/0/09/Season_eleven_captain_commonwealth.png/revision/latest/scale-to-width-down/268?cb=20221003182833,,,Unknown,African-American,Unknown,,,,Mid to Late 30s,,Black,,,,,,Male,Post-Apocalypse Wrestler,,,Nick McNeil,,,,
Carl Grimes (TV Series),https://walkingdead.fandom.com/wiki/Carl_Grimes_(TV_Series),https://static.wikia.nocookie.net/walkingdead/images/6/67/Season_eight_carl_grimes.png/revision/latest/scale-to-width-down/268?cb=20221020001422,,,Lori Grimes † - Mother Rick Grimes - Father (Unnamed) † - Maternal Grandmother (Unnamed) † - Paternal Great-Grandfather Mrs. Grimes - Paternal Grandmother Mr. Grimes † - Paternal Grandfather Evie - Aunt Michonne Grimes - Stepmother Mrs. Hawthorne † - Maternal Stepgrandmother Judith Grimes - Half-Sister [ 1 ] R.J. Grimes - Half-Brother,Caucasian-American,Dead,,,,"3 ("" Wrath "", Flashback) 12 ("" Days Gone Bye "") 13 ("" Seed "") 14 ("" 30 Days Without An Accident "")",,Brown,,80,Enid † - Girlfriend,Blue,,Male,Pre-Apocalypse Student at King County Elementary School Post-Apocalypse Soldier for the Militia,,Codger † - Dog Violet † - Pig,Chandler Riggs,,,"Unknown ("" Wrath "")",
Carla (TV Series),https://walkingdead.fandom.com/wiki/Carla_(TV_Series),https://static.wikia.nocookie.net/walkingdead/images/4/46/Season_six_carla.png/revision/latest?cb=20151116204027,,,Unknown,Unknown,Dead,,,,Mid to Late Teens,,Blonde,,,,,,Female,Unknown,,,Unknown,,,,
Carlito (TV Series),https://walkingdead.fandom.com/wiki/Carlito_(TV_Series),https://static.wikia.nocookie.net/walkingdead/images/1/12/Season_one_carlito.png/revision/latest/scale-to-width-down/268?cb=20260529152050,,,Unknown,African/Latin-American,Dead,,,,Late 20s to Early 30s,,Black,,,,Unknown,,Male,Unknown,,,Unknown,,,,
Carm Elsick (TV Series),https://walkingdead.fandom.com/wiki/Carm_Elsick_(TV_Series),https://static.wikia.nocookie.net/walkingdead/images/7/76/Pilot1_%28BTS%29.png/revision/latest/scale-to-width-down/268?cb=20190824220224,,,Unknown,Caucasian-American,Unknown,,,,Mid to Late 40s,,Black (Graying),,2,,,The Collector,Male,Post-Apocalypse Lieutenant Colonel of the Civic Republic Military,,,Kevin Knotts,,,,
Carol Peletier (TV Universe),https://walkingdead.fandom.com/wiki/Carol_Peletier_(TV_Universe),https://static.wikia.nocookie.net/walkingdead/images/9/91/Season_three_carol_peletier_dd.png/revision/latest/scale-to-width-down/268?cb=20251012022851,,,(Unnamed) † - Mother (Unnamed) † - Grandmother Ed Peletier † - Late Husband Ezekiel Sutton - Ex-Husband Sophia Peletier † - Daughter Lizzie Samuels † - Adopted Daughter Mika Samuels † - Adopted Daughter Henry Sutton † - Adopted Son,Caucasian-American,Alive,,8 ( Onslaught ),,"Early 40s ("" Tell It to the Frogs "") Late 40s to Early 50s ("" Who Are You Now? "") Mid 50s ("" Coming Home "")",,Gray/White,,125 ( The Walking Dead ) 1 ( Fear ) 15 ( Daryl Dixon ),Tobin † - Ex-Boyfriend,Blue,Nancy from Montclair (fake identity) Queen Carol (by the Kingdom ) The Rogue (in Onslaught ) Boss Lady (by Jed ) Sister Isabelle (fake identity),Female,Pre-Apocalypse Housewife Post-Apocalypse Former Member of the Prison Council Former Self-Defense Instructor at the Prison Former Cook for the Alexandria Safe Zone Former Soldier for the Militia Former Leader of the Saviors Former Co-Leader of the Kingdom and the Coalition Former Ship Captain Former Baker at Elodie's Treats Director of Operations at the Commonwealth Former Kitchen Worker for Power of the Living,,,Melissa McBride,,,,
Carrie (TV Series),https://walkingdead.fandom.com/wiki/Carrie_(TV_Series),https://static.wikia.nocookie.net/walkingdead/images/5/50/Extra2_%28Rogue_Element%29.png/revision/latest/scale-to-width-down/268?cb=20220307232927,,,Unknown,Caucasian-American,Unknown,,,,Late 30s to Early 40s,,Brown,,3,(Unnamed) - Boyfriend/Husband,,,Female,Unknown,,,Jennifer Green Hutcheson,,,,
Carter (TV Series),https://walkingdead.fandom.com/wiki/Carter_(TV_Series),https://static.wikia.nocookie.net/walkingdead/images/9/94/Season_six_carter.png/revision/latest/scale-to-width-down/268?cb=20190831184051,,,Unknown,Caucasian-American,Dead,,,,Mid 30s,,Brown,,,,,,Male,Post-Apocalypse Construction Worker for the Alexandria Safe Zone,,,Ethan Embry,,,,
Casper (TV Series),https://walkingdead.fandom.com/wiki/Casper_(TV_Series),https://static.wikia.nocookie.net/walkingdead/images/5/52/Season_nine_casper.png/revision/latest?cb=20191214160212,,,Unknown,Caucasian-American,Dead,,,,Late 20s to Early 30s,,Black,,,,,,Male,Unknown,,,Jansen Panettiere,,,,
Castle (TV Series),https://walkingdead.fandom.com/wiki/Castle_(TV_Series),https://static.wikia.nocookie.net/walkingdead/images/f/f5/Season_eleven_castle.png/revision/latest/scale-to-width-down/268?cb=20220328045715,,,Unknown,African-American,Dead,,,,Early to Mid 30s,,Black,,,,,,Male,Post-Apocalypse Soldier for the Commonwealth Army,,,Yuen Bell,,,,
Celeste (Commonwealth),https://walkingdead.fandom.com/wiki/Celeste_(Commonwealth),https://static.wikia.nocookie.net/walkingdead/images/3/36/Season_eleven_celeste.png/revision/latest/scale-to-width-down/268?cb=20220318183923,,,Unknown,African/Caucasian-American,Unknown,,,,10-Aug,,Brown,,,,,,Female,Post-Apocalypse Student at the Commonwealth 's Education Hall,,,Maya Victory Payton,,,,
Celeste (TV Series),https://walkingdead.fandom.com/wiki/Celeste_(TV_Series),https://static.wikia.nocookie.net/walkingdead/images/0/0b/Season_ten_celeste.png/revision/latest/scale-to-width-down/268?cb=20211017031409,,,Unknown,Caucasian-American,Unknown,,,,Late 50s,,Blonde,,,,,,Female,Pre-Apocalypse Researcher,,,Eve Gordon,,,,
Center for Disease Control (TV Universe),https://walkingdead.fandom.com/wiki/Center_for_Disease_Control_(TV_Universe),https://static.wikia.nocookie.net/walkingdead/images/f/f4/CDC_outside.jpg/revision/latest/scale-to-width-down/268?cb=20230420202327,,,,,Organization disbanded Building destroyed,,,Research Laboratory/Medical Center,,Georgia,,,,,,,,,Cobb Energy Performing Arts Center,,,,,,
Characters,https://walkingdead.fandom.com/wiki/Characters,,,,,,,,,,,,,,,,,,,,,,,,,,
Charles (TV Series),https://walkingdead.fandom.com/wiki/Charles_(TV_Series),https://static.wikia.nocookie.net/walkingdead/images/d/db/Season_eleven_charles.png/revision/latest/scale-to-width-down/268?cb=20220219213744,,,Unknown,Asian-American,Unknown,,,,Late 20s to Early 30s,,Black,,,,,Chip,Male,Post-Apocalypse Bakery Manager of Elodie's Treats,,,Matt Mercurio,,,,
Charlie (TV Series),https://walkingdead.fandom.com/wiki/Charlie_(TV_Series),https://static.wikia.nocookie.net/walkingdead/images/5/55/Season_four_charlie.png/revision/latest/scale-to-width-down/268?cb=20180424210504,,,Unknown,Caucasian-American,Dead,,,,Mid 20s to Early 30s,,Brown,,,,,,Male,Unknown,,,Royce Beggs,,,,
Charlyne (TV Series),https://walkingdead.fandom.com/wiki/Charlyne_(TV_Series),https://static.wikia.nocookie.net/walkingdead/images/2/2b/Extra3_%28JSS%29.png/revision/latest/scale-to-width-down/268?cb=20151020235839,,,Unknown,Caucasian-American,Dead,,,,Unknown,,Brown,,2,,,,Female,Unknown,,,None,,,,
Cheryl (TV Series),https://walkingdead.fandom.com/wiki/Cheryl_(TV_Series),https://static.wikia.nocookie.net/walkingdead/images/e/e7/Season_ten_cheryl.png/revision/latest/scale-to-width-down/268?cb=20191111041046,,,Unknown,Caucasian-American,Dead,,,,Early to Mid 60s,,Gray,,3,,,,Female,Unknown,,,Rebecca Koon,,,,
Chloe (TV Series),https://walkingdead.fandom.com/wiki/Chloe_(TV_Series),https://static.wikia.nocookie.net/walkingdead/images/1/1c/Season_4_survivor_%282%29.png/revision/latest?cb=20210310023031,,,Unknown,Caucasian-American,Dead,,,,Mid 20s,,Brown,,4,,,,Female,Unknown,,,Jilian McLendon,,,,
Chris (TV Series),https://walkingdead.fandom.com/wiki/Chris_(TV_Series),https://static.wikia.nocookie.net/walkingdead/images/c/c5/Season_seven_chris.png/revision/latest?cb=20190525210025,,,Unknown,Caucasian-American,Dead,,,,Late 20s to Early 30s,,Black,,,,,,Male,Unknown,,,Ricky Russert,,,,
Christopher (TV Series),https://walkingdead.fandom.com/wiki/Christopher_(TV_Series),https://static.wikia.nocookie.net/walkingdead/images/9/9e/Christopher_PP.JPG/revision/latest/scale-to-width-down/268?cb=20140217123330,,,( Unnamed ) † - Father,Caucasian-American,Dead,,,,Early 20s,,Brown,,,,,,Male,Unknown,,,Cameron Deane Stewart,,,,
Civic Republic Military,https://walkingdead.fandom.com/wiki/Civic_Republic_Military,https://static.wikia.nocookie.net/walkingdead/images/2/20/CRMSoldiers.jpg/revision/latest/scale-to-width-down/268?cb=20240402172349,Former: Alliance of the Three The Endlings Nat's Group Morgan's Group Doomsday Cult,,,,Active,Civic Republic of Philadelphia Civic Republic Military Base Civic Republic Research Facility Cascadia Forward Operating Base,,Military,,,,Current: Civic Republic Council Former: Major General Johnathan Beale [ 1 ] Force Command,,,,,,,,,,,,,Current: The Coalition Commonwealth Army Former: Red's Group The Scavengers
Clara (TV Series),https://walkingdead.fandom.com/wiki/Clara_(TV_Series),https://static.wikia.nocookie.net/walkingdead/images/6/6a/Season_four_clara.png/revision/latest/scale-to-width-down/268?cb=20210226021901,,,Eddie † - Late Husband,Irish,Undead,,,,Early 30s,,Dark Brown,,4,,,,Female,Unknown,,,Kerry Condon,,,,
Clark (TV Series),https://walkingdead.fandom.com/wiki/Clark_(TV_Series),https://static.wikia.nocookie.net/walkingdead/images/9/9b/Season_eleven_clark.png/revision/latest/scale-to-width-down/268?cb=20210823150850,,,Unknown,Caucasian-American,Unknown,,,,Mid to Late 40s,,Brown,,2,,,,Female,Pre-Apocalypse Forensic Psychologist Post-Apocalypse Auditor for the Commonwealth,,,Carrie Genzel,,,,
Cole (TV Series),https://walkingdead.fandom.com/wiki/Cole_(TV_Series),https://static.wikia.nocookie.net/walkingdead/images/5/5c/Season_eleven_cole.png/revision/latest/scale-to-width-down/267?cb=20210905115414,,,Unknown,Caucasian-American,Dead,,,,Early 40s,,Dark Brown,,5,,,,Male,Unknown,,,James Devoti,,,,
Colton (TV Series),https://walkingdead.fandom.com/wiki/Colton_(TV_Series),https://static.wikia.nocookie.net/walkingdead/images/3/30/Season_seven_colton.png/revision/latest?cb=20161104125001,,,Unknown,Caucasian-American,Dead,,,,Early 30s,,Brown,,2,,,,Male,Post-Apocalypse Soldier for the Kingdom Soldier for the Militia,,,Stephen Conroy,,,,
Connie (TV Series),https://walkingdead.fandom.com/wiki/Connie_(TV_Series),https://static.wikia.nocookie.net/walkingdead/images/6/6c/Season_eleven_connie.png/revision/latest/scale-to-width-down/268?cb=20221124025735,,,Kelly - Sister,African-American,Alive,,,,Late 30s to Early 40s,,Black,,30,,,,Female,Pre-Apocalypse Investigative Journalist Post-Apocalypse Former Soldier for the Coalition Journalist at the Commonwealth Tribune,,,Lauren Ridloff,,,,
Craig (TV Series),https://walkingdead.fandom.com/wiki/Craig_(TV_Series),https://static.wikia.nocookie.net/walkingdead/images/b/bc/Season_six_craig.png/revision/latest/scale-to-width-down/268?cb=20200102043820,,,Ethan † - Brother,Caucasian-American,Dead,,,,Mid to Late 30s,,Dark Brown,,,,,,Male,Post-Apocalypse Cook and Food Exchanger for the Hilltop Colony,,,Myke Holmes,,,,
Craven (TV Series),https://walkingdead.fandom.com/wiki/Craven_(TV_Series),https://static.wikia.nocookie.net/walkingdead/images/2/29/Season_ten_craven.png/revision/latest/scale-to-width-down/268?cb=20210329171517,,,Unknown,Caucasian-American,Dead,,,,Mid to Late 50s,,Brown (Graying),,,,,,Male,Pre- and Post-Apocalypse Leader of Valak's Vipers,,,Rod Rowland,,,,
Crowe (TV Series),https://walkingdead.fandom.com/wiki/Crowe_(TV_Series),https://static.wikia.nocookie.net/walkingdead/images/d/d7/Season_eleven_crowe.png/revision/latest/scale-to-width-down/268?cb=20220331192139,,,Unknown,African-American,Dead,,,,Mid to Late 30s,,Black,,2,,,,Male,Post-Apocalypse Sergeant of the Commonwealth Army,,,Henry Bazemore Jr.,,,,
Crowley (TV Series),https://walkingdead.fandom.com/wiki/Crowley_(TV_Series),https://static.wikia.nocookie.net/walkingdead/images/0/08/CrowleyS3Hounded.jpg/revision/latest/scale-to-width-down/268?cb=20130804201254,,,Unknown,Caucasian-American,Dead,,,,Early to Mid 30s,,Dark Brown,,2 ( The Walking Dead ) 1 ( The Ones Who Live ),,Brown,,Male,Post-Apocalypse Guard for Woodbury Soldier for the Woodbury Army,,,Arthur Bridgers,,,,
Crystal (TV Series),https://walkingdead.fandom.com/wiki/Crystal_(TV_Series),https://static.wikia.nocookie.net/walkingdead/images/6/61/Season_six_crystal.png/revision/latest/scale-to-width-down/268?cb=20231127153313,,,Unknown,Caucasian-American,Dead,,,,Mid to Late 20s,,Brown,,,,,,Female,Post-Apocalypse Food Exchanger for the Hilltop Colony,,,Kimberly Leemans,,,,
Cyndie (TV Series),https://walkingdead.fandom.com/wiki/Cyndie_(TV_Series),https://static.wikia.nocookie.net/walkingdead/images/a/ad/Season_ten_cyndie.png/revision/latest/scale-to-width-down/268?cb=20191119205050,,,Natania † - Maternal Grandmother ( Unnamed ) † - Mother ( Unnamed ) † - Brother,Caucasian/African-American,Alive,,,,"18 ("" Swear "") 19 ("" A New Beginning "") 26 ("" Lines We Cross "") 28 ("" The Lucky Ones "") 29 ("" Rest in Peace "")",,Black,,13,,,,Female,Pre-Apocalypse High School Student Post-Apocalypse Leader of Oceanside Former Co-Leader of the Militia Co-Leader of the Coalition,,,Sydney Park,,,,
Cyrus (TV Series),https://walkingdead.fandom.com/wiki/Cyrus_(TV_Series),https://static.wikia.nocookie.net/walkingdead/images/f/f7/Season_nine_cyrus.png/revision/latest/scale-to-width-down/268?cb=20200613014319,,,Unknown,Caucasian-American,Unknown,,,,Late 20s to Early 30s,,Brown,,,,,,Male,Unknown,,,Quinn Bozza,,,,
D.J. (TV Series),https://walkingdead.fandom.com/wiki/D.J._(TV_Series),https://static.wikia.nocookie.net/walkingdead/images/8/80/Season_nine_dj_%282%29.png/revision/latest/scale-to-width-down/268?cb=20181120041945,,,Unknown,Caucasian-American,Dead,,,,"Mid to Late 30s ("" How It's Gotta Be "") Early to Mid 40s ("" Who Are You Now? "")",,Dirty Blond (Graying),,16,,,,Male,Post-Apocalypse Former Lieutenant and Guard for the Saviors Former Biofuel Producer Guard for the Alexandria Safe Zone Road Patrol between the joint communities,,,Matt Mangum,,,,
Dale Horvath (TV Series),https://walkingdead.fandom.com/wiki/Dale_Horvath_(TV_Series),https://static.wikia.nocookie.net/walkingdead/images/a/a8/Season_two_dale_horvath.png/revision/latest/scale-to-width-down/268?cb=20220111151126,,,Irma Horvath † - Late Wife (Unnamed) † - Unborn Child,Caucasian-American,Dead,,,,64,,White/Gray,,18,,Brown,,Male,Pre-Apocalypse Pensioner Post-Apocalypse Former Lookout for the Atlanta Camp Armorer for Rick's Group,,,Jeffrey DeMunn,,,,
Dan (Alexandria),https://walkingdead.fandom.com/wiki/Dan_(Alexandria),https://static.wikia.nocookie.net/walkingdead/images/f/fb/Extra2_%28JSS%29.png/revision/latest?cb=20151019215834,,,Unknown,Caucasian-American,Dead,,,,Late 30s,,Brown,,2,,,,Male,Unknown,,,John Ross,,,,
Dan (TV Series),https://walkingdead.fandom.com/wiki/Dan_(TV_Series),https://static.wikia.nocookie.net/walkingdead/images/7/7f/Season_four_dan.png/revision/latest/scale-to-width-down/268?cb=20160930014823,,,Unknown,Caucasian-American,Dead,,,,Mid 40s,,Brown,,4,,,,Male,Unknown,,,Keith Brooks,,,,
Dana (TV Series),https://walkingdead.fandom.com/wiki/Dana_(TV_Series),https://static.wikia.nocookie.net/walkingdead/images/b/b1/Season_eight_dana_%282%29.png/revision/latest/scale-to-width-down/268?cb=20181111034631,,,Unknown,Caucasian-American,Dead,,,,Mid 50s,,Brown,,,,,,Female,Pre-Apocalypse Surgeon Post-Apocalypse Doctor for the Kingdom and the Militia,,,Peggy Sheffield,,,,
Daniel (TV Series),https://walkingdead.fandom.com/wiki/Daniel_(TV_Series),https://static.wikia.nocookie.net/walkingdead/images/8/8e/Season_eight_daniel.png/revision/latest/scale-to-width-down/268?cb=20210720173842,,,Unknown,Caucasian-American,Dead,,,,Early 30s,,Strawberry Blond,,10,,,,Male,Post-Apocalypse Soldier for the Kingdom and the Militia,,,Daniel Newman,,,,
Dante (TV Series),https://walkingdead.fandom.com/wiki/Dante_(TV_Series),https://static.wikia.nocookie.net/walkingdead/images/0/07/Season_ten_dante.png/revision/latest/scale-to-width-down/268?cb=20191116183703,,,Jimmy † - Son,Latino-American,Dead,,,,Mid to Late 30s,,Dark Brown,,7,,,,Male,Pre-Apocalypse Field Medic in the U.S. Military Post-Apocalypse Spy for the Whisperers Former Doctor for the Alexandria Safe Zone,,,Juan Javier Cardenas,,,,
Daryl Dixon (TV Universe),https://walkingdead.fandom.com/wiki/Daryl_Dixon_(TV_Universe),https://static.wikia.nocookie.net/walkingdead/images/a/a5/Season_three_daryl_dixon_dd.png/revision/latest/scale-to-width-down/268?cb=20251012022930,,,Mrs. Dixon † - Mother Will Dixon † - Father Merle Dixon † - Brother William Dixon † - Grandfather Jess Collins † - Half-Uncle,Caucasian-American,Alive,,8 ( Onslaught ),,"6-8 ( Season 3 , Flashbacks) Early 40s ("" Tell It to the Frogs ""/ Ga mes ) Late 40s to Early 50s ("" Who Are You Now? "") Mid 50s ("" L'âme Perdue "")",,Brown (Graying),,148 ( The Walking Dead ) 19 ( Daryl Dixon ),Leah Shaw † - Ex-Girlfriend Isabelle Carrière † - Late Lover,Blue,Hillbilly (by Anna ) Little D (by Merle ) Darlene (By Merle) Junior (By Merle) Darlina (by Merle) Pookie (by Carol ) Robin Hood Cat (by Tony ) Archer (by Gareth ) Big Asskicker (by Judith ) The American (by Power of the Living ) Father Daryl (at École Maternelle Simone Veil ) Sticky Fingers Dixon (by Carol),Male,"Pre-Apocalypse Unemployed [ 1 ] Post-Apocalypse Leader of his own gro ups Former Hunter for the Atlanta Camp Former Member of the Prison Council Former Recruiter for the Alexandria Safe Zone Former Soldier for the Militia , the Coalition , and the Commonwealth Army Former Leader of the Saviors Former Biofuel Producer",,Dog - Former Dog,Norman Reedus,,,Luis Coiduras (Young),
Dave (TV Series),https://walkingdead.fandom.com/wiki/Dave_(TV_Series),https://static.wikia.nocookie.net/walkingdead/images/5/5a/DaveTVNe.png/revision/latest/scale-to-width-down/268?cb=20231027222931,,,Unknown,Caucasian-American,Dead,,,,Early to Mid 30s,,Dark Brown,,2,,Brown,,Male,Unknown,,,Michael Raymond-James,,,,
David (Alexandria),https://walkingdead.fandom.com/wiki/David_(Alexandria),https://static.wikia.nocookie.net/walkingdead/images/9/9b/Season_six_david.png/revision/latest?cb=20151115052430,,,Betsy † - Wife,Caucasian-American,Dead,,,,Mid to Late 40s,,Brown,,3,,,,Male,Pre-Apocalypse Possible Military Serviceman,,,Jay Huguley,,,,
David (Prison),https://walkingdead.fandom.com/wiki/David_(Prison),https://static.wikia.nocookie.net/walkingdead/images/2/28/Season_four_david.png/revision/latest/scale-to-width-down/268?cb=20210310021625,,,Unknown,Caucasian-American,Dead,,,,Late 20s to Early 30s,,Black,,5,,,,Male,Post-Apocalypse Guard for the Prison,,,Brandon Carroll,,,,
David Chambler (TV Series),https://walkingdead.fandom.com/wiki/David_Chambler_(TV_Series),https://static.wikia.nocookie.net/walkingdead/images/6/6f/Season_four_david_chambler.png/revision/latest/scale-to-width-down/268?cb=20131120044437,,,Lilly Chambler † - Daughter Tara Chambler † - Daughter Meghan Chambler † - Granddaughter (Unnamed) - Ex-Son-In-Law,Caucasian-American,Dead,,,,Early to Mid 60s,,Brown (Graying),,,,,,Male,Pre-Apocalypse Army Veteran Former Truck Driver for Gorbelli Foods Company,,,Danny Vinson,,,,
Dawn Lerner (TV Series),https://walkingdead.fandom.com/wiki/Dawn_Lerner_(TV_Series),https://static.wikia.nocookie.net/walkingdead/images/3/3c/Season_five_dawn_lerner.png/revision/latest/scale-to-width-down/268?cb=20210409020443,,,Unknown,Caucasian-American,Dead,,,,Mid to Late 30s,,Dark Brown,,3,,,,Female,Pre-Apocalypse Lieutenant in the Atlanta Police Department Post-Apocalypse Former Leader of Grady Memorial Hospital,,,Christine Woods,,,,
Dean (TV Series),https://walkingdead.fandom.com/wiki/Dean_(TV_Series),https://static.wikia.nocookie.net/walkingdead/images/f/ff/Season_eight_dean.png/revision/latest/scale-to-width-down/268?cb=20171129023858,,,Unknown,Caucasian-American,Dead,,,,Late 30s to Early 40s,,Brown,,5,,,,Male,Unknown,,,Adam Fristoe,,,,
Deanna Monroe (TV Series),https://walkingdead.fandom.com/wiki/Deanna_Monroe_(TV_Series),https://static.wikia.nocookie.net/walkingdead/images/c/ce/Season_six_deanna_monroe.png/revision/latest/scale-to-width-down/267?cb=20210409010549,,,Reg Monroe † - Late Husband Aiden Monroe † - Son Spencer Monroe † - Son,Caucasian-American,Dead,,,,Early to Mid 60s,,Auburn,,13,,Blue,,Female,Pre-Apocalypse U.S. Representative of Ohio 's 15th Congressional District Post-Apocalypse Former Leader of the Alexandria Safe Zone,,,Tovah Feldshuh,,,,
Deaver (TV Series),https://walkingdead.fandom.com/wiki/Deaver_(TV_Series),https://static.wikia.nocookie.net/walkingdead/images/c/ce/Season_eleven_deaver.png/revision/latest/scale-to-width-down/268?cb=20211004154943,,,Unknown,Caucasian-American,Dead,,,,Late 30s to Early 40s,,Brown,,3,,,,Male,Pre-Apocalypse Soldier for the U.S. Military Mercenary,,,Jacob Young,,,,
Delly (TV Series),https://walkingdead.fandom.com/wiki/Delly_(TV_Series),https://static.wikia.nocookie.net/walkingdead/images/8/80/Season_six_delly.png/revision/latest/scale-to-width-down/268?cb=20151116204027,,,Unknown,Unknown,Dead,,,,Mid to Late Teens,,Brown,,,,,,Female,Unknown,,,Unknown,,,,
Denise Cloyd (TV Series),https://walkingdead.fandom.com/wiki/Denise_Cloyd_(TV_Series),https://static.wikia.nocookie.net/walkingdead/images/6/60/Denise_Cloyd_%28JSS%29.png/revision/latest/scale-to-width-down/268?cb=20191229151210,,,Dennis Cloyd † - Twin Brother,Caucasian-American,Dead,,,,Early to Mid 30s,,Dirty Blonde,,9,Tara Chambler † - Girlfriend,,,Female,Pre-Apocalypse Psychiatrist Post-Apocalypse Doctor for the Alexandria Safe Zone,,,Merritt Wever,,,,
Derek (TV Series),https://walkingdead.fandom.com/wiki/Derek_(TV_Series),https://static.wikia.nocookie.net/walkingdead/images/5/56/Season_eight_derek.png/revision/latest/scale-to-width-down/268?cb=20200517151051,,,Unknown,Caucasian-American,Dead,,,,Late 40s,,Black,,2,,,,Male,Unknown,,,Dan Johnson,,,,
Dianne (TV Series),https://walkingdead.fandom.com/wiki/Dianne_(TV_Series),https://static.wikia.nocookie.net/walkingdead/images/d/d7/Season_eleven_dianne.png/revision/latest/scale-to-width-down/268?cb=20221114230336,,,(Unnamed) † - Sister,Caucasian-American,Alive,,,,"Early 30s ("" The Well "") Late 30s ("" Stradivarius "") Early 40s ("" Rest in Peace "")",,Blonde,,36,,,D (by Jerry ),Female,"Post-Apocalypse Former Soldier for the Kingdom , the Militia and the Coalition Former Self-Defense Instructor Former Guard for the Hilltop Colony",,,Kerry Cahill,,,,
Dinesh (TV Series),https://walkingdead.fandom.com/wiki/Dinesh_(TV_Series),https://static.wikia.nocookie.net/walkingdead/images/0/08/Extra8_%28JSS%29.png/revision/latest/scale-to-width-down/268?cb=20200103192602,,,Unknown,Caucasian-American,Dead,,,,Early 40s,,Brown,,2,,,,Male,Unknown,,,Cal Johnson,,,,
Dino (TV Series),https://walkingdead.fandom.com/wiki/Dino_(TV_Series),https://static.wikia.nocookie.net/walkingdead/images/2/29/Season_eight_dino.png/revision/latest/scale-to-width-down/268?cb=20191216213003,,,Unknown,Caucasian-American,Dead,,,,Mid to Late 40s,,Dark Brown (Balding),,,,,,Male,Unknown,,,Rick Shoemaker,,,,
Dog (TV Series),https://walkingdead.fandom.com/wiki/Dog_(TV_Series),https://static.wikia.nocookie.net/walkingdead/images/a/a5/Season_eleven_dog.png/revision/latest/scale-to-width-down/268?cb=20210907175602,,,(Unnamed) † - Mother Leah Shaw † - Former Owner Daryl Dixon - Former Owner Judith Grimes - Owner,Belgian Malinois,Alive,,,,"A few months ("" Find Me "", Flashback) 1-2 ("" Find Me "", Flashbacks) 4 ("" Stradivarius "") 5 ("" Lines We Cross "") 6 ("" Acheron: Part I "") 7 ("" Rest in Peace "")",,Brown/Black (Graying),,25,,Brown,,Male,,,,Seven [ 1 ],,,Carl (Young),
Donna (TV Series),https://walkingdead.fandom.com/wiki/Donna_(TV_Series),https://static.wikia.nocookie.net/walkingdead/images/4/4f/Season_three_donna.png/revision/latest/scale-to-width-down/268?cb=20140112195949,,,Allen † - Husband Ben † - Son,Caucasian-American,Dead,,,,Mid to Late 30s,,Brown,,2,,,,Female,Unknown,,,Cherie Dvorak,,,,
Donnie (TV Series),https://walkingdead.fandom.com/wiki/Donnie_(TV_Series),https://static.wikia.nocookie.net/walkingdead/images/8/88/Season_six_donnie.png/revision/latest/scale-to-width-down/268?cb=20210806045237,,,Unknown,Caucasian-American,Dead,,,,Mid to Late 40s,,Black (Graying),,,Paula † - Lover,,,Male,Unknown,,,Rus Blackwell,,,,
Doug (TV Series),https://walkingdead.fandom.com/wiki/Doug_(TV_Series),https://static.wikia.nocookie.net/walkingdead/images/9/9b/DougTVface.png/revision/latest?cb=20140923212536,,,Unknown,Caucasian-American,Dead,,,,Late 40s,,Brown,,,,,,Male,Pre-Apocalypse Auto Mechanic,,,Andy Martin [ 1 ],,,,
Douglas (TV Series),https://walkingdead.fandom.com/wiki/Douglas_(TV_Series),https://static.wikia.nocookie.net/walkingdead/images/d/d4/Extra5_%28Out_of_the_Ashes%29.png/revision/latest/scale-to-width-down/268?cb=20210920012110,,,Unknown,Caucasian-American,Alive,,,,"Early to Mid 30s ("" Go Getters "") Late 30s to Early 40s ("" Stradivarius "") Early to Mid 40s ("" Rest in Peace "")",,Red,,30,,,,Male,Post-Apocalypse Former Soldier for the Coalition Soldier for the Commonwealth Army,,,Dalton Baxter,,,,
Dr. Stevens (TV Series),https://walkingdead.fandom.com/wiki/Dr._Stevens_(TV_Series),https://static.wikia.nocookie.net/walkingdead/images/1/10/Season_three_dr_stevens.png/revision/latest/scale-to-width-down/268?cb=20210921232744,,,Unknown,African-American,Dead,,,,Early to Mid 50s,,Black,,2,,Brown,,Female,Post-Apocalypse Doctor for Woodbury,,,Donzaleigh Abernathy,,,,
Duane Jones (TV Universe),https://walkingdead.fandom.com/wiki/Duane_Jones_(TV_Universe),https://static.wikia.nocookie.net/walkingdead/images/9/90/Season_one_duane_jones.png/revision/latest/scale-to-width-down/267?cb=20240708000304,,,Jenny Jones † - Mother Morgan Jones - Father Morgan Jones-Mukherjee - Adoptive Sister Mr. Jones - Paternal Uncle,African-American,Dead,,,,10 [ 1 ],,Black,,2 ( The Walking Dead ) 2 ( Fear ),,Brown,,Male,Pre-Apocalypse Elementary School Student,,Midge † - Dog,Adrian Kali Turner,,,,
Duke (Animal),https://walkingdead.fandom.com/wiki/Duke_(Animal),https://static.wikia.nocookie.net/walkingdead/images/2/2e/S5_Duke_Crop.png/revision/latest/scale-to-width-down/268?cb=20150313182121,,,Unknown,Doberman,Dead,,,,Unknown,,Black and Rust,,,,,,Male,,,,Unknown,,,,
Duke (Honor),https://walkingdead.fandom.com/wiki/Duke_(Honor),https://static.wikia.nocookie.net/walkingdead/images/8/84/Savior4_%28Honor%29.png/revision/latest/scale-to-width-down/268?cb=20200520221238,,,Unknown,Caucasian-American,Dead,,,,Early 50s,,Brown,,,,,,Male,Unknown,,,Paul Andrew O'Connor,,,,
Duke (TV Series),https://walkingdead.fandom.com/wiki/Duke_(TV_Series),https://static.wikia.nocookie.net/walkingdead/images/d/d3/Season_eight_duke.png/revision/latest/scale-to-width-down/268?cb=20211023185033,,,Unknown,Caucasian-American,Dead,,,,Late 30s,,Brown,,,,,,Male,Unknown,,,Stephen Shelton,,,,
Duncan (TV Series),https://walkingdead.fandom.com/wiki/Duncan_(TV_Series),https://static.wikia.nocookie.net/walkingdead/images/b/b0/Season_eleven_duncan.png/revision/latest/scale-to-width-down/268?cb=20210813220038,,,Unknown,African-American,Dead,,,,Early to Mid 30s,,Brown,,5,Agatha † - Girlfriend [ 1 ],,Man-Tits (by Negan ) Sasquatch (by Negan),Male,Unknown,,,Marcus Lewis,,,,
Dwight (TV Universe),https://walkingdead.fandom.com/wiki/Dwight_(TV_Universe),https://static.wikia.nocookie.net/walkingdead/images/9/98/Season_eight_dwight_fear.png/revision/latest/scale-to-width-down/268?cb=20230622215832,,,(Unnamed) † - Grandfather Sherry - Wife Finch † - Son Tina † - Sister-In-Law,Caucasian-American,Alive,,,,"Late 20s to Early 30s ("" Always Accountable "") Late 30s to Early 40s ("" Blue Jay "")",,Blond,,24 ( The Walking Dead ) 37 ( Fear ),,,D (by Sherry ) Dwighty Boy (by Negan ) Baby Face (by Sarah ) Red Kite (in PADRE ),Male,Pre-Apocalypse Blue Collar Employee [ 1 ] Post-Apocalypse Former Worker for the Saviors Former Lieutenant of the Saviors Former Informant for the Militia Former Scout and Investigator for the Pioneers Former Lookout for Valley Town Former Combat Instructor for PADRE Co-Leader of MADRE and the Sanctuary,,,Austin Amelio,,,"Kirk Riley ("" The Other Side "")",
Earl Sutton (TV Series),https://walkingdead.fandom.com/wiki/Earl_Sutton_(TV_Series),https://static.wikia.nocookie.net/walkingdead/images/6/65/Season_ten_earl_sutton.png/revision/latest/scale-to-width-down/268?cb=20240618015803,,,Tammy Rose Sutton † - Late Wife Kenneth Sutton † - Son Adam Sutton - Adopted Son,Caucasian-American,Dead,,,,"Early to Mid 60s ("" A New Beginning "") Late 60s to Early 70s ("" Evolution "")",,Gray (Balding),,12,,,,Male,Pre-Apocalypse Former Soldier in the U.S. Military Former Blacksmith Post-Apocalypse Blacksmith at the Hilltop Colony Former Member of the Hilltop Council [ 1 ],,,John Finn,,,,
Eastman (TV Series),https://walkingdead.fandom.com/wiki/Eastman_(TV_Series),https://static.wikia.nocookie.net/walkingdead/images/9/96/Season_six_eastman.png/revision/latest/scale-to-width-down/268?cb=20210523194920,,,Mrs. Eastman † - Late Wife (Unnamed) † - Daughter (Unnamed) † - Son,Caucasian-American,Dead,,,,Late 40s,,Black (Balding),,,,,,Male,Pre-Apocalypse Forensic Psychiatrist,,Tabitha † - Goat,John Carroll Lynch,,,,
Ed Peletier (TV Series),https://walkingdead.fandom.com/wiki/Ed_Peletier_(TV_Series),https://static.wikia.nocookie.net/walkingdead/images/0/0a/Season_one_ed_peletier.png/revision/latest/scale-to-width-down/268?cb=20210319033921,,,Carol Peletier - Wife Sophia Peletier † - Daughter,French-American,Dead,,,,Mid 40s,,Black (Graying),,4,,Blue,,Male,Unknown,,,Adam Minarovich,,,,
Eddie (TV Series),https://walkingdead.fandom.com/wiki/Eddie_(TV_Series),https://static.wikia.nocookie.net/walkingdead/images/d/dd/Eddie_%28TV_Series%29.png/revision/latest/scale-to-width-down/268?cb=20131014122139,,,Clara † - Wife,Irish,Undead,,,,Unknown,,Unknown,,,,,,Male,Unknown,,,None,,,,
Eduardo (TV Series),https://walkingdead.fandom.com/wiki/Eduardo_(TV_Series),https://static.wikia.nocookie.net/walkingdead/images/4/42/Season_seven_eduardo.png/revision/latest/scale-to-width-down/268?cb=20210316011739,,,Unknown,Latino-American,Unknown,,,,Late 20s to Early 30s,,Black,,16,,,,Male,Post-Apocalypse Guard Captain for the Hilltop Colony Former Soldier for the Militia,,,Peter Zimmerman,,,,
Edwin Jenner (TV Universe),https://walkingdead.fandom.com/wiki/Edwin_Jenner_(TV_Universe),https://static.wikia.nocookie.net/walkingdead/images/2/26/Season_one_edwin_jenner.png/revision/latest/scale-to-width-down/268?cb=20230926045702,,,Candace Jenner † - Late Wife,Caucasian-American,Dead,,,,Mid 40s,,Light Brown (Graying),,2 ( The Walking Dead ) 1 ( World Beyond ),,Brown,,Male,Pre-and Post-Apocalypse Virologist for the Center for Disease Control,,,Noah Emmerich,,,,
Eileen (TV Series),https://walkingdead.fandom.com/wiki/Eileen_(TV_Series),https://static.wikia.nocookie.net/walkingdead/images/2/24/Eileen_%28Walk_With_Me%29.jpg/revision/latest?cb=20181114153948,,,(Unnamed) † - Late Husband (Unnamed) † - Unborn Child,Caucasian-American,Dead,,,,Early to Mid 20s,,Blonde,,5,,Blue,,Female,Unknown,,,Meaghan Caddy,,,,
Elaine (TV Series),https://walkingdead.fandom.com/wiki/Elaine_(TV_Series),https://static.wikia.nocookie.net/walkingdead/images/9/99/Season_eleven_elaine.png/revision/latest/scale-to-width-down/268?cb=20210920010129,,,Unknown,Caucasian-American,Unknown,,,,Early to Mid 20s,,Brown,,2,,,,Female,Pre-Apocalypse Student Post-Apocalypse Ice Cream Clerk at Taste of Tradition,,,Rebecca Ray,,,"Unknown Stand-In ("" The Lucky Ones "")",
Elijah (TV Series),https://walkingdead.fandom.com/wiki/Elijah_(TV_Series),https://static.wikia.nocookie.net/walkingdead/images/f/f1/Season_eleven_elijah.png/revision/latest/scale-to-width-down/268?cb=20221107232503,,,Josephine † - Sister,African-American,Alive,,,,Early to Mid 20s,,Black,,20,Lydia - Girlfriend,,,Male,Pre-Apocalypse Student Post-Apocalypse Messenger and Former Guard for the Hilltop Colony Former Soldier for the Coalition Courier for the Commonwealth,,,Okea Eme-Akwari,,,"Joshua Lamboy ("" A Certain Doom "")",
Eliza Morales (TV Series),https://walkingdead.fandom.com/wiki/Eliza_Morales_(TV_Series),https://static.wikia.nocookie.net/walkingdead/images/7/73/Eliza_Morales_S1.png/revision/latest/scale-to-width-down/268?cb=20250627022226,,,Miranda Morales † - Mother Morales † - Father Louis Morales † - Brother,Latina-American,Dead,,,,12-Oct,,Black,,3,,Brown,,Female,Pre-Apocalypse Assumed Elementary School Student,,,Maddie Lomax,,,,
Ellen Ford (TV Series),https://walkingdead.fandom.com/wiki/Ellen_Ford_(TV_Series),https://static.wikia.nocookie.net/walkingdead/images/4/40/Season_five_ellen_ford.png/revision/latest/scale-to-width-down/268?cb=20141110211249,,,Abraham Ford † - Husband A.J. Ford † - Son Becca Ford † - Daughter,Caucasian-American,Dead,,,,Early to Mid 30s,,Dark Brown,,,,,,Female,Unknown,,,Andrea Moore,,,,
Emilio Grijalva (TV Series),https://walkingdead.fandom.com/wiki/Emilio_Grijalva_(TV_Series),https://static.wikia.nocookie.net/walkingdead/images/f/f1/Season_six_emilio_grijalva_%28photo%29.png/revision/latest/scale-to-width-down/268?cb=20251008205224,,,Unknown,Spanish-American,Dead,,,,Mid to Late 30s,,Brown,,,,,,Male,Unknown,,,Unknown,,,,
Emily Coleman (TV Series),https://walkingdead.fandom.com/wiki/Emily_Coleman_(TV_Series),https://static.wikia.nocookie.net/walkingdead/images/c/cb/Emily_Coleman_%28Say_the_Word%29.png/revision/latest?cb=20200530172916,,,Betty Coleman † - Mother Michael Coleman † - Father Michael Coleman Jr. † - Brother,Caucasian-American,Dead,,,,Late 20s to Early 30s,,Brown,,,,,,Female,Post-Apocalypse Assumed Soldier for the Woodbury Army,,,Unknown,,,,
Emmett Carson (TV Series),https://walkingdead.fandom.com/wiki/Emmett_Carson_(TV_Series),https://static.wikia.nocookie.net/walkingdead/images/3/35/Season_seven_emmett_carson.png/revision/latest/scale-to-width-down/268?cb=20170301002403,,,Harlan Carson † - Brother,Caucasian-American,Dead,,,,Early to Mid 50s,,Brown (Graying),,3,,,,Male,Pre-Apocalypse Doctor Post-Apocalypse Doctor for the Saviors,,,Tim Parati,,,,
Enid (TV Series),https://walkingdead.fandom.com/wiki/Enid_(TV_Series),https://static.wikia.nocookie.net/walkingdead/images/d/d0/Season_nine_enid_%282%29.png/revision/latest/scale-to-width-down/268?cb=20240628020132,,,( Unnamed ) † - Mother ( Unnamed ) † - Father,Caucasian-American,Dead,,,,"16 ("" Remember "") 17 ("" A New Beginning "") 23 ("" Stradivarius "")",,Brown,,38,Ron Anderson † - Ex-Boyfriend Carl Grimes † - Late Boyfriend Alden † - Boyfriend,,,Female,Pre-Apocalypse High School Student Post-Apocalypse Former Soldier for the Militia Doctor for the Hilltop Colony,,,Katelyn Nacon,,,"Unknown Stand-In ("" Open Your Eyes "")",
Eric Raleigh (TV Series),https://walkingdead.fandom.com/wiki/Eric_Raleigh_(TV_Series),https://static.wikia.nocookie.net/walkingdead/images/7/7b/Season_eight_eric_raleigh.png/revision/latest/scale-to-width-down/268?cb=20171101021119,,,Aaron - Husband (Unnamed) † - Mother-in-law (Unnamed) † - Brother-in-law,Caucasian-American,Undead,,,,Late 20s to Early 30s,,Auburn,,17,,,,Male,Pre-Apocalypse NGO Worker Post-Apocalypse Former Recruiter for the Alexandria Safe Zone Soldier for the Militia,,,Jordan Woods-Robinson,,,,
Erin (TV Series),https://walkingdead.fandom.com/wiki/Erin_(TV_Series),https://static.wikia.nocookie.net/walkingdead/images/b/b4/Season_six_erin.png/revision/latest/scale-to-width-down/268?cb=20200102171852,,,Unknown,Caucasian-American,Dead,,,,Late 30s to Early 40s,,Brown,,3,,,,Female,Unknown,,,Tiffany Morgan,,,,
Erin (Walker),https://walkingdead.fandom.com/wiki/Erin_(Walker),https://static.wikia.nocookie.net/walkingdead/images/5/5f/ErinC-.png/revision/latest?cb=20130304163431,,,Unknown,Caucasian-American,Dead,,,,Early to Mid 20s,,Brown,,,,,,Female,Unknown,,,Erin Leigh Bushko,,,,
Eryn (TV Series),https://walkingdead.fandom.com/wiki/Eryn_(TV_Series),https://static.wikia.nocookie.net/walkingdead/images/c/c3/Season_four_eryn.png/revision/latest/scale-to-width-down/268?cb=20210313144727,,,Unknown,Caucasian-American,Dead,,,,10-Aug,,Brown,,2,,Blue,,Female,Pre-Apocalypse Elementary School Student,,,Eryn Ridings,,,,
Ethan (TV Series),https://walkingdead.fandom.com/wiki/Ethan_(TV_Series),https://static.wikia.nocookie.net/walkingdead/images/f/fb/Season_six_ethan.png/revision/latest/scale-to-width-down/267?cb=20160321200132,,,Craig † - Brother,Caucasian-American,Dead,,,,Early 30s,,Blond/Brown,,,,,,Male,Post-Apocalypse Food Exchanger for the Hilltop Colony,,,Justin Kucsulain,,,,
Eugene Porter (TV Series),https://walkingdead.fandom.com/wiki/Eugene_Porter_(TV_Series),https://static.wikia.nocookie.net/walkingdead/images/e/e3/Season_eleven_eugene_porter_%282%29.png/revision/latest/scale-to-width-down/268?cb=20231215050144,,,(Unnamed) † - Grandfather Maxxine Porter - Wife Rosie Porter - Daughter Michael Mercer - Brother-in-Law Stephanie Mercer - Mother-in-Law Mr. Mercer † - Father-in-Law,Caucasian-American,Alive,,,,"33 ("" Self Help "", Flashback) 34 ("" Inmates "") 36 ("" A New Beginning "") 42 ("" Who Are You Now? "") 43 ("" Lines We Cross "") 44 ("" Trust "") 45 ("" Rest in Peace "")",,Dark Brown (Graying),,84,Shira - Ex-Girlfriend,,Haircut (by Laura ) Dr. Smarty Pants (by Negan ) The Wheel Man (in Onslaught ) Eugenius (by Luke ) Tater Bug (by himself and Maxxine ),Male,Pre-Apocalypse High School President of the Anti-Drug and Alcohol Coalition Educator Post-Apocalypse Former Engineer for the Alexandria Safe Zone Former Chief Engineer for the Sanctuary Former Lieutenant of the Saviors Former Head of the Bullet Factory Outpost Former Biofuel Producer Former School Teacher at the Commonwealth,,,Josh McDermitt,,,,
Evan (TV Series),https://walkingdead.fandom.com/wiki/Evan_(TV_Series),https://static.wikia.nocookie.net/walkingdead/images/7/7e/Season_eight_evan.png/revision/latest/scale-to-width-down/267?cb=20200517035654,,,Unknown,Caucasian-American,Dead,,,,Early to Mid 40s,,Brown,,,,,,Male,Unknown,,,Mark Ashworth,,,,
Evans (TV Series),https://walkingdead.fandom.com/wiki/Evans_(TV_Series),https://static.wikia.nocookie.net/walkingdead/images/0/0e/Season_eleven_evans.png/revision/latest/scale-to-width-down/268?cb=20210813225025,,,Unknown,Caucasian-American,Unknown,,,,Mid 30s,,Brown,,2,,,,Male,Pre-Apocalypse Academic Researcher Post-Apocalypse Auditor for the Commonwealth,,,Matthew Cornwell,,,,
Ezekiel Sutton (TV Series),https://walkingdead.fandom.com/wiki/Ezekiel_Sutton_(TV_Series),https://static.wikia.nocookie.net/walkingdead/images/0/07/Season_eleven_ezekiel_sutton.png/revision/latest/scale-to-width-down/268?cb=20221126222936,,,Mrs. Sutton † - Mother Mr. Sutton † - Father (Unnamed) † - Grandmother Carol Peletier - Ex-Wife Henry Sutton † - Adopted Son,African-American,Alive,,,,"Mid 40s ("" The Well "") Early 50s ("" Who Are You Now? "") Mid 50s ("" Rest in Peace "")",,Black (Graying),,49,,,King Ezekiel Your Majesty The King (by the Saviors ) King Assface (by Negan ) Zeke (by Carol ),Male,Pre-Apocalypse Amateur Theater Actor Zookeeper Post-Apocalypse Former Leader of the Kingdom Former Co-Leader of the Militia Co-Leader of the Coalition Former Member of the Hilltop Council [ 1 ] Former Animal Control for the Commonwealth Governor of the Commonwealth Commander-in-Chief of the Commonwealth Army,,Shiva † - Tiger,Khary Payton,,,,
Ezra (TV Series),https://walkingdead.fandom.com/wiki/Ezra_(TV_Series),https://static.wikia.nocookie.net/walkingdead/images/e/ef/Season_eleven_ezra.png/revision/latest/scale-to-width-down/267?cb=20220228024520,,,Nabila - Mother Jerry - Father Aliyah - Sister Mariam - Sister,African/Samoan-American,Alive,,,,"5 ("" Bounty "") 6 ("" Lines We Cross "") 7 ("" Out of the Ashes "") 8 ("" Rest in Peace "")",,Black,,13,,,,Male,,,,Micah King,,,,
Farron (TV Series),https://walkingdead.fandom.com/wiki/Farron_(TV_Series),https://static.wikia.nocookie.net/walkingdead/images/c/c6/Season_seven_farron.png/revision/latest/scale-to-width-down/268?cb=20170404020733,,,Unknown,Caucasian-American,Dead,,,,Mid 20s,,Blonde,,,,,,Female,Unknown,,,Anja Akstin,,,,
Felipe (TV Series),https://walkingdead.fandom.com/wiki/Felipe_(TV_Series),https://static.wikia.nocookie.net/walkingdead/images/f/f7/Felipe_Vatos.png/revision/latest/scale-to-width-down/268?cb=20131130151659,,,( Unnamed ) † - Grandmother Miguel † - Cousin,Mexican-American,Dead,,,,Early to Mid 30s,,Black,,,,Brown,,Male,Pre-Apocalypse Nurse Special Care Provider Post-Apocalypse Supply Runner for the Vatos Gang,,,Noel Gugliemi,,,,
Felix (TV Series),https://walkingdead.fandom.com/wiki/Felix_(TV_Series),https://static.wikia.nocookie.net/walkingdead/images/6/6d/Season_ten_felix.png/revision/latest/scale-to-width-down/268?cb=20200309011539,,,Unknown,Caucasian-American,Dead,,,,Early to Mid 30s,,Brown,,,,,,Male,Post-Apocalypse Soldier for the Coalition,,,Gianni Biasetti Jr.,,,,
Fisher (TV Series),https://walkingdead.fandom.com/wiki/Fisher_(TV_Series),https://static.wikia.nocookie.net/walkingdead/images/5/51/Season_eleven_fisher.png/revision/latest/scale-to-width-down/268?cb=20210907161534,,,Unknown,Caucasian-American,Dead,,,,Early to Mid 50s,,Brown (Graying),,6,,,Fish (by Leah ),Male,Pre-Apocalypse Soldier for the U.S. Military Mercenary,,,Branton Box,,,,
Flame (TV Series),https://walkingdead.fandom.com/wiki/Flame_(TV_Series),https://static.wikia.nocookie.net/walkingdead/images/3/34/Season_four_flame_the_horse.png/revision/latest/scale-to-width-down/268?cb=20210811195203,,,Michonne Grimes - Owner,Horse,Dead,,,,Unknown,,Light brown with white,,3,,Brown,,Female,,,,Chase,,,,
Frances (TV Series),https://walkingdead.fandom.com/wiki/Frances_(TV_Series),https://static.wikia.nocookie.net/walkingdead/images/8/89/Season_ten_frances.png/revision/latest/scale-to-width-down/268?cb=20191014193006,,,Alice - Mother John - Father Adam Sutton - Son Mary † - Sister,Caucasian-American,Dead,,,,Mid to Late 20s,,Auburn,,4,,,,Female,Pre-Apocalypse Student,,,Juliet Brett ( S10 ),,,Emily Lane ( S9 ),
Francine (TV Series),https://walkingdead.fandom.com/wiki/Francine_(TV_Series),https://static.wikia.nocookie.net/walkingdead/images/9/9c/Season_eight_francine.png/revision/latest/scale-to-width-down/268?cb=20210403020745,,,Unknown,Caucasian-American,Dead,,,,Late 20s to Early 30s,,Dark Brown,,13,,,,Female,Pre-Apocalypse Soldier for the U.S. Military and/or Police Officer Post-Apocalypse Construction Worker for the Alexandria Safe Zone Soldier for the Militia,,,Dahlia Legault,,,,
Franco (TV Series),https://walkingdead.fandom.com/wiki/Franco_(TV_Series),https://static.wikia.nocookie.net/walkingdead/images/4/47/508_Franco.png/revision/latest/scale-to-width-down/268?cb=20141201035741,,,Unknown,African-American,Dead,,,,Late 20s to Early 30s,,Brown,,,,,,Male,Pre-Apocalypse Police Officer,,,Rico Ball,,,,
Frank (TV Series),https://walkingdead.fandom.com/wiki/Frank_(TV_Series),https://static.wikia.nocookie.net/walkingdead/images/9/93/Frank_Staffel_9.jpg/revision/latest/scale-to-width-down/268?cb=20190213171337,,,Deborah † - Wife Lydia - Daughter (Unknown) † - Father-in-Law,Caucasian-American,Dead,,,,Early 40s,,Black,,,,,,Male,Unknown,,,Steve Kazee,,,,
Frankie (TV Series),https://walkingdead.fandom.com/wiki/Frankie_(TV_Series),https://static.wikia.nocookie.net/walkingdead/images/7/71/Season_nine_frankie_%282%29.png/revision/latest/scale-to-width-down/268?cb=20200505165549,,,Alice - Adopted Daughter,Caucasian-American,Dead,,,,"Mid 20s ("" Sing Me a Song "") Late 20s ("" Scars "") Early to Mid 30s ("" The Calm Before "")",,Red,,7,"Negan Smith - Ex-""Husband""",,,Female,Pre-Apocalypse Masseuse Post-Apocalypse Former Servant for Eugene Porter,,,Elyse Nicole DuFour,,,,
Franklin (TV Series),https://walkingdead.fandom.com/wiki/Franklin_(TV_Series),https://static.wikia.nocookie.net/walkingdead/images/e/e3/Season_ten_franklin.png/revision/latest/scale-to-width-down/268?cb=20210329190040,,,Laura † - Adopted Daughter,African-American,Unknown,,,,Late 40s to Early 50s,,Black (Graying),,,,,,Male,Pre-Apocalypse Doctor Post-Apocalypse Leader of his own group,,,Miles Mussenden,,,,
Freddie (TV Series),https://walkingdead.fandom.com/wiki/Freddie_(TV_Series),https://static.wikia.nocookie.net/walkingdead/images/c/c4/Season_eight_freddie.png/revision/latest/scale-to-width-down/267?cb=20260218201314,,,(Unnamed) † - Late Wife,Caucasian-American,Dead,,,,Late 30s to Early 40s,,Brown,,5,,,,Male,Post-Apocalypse Guard Captain [ 1 ] and Supply Runner for the Hilltop Colony Soldier for the Militia,,,Brett Gentile,,,,
Frost (TV Series),https://walkingdead.fandom.com/wiki/Frost_(TV_Series),https://static.wikia.nocookie.net/walkingdead/images/2/2a/Season_eleven_frost.png/revision/latest/scale-to-width-down/268?cb=20210813215415,,,Unknown,Native/African-American,Dead,,,,Early to Mid 30s,,Black,,5,,,,Male,Unknown,,,Glenn Stanton,,,,
Gabe (TV Series),https://walkingdead.fandom.com/wiki/Gabe_(TV_Series),https://static.wikia.nocookie.net/walkingdead/images/6/6b/Savior_2_%28Not_Tomorrow_Yet%29.png/revision/latest/scale-to-width-down/267?cb=20210806045706,,,Unknown,Latino-American,Dead,,,,Mid to Late 30s,,Black,,,,,,Male,Post-Apocalypse Guard for the Saviors,,,Ian Casselberry,,,,
Gabriel Stokes (TV Universe),https://walkingdead.fandom.com/wiki/Gabriel_Stokes_(TV_Universe),https://static.wikia.nocookie.net/walkingdead/images/c/c9/Season_one_gabriel_stokes.png/revision/latest/scale-to-width-down/268?cb=20240326194711,,,Socorro Espinosa - Adopted Daughter,African-American,Alive,,,,"Mid 40s ("" Strangers "") Early 50s ("" Who Are You Now? ""/"" Become "", Flashback) Mid 50s ("" Rest in Peace ""/"" Become "")",,"Black (Graying, Bald)",,73 ( The Walking Dead ) 1 ( The Ones Who Live ),Anne † - Ex-Lover Rosita Espinosa † - Ex-Girlfriend,Brown (Right eye turned white following infection),Gabe Gabey (by Negan ),Male,Pre-Apocalypse Priest at St. Sarah's Church Post-Apocalypse Priest at the Alexandria Safe Zone Former Lookout for the Alexandria Safe Zone Former Soldier for the Militia Former Worker for the Saviors Former Head of the Alexandria Council Former Priest at the First Christian Church of the Commonwealth Co-Leader of the Coalition and the Alexandria Safe Zone,,,Seth Gilliam,,,,
Gage (TV Series),https://walkingdead.fandom.com/wiki/Gage_(TV_Series),https://static.wikia.nocookie.net/walkingdead/images/d/de/Season_eleven_gage_%282%29.png/revision/latest/scale-to-width-down/268?cb=20260220211905,,,Unknown,Caucasian-American,Dead,,,,Late Teens,,Light Brown,,10,,,,Male,Pre-Apocalypse Student Post-Apocalypse Soldier for the Coalition,,,Jackson Pace,,,,
Garcia (TV Series),https://walkingdead.fandom.com/wiki/Garcia_(TV_Series),https://static.wikia.nocookie.net/walkingdead/images/7/7c/Season_eleven_garcia.png/revision/latest/scale-to-width-down/268?cb=20210823010111,,,Unknown,Latino-American,Alive,,,,Mid to Late 30s,,Unknown,,2,,,,Male,Post-Apocalypse Soldier for the Commonwealth Army,,,Kyle Evans,,,,
Gareth (TV Series),https://walkingdead.fandom.com/wiki/Gareth_(TV_Series),https://static.wikia.nocookie.net/walkingdead/images/f/f7/Season_five_gareth.png/revision/latest/scale-to-width-down/268?cb=20220928175930,,,Mary † - Mother Alex † - Brother,Caucasian-American,Dead,,,,Mid to Late 20s,,Brown,,5,,,,Male,Post-Apocalypse Former Leader of Terminus Leader of the Hunters,,,Andrew J. West,,,,
Gargulio (TV Series),https://walkingdead.fandom.com/wiki/Gargulio_(TV_Series),https://static.wikia.nocookie.net/walkingdead/images/7/74/Season_three_gargulio.png/revision/latest/scale-to-width-down/268?cb=20250223184015,,,Unknown,Italian-American,Dead,,,,Late Teens to Early 20s,,Dark Brown,,,,Brown,Neil (by Merle ),Male,Post-Apocalypse Guard for Woodbury Soldier for the Woodbury Army,,,Dave Davis,,,,
Gary (TV Series),https://walkingdead.fandom.com/wiki/Gary_(TV_Series),https://static.wikia.nocookie.net/walkingdead/images/1/1f/Season_eight_gary.png/revision/latest/scale-to-width-down/268?cb=20260218081217,,,Unknown,African/Latino-American,Dead,,,,Mid to Late 30s,,Black,,12,,,,Male,Post-Apocalypse Former Lieutenant of the Saviors,,,Mike Seal,,,,
Gavin (TV Series),https://walkingdead.fandom.com/wiki/Gavin_(TV_Series),https://static.wikia.nocookie.net/walkingdead/images/5/52/Season_eight_gavin.png/revision/latest/scale-to-width-down/268?cb=20221024013021,,,Unknown,Caucasian-American,Dead,,,,Mid to Late 30s,,Brown (Graying),,8,,,,Male,Pre-Apocalypse Construction Foreman Post-Apocalypse Lieutenant of the Saviors Former Head of the Chemical Plant Outpost,,,Jayson Warner Smith,,,,
Gavin Trevitt (TV Series),https://walkingdead.fandom.com/wiki/Gavin_Trevitt_(TV_Series),https://static.wikia.nocookie.net/walkingdead/images/e/e8/Gavin_Trevitt_%28photo%29.png/revision/latest/scale-to-width-down/267?cb=20260521141533,,,Unknown,Caucasian-American,Dead,,,,Late 30s,,Brown,,,,Blue,,Male,Pre-Apocalypse Oncologist,,,Timothy Scott,,,,
George (TV Series),https://walkingdead.fandom.com/wiki/George_(TV_Series),https://static.wikia.nocookie.net/walkingdead/images/1/1b/Season_seven_george.png/revision/latest?cb=20190525211343,,,Unknown,Caucasian-American,Dead,,,,Late 30s to Early 40s,,Brown,,,,,,Male,Unknown,,,Brian F. Durkin,,,,
Georgie's Group,https://walkingdead.fandom.com/wiki/Georgie%27s_Group,https://static.wikia.nocookie.net/walkingdead/images/d/d7/812_Georgie%27s_group.jpg/revision/latest/scale-to-width-down/267?cb=20230420165615,Unknown,TV Series,,,Unknown,Unknown,,Pioneers/Survivors,,,,Georgie,,,,,,,,,,""" The Key """,,,The Militia
Georgie (TV Series),https://walkingdead.fandom.com/wiki/Georgie_(TV_Series),https://static.wikia.nocookie.net/walkingdead/images/8/85/Season_eight_georgie.png/revision/latest/scale-to-width-down/268?cb=20180320154634,,,Unknown,Caucasian-American,Unknown,,,,Early 60s,,Platinum Blonde,,,,,,Female,Pre-Apocalypse Professor [ 1 ] Post-Apocalypse Leader of her own group,,,Jayne Atkinson,,,,
Gina (Jocelyn's Group),https://walkingdead.fandom.com/wiki/Gina_(Jocelyn%27s_Group),https://static.wikia.nocookie.net/walkingdead/images/3/39/Season_nine_gina.png/revision/latest/scale-to-width-down/267?cb=20190318160850,,,Unknown,Asian-American,Dead,,,,16-18,,Black,,,,,,Female,Pre-Apocalypse Student,,,Jessi Goei,,,,
Gina (Savior),https://walkingdead.fandom.com/wiki/Gina_(Savior),https://static.wikia.nocookie.net/walkingdead/images/4/45/Vendor_%28Hostiles_and_Calamities%29.png/revision/latest/scale-to-width-down/268?cb=20191217215620,,,Unknown,Caucasian-American,Unknown,,,,Mid to Late 50s,,Brown (Graying),,3,,,,Female,Post-Apocalypse Former Vendor for the Sanctuary Former Worker for the Saviors,,,Gina Stewart,,,,
Glenn Rhee (TV Series),https://walkingdead.fandom.com/wiki/Glenn_Rhee_(TV_Series),https://static.wikia.nocookie.net/walkingdead/images/a/a2/Season_six_glenn_rhee.png/revision/latest/scale-to-width-down/268?cb=20210308013809,,,Maggie Rhee - Wife Hershel Rhee - Son (Unnamed) - Sisters Josephine Greene † - Mother-In-Law Hershel Greene † - Father-In-Law Annette Greene † - Step-Mother-In-Law Beth Greene † - Half-Sister-In-Law Shawn Greene † - Step-Brother-In-Law Arnold Greene † - Cousin-In-Law,Korean-American,Dead,,,,Mid 20s,,Black,,68,,Brown,Walker Bait (by Maggie ) Short Round (by Daryl ),Male,Pre-Apocalypse Pizza Delivery Boy Post-Apocalypse Former Supply Runner for Rick's Group Former Member of the Prison Council Supply Runner for the Alexandria Safe Zone,,,Steven Yeun,,,,
Gomez (TV Series),https://walkingdead.fandom.com/wiki/Gomez_(TV_Series),https://static.wikia.nocookie.net/walkingdead/images/a/ac/Savior6_%28Honor%29.png/revision/latest/scale-to-width-down/268?cb=20200520221250,,,Unknown,Latino-American,Dead,,,,Mid 30s,,Brown,,,,,,Male,Unknown,,,Unknown,,,,
Gordon (TV Series),https://walkingdead.fandom.com/wiki/Gordon_(TV_Series),https://static.wikia.nocookie.net/walkingdead/images/4/45/Season_seven_gordon.png/revision/latest/scale-to-width-down/268?cb=20260807012853,,,Maria † - Late Wife,Caucasian-American,Dead,,,,Late 30s,,Black,,,,,,Male,Post-Apocalypse Former Worker for the Saviors,,,Michael Scialabba,,,,
Gorman (TV Series),https://walkingdead.fandom.com/wiki/Gorman_(TV_Series),https://static.wikia.nocookie.net/walkingdead/images/d/da/Season_five_gorman.png/revision/latest/scale-to-width-down/268?cb=20250627013939,,,Unknown,Caucasian-American,Dead,,,,Late 30s,,Brown,,,,,,Male,Pre-Apocalypse Police Officer,,,Cullen Moss,,,,
Gracie (TV Series),https://walkingdead.fandom.com/wiki/Gracie_(TV_Series),https://static.wikia.nocookie.net/walkingdead/images/7/7c/Season_eleven_gracie.png/revision/latest/scale-to-width-down/268?cb=20221004180107,,,(Unnamed) † - Mother ( Unnamed ) † - Father Aaron - Adoptive Father (Unnamed) † - Adoptive Paternal Grandmother (Unnamed) † - Adoptive Paternal Uncle,Caucasian-American,Alive,,,,"5 months ("" The Damned "") 2 ("" A New Beginning "") 8 ("" Who Are You Now? "") 9 ("" Lines We Cross "") 10 ("" Lockdown "") 11 ("" Rest in Peace "")",,Blonde,,24,,,,Female,Post-Apocalypse Student at the Alexandria Safe Zone Former Student at the Commonwealth,,,Anabelle Holloway,,,"Scarlett & Sophie ( S8 -"" Scars "", Flashback)",
Grady Memorial Hospital,https://walkingdead.fandom.com/wiki/Grady_Memorial_Hospital,https://static.wikia.nocookie.net/walkingdead/images/0/0e/Grady_Hospital.jpg/revision/latest/scale-to-width-down/268?cb=20141103105143,,TV Series,,,Inactive,,,Pre-Apocalypse Hospital Post-Apocalypse Evacuation Center Settlement,,Georgia,,,,,,,,,Grady Memorial Hospital,,,""" What Lies Ahead "" to "" Forget "" (Flashback)",,,
Green (TV Series),https://walkingdead.fandom.com/wiki/Green_(TV_Series),https://static.wikia.nocookie.net/walkingdead/images/3/35/Season_eleven_green.png/revision/latest/scale-to-width-down/268?cb=20220228024532,,,Unknown,Latino-American,Dead,,,,Early 30s,,Black,,3,,,,Male,Post-Apocalypse Soldier for the Commonwealth Army,,,Braian Rivera Jimenez,,,,
Greene Family Farm (TV Series),https://walkingdead.fandom.com/wiki/Greene_Family_Farm_(TV_Series),https://static.wikia.nocookie.net/walkingdead/images/8/8c/Hershel%27s_Farm.jpg/revision/latest/scale-to-width-down/268?cb=20240512125117,,,,,"Abandoned, overrun by the undead, presumably burned to the ground",,,Pre-Apocalypse Farm Post-Apocalypse Farming Settlement,,Georgia,,,,,,The Farm,,,,,,,,,
Greg (Prison),https://walkingdead.fandom.com/wiki/Greg_(Prison),https://static.wikia.nocookie.net/walkingdead/images/b/b5/Extra1_%28Infected%29.png/revision/latest/scale-to-width-down/268?cb=20240725015750,,,Unknown,Caucasian-American,Dead,,,,Late 30s to Early 40s,,Auburn,,2,,Blue,,Male,Unknown,,,Greg Crews,,,,
Greg (TV Series),https://walkingdead.fandom.com/wiki/Greg_(TV_Series),https://static.wikia.nocookie.net/walkingdead/images/c/cf/Season_five_greg.png/revision/latest/scale-to-width-down/268?cb=20201206012614,,,Unknown,Caucasian-American,Dead,,,,Mid to Late 30s,,Dark Brown,,2,,,,Male,Unknown,,,Travis Young,,,,
Gregory (TV Series),https://walkingdead.fandom.com/wiki/Gregory_(TV_Series),https://static.wikia.nocookie.net/walkingdead/images/0/0d/Season_nine_gregory.png/revision/latest/scale-to-width-down/268?cb=20181009014042,,,Unknown,Caucasian-American,Dead,,,,Late 50s to Early 60s,,Gray (Balding),,15,,,,Male,Pre-Apocalypse Business Owner Post-Apocalypse Former Leader of the Hilltop Colony,,,Xander Berkeley,,,,
Guillermo (TV Series),https://walkingdead.fandom.com/wiki/Guillermo_(TV_Series),https://static.wikia.nocookie.net/walkingdead/images/8/89/Guillermo_Vatos.png/revision/latest/scale-to-width-down/268?cb=20131130150531,,,Unknown,Latino/African-American,Dead,,,,Late 20s to Early 30s,,Black,,,,Brown,G,Male,Pre-Apocalypse Custodian Post-Apocalypse Leader of the Vatos Gang,,( Unnamed ) - 3 Dogs,Neil Brown Jr.,,,,
Gunther (TV Series),https://walkingdead.fandom.com/wiki/Gunther_(TV_Series),https://static.wikia.nocookie.net/walkingdead/images/4/45/Season_eight_gunther.png/revision/latest/scale-to-width-down/268?cb=20171116030001,,,Unknown,Caucasian-American,Dead,,,,Early to Mid 20s,,Dirty Blond,,,,,,Male,Unknown,,,Whitmer Thomas,,,,
Gus (TV Series),https://walkingdead.fandom.com/wiki/Gus_(TV_Series),https://static.wikia.nocookie.net/walkingdead/images/2/2f/Season_ten_gus.png/revision/latest/scale-to-width-down/268?cb=20210301021308,,,Unknown,Caucasian-American,Dead,,,,Mid to Late 40s,,Dark Brown (Graying),,,,,,Male,Unknown,,,David Atkinson,,,,
Haley (TV Series),https://walkingdead.fandom.com/wiki/Haley_(TV_Series),https://static.wikia.nocookie.net/walkingdead/images/1/13/HaleyCrop.PNG/revision/latest/scale-to-width-down/268?cb=20250626183639,,,(Unnamed) † - Father (Unnamed) † - Brother,Caucasian-American,Dead,,,,Late Teens to Early 20s,,Brown,,3,,Brown,,Female,Pre-Apocalypse College Student Post-Apocalypse Guard for Woodbury Soldier for the Woodbury Army,,,Alexa Nikolas,,,,
Ham Burke (TV Series),https://walkingdead.fandom.com/wiki/Ham_Burke_(TV_Series),https://static.wikia.nocookie.net/walkingdead/images/6/6c/Extra22_%28Welcome_to_the_Tombs%29.png/revision/latest/scale-to-width-down/268?cb=20230504035241,,,Unknown,Caucasian-American,Dead,,,,Late 50s to Early 60s,,Gray,,10,,,,Male,Pre-Apocalypse Soldier [ 1 ] Post-Apocalypse Guard for Woodbury Soldier for the Woodbury Army,,,William Tokarsky,,,,
Hannah (TV Universe),https://walkingdead.fandom.com/wiki/Hannah_(TV_Universe),https://static.wikia.nocookie.net/walkingdead/images/b/bf/Season_one_hannah.png/revision/latest/scale-to-width-down/268?cb=20140920234529,,,Andrew † - Ex-Husband Jamie - Daughter Billy - Son,Caucasian-American,Dead,,,,Mid to Late 30s,,Blonde,,4 ( Torn Apart ) 1 ( The Walking Dead ),,Blue,,Female,Unknown,,,Lilli Birdsell,,,Melissa Cowan (Zombified),
Hanson (TV Series),https://walkingdead.fandom.com/wiki/Hanson_(TV_Series),https://static.wikia.nocookie.net/walkingdead/images/9/91/Hanson.PNG/revision/latest/scale-to-width-down/268?cb=20141103043515,,,Unknown,Caucasian-American,Dead,,,,Early to Mid 30s,,Brown,,,,,,Male,Pre-Apocalypse Captain in the Atlanta Police Department Post-Apocalypse Former Leader of Grady Memorial Hospital,,,Luke Bryant,,,,
Harlan Carson (TV Series),https://walkingdead.fandom.com/wiki/Harlan_Carson_(TV_Series),https://static.wikia.nocookie.net/walkingdead/images/7/77/Season_eight_harlan_carson.png/revision/latest/scale-to-width-down/268?cb=20180305232454,,,Emmett Carson † - Brother,Caucasian-American,Dead,,,,Early 40s,,Auburn,,6,,,,Male,Pre-Apocalypse OB/GYN Post-Apocalypse Former Physician and Supply Runner for the Hilltop Colony Former Physician for the Sanctuary,,,R. Keith Harris,,,,
Harley (TV Series),https://walkingdead.fandom.com/wiki/Harley_(TV_Series),https://static.wikia.nocookie.net/walkingdead/images/3/3e/Season_four_harley.png/revision/latest/scale-to-width-down/268?cb=20251206214025,,,Unknown,Caucasian-American,Dead,,,,Mid 40s,,Blond (Graying),,4 ( The Walking Dead ) 1 ( Red Machete ),,,,Male,Unknown,,,JD Evermore,,,,
Hart (TV Series),https://walkingdead.fandom.com/wiki/Hart_(TV_Series),https://static.wikia.nocookie.net/walkingdead/images/a/a9/Season_eleven_hart.png/revision/latest/scale-to-width-down/267?cb=20220321165536,,,Unknown,African/Caucasian-American,Dead,,,,Late 20s to Early 30s,,Black (Shaved Head),,,,,,Female,Unknown,,,Jenique Hendrix,,,,
Heath (TV Series),https://walkingdead.fandom.com/wiki/Heath_(TV_Series),https://static.wikia.nocookie.net/walkingdead/images/d/da/Season_seven_heath.png/revision/latest/scale-to-width-down/268?cb=20260223055349,,,Unknown,African-American,Unknown,,,,Early 20s,,Brown,,7,,,,Male,Post-Apocalypse Supply Runner for the Alexandria Safe Zone,,,Corey Hawkins,,,,
Helen (TV Series),https://walkingdead.fandom.com/wiki/Helen_(TV_Series),https://static.wikia.nocookie.net/walkingdead/images/6/64/Season_nine_helen.png/revision/latest/scale-to-width-down/268?cb=20211106071934,,,Unknown,Caucasian-American,Dead,,,,Mid 30s,,Brown,,,Sean † - Boyfriend,,,Female,Unknown,,,Allie McCulloch,,,,
Henderson (TV Series),https://walkingdead.fandom.com/wiki/Henderson_(TV_Series),https://static.wikia.nocookie.net/walkingdead/images/a/a3/Season_eleven_henderson.png/revision/latest/scale-to-width-down/268?cb=20221003183513,,,Unknown,African-American,Unknown,,,,Mid to Late 30s,,Black,,,,,,Male,Post-Apocalypse Government Clerk at the Commonwealth,,,Freddy Boyd,,,,
Henry (TV Series),https://walkingdead.fandom.com/wiki/Henry_(TV_Series),https://static.wikia.nocookie.net/walkingdead/images/9/91/Season_four_henry.png/revision/latest?cb=20140401020038,,,Unknown,Caucasian-American,Dead,,,,Mid to Late 20s,,Red,,5,,,,Male,Post-Apocalypse Guard for the Prison,,,James Michael Keats,,,,
Henry Sutton (TV Series),https://walkingdead.fandom.com/wiki/Henry_Sutton_(TV_Series),https://static.wikia.nocookie.net/walkingdead/images/1/15/Season_nine_henry_%282%29.png/revision/latest/scale-to-width-down/268?cb=20190318154152,,,(Unnamed) † - Mother (Unnamed) † - Father Carol Peletier - Adoptive Mother Ezekiel Sutton - Adoptive Father Benjamin † - Brother,Caucasian-American,Dead,,,,"Pre-Teen ("" The Well "") Mid to Late Teens ("" Who Are You Now? "")",,Dirty Blond,,24,Lydia - Girlfriend,Brown,Prince Henry (by the Kingdom ),Male,Pre-Apocalypse Elementary School Student Post-Apocalypse Former Soldier for the Militia Former Maintenance Worker for the Kingdom Apprentice Blacksmith at the Hilltop Colony,,,Macsen Lintz ( S7 - S9 ) Matt Lintz ( S9 - S10 ),,,,
Hershel Greene (TV Series),https://walkingdead.fandom.com/wiki/Hershel_Greene_(TV_Series),https://static.wikia.nocookie.net/walkingdead/images/e/ec/Season_four_hershel_greene.png/revision/latest/scale-to-width-down/268?cb=20210605160134,,,Mr. Greene † - Father (Unnamed) † - Brother Josephine Greene † - Late Wife Annette Greene † - Late Wife Maggie Rhee - Daughter Beth Greene † - Daughter Shawn Greene † - Stepson Arnold Greene † - Nephew Glenn Rhee † - Son-In-Law Hershel Rhee - Grandson,Irish-American,Dead,,,,Early to Mid 70s,,White,,35,,Blue,The Farmer (by Merle ),Male,Pre-Apocalypse Veterinarian Farmhand and Head of the Greene Family Farm Post-Apocalypse Group Medic Head of the Prison Council,,Nelly † - Horse,Scott Wilson,,,,
Hershel Rhee (TV Universe),https://walkingdead.fandom.com/wiki/Hershel_Rhee_(TV_Universe),https://static.wikia.nocookie.net/walkingdead/images/0/05/Season_three_hershel_rhee.png/revision/latest/scale-to-width-down/268?cb=20260727174328,,,Maggie Rhee - Mother Glenn Rhee † - Father Josephine Greene † - Maternal Grandmother Hershel Greene † - Maternal Grandfather Annette Greene † - Maternal Step-Grandmother Beth Greene † - Maternal Half-Aunt Shawn Greene † - Maternal Step-Uncle Arnold Greene † - 1st Maternal Cousin Once Removed (Unnamed) - Paternal Aunts,Irish/Korean-American,Alive,,,,"1 [ 1 ] ("" A New Beginning "") 8 ("" Home Sweet Home "") 9 ("" The Lucky Ones "") 10 ("" Rest in Peace "") 14 ("" Old Acquaintances "")",,Black,,24 ( The Walking Dead ) 15 ( Dead City ),,Brown,Sparky (by Negan ),Male,Post-Apocalypse Former Student at the Bricks Former Conscript in the New Babylon Army Medical Student,,,Kien Michael Spiller ( S10 - S11 ) Logan Kim ( Dead City ),,,"Ethan Charles ( S7 ) Peyton Lockridge ( S9 ) Leah Del Rosario ("" The Bird Always Knows "", Stand-In)",
Hilda (TV Series),https://walkingdead.fandom.com/wiki/Hilda_(TV_Series),https://static.wikia.nocookie.net/walkingdead/images/b/b3/Season_eight_hilda.png/revision/latest?cb=20180826033407,,,Midge - Twin Sister,Caucasian-American,Unknown,,,,"Mid to Late 20s ("" The Key "") Early to Mid 30s ("" Stradivarius "")",,Brown,,,,,,Female,Unknown,,,Kim Ormiston,,,,
Hilde (TV Series),https://walkingdead.fandom.com/wiki/Hilde_(TV_Series),https://static.wikia.nocookie.net/walkingdead/images/a/a8/Hilde_%28The_Calm_Before%29.png/revision/latest/scale-to-width-down/268?cb=20190318154856,,,Miles † - Husband,Caucasian-American,Dead,,,,Early 40s,,Blonde,,,,,,Female,Post-Apocalypse Jeweler,,,Caroline Duncan,,,,
Hilltop Colony (TV Series),https://walkingdead.fandom.com/wiki/Hilltop_Colony_(TV_Series),https://static.wikia.nocookie.net/walkingdead/images/f/fb/AMC_907_Hilltop.png/revision/latest/scale-to-width-down/268?cb=20190814162545,,,,,Abandoned; residents relocated to the Bricks,,,Pre-Apocalypse Historic Museum Post-Apocalypse Farming Settlement Former FEMA Camp Former Commonwealth Outpost,,Virginia,,,,,,,,,,,,,,,
Hodges (TV Series),https://walkingdead.fandom.com/wiki/Hodges_(TV_Series),https://static.wikia.nocookie.net/walkingdead/images/d/d1/Trooper5_%28Warlords%29.png/revision/latest/scale-to-width-down/268?cb=20220321021744,,,Unknown,Unknown,Dead,,,,Unknown,,Unknown,,,,,,Unknown,Post-Apocalypse Soldier for the Commonwealth Army,,,Unknown,,,,
Holly (TV Series),https://walkingdead.fandom.com/wiki/Holly_(TV_Series),https://static.wikia.nocookie.net/walkingdead/images/0/0b/Season_six_holly.png/revision/latest/scale-to-width-down/268?cb=20151020234937,,,Unknown,Caucasian-American,Dead,,,,Early 20s,,Blonde,,,,,,Female,Post-Apocalypse Lookout for the Alexandria Safe Zone,,,Laura Beamer,,,,
Howard (TV Series),https://walkingdead.fandom.com/wiki/Howard_(TV_Series),https://static.wikia.nocookie.net/walkingdead/images/7/72/Extra22_%28Dead_Weight%29.png/revision/latest/scale-to-width-down/268?cb=20180822180305,,,Unknown,African-American,Dead,,,,Late 70s,,Gray,,2,,,,Male,Unknown,,,Unknown,,,,
Howell (TV Series),https://walkingdead.fandom.com/wiki/Howell_(TV_Series),https://static.wikia.nocookie.net/walkingdead/images/1/1f/Season_eleven_howell.png/revision/latest/scale-to-width-down/268?cb=20220328045735,,,Unknown,African-American,Unknown,,,,Early 30s,,Black,,,,,,Male,Post-Apocalypse Soldier for the Commonwealth Army,,,Unknown,,,,
Huck (TV Series),https://walkingdead.fandom.com/wiki/Huck_(TV_Series),https://static.wikia.nocookie.net/walkingdead/images/3/34/Season_eight_huck.png/revision/latest/scale-to-width-down/268?cb=20171216204724,,,Unknown,African/Hispanic-American,Dead,,,,Mid to Late 30s,,Brown,,4,,,,Female,Post-Apocalypse Guard for the Saviors,,,Miya Golden,,,,
Hunter (TV Series),https://walkingdead.fandom.com/wiki/Hunter_(TV_Series),https://static.wikia.nocookie.net/walkingdead/images/6/66/Hunter2.PNG/revision/latest/scale-to-width-down/268?cb=20220123224840,,,Hermit † - Owner,Canine,Dead,,,,Unknown,,Light Brown,,,,,,Male,,,,Unknown,,,,
Ian (TV Series),https://walkingdead.fandom.com/wiki/Ian_(TV_Series),https://static.wikia.nocookie.net/walkingdead/images/7/7a/Season_eleven_ian.png/revision/latest/scale-to-width-down/268?cb=20220314151136,,,Unknown,Caucasian-American,Dead,,,,Early to Mid 60s,,Dark Brown (Graying),,,,,,Male,Post-Apocalypse Leader of Riverbend,,,Michael Biehn,,,,
Ira Washington (TV Series),https://walkingdead.fandom.com/wiki/Ira_Washington_(TV_Series),https://static.wikia.nocookie.net/walkingdead/images/4/43/Season_eleven_washington.png/revision/latest/scale-to-width-down/268?cb=20210907161524,,,Unknown,Caucasian-American,Dead,,,,Late 30s to Early 40s,,Brown,,5,,,Wash (by Leah ),Male,Pre-Apocalypse Soldier for the U.S. Military Mercenary,,,Ethan McDowell,,,,
Isabelle (TV Series),https://walkingdead.fandom.com/wiki/Isabelle_(TV_Series),https://static.wikia.nocookie.net/walkingdead/images/4/4a/Season_seven_isabelle.png/revision/latest/scale-to-width-down/268?cb=20220524032452,,,Unknown,Caucasian-American,Dead,,,,Early to Mid 30s,,Red,,2,,,,Female,Unknown,,,Aerli Austen,,,,
Jackson (TV Series),https://walkingdead.fandom.com/wiki/Jackson_(TV_Series),https://static.wikia.nocookie.net/walkingdead/images/5/52/Liar_%282%29_%28Dead_Weight%29.png/revision/latest/scale-to-width-down/268?cb=20200625014838,,,Unknown,Caucasian-American,Undead,,,,Late 30s to Early 40s,,Unknown (Bald),,,,,Liar,Male,Pre-Apocalypse Soldier in the U.S. Military,,,Unknown,,,,
Jacqui (TV Series),https://walkingdead.fandom.com/wiki/Jacqui_(TV_Series),https://static.wikia.nocookie.net/walkingdead/images/7/71/Jacqui_%28Wildfire%29.png/revision/latest/scale-to-width-down/268?cb=20230723200550,,,(Unnamed) † - Mother (Unnamed) † - Brothers,African-American,Dead,,,,Mid to Late 40s,,Black,,7,,Brown,,Female,Pre-Apocalypse Zoning Department Worker Post-Apocalypse Former Supply Runner for the Atlanta Camp,,,Jeryl Prescott Sales,,,,
Jake Daniels (TV Series),https://walkingdead.fandom.com/wiki/Jake_Daniels_(TV_Series),https://static.wikia.nocookie.net/walkingdead/images/1/1b/Season_eleven_jake_daniels.png/revision/latest/scale-to-width-down/268?cb=20220120183803,,,Unknown,Caucasian-American,Dead,,,,Early 30s,,Dirty Blond,,3,,,,Male,Post-Apocalypse Soldier for the Commonwealth Army,,,Michael Hanson,,,,
Jan (TV Series),https://walkingdead.fandom.com/wiki/Jan_(TV_Series),https://static.wikia.nocookie.net/walkingdead/images/4/45/Season_eleven_jan.png/revision/latest/scale-to-width-down/268?cb=20220307020621,,,Unknown,Indian-American,Unknown,,,,Early 40s,,Black,,,,,,Female,Post-Apocalypse Editor-in-Chief of the Commonwealth Tribune,,,Aneesh Sheth,,,,
Jared (TV Series),https://walkingdead.fandom.com/wiki/Jared_(TV_Series),https://static.wikia.nocookie.net/walkingdead/images/d/d6/Season_eight_jared.png/revision/latest/scale-to-width-down/268?cb=20180403142836,,,Unknown,Caucasian-American,Dead,,,,Late 20s to Early 30s,,Brown,,11,,,,Male,Unknown,,,Joshua Mikel,,,,
Jeanette (TV Series),https://walkingdead.fandom.com/wiki/Jeanette_(TV_Series),https://static.wikia.nocookie.net/walkingdead/images/1/11/Season_four_jeanette.png/revision/latest/scale-to-width-down/267?cb=20220808135708,,,Unknown,African-American,Dead,,,,Late 40s to Early 50s,,Black,,5,,Brown,,Female,Unknown,,,Sherry Richards,,,,
Jed (TV Series),https://walkingdead.fandom.com/wiki/Jed_(TV_Series),https://static.wikia.nocookie.net/walkingdead/images/5/5e/Season_nine_jed_%282%29.png/revision/latest/scale-to-width-down/268?cb=20200504012340,,,Unknown,Caucasian-American,Dead,,,,"Mid 30s ("" The Bridge "") Early 40s ("" Who Are You Now? "")",,Dark Brown,,4,,,,Male,Post-Apocalypse Leader of the Savior Marauders,,,Rhys Coiro,,,,
Jeffery (TV Series),https://walkingdead.fandom.com/wiki/Jeffery_(TV_Series),https://static.wikia.nocookie.net/walkingdead/images/c/ce/Extra6_%28JSS%29.png/revision/latest/scale-to-width-down/268?cb=20151020235840,,,Unknown,Caucasian-American,Dead,,,,Mid 20s,,Brown,,2,,,,Male,Unknown,,,Jackson Ward,,,,
Jeffries (TV Series),https://walkingdead.fandom.com/wiki/Jeffries_(TV_Series),https://static.wikia.nocookie.net/walkingdead/images/6/6a/Season_five_jeffries.png/revision/latest?cb=20220504051615,,,Unknown,African-American,Dead,,,,Early to Mid 30s,,Black,,,,,,Male,Pre-Apocalypse Police Officer,,,Unknown,,,,
Jen (Meridian),https://walkingdead.fandom.com/wiki/Jen_(Meridian),https://static.wikia.nocookie.net/walkingdead/images/c/ce/Season_ten_jen_villager.png/revision/latest/scale-to-width-down/268?cb=20210301021255,,,Unknown,Unknown,Dead,,,,Unknown,,Unknown,,,,,,Female,Unknown,,,None,,,,
Jen (TV Series),https://walkingdead.fandom.com/wiki/Jen_(TV_Series),https://static.wikia.nocookie.net/walkingdead/images/d/d9/Season_ten_jen.png/revision/latest/scale-to-width-down/268?cb=20200322110854,,,Unknown,Caucasian-American,Unknown,,,,Late 20s to Early 30s,,Brown,,,,,,Female,Unknown,,,Rae Olivier,,,,
Jenny (TV Series),https://walkingdead.fandom.com/wiki/Jenny_(TV_Series),https://static.wikia.nocookie.net/walkingdead/images/9/96/Kingdom1_%28How_It%27s_Gotta_Be%29.png/revision/latest?cb=20181118032447,,,Unknown,Caucasian-American,Unknown,,,,10-Jul,,Brown,,2,,,,Female,Pre-Apocalypse Student,,,Unknown,,,,
Jenny Jones (TV Universe),https://walkingdead.fandom.com/wiki/Jenny_Jones_(TV_Universe),https://static.wikia.nocookie.net/walkingdead/images/8/87/Season_one_jenny_jones.png/revision/latest/scale-to-width-down/268?cb=20230619144454,,,Morgan Jones - Husband Duane Jones † - Son Mr. Jones - Brother-In-Law,African-American,Dead,,,,Mid to Late 30s,,Black,,2 ( The Walking Dead ) 2 ( Fear ),,Brown,,Female,Unknown,,,Keisha Tillis,,,,
Jenson (TV Series),https://walkingdead.fandom.com/wiki/Jenson_(TV_Series),https://static.wikia.nocookie.net/walkingdead/images/1/1b/Season_eleven_jenson.png/revision/latest/scale-to-width-down/268?cb=20220221024121,,,Unknown,Caucasian-American,Dead,,,,Mid to Late 50s,,Gray,,4,,,,Male,Pre-Apocalypse Soldier for the U.S. Military Mercenary,,,John Prozny,,,,
Jeremiah (TV Series),https://walkingdead.fandom.com/wiki/Jeremiah_(TV_Series),https://static.wikia.nocookie.net/walkingdead/images/4/49/Season_ten_jeremiah.png/revision/latest/scale-to-width-down/268?cb=20211017031510,,,(Unnamed) - Children,Caucasian-American,Unknown,,,,Late 50s to Early 60s,,Brown (Graying),,,,,,Male,Pre-Apocalypse Researcher,,,Taylor Nichols,,,,
Jerry (TV Series),https://walkingdead.fandom.com/wiki/Jerry_(TV_Series),https://static.wikia.nocookie.net/walkingdead/images/f/f4/Season_eleven_jerry.png/revision/latest/scale-to-width-down/268?cb=20221126215709,,,Nabila - Wife Ezra - Son Aliyah - Daughter Mariam - Daughter,Samoan-American,Alive,,,,"Late 20s to Early 30s ("" The Well "") Mid to Late 30s ("" Who Are You Now? "") Late 30s to Early 40s ("" Rest in Peace "")",,Black,,49,,,,Male,"Post-Apocalypse Former Steward and Bodyguard for ""King"" Ezekiel Former Soldier for the Militia and the Coalition Former Maintenance Worker for the Kingdom Former Member of the Hilltop Council [ 1 ]",,,Cooper Andrews,,,,
Jesse (TV Series),https://walkingdead.fandom.com/wiki/Jesse_(TV_Series),https://static.wikia.nocookie.net/walkingdead/images/1/1f/Season_eleven_jesse.png/revision/latest/scale-to-width-down/268?cb=20220321165449,,,Unknown,Caucasian-American,Dead,,,,Early to Mid 20s,,Brown,,,,,,Male,Pre-Apocalypse Student Post-Apocalypse Recruiter for the Commonwealth,,,Connor Hammond,,,,
Jessie Anderson (TV Series),https://walkingdead.fandom.com/wiki/Jessie_Anderson_(TV_Series),https://static.wikia.nocookie.net/walkingdead/images/b/be/Season_six_jessie_anderson.png/revision/latest/scale-to-width-down/268?cb=20231027223220,,,Pete Anderson † - Late Husband Ron Anderson † - Son Sam Anderson † - Son,Caucasian-American,Dead,,,,Mid to Late 30s,,Blonde,,11,Rick Grimes - Boyfriend,,,Female,Pre-Apocalypse Hair Stylist Post-Apocalypse Pantry Worker for the Alexandria Safe Zone,,,Alexandra Breckenridge,,,,
Jim (TV Series),https://walkingdead.fandom.com/wiki/Jim_(TV_Series),https://static.wikia.nocookie.net/walkingdead/images/1/18/Season_one_jim.png/revision/latest/scale-to-width-down/268?cb=20220730223700,,,(Unnamed) † - Late Wife (Unnamed) † - Two Sons,Caucasian-American,Undead,,,,Early to Mid 40s,,Dark Brown,,5,,Brown,Jimbo (by Daryl ),Male,Pre-Apocalypse Auto Mechanic,,,Andrew Rothenberg,,,,
Jimmy (TV Series),https://walkingdead.fandom.com/wiki/Jimmy_(TV_Series),https://static.wikia.nocookie.net/walkingdead/images/3/34/Season_two_jimmy.png/revision/latest/scale-to-width-down/268?cb=20140922201046,,,Unknown,Caucasian-American,Dead,,,,17,,Brown,,12,Beth Greene † - Girlfriend,Blue,,Male,Pre-Apocalypse High School Student Farmhand on the Greene Family Farm,,,James Allen McCune,,,,
Jiro (TV Series),https://walkingdead.fandom.com/wiki/Jiro_(TV_Series),https://static.wikia.nocookie.net/walkingdead/images/8/88/Season_six_jiro.png/revision/latest/scale-to-width-down/268?cb=20210806045736,,,Unknown,Asian/Caucasian-American,Dead,,,,Late 30s,,Black,,,,,,Male,Post-Apocalypse Lieutenant of the Saviors,,,Rich Ceraulo,,,,
Joan (TV Series),https://walkingdead.fandom.com/wiki/Joan_(TV_Series),https://static.wikia.nocookie.net/walkingdead/images/c/cd/Season_five_joan.png/revision/latest/scale-to-width-down/268?cb=20141103204602,,,Unknown,Caucasian/Pacific Islander-American,Dead,,,,Mid to Late 20s,,Brown,,,,,,Female,Post-Apocalypse Gorman 's Former Ward at Grady Memorial Hospital,,,Keisha Castle-Hughes,,,,
Jocelyn's Group,https://walkingdead.fandom.com/wiki/Jocelyn%27s_Group,https://static.wikia.nocookie.net/walkingdead/images/8/88/JMvr140.jpg/revision/latest/scale-to-width-down/267?cb=20190318201419,The Militia,TV Series,,,Inactive,Milton Charles School for the Gifted,,Cult/Gang/Bandits,,,,Jocelyn Mitchell (Second-in-Command),,,,,,,,,,""" Scars """,,,None
Jocelyn (TV Series),https://walkingdead.fandom.com/wiki/Jocelyn_(TV_Series),https://static.wikia.nocookie.net/walkingdead/images/2/2f/Season_nine_jocelyn.png/revision/latest/scale-to-width-down/268?cb=20240318161811,,,Unknown,African-American,Dead,,,,Late 30s to Early 40s,,Black,,,,,Joce (by Michonne and her group ),Female,Post-Apocalypse Leader of her own group,,,Rutina Wesley,,,,
Jody (TV Series),https://walkingdead.fandom.com/wiki/Jody_(TV_Series),https://static.wikia.nocookie.net/walkingdead/images/7/7e/Season_three_jody.png/revision/latest/scale-to-width-down/268?cb=20230508213904,,,Unknown,Caucasian-American,Dead,,,,Mid to Late Teens,,Brown,,,,Blue,,Male,Pre-Apocalypse Assumed High School Student Post-Apocalypse Soldier for the Woodbury Army,,,Tanner Holland,,,,
Joe (TV Universe),https://walkingdead.fandom.com/wiki/Joe_(TV_Universe),https://static.wikia.nocookie.net/walkingdead/images/3/38/Us_Joe_OS.png/revision/latest/scale-to-width-down/268?cb=20250623013753,,,Unknown,Caucasian-American,Dead,,,,Mid 50s,,Gray,,2 ( Red Machete ) 4 ( The Walking Dead ),,,,Male,Pre-Apocalypse Mechanic Post-Apocalypse Leader of the Claimers,,,Jeff Kober,,,,
Joe Sr. (TV Series),https://walkingdead.fandom.com/wiki/Joe_Sr._(TV_Series),https://static.wikia.nocookie.net/walkingdead/images/f/f3/Season_four_joe_sr.png/revision/latest/scale-to-width-down/268?cb=20200629041502,,,Joe Jr. - Son,Caucasian-American,Dead,,,,Late 40s,,Brown,,,,,,Male,Pre-Apocalypse Owner of Joe & Joe Jr.'s BBQ Shack,,,Jake Garber,,,,
Joey (TV Series),https://walkingdead.fandom.com/wiki/Joey_(TV_Series),https://static.wikia.nocookie.net/walkingdead/images/1/16/Season_eight_joseph.png/revision/latest/scale-to-width-down/268?cb=20221130115232,,,Unknown,Caucasian-American,Dead,,,,Mid 20s,,Dark Brown,,,,,Skinny Joey,Male,Unknown,,,Trey Butler,,,,
John (Savior),https://walkingdead.fandom.com/wiki/John_(Savior),https://static.wikia.nocookie.net/walkingdead/images/2/20/Season_eight_john.png/revision/latest?cb=20180410012228,,,Unknown,Caucasian-American,Unknown,,,,Late 20s,,Dirty Blond,,2,,Blue,,Male,Post-Apocalypse Former Worker for the Saviors,,,Scott Deckert,,,,
John (TV Series),https://walkingdead.fandom.com/wiki/John_(TV_Series),https://static.wikia.nocookie.net/walkingdead/images/7/70/Season_eleven_john.png/revision/latest/scale-to-width-down/268?cb=20220223164704,,,Unknown,Latino-American,Unknown,,,,Late 40s to Early 50s,,Black,,,,,,Male,Post-Apocalypse Legal Supervisor at the Commonwealth,,,Franco Barberis,,,,
Johnson (TV Series),https://walkingdead.fandom.com/wiki/Johnson_(TV_Series),https://static.wikia.nocookie.net/walkingdead/images/2/20/Extra86_%28Faith%29.png/revision/latest/scale-to-width-down/268?cb=20240521200132,,,Unknown,African-American,Unknown,,,,Early 30s,,Black,,3,,,,Female,Post-Apocalypse Soldier for the Commonwealth Army,,,Rachel Hernandez,,,,
Jonah (TV Series),https://walkingdead.fandom.com/wiki/Jonah_(TV_Series),https://static.wikia.nocookie.net/walkingdead/images/c/ce/Season_nine_jonah.png/revision/latest?cb=20190321031111,,,( Unnamed ) - Adoptive Mother ( Unnamed ) - Adoptive Father,Caucasian-American,Unknown,,,,10-Aug,,Red,,,,,,Male,Pre-Apocalypse Student,,,Ryan Newman,,,,
Jones (TV Series),https://walkingdead.fandom.com/wiki/Jones_(TV_Series),https://static.wikia.nocookie.net/walkingdead/images/4/48/Season_eleven_jones.png/revision/latest/scale-to-width-down/268?cb=20221106024914,,,Unknown,Caucasian-American,Dead,,,,Mid to Late 30s,,Brown,,,,,,Male,Post-Apocalypse Soldier for the Commonwealth Army,,,Vincent Van Hinte,,,,
Jorge (TV Series),https://walkingdead.fandom.com/wiki/Jorge_(TV_Series),https://static.wikia.nocookie.net/walkingdead/images/8/82/Season_one_jorge.png/revision/latest/scale-to-width-down/268?cb=20240701023028,,,Unknown,Latino-American,Dead,,,,Mid to Late 20s,,Black,,,,Brown,,Male,Post-Apocalypse Guard and Supply Runner for the Vatos Gang,,,James Gonzaba,,,,
José (TV Series),https://walkingdead.fandom.com/wiki/Jos%C3%A9_(TV_Series),https://static.wikia.nocookie.net/walkingdead/images/a/a9/Season_eight_jose.png/revision/latest?cb=20180410012228,,,Unknown,Latino-American,Unknown,,,,Mid to Late 30s,,Brown,,3,,,,Male,Post-Apocalypse Former Worker for the Saviors,,,José Miguel Vasquez,,,,
Joseph (TV Series),https://walkingdead.fandom.com/wiki/Joseph_(TV_Series),https://static.wikia.nocookie.net/walkingdead/images/e/ec/Season_seven_joey.png/revision/latest/scale-to-width-down/268?cb=20161206190123,,,Unknown,Caucasian-American,Dead,,,,Mid to Late 20s,,Dark Brown,,4,,,Fat Joey/Joseph,Male,Pre-Apocalypse U.S. Border Patrol Guard Post-Apocalypse Former Chief Engineer and Guard for the Saviors,,,Joshua Hoover,,,,
Josephine (TV Series),https://walkingdead.fandom.com/wiki/Josephine_(TV_Series),https://static.wikia.nocookie.net/walkingdead/images/6/61/Season_eleven_elijah_sister.png/revision/latest/scale-to-width-down/268?cb=20211013215106,,,Elijah - Brother,African-American,Dead,,,,Mid to Late Teens,,Black,,,,,,Female,Pre-Apocalypse Student,,,Unknown,,,,
Josephine Greene (TV Series),https://walkingdead.fandom.com/wiki/Josephine_Greene_(TV_Series),https://static.wikia.nocookie.net/walkingdead/images/a/a2/Josephine_Greene.jpg/revision/latest/scale-to-width-down/268?cb=20140815052820,,,Hershel Greene † - Husband Maggie Rhee - Daughter Arnold Greene † - Nephew Hershel Rhee - Grandson Glenn Rhee † - Son-in-law Mr. Greene † - Father-in-Law,Caucasian-American,Dead,,,,Late 40s to Early 50s,,Brown,,,,Brown,,Female,Pre-Apocalypse Farmhand on the Greene Family Farm,,,Jewell McMickle (TV Series),,,Unknown (Dead City),
Joshua (TV Series),https://walkingdead.fandom.com/wiki/Joshua_(TV_Series),https://static.wikia.nocookie.net/walkingdead/images/c/cd/Kingdom30_%28How_It%27s_Gotta_Be%29.png/revision/latest?cb=20181118032453,,,( Unnamed ) † - Mother ( Unnamed ) - Maternal Grandfather,Caucasian-American,Unknown,,,,10-Aug,,Brown,,3,,,,Male,Pre-Apocalypse Student,,,Unknown,,,,
Joshua Smith (Dead City),https://walkingdead.fandom.com/wiki/Joshua_Smith_(Dead_City),https://static.wikia.nocookie.net/walkingdead/images/7/7c/Season_two_joshua_smith.png/revision/latest/scale-to-width-down/268?cb=20250616010513,,,Annie Smith - Mother Negan Smith - Father Mrs. Smith † - Paternal Grandmother Mr. Smith † - Paternal Grandfather,African/Caucasian-American,Alive,,,,8 months ( TV Series ) 5 ( Dead City ),,Black,,2,,Brown,,Male,,,,Unknown,,,,
Juanita Sanchez (TV Series),https://walkingdead.fandom.com/wiki/Juanita_Sanchez_(TV_Series),https://static.wikia.nocookie.net/walkingdead/images/7/7b/Season_eleven_juanita_sanchez.png/revision/latest/scale-to-width-down/268?cb=20221126222339,,,Dougie - Stepfather (Unnamed) - Stepbrother,Puerto Rican-American,Alive,,,,"28-29 ("" Splinter "") 29-30 ("" Trust "") 30-31 ("" Rest in Peace "")",,Black Purple (Dyed),,15,Michael Mercer - Boyfriend,Brown,Princess Aurora (code name),Female,Pre-Apocalypse High School Student Record Store Employee Retail Employee Waitress at Missy Moose's Pizzeria Post-Apocalypse Former Bluetick General Clerk at the Commonwealth,,,Paola Lázaro,,,,
Judith Grimes (TV Universe),https://walkingdead.fandom.com/wiki/Judith_Grimes_(TV_Universe),https://static.wikia.nocookie.net/walkingdead/images/7/73/Season_one_judith_grimes.png/revision/latest/scale-to-width-down/268?cb=20240402002019,,,Lori Grimes † - Mother Shane Walsh † - Father [ 1 ] Michonne Grimes - Adoptive Mother Rick Grimes - Adoptive Father [ 1 ] Evie - Possible Aunt Carl Grimes † - Half Brother R.J. Grimes - Adoptive Brother Jean † - Paternal Great-Grandmother,Caucasian-American,Alive,,,,"One week ("" The Suicide King "") 8 months ("" No Sanctuary "") 1 ("" Service "") 2 ("" A New Beginning "") 3 ("" Scars "") 9 ("" What Comes After "") 10 ("" Lines We Cross "") 12 ("" Rest in Peace ""/"" The Last Time "")",,Brown,,84 ( The Walking Dead ) 3 ( The Ones Who Live ),,Brown,Jude Little Asskicker (by Daryl ) Shōtō (by Michonne ),Female,Post-Apocalypse Former Student and Children's Self-Defense Teacher at the Alexandria Safe Zone Former Soldier for the Coalition Student at the Commonwealth 's Education Hall,,Dog - Dog,Cailey Fleming,,,Adelaide & Eliza Cornwell ( S3 ) Loudyn & Leighton Case ( S3 ) Tinsley & Anniston Price ( S4 ) Eleora & Elisea DiFranco ( S4 ) Sophia & Delia Oeland ( S4 ) Charlotte & Clara Ward ( S5 ) Kiley & Jaelyn Behun ( S5 ) Chloe & Sophia Garcia-Frizzi ( S6 - S9 ) Kinsley Isla Dillon ( S8 ),
Jules Butler (TV Series),https://walkingdead.fandom.com/wiki/Jules_Butler_(TV_Series),https://static.wikia.nocookie.net/walkingdead/images/c/c6/Season_eleven_jules.png/revision/latest/scale-to-width-down/268?cb=20221107231437,,,Unknown,Caucasian-American,Dead,,,,Early 30s,,Amber,,7,Luke Abrams † - Boyfriend,,,Female,Post-Apocalypse Soldier for the Coalition,,,Alex Sgambati,,,,
Julio (TV Series),https://walkingdead.fandom.com/wiki/Julio_(TV_Series),https://static.wikia.nocookie.net/walkingdead/images/8/8e/Season_four_julio.png/revision/latest?cb=20131202051919,,,Unknown,Latino-American,Dead,,,,Mid 30s,,Black,,2,,,,Male,Pre-Apocalypse Mechanic,,,Santiago Cirilo,,,,
Justin (TV Series),https://walkingdead.fandom.com/wiki/Justin_(TV_Series),https://static.wikia.nocookie.net/walkingdead/images/3/38/Season_nine_justin.png/revision/latest/scale-to-width-down/268?cb=20181008205318,,,Unknown,Caucasian-American,Dead,,,,Mid to Late 30s,,Dark Brown,,3,,,,Male,Unknown,,,Zach McGowan,,,,
Kal (TV Series),https://walkingdead.fandom.com/wiki/Kal_(TV_Series),https://static.wikia.nocookie.net/walkingdead/images/7/7a/Season_nine_kal_%282%29.png/revision/latest?cb=20190318192409,,,Unknown,Asian-American,Unknown,,,,"Early 20s ("" Knots Untie "") Late 20s to Early 30s ("" Stradivarius "")",,Black,,19,,,,Male,Post-Apocalypse Guard Captain for the Hilltop Colony Former Soldier for the Militia Self-Defense Instructor,,,James Chen,,,,
Karen (TV Series),https://walkingdead.fandom.com/wiki/Karen_(TV_Series),https://static.wikia.nocookie.net/walkingdead/images/6/6a/Season_four_karen.png/revision/latest/scale-to-width-down/268?cb=20230502022159,,,Unknown,Caucasian-American,Dead,,,,Mid to Late 30s,,Dark Brown,,13,Tyreese Williams † - Boyfriend,Brown,,Female,Pre-Apocalypse Teacher Post-Apocalypse Former Soldier for the Woodbury Army Guard for the Prison,,,Melissa Ponzio,,,,
Kasey (TV Series),https://walkingdead.fandom.com/wiki/Kasey_(TV_Series),https://static.wikia.nocookie.net/walkingdead/images/9/9b/Extra12_%28Lockdown%29.png/revision/latest?cb=20220926183147,,,Unknown,Caucasian-American,Unknown,,,,Mid to Late 40s,,Brown,,5,,,,Male,Post-Apocalypse Owner and Florist at Kasey's Kaleidoscope,,,Demetrios J. Stavropoulos,,,,
Kathleen (TV Series),https://walkingdead.fandom.com/wiki/Kathleen_(TV_Series),https://static.wikia.nocookie.net/walkingdead/images/2/20/Season_eleven_kathleen.png/revision/latest/scale-to-width-down/268?cb=20221024020030,,,Unknown,Caucasian-American,Unknown,,,,Late 20s to Early 30s,,Brown,,,,,,Female,Post-Apocalypse Executive Assistant for Pamela Milton,,,Katie Causey,,,,
Kathy (TV Series),https://walkingdead.fandom.com/wiki/Kathy_(TV_Series),https://static.wikia.nocookie.net/walkingdead/images/7/77/Season_nine_kathy.png/revision/latest?cb=20200511170612,,,Unknown,Caucasian-American,Dead,,,,Mid to Late 30s,,Dark Brown,,10,,,,Female,Post-Apocalypse Former Soldier for the Militia,,,Nicole Barré,,,,
Katy (TV Series),https://walkingdead.fandom.com/wiki/Katy_(TV_Series),https://static.wikia.nocookie.net/walkingdead/images/2/29/Season_eight_katy.png/revision/latest/scale-to-width-down/267?cb=20200517011255,,,Unknown,Caucasian-American,Dead,,,,Late 20s,,Brown,,5,,,,Female,Unknown,,,Katy O'Brian,,,Bethany Kasulas,
Katz (TV Series),https://walkingdead.fandom.com/wiki/Katz_(TV_Series),https://static.wikia.nocookie.net/walkingdead/images/b/bf/Trooper1_%28Whats_Been_Lost%29.png/revision/latest/scale-to-width-down/268?cb=20221025210955,,,Unknown,Caucasian-American,Alive,,,,Late 30s to Early 40s,,Red,,5,,,,Male,Post-Apocalypse Soldier for the Commonwealth Army,,,Dalton Baxter,,,,
Kayla Brand (TV Series),https://walkingdead.fandom.com/wiki/Kayla_Brand_(TV_Series),https://static.wikia.nocookie.net/walkingdead/images/3/3d/Season_eleven_kayla.png/revision/latest/scale-to-width-down/267?cb=20220328045737,,,Lena Brand - Mother,Caucasian-American,Unknown,,,,Early to Mid 20s,,Auburn,,2,Sebastian Milton † - Late Boyfriend,,,Female,Pre-Apocalypse Student,,,Courtney Dietz,,,,
Keith (TV Series),https://walkingdead.fandom.com/wiki/Keith_(TV_Series),https://static.wikia.nocookie.net/walkingdead/images/7/70/Season_eleven_keith.png/revision/latest/scale-to-width-down/268?cb=20210920010135,,,Unknown,Caucasian-American,Unknown,,,,Late 30s to Early 40s,,Brown,,,,,,Male,Post-Apocalypse Leader of the Whisperers,,,Brad Fleischer,,,,
Kelly (Hilltop),https://walkingdead.fandom.com/wiki/Kelly_(Hilltop),https://static.wikia.nocookie.net/walkingdead/images/f/f7/Hilltop4_%28Mercy%29.png/revision/latest/scale-to-width-down/268?cb=20200517202713,,,Unknown,African-American,Dead,,,,Mid to Late 20s,,Black,,6,,,,Female,Post-Apocalypse Guard for the Hilltop Colony Soldier for the Militia,,,Lisa Wilson Jackson,,,,
Kelly (TV Series),https://walkingdead.fandom.com/wiki/Kelly_(TV_Series),https://static.wikia.nocookie.net/walkingdead/images/d/d8/Season_eleven_kelly_%282%29.png/revision/latest/scale-to-width-down/268?cb=20221126214018,,,Connie - Sister,African-American,Alive,,,,Mid to Late 20s,,Black,,33,,,Kel (by Magna ),Female,Pre-Apocalypse High School Student Post-Apocalypse Former Lookout for Coalport Former Soldier and ASL Teacher for the Coalition Former Hunter for the Hilltop Colony Photographer and ASL Interpreter for Connie at the Commonwealth Tribune,,,Angel Theory,,,,
Kenneth Sutton (TV Series),https://walkingdead.fandom.com/wiki/Kenneth_Sutton_(TV_Series),https://static.wikia.nocookie.net/walkingdead/images/1/1c/KeniboiCrop.jpeg/revision/latest/scale-to-width-down/268?cb=20181227045923,,,Tammy Rose Sutton † - Mother Earl Sutton † - Father,Caucasian-American,Dead,,,,22,,Brown,,,,,,Male,Pre-Apocalypse Student Post-Apocalypse Supply Runner and Horse Handler for the Hilltop Colony,,,AJ Achinger,,,,
Keno (TV Series),https://walkingdead.fandom.com/wiki/Keno_(TV_Series),https://static.wikia.nocookie.net/walkingdead/images/c/ce/Season_eight_keno.png/revision/latest/scale-to-width-down/268?cb=20260301060613,,,Unknown,Caucasian-American,Dead,,,,Late 20s to Early 30s,,Brown,,10,,,,Male,Post-Apocalypse Guard for the Saviors,,,Nathan Hicks,,,,
Kent (TV Series),https://walkingdead.fandom.com/wiki/Kent_(TV_Series),https://static.wikia.nocookie.net/walkingdead/images/4/44/Season_seven_kent.png/revision/latest/scale-to-width-down/268?cb=20210720225310,,,Unknown,Caucasian-American,Dead,,,,Mid 40s,,Dark Brown (Balding),,9,,,,Male,Post-Apocalypse Soldier for the Militia,,,David Marshall Silverman,,,,
Kevin (TV Series),https://walkingdead.fandom.com/wiki/Kevin_(TV_Series),https://static.wikia.nocookie.net/walkingdead/images/9/93/Season_eight_kevin.png/revision/latest/scale-to-width-down/268?cb=20200513021431,,,Unknown,Caucasian-American,Dead,,,,Late 20s to Early 30s,,Brown,,5,,,,Male,Post-Apocalypse Soldier for the Militia,,,Jason Burkey,,,,
Kim (TV Series),https://walkingdead.fandom.com/wiki/Kim_(TV_Series),https://static.wikia.nocookie.net/walkingdead/images/4/4c/Hilltop1_%28Trust%29.png/revision/latest/scale-to-width-down/268?cb=20220328163005,,,Unknown,Caucasian-American,Unknown,,,,Early to Mid 30s,,Light Brown,,8,,,,Female,Unknown,,,Gloria DeWeese,,,,
"King County, Georgia (TV Universe)","https://walkingdead.fandom.com/wiki/King_County,_Georgia_(TV_Universe)",https://static.wikia.nocookie.net/walkingdead/images/0/0b/King_County_S3.jpg/revision/latest/scale-to-width-down/268?cb=20190831163756,,,,,"Overrun, Abandoned and Partially Reclaimed by Nature",,,Rural County,,Georgia,,,,,,,,,,,,,,,
King County Sheriff's Department,https://walkingdead.fandom.com/wiki/King_County_Sheriff%27s_Department,https://static.wikia.nocookie.net/walkingdead/images/8/8b/Kings_County_Sheriff_Building.jpg/revision/latest/scale-to-width-down/268?cb=20111031053932,,,,,Disbanded,,,Law Enforcement Agency,,"King County , Georgia",,,,,,,,,,,,,,,
Kurt (TV Series),https://walkingdead.fandom.com/wiki/Kurt_(TV_Series),https://static.wikia.nocookie.net/walkingdead/images/3/37/Season_eight_kurt.png/revision/latest/scale-to-width-down/268?cb=20220128174429,,,Unknown,Caucasian-American,Dead,,,,Mid to Late 30s,,Brown,,,,,,Male,Post-Apocalypse Medic for the Kingdom and the Militia,,,Nick Arapoglou,,,,
Kyle (TV Series),https://walkingdead.fandom.com/wiki/Kyle_(TV_Series),https://static.wikia.nocookie.net/walkingdead/images/b/b8/Season_ten_kyle.png/revision/latest/scale-to-width-down/268?cb=20210301012728,,,Unknown,African/Caucasian-American,Unknown,,,,"Late 30s to Early 40s ("" First Time Again "") Mid to Late 40s ("" Who Are You Now? "")",,Brown,,25,,,,Male,Post-Apocalypse Former Soldier for the Militia Member of the Alexandria Council,,,Marvin Lee,,,,
Lamar (TV Series),https://walkingdead.fandom.com/wiki/Lamar_(TV_Series),https://static.wikia.nocookie.net/walkingdead/images/3/35/Lamar_1.png/revision/latest/scale-to-width-down/268?cb=20221130115840,,,Unknown,African-American,Unknown,,,,Early 40s,,Black,,,,,,Male,Unknown,,,Jerry Mortel,,,,
Lambert Kendal (TV Series),https://walkingdead.fandom.com/wiki/Lambert_Kendal_(TV_Series),https://static.wikia.nocookie.net/walkingdead/images/1/13/Season_one_lambert_kendal.png/revision/latest?cb=20191117034541,,,Unknown,African-American,Unknown,,,,Late 40s to Early 50s,,Black,,2,,Brown,,Male,Pre-Apocalypse Former Member of the U.S. Military Deputy for King County Sheriff's Department,,,Jim R. Coleman,,,"Unknown Stand-In ("" Bloodletting "")",
Lance (TV Series),https://walkingdead.fandom.com/wiki/Lance_(TV_Series),https://static.wikia.nocookie.net/walkingdead/images/5/5a/Season_eight_lance.png/revision/latest?cb=20191128040945,,,Unknown,Caucasian-American,Dead,,,,Early to Mid 20s,,Blue (Dyed),,,,,,Male,Unknown,,,Colin Dennard,,,,
Lance Hornsby (TV Series),https://walkingdead.fandom.com/wiki/Lance_Hornsby_(TV_Series),https://static.wikia.nocookie.net/walkingdead/images/a/a4/Season_eleven_lance_hornsby.png/revision/latest/scale-to-width-down/268?cb=20220926173956,,,Mr. Hornsby - Father,Caucasian-American,Dead,,,,Late 40s to Early 50s,,Brown,,15,,,,Male,Post-Apocalypse Former Deputy Governor and Director of Operations of the Commonwealth,,,Josh Hamilton,,,,
Laura (TV Series),https://walkingdead.fandom.com/wiki/Laura_(TV_Series),https://static.wikia.nocookie.net/walkingdead/images/5/5b/Season_ten_laura.png/revision/latest/scale-to-width-down/268?cb=20200225023632,,,Franklin - Adoptive Father,Caucasian-American,Dead,,,,"Early 20s ("" Here's Negan ""/"" The Cell "") Late 20s ("" Who Are You Now? "")",,Blonde,,23,(Unnamed) † - Late Boyfriend,,,Female,Pre-Apocalypse Medic Post-Apocalypse Supply Runner for Franklin's Group Former Lieutenant of the Saviors Member of the Alexandria Council Soldier for the Coalition,,,Lindsley Register,,,,
Leah Shaw (TV Series),https://walkingdead.fandom.com/wiki/Leah_Shaw_(TV_Series),https://static.wikia.nocookie.net/walkingdead/images/2/25/Season_eleven_leah_shaw.png/revision/latest/scale-to-width-down/268?cb=20220410044204,,,Matthew Shaw † - Adopted Son,Caucasian-American,Dead,,,,"Early to Mid 40s ("" Find Me "") Mid to Late 40s ("" Acheron: Part II "")",,Blonde (Graying),,9,Daryl Dixon - Ex-Boyfriend,,,Female,Pre-Apocalypse Soldier for the U.S. Military Mercenary Post-Apocalypse Former Second-in-Command and Leader of the Reapers,,Dog's Mother † - Dog Dog - Former Dog,Lynn Collins,,,,
Len (TV Series),https://walkingdead.fandom.com/wiki/Len_(TV_Series),https://static.wikia.nocookie.net/walkingdead/images/6/68/Season_four_len.png/revision/latest/scale-to-width-down/268?cb=20250624225416,,,Unknown,Caucasian-American,Dead,,,,Mid 30s,,Brown,,3,,,,Male,Unknown,,,Marcus Hester,,,,
Lena Brand (TV Series),https://walkingdead.fandom.com/wiki/Lena_Brand_(TV_Series),https://static.wikia.nocookie.net/walkingdead/images/6/63/Season_eleven_lena_brand.png/revision/latest/scale-to-width-down/268?cb=20221024020034,,,Kayla Brand - Daughter,Caucasian-American,Unknown,,,,Mid to Late 50s,,Brown,,,,,,Female,Unknown,,,Joann Willette,,,,
Leo (TV Series),https://walkingdead.fandom.com/wiki/Leo_(TV_Series),https://static.wikia.nocookie.net/walkingdead/images/6/65/Season_eight_leo.png/revision/latest/scale-to-width-down/268?cb=20200517182942,,,Unknown,Caucasian-American,Dead,,,,Early to Mid 40s,,Brown,,,,,,Male,Unknown,,,Adam Cronan,,,,
Leon Basset (TV Universe),https://walkingdead.fandom.com/wiki/Leon_Basset_(TV_Universe),https://static.wikia.nocookie.net/walkingdead/images/5/56/Season_one_leon_basset.png/revision/latest?cb=20191117034220,,,Unknown,Caucasian-American,Dead,,7 (Maximum) 6 (Minimum),,Early 20s,,Brown,,2,,Brown,,Male,Pre-Apocalypse Deputy for King County Sheriff's Department,,,Linds Edwards,,,"Unknown Stand-In ("" Bloodletting "")",
Leslie Starton (TV Series),https://walkingdead.fandom.com/wiki/Leslie_Starton_(TV_Series),https://static.wikia.nocookie.net/walkingdead/images/9/90/Season_seven_leslie_william_starton.png/revision/latest/scale-to-width-down/268?cb=20161213030548,,,Unknown,Caucasian-American,Dead,,,,Unknown,,Brown,,,,,,Male,Unknown,,,None,,,,
Lewis (TV Series),https://walkingdead.fandom.com/wiki/Lewis_(TV_Series),https://static.wikia.nocookie.net/walkingdead/images/6/67/Trooper3_%28Family%29.png/revision/latest?cb=20240805162020,,,Unknown,Caucasian-American,Alive,,,,Unknown,,Unknown,,4,,,,Male,Post-Apocalypse Former Soldier for the Commonwealth Army Gardener for the Hilltop Colony,,,Lucas Hammond,,,,
Licari (TV Series),https://walkingdead.fandom.com/wiki/Licari_(TV_Series),https://static.wikia.nocookie.net/walkingdead/images/8/84/Season_five_officer_licari.png/revision/latest/scale-to-width-down/268?cb=20250711232448,,,Unknown,Italian-American,Dead,,,,Mid 30s,,Brown,,2,,,,Male,Pre-Apocalypse Police Officer,,,Christopher Matthew Cook,,,,
Lieutenant Rose (TV Series),https://walkingdead.fandom.com/wiki/Lieutenant_Rose_(TV_Series),https://static.wikia.nocookie.net/walkingdead/images/8/87/Season_eleven_rose.png/revision/latest/scale-to-width-down/268?cb=20221114230340,,,Unknown,African-American,Alive,,,,Late 30s to Early 40s,,Black,,2,,,,Male,Post-Apocalypse Lieutenant of the Commonwealth Army,,,Dexter Tillis,,,,
Lilly Chambler (TV Series),https://walkingdead.fandom.com/wiki/Lilly_Chambler_(TV_Series),https://static.wikia.nocookie.net/walkingdead/images/7/70/Season_four_lilly_chambler.png/revision/latest/scale-to-width-down/268?cb=20191119034038,,,David Chambler † - Father Tara Chambler † - Sister Meghan Chambler † - Daughter (Unnamed) - Ex-Husband,Caucasian-American,Dead,,,,Mid to Late 30s,,Brown,,3,Philip Blake † - Ex-Boyfriend,,,Female,Pre-Apocalypse Oncology Nurse,,,Audrey Marie Anderson,,,,
Lim (TV Series),https://walkingdead.fandom.com/wiki/Lim_(TV_Series),https://static.wikia.nocookie.net/walkingdead/images/d/d8/Season_eleven_lim.png/revision/latest/scale-to-width-down/268?cb=20220328045753,,,Unknown,Caucasian-American,Alive,,,,Mid to Late 20s,,Brown,,7,,,,Male,Pre-Apocalypse Student Post-Apocalypse Soldier for the Commonwealth Army,,,Kenneth Ford,,,,
Linus (TV Series),https://walkingdead.fandom.com/wiki/Linus_(TV_Series),https://static.wikia.nocookie.net/walkingdead/images/a/a4/Season_nine_linus.png/revision/latest/scale-to-width-down/267?cb=20190318160853,,,Unknown,Caucasian-American,Dead,,,,10-Aug,,Blond,,,,,,Male,Pre-Apocalypse Student,,,Luke David Blumm,,,,
Lisa (TV Series),https://walkingdead.fandom.com/wiki/Lisa_(TV_Series),https://static.wikia.nocookie.net/walkingdead/images/7/73/Season_ten_lisa.png/revision/latest/scale-to-width-down/268?cb=20200324012128,,,Virgil - Husband Jasmine † - Daughter Bobby † - Son,African-American,Dead,,,,Mid to Late 30s,,Dark Brown,,,,,,Female,Unknown,,,Denisha Gillespie,,,,
Livits (TV Series),https://walkingdead.fandom.com/wiki/Livits_(TV_Series),https://static.wikia.nocookie.net/walkingdead/images/9/93/Trooper1_%28Rogue_Element%29.png/revision/latest/scale-to-width-down/268?cb=20220228214209,,,Unknown,Caucasian-American,Dead,,,,Late 20s to Early 30s,,Brown,,11,Zell - Lover,,,Male,Post-Apocalypse Soldier for the Commonwealth Army,,,Jason Fernandes,,,"Chase Anderson ("" Family "")",
Lizzie Samuels (TV Series),https://walkingdead.fandom.com/wiki/Lizzie_Samuels_(TV_Series),https://static.wikia.nocookie.net/walkingdead/images/0/0f/Season_four_lizzie_samuels_%282%29.png/revision/latest/scale-to-width-down/268?cb=20231027222051,,,Mrs. Samuels † - Mother Ryan Samuels † - Father Carol Peletier - Adoptive Mother Mika Samuels † - Sister,Caucasian-American,Dead,,,,12,,Dirty Blonde,,12,,,,Female,Pre-Apocalypse Assumed Middle School Student,,,Brighton Sharbino,,,"London Pigott ("" Ghosts "")",
Lori Grimes (TV Series),https://walkingdead.fandom.com/wiki/Lori_Grimes_(TV_Series),https://static.wikia.nocookie.net/walkingdead/images/e/e7/Season_three_lori_grimes.png/revision/latest/scale-to-width-down/268?cb=20191117025815,,,(Unnamed) † - Mother Rick Grimes - Husband Carl Grimes † - Son Judith Grimes - Daughter Mrs. Grimes - Mother-In-Law Mr. Grimes † - Father-In-Law Evie - Sister or Sister-In-Law,Caucasian-American,Dead,,,,"38 ("" Days Gone Bye "") 39 ("" Seed "")",,Brown,,33,Shane Walsh † - Ex-Boyfriend,Hazel,Olive Oyl (by Daryl ),Female,Pre-Apocalypse Former Student at King County High School Housewife,,Codger † - Dog,Sarah Wayne Callies,,,,
Lothar (TV Series),https://walkingdead.fandom.com/wiki/Lothar_(TV_Series),https://static.wikia.nocookie.net/walkingdead/images/5/56/Season_eleven_lothar.png/revision/latest/scale-to-width-down/268?cb=20221010023512,,,Unknown,Caucasian-American,Unknown,,,,Mid to Late 30s,,Dirty Blond,,,,,,Male,Post-Apocalypse Wrestler,,,Michael Proctor,,,,
Lou (TV Series),https://walkingdead.fandom.com/wiki/Lou_(TV_Series),https://static.wikia.nocookie.net/walkingdead/images/0/02/Season_four_lou.png/revision/latest?cb=20140226181423,,,Unknown,Caucasian-American,Dead,,,,Mid to Late 40s,,Gray,,,,,,Male,Unknown,,,Scott Dale,,,,
Louis Morales (TV Series),https://walkingdead.fandom.com/wiki/Louis_Morales_(TV_Series),https://static.wikia.nocookie.net/walkingdead/images/b/b0/Louis_Morales_S1.png/revision/latest/scale-to-width-down/268?cb=20250627022258,,,Miranda Morales † - Mother Morales † - Father Eliza Morales † - Sister,Latino-American,Dead,,,,9-Jul,,Brown,,3,,Brown,,Male,Pre-Apocalypse Assumed Elementary School Student,,,Noah Lomax,,,,
Louise Bush (TV Series),https://walkingdead.fandom.com/wiki/Louise_Bush_(TV_Series),https://static.wikia.nocookie.net/walkingdead/images/6/6c/Season_two_louise_bush.png/revision/latest/scale-to-width-down/267?cb=20131002033441,,,Unknown,Caucasian-American,Dead,,,,Early 30s,,Blonde,,,,,,Female,Pre-Apocalypse Farmer Part-Time Employee at the Carriage Bar,,,Ashley Rae Trisler,,,,
Lucille Smith (TV Universe),https://walkingdead.fandom.com/wiki/Lucille_Smith_(TV_Universe),https://static.wikia.nocookie.net/walkingdead/images/a/a4/Season_ten_lucille.png/revision/latest/scale-to-width-down/268?cb=20210408065947,,,Negan Smith - Husband Mrs. Smith † - Mother-In-Law Mr. Smith † - Father-In-Law,Caucasian-American,Undead,,,,Mid to Late 30s,,"Brown (Graying, Shaved Head)",,1 ( The Walking Dead ) 1 ( Dead City ),,,,Female,Unknown,,,Hilarie Burton Morgan,,,,
Lucy (Alexandria),https://walkingdead.fandom.com/wiki/Lucy_(Alexandria),https://static.wikia.nocookie.net/walkingdead/images/9/9e/Extra2_%28No_Way_Out%29.png/revision/latest?cb=20200107015442,,,Unknown,Caucasian-American,Dead,,,,Mid to Late 20s,,Brown,,,,,,Female,Unknown,,,Unknown,,,,
Lucy (TV Series),https://walkingdead.fandom.com/wiki/Lucy_(TV_Series),https://static.wikia.nocookie.net/walkingdead/images/6/65/Season_ten_lucy.png/revision/latest/scale-to-width-down/268?cb=20211017031440,,,Unknown,Caucasian-American,Unknown,,,,Mid 30s,,Black,,,,,,Female,Pre-Apocalypse Janitor,,,Olivia Stambouliah,,,,
Luke (TV Series),https://walkingdead.fandom.com/wiki/Luke_(TV_Series),https://static.wikia.nocookie.net/walkingdead/images/1/1c/Season_four_luke.png/revision/latest/scale-to-width-down/268?cb=20220813165557,,,Unknown,Caucasian-American,Dead,,,,8,,Brown,,5,,Brown,,Male,Pre-Apocalypse Elementary School Student,,,Luke Donaldson,,,,
Luke Abrams (TV Series),https://walkingdead.fandom.com/wiki/Luke_Abrams_(TV_Series),https://static.wikia.nocookie.net/walkingdead/images/8/89/Season_eleven_luke.png/revision/latest/scale-to-width-down/268?cb=20221107231438,,,Unknown,Caucasian-American,Dead,,,,Late 30s to Early 40s,,Brown,,17,Jules Butler † - Late Girlfriend,,,Male,Pre-Apocalypse Music Teacher Post-Apocalypse Soldier for the Coalition,,,Dan Fogler,,,,
Lydia (TV Universe),https://walkingdead.fandom.com/wiki/Lydia_(TV_Universe),https://static.wikia.nocookie.net/walkingdead/images/b/b1/Season_eleven_lydia.png/revision/latest/scale-to-width-down/268?cb=20221003182853,,,Deborah † - Mother Frank † - Father (Unnamed) † - Maternal Grandfather,Caucasian-American,Alive,,,,"6 ("" Omega "") 9 ("" Dee "") [ 1 ] 10 ("" We Are the End of the World "") 16 ("" Adaptation "") 17 ("" Lines We Cross "") 18 ("" The Rotten Core "") 19 ("" Rest in Peace "")",,Dark Brown,,32 ( The Walking Dead ) 1 ( Tales ),Henry Sutton † - Late Boyfriend Elijah - Boyfriend,,Bug (by her parents),Female,Pre-Apocalypse Elementary School Student Post-Apocalypse Former Student at the Alexandria Safe Zone Former Soldier for the Coalition Courier for the Commonwealth Messenger for the Hilltop Colony,,,Cassady McClincy,,,"Scarlett Blum ("" Omega ""/"" Dee "") Havana Blum ("" We Are the End of the World "")",
Maggie Rhee (TV Universe),https://walkingdead.fandom.com/wiki/Maggie_Rhee_(TV_Universe),https://static.wikia.nocookie.net/walkingdead/images/e/ee/Season_three_maggie_rhee_dc.png/revision/latest/scale-to-width-down/268?cb=20260728041312,,,Josephine Greene † - Mother Hershel Greene † - Father Annette Greene † - Stepmother Glenn Rhee † - Late Husband Hershel Rhee - Son Beth Greene † - Half Sister Shawn Greene † - Stepbrother Arnold Greene † - Cousin (Unnamed) - Sisters-in-Law,Irish-American,Alive,,,,"22 ("" Bloodletting "") 23 ("" Seed "") 24 ("" 30 Days Without An Accident "") 26 ("" A New Beginning "") 33 ("" A Certain Doom "") 35 ("" Rest in Peace "") 39 ("" Old Acquaintances "")",,Brown,,105 ( The Walking Dead ) 16 ( Dead City ),,Green,Mag (by Hershel ) Farmer's Daughter (by Glenn and Merle ) Bo-Peep (by Merle) Margaret (by Gregory and Negan ) Marsha (by Gregory) Natalie (by Gregory) Magnolia (by Molly ) The Widow (by the Saviors ),Female,Pre-Apocalypse Former Student at Cranwall High School College Student Farmhand on the Greene Family Farm Post-Apocalypse Former Supply Runner for the Prison Former Govern Assistant for the Alexandria Safe Zone Former Leader of the Hilltop Colony and the Wardens Former Co-Leader of the Militia and the Coalition Former Community Builder for Georgie 's group Leader of the Bricks Conscript in the New Babylon Army,,(Unnamed) † - Dog,Lauren Cohan,,,Unknown (Young),
Magna's Group (TV Series),https://walkingdead.fandom.com/wiki/Magna%27s_Group_(TV_Series),https://static.wikia.nocookie.net/walkingdead/images/a/a4/5C7B35B8-55DA-4A6D-A780-1798CAA9DF7E.jpeg/revision/latest/scale-to-width-down/267?cb=20230913181522,The Whisperers (Formerly),TV Series,,,Disbanded,Hilltop Colony Alexandria Safe Zone (Formerly) Jones Springs (Formerly) Coalport (Formerly),,Survivors,,,,Magna,,,,,,,,,,""" What Comes After "" to "" The Storm """,The Coalition,,None
Magna (TV Series),https://walkingdead.fandom.com/wiki/Magna_(TV_Series),https://static.wikia.nocookie.net/walkingdead/images/6/6a/Season_eleven_magna.png/revision/latest/scale-to-width-down/268?cb=20221126220239,,,Yumiko Okumura - Wife [ 1 ] (Unnamed) - Unborn Non-Genetic Child [ 2 ] (Unnamed) - Cousin Tomichi Okumura - Brother-In-Law,Caucasian-American,Alive,,,,Early 30s,,Dark/Light Brown,,30,,,,Female,Pre-Apocalypse Truck Stop Waitress Post-Apocalypse Former Leader of her own group Former Lookout for Coalport Former Soldier for the Coalition Former Guard for the Hilltop Colony Former Server at the Commonwealth,,,Nadia Hilker,,,,
Mancea (TV Series),https://walkingdead.fandom.com/wiki/Mancea_(TV_Series),https://static.wikia.nocookie.net/walkingdead/images/6/61/Season_eleven_mancea.png/revision/latest/scale-to-width-down/268?cb=20210927141523,,,Unknown,Romanian-American,Dead,,,,Early to Mid 60s,,Brown (Graying),,4,,,,Male,Pre-Apocalypse Soldier for the U.S. Military Mercenary Post-Apocalypse Priest for the Reapers,,,Dikran Tulaine,,,,
Mara (TV Series),https://walkingdead.fandom.com/wiki/Mara_(TV_Series),https://static.wikia.nocookie.net/walkingdead/images/4/4c/Season_eight_mara.png/revision/latest/scale-to-width-down/268?cb=20171101021122,,,Unknown,Caucasian-American,Dead,,,,Mid to Late 20s,,Auburn,,,,,,Female,Post-Apocalypse Lieutenant of the Saviors Acting Captain of the Shephard Office Plaza,,,Lindsey Garrett,,,,
Marco (TV Series),https://walkingdead.fandom.com/wiki/Marco_(TV_Series),https://static.wikia.nocookie.net/walkingdead/images/0/0c/Season_eleven_marco.png/revision/latest/scale-to-width-down/268?cb=20220324181341,,,Unknown,Latino-American,Dead,,,,"Late Teens ("" A New Beginning "") Mid 20s ("" Adaptation "")",,Dark Brown,,13,,,,Male,Pre-Apocalypse Student Post-Apocalypse Former Supply Runner for the Hilltop Colony Soldier for the Coalition Former Guard for the Hilltop Colony,,,Gustavo Gomez,,,,
Marcus (TV Series),https://walkingdead.fandom.com/wiki/Marcus_(TV_Series),https://static.wikia.nocookie.net/walkingdead/images/2/2a/Season_nine_marcus.png/revision/latest/scale-to-width-down/268?cb=20190319040013,,,Scott - Adoptive Father,African-American,Unknown,,,,12-Oct,,Black,,,,,,Male,Pre-Apocalypse Student,,,Jonathan Billions,,,,
Marcus Colvin (TV Series),https://walkingdead.fandom.com/wiki/Marcus_Colvin_(TV_Series),https://static.wikia.nocookie.net/walkingdead/images/d/de/Season_eleven_marcus_colvin.png/revision/latest/scale-to-width-down/268?cb=20221103224352,,,Unknown,African-American,Unknown,,,,Early to Mid 40s,,Black,,2,,,,Male,Post-Apocalypse Lawyer at the Commonwealth,,,Jason Turner,,,,
Marcus Powell (TV Series),https://walkingdead.fandom.com/wiki/Marcus_Powell_(TV_Series),https://static.wikia.nocookie.net/walkingdead/images/5/55/Season_eleven_powell.png/revision/latest/scale-to-width-down/268?cb=20210920143435,,,Unknown,Caucasian-American,Dead,,,,Early to Mid 30s,,Dark Brown,,6,,,,Male,Pre-Apocalypse Soldier for the U.S. Military Mercenary,,,Eric LeBlanc,,,,
Margo (TV Series),https://walkingdead.fandom.com/wiki/Margo_(TV_Series),https://static.wikia.nocookie.net/walkingdead/images/c/c1/Season_ten_margo.png/revision/latest/scale-to-width-down/267?cb=20250625032638,,,Unknown,Caucasian-American,Dead,,,,Late 30s to Early 40s,,Blonde,,4,,,,Female,Post-Apocalypse Soldier for the Coalition,,,Jerri Tubbs,,,,
Mariam (TV Series),https://walkingdead.fandom.com/wiki/Mariam_(TV_Series),https://static.wikia.nocookie.net/walkingdead/images/b/bb/Season_eleven_mariam.png/revision/latest/scale-to-width-down/268?cb=20230322023314,,,Nabila - Mother Jerry - Father Ezra - Brother Aliyah - Sister,African/Samoan-American,Alive,,,,"9-11 months ("" Bounty "") 1 ("" Morning Star "") 2 ("" New Haunts "") 3 ("" Rest in Peace "")",,Brown,,11,,,,Female,,,,Maya & Delaney Timber,,,,
Marian George (TV Series),https://walkingdead.fandom.com/wiki/Marian_George_(TV_Series),https://static.wikia.nocookie.net/walkingdead/images/3/3c/Season_eleven_marian_george.png/revision/latest/scale-to-width-down/268?cb=20221031230021,,,Unknown,Caucasian-American,Unknown,,,,Early to Mid 60s,,Gray,,,,,,Female,Post-Apocalypse High Court Judge at the Commonwealth,,,Elizabeth Becka,,,,
Mark (TV Series),https://walkingdead.fandom.com/wiki/Mark_(TV_Series),https://static.wikia.nocookie.net/walkingdead/images/f/f8/Season_eight_mark.png/revision/latest/scale-to-width-down/268?cb=20241220014357,,,Unknown,Caucasian-American,Dead,,,,Early to Mid 20s,,Brown,,2,Amber - Girlfriend,,,Male,Post-Apocalypse Former Guard for the Saviors,,,Griffin Freeman,,,,
Martin (Hilltop),https://walkingdead.fandom.com/wiki/Martin_(Hilltop),https://static.wikia.nocookie.net/walkingdead/images/0/07/Season_nine_martin.png/revision/latest?cb=20191214160156,,,Unknown,Caucasian-American,Dead,,,,Mid 30s,,Dark Brown,,,,,,Male,Unknown,,,Josh Ventura,,,,
Martin (TV Series),https://walkingdead.fandom.com/wiki/Martin_(TV_Series),https://static.wikia.nocookie.net/walkingdead/images/4/43/Season_five_martin.png/revision/latest/scale-to-width-down/268?cb=20250623002313,,,Unknown,Caucasian-American,Dead,,,,Late 20s,,Black,,4,,,,Male,Unknown,,,Chris Coy,,,,
Martinez's Camp,https://walkingdead.fandom.com/wiki/Martinez%27s_Camp,https://static.wikia.nocookie.net/walkingdead/images/e/eb/Macamp.jpg/revision/latest/scale-to-width-down/268?cb=20131126152735,,TV Series,,,Abandoned (First Camp) Unknown (Second Camp),,,Campsite,,Georgia,,,,,,,,,,,,""" Dead Weight "" to "" Too Far Gone """,,,
Mary (Terminus),https://walkingdead.fandom.com/wiki/Mary_(Terminus),https://static.wikia.nocookie.net/walkingdead/images/5/5e/Season_five_mary.png/revision/latest/scale-to-width-down/268?cb=20220929012628,,,Gareth † - Son Alex † - Son,Caucasian-American,Dead,,,,Mid to Late 50s,,Auburn,,3,,,,Female,Post-Apocalypse Cook for Terminus,,,Denise Crosby,,,,
Mary (Whisperer),https://walkingdead.fandom.com/wiki/Mary_(Whisperer),https://static.wikia.nocookie.net/walkingdead/images/5/55/Season_ten_mary.png/revision/latest/scale-to-width-down/268?cb=20200317210514,,,Alice - Mother John - Father Frances † - Sister Adam Sutton - Nephew,Caucasian-American,Dead,,,,Mid to Late 30s,,Red,,10,,,Gamma (by the Whisperers ),Female,Post-Apocalypse Former Third-in-Command of the Whisperers Spy and Soldier for the Coalition,,,Thora Birch,,,,
Matias (TV Series),https://walkingdead.fandom.com/wiki/Matias_(TV_Series),https://static.wikia.nocookie.net/walkingdead/images/3/3f/Season_nine_matias.png/revision/latest/scale-to-width-down/268?cb=20220305080006,,,Unknown,Latino-American,Undead,,,,Mid to Late 20s,,Black,,,,,,Male,Unknown,,,Javier Carrasquillo,,,,
Matthew Shaw (TV Series),https://walkingdead.fandom.com/wiki/Matthew_Shaw_(TV_Series),https://static.wikia.nocookie.net/walkingdead/images/8/8d/Season_ten_matthew.png/revision/latest/scale-to-width-down/268?cb=20210726180928,,,(Unnamed) † - Mother Leah Shaw † - Adoptive Mother,Caucasian-American,Dead,,,,8-May,,Brown,,,,,,Male,Pre-Apocalypse Assumed Elementary School Student,,Dog 's Mother † - Dog,Unknown,,,,
Maxxine Porter (TV Series),https://walkingdead.fandom.com/wiki/Maxxine_Porter_(TV_Series),https://static.wikia.nocookie.net/walkingdead/images/1/17/Season_eleven_maxxine_porter_%282%29.png/revision/latest/scale-to-width-down/268?cb=20221126214229,,,Stephanie Mercer - Mother Mr. Mercer † - Father Michael Mercer - Brother Eugene Porter - Husband Rosie Porter - Daughter,African-American,Alive,,,,Early 30s,,Black,,16,,,Max Stephanie (fake identity) Blue Weevil (by herself and Eugene ),Female,Post-Apocalypse Former Executive Assistant for Pamela Milton,,,Margot Bingham,,,,
Maya (Alexandria),https://walkingdead.fandom.com/wiki/Maya_(Alexandria),https://static.wikia.nocookie.net/walkingdead/images/b/b7/Woman_1_%28Forget%29.png/revision/latest/scale-to-width-down/268?cb=20191230043912,,,Unknown,African-American,Dead,,,,Mid to Late 30s,,Brown,,,,,,Female,Post-Apocalypse Cook for the Alexandria Safe Zone,,,Maia Moss-Fife,,,,
Maya (Meridian),https://walkingdead.fandom.com/wiki/Maya_(Meridian),https://static.wikia.nocookie.net/walkingdead/images/2/24/Season_ten_maya.png/revision/latest/scale-to-width-down/268?cb=20210301182308,,,Unknown,African-American,Dead,,,,Late 20s to Early 30s,,Black,,,,,,Female,Unknown,,,Brianna Butler,,,,
Mays (TV Series),https://walkingdead.fandom.com/wiki/Mays_(TV_Series),https://static.wikia.nocookie.net/walkingdead/images/0/05/Season_ten_mays.png/revision/latest/scale-to-width-down/268?cb=20210308201516,,,( Unnamed ) † - Twin Brother ( Unnamed ) † - Late Sister-in-Law ( Unnamed ) † - Niece,Caucasian-American,Dead,,,,Early 60s,,Brown (Graying),,2,,,,Male,Unknown,,,Robert Patrick,,,,
McCoy (TV Series),https://walkingdead.fandom.com/wiki/McCoy_(TV_Series),https://static.wikia.nocookie.net/walkingdead/images/2/27/Linden_County_Deputy_1_%28Days_Gone_Bye%29.png/revision/latest/scale-to-width-down/268?cb=20210812134439,,,Unknown,Irish-American,Unknown,,,,Early to Mid 40s,,Brown,,,,,,Male,Pre-Apocalypse Deputy for Linden County Sheriff's Department,,,Unknown,,,,
McGinley (TV Series),https://walkingdead.fandom.com/wiki/McGinley_(TV_Series),https://static.wikia.nocookie.net/walkingdead/images/c/c6/Season_five_officer_mcginley.png/revision/latest/scale-to-width-down/268?cb=20250711232504,,,Unknown,Irish-American,Dead,,,,Late 20s to Early 30s,,Brown,,,,Brown,,Male,Pre-Apocalypse Police Officer,,,Kyle Clements,,,,
McHugh (TV Series),https://walkingdead.fandom.com/wiki/McHugh_(TV_Series),https://static.wikia.nocookie.net/walkingdead/images/f/f1/Season_eleven_mchugh.png/revision/latest/scale-to-width-down/268?cb=20220328045755,,,Unknown,Irish-American,Dead,,,,Late 20s to Early 30s,,Brown,,4,,,,Male,Post-Apocalypse Soldier for the Commonwealth Army,,,Lucas Hammond,,,,
Meghan Chambler (TV Series),https://walkingdead.fandom.com/wiki/Meghan_Chambler_(TV_Series),https://static.wikia.nocookie.net/walkingdead/images/9/94/Season_four_meghan_chambler.png/revision/latest/scale-to-width-down/268?cb=20140707163319,,,Lilly Chambler † - Mother Tara Chambler † - Maternal Aunt David Chambler † - Maternal Grandfather,Caucasian-American,Dead,,,,7,,Blonde,,3,,,,Female,Pre-Apocalypse Elementary School Student,,,Meyrick Murphy,,,,
Mei (TV Series),https://walkingdead.fandom.com/wiki/Mei_(TV_Series),https://static.wikia.nocookie.net/walkingdead/images/3/32/Season_eleven_mei.png/revision/latest/scale-to-width-down/268?cb=20221010023442,,,( Unnamed ) - Mother,Asian-American,Alive,,,,Early Teens,,Black,,3,,,,Female,Post-Apocalypse Student at the Commonwealth Education Hall,,,Chiara Misawa,,,,
Mel (TV Series),https://walkingdead.fandom.com/wiki/Mel_(TV_Series),https://static.wikia.nocookie.net/walkingdead/images/b/b8/Season_eight_mel.png/revision/latest?cb=20181118233236,,,Unknown,Caucasian-American,Unknown,,,,Mid 30s,,Brown,,2,,,,Female,Unknown,,,Courtney Patterson,,,,
Merle Dixon (TV Universe),https://walkingdead.fandom.com/wiki/Merle_Dixon_(TV_Universe),https://static.wikia.nocookie.net/walkingdead/images/8/87/Season_three_merle_dixon.png/revision/latest/scale-to-width-down/268?cb=20210226033029,,,Mrs. Dixon † - Mother Will Dixon † - Father Daryl Dixon - Brother William Dixon † - Grandfather Jess Collins † - Half-Uncle,Caucasian-American,Dead,,,,Mid Teens ( Daryl Series ) Late 40s to Early 50s ( The Walking Dead ),,Gray,,14 ( The Walking Dead ) 4 ( Daryl Dixon ),,Blue,The Black Sheep (by Hershel ),Male,Pre-Apocalypse Former U.S. Army Serviceman Drug Dealer Former Leader of the Savage Sons Motorcycle Club Post-Apocalypse Former Supply Runner for the Atlanta Camp Former Guard for Woodbury Former Lieutenant of the Woodbury Army,,,Michael Rooker,,,Felix Saldaña (Young),
Michael (TV Series),https://walkingdead.fandom.com/wiki/Michael_(TV_Series),https://static.wikia.nocookie.net/walkingdead/images/9/95/Extra7_%28JSS%29.png/revision/latest?cb=20151102215338,,,Unknown,Caucasian-American,Dead,,,,Late 20s to Early 30s,,Brown,,3,,,,Male,Unknown,,,Mikey Leo,,,,
Michael Coleman (TV Series),https://walkingdead.fandom.com/wiki/Michael_Coleman_(TV_Series),https://static.wikia.nocookie.net/walkingdead/images/c/c4/Michael_Coleman_Main_Pic.JPG/revision/latest/scale-to-width-down/268?cb=20150602203753,,,Betty Coleman † - Wife Michael Coleman Jr. † - Son Emily Coleman † - Daughter,Caucasian-American,Dead,,,,Mid 60s to Early 70s,,White Gray,,,,Brown,,Male,Unknown,,,Peter Kulas,,,,
Michael Mercer (TV Series),https://walkingdead.fandom.com/wiki/Michael_Mercer_(TV_Series),https://static.wikia.nocookie.net/walkingdead/images/0/0f/Season_eleven_michael_mercer.png/revision/latest/scale-to-width-down/268?cb=20221121230954,,,Stephanie Mercer - Mother Mr. Mercer † - Father Maxxine Porter - Sister Eugene Porter - Brother-in-Law Rosie Porter - Niece,African-American,Alive,,,,Mid to Late 30s,,Black (Graying),,15,Juanita Sanchez - Girlfriend,,Mike,Male,Pre-Apocalypse U.S. Marine Post-Apocalypse General of the Commonwealth Army Sebastian Milton 's Former Personal Security Deputy Governor of the Commonwealth,,,Michael James Shaw,,,,
Michael Turner (TV Series),https://walkingdead.fandom.com/wiki/Michael_Turner_(TV_Series),https://static.wikia.nocookie.net/walkingdead/images/8/82/Season_eleven_michael_turner.png/revision/latest/scale-to-width-down/268?cb=20210913012036,,,Unknown,Caucasian-American,Dead,,,,Mid to Late 30s,,Brown,,2,,,,Male,Pre-Apocalypse Soldier for the U.S. Military Mercenary,,,Unknown,,,,
Michelle (TV Series),https://walkingdead.fandom.com/wiki/Michelle_(TV_Series),https://static.wikia.nocookie.net/walkingdead/images/1/1f/Season_six_michelle.png/revision/latest/scale-to-width-down/268?cb=20250625191331,,,Frank † - Father Frank † - Unborn Child,Asian/Caucasian-American,Dead,,,,Late 20s to Early 30s,,Dark Brown,,,( Unnamed ) † - Late Boyfriend,,Chelle (by Donnie ),Female,Unknown,,,Jeananne Goossen,,,,
Michonne's Group (TV Series),https://walkingdead.fandom.com/wiki/Michonne%27s_Group_(TV_Series),https://static.wikia.nocookie.net/walkingdead/images/5/58/Michonne-Walking-Dead-Danai-Gurira-1024x576.jpg/revision/latest/scale-to-width-down/268?cb=20241111010552,Woodbury Army,TV Series,,,Inactive,"Woodbury, Georgia Sportman's Deer Cooler (Formerly)",,Survivors,,,,Michonne Hawthorne,,,,,,,,,,""" Beside the Dying Fire "" to "" Say the Word """,,,None
Michonne Grimes (TV Universe),https://walkingdead.fandom.com/wiki/Michonne_Grimes_(TV_Universe),https://static.wikia.nocookie.net/walkingdead/images/2/28/Season_one_michonne_grimes_towl_%282%29.png/revision/latest/scale-to-width-down/268?cb=20240421154245,,,Mrs. Hawthorne † - Mother Rick Grimes - Husband Andre Anthony † - Son R.J. Grimes - Son Carl Grimes † - Stepson Judith Grimes - Adopted Daughter Mrs. Grimes - Mother-in-Law Mr. Grimes † - Father-in-Law Evie - Possible Sister-in-Law,African-American,Alive,,8 ( Onslaught ),,"Mid 30s ("" Beside the Dying Fire "") Early 40s ("" Who Are You Now? "") Mid 40s ("" Years "")",,Brown (Graying),,93 ( The Walking Dead ) 6 ( The Ones Who Live ),Mike † - Late Boyfriend,Brown,Mich (by Andrea and Jocelyn ) The Last Samurai (by Daryl ) Samurai (by Gareth ) Daitō (by Judith ) Dana Bethune (in the Civic Republic ),Female,"Post-Apocalypse Former Guard for the Prison Former Constable, Head of Security, Council Member and Leader of the Alexandria Safe Zone Former Soldier for the Militia and the Coalition Former Consignee for the Civic Republic of Philadelphia",,Flame † - Horse,Danai Gurira,,,"Unknown Stand-In ("" Beside the Dying Fire "") G.K. Bowes (Voice; Onslaught )",
Mid-Atlantic City,https://walkingdead.fandom.com/wiki/Mid-Atlantic_City,https://static.wikia.nocookie.net/walkingdead/images/8/89/CityTWD.PNG/revision/latest/scale-to-width-down/268?cb=20210521193205,,TV Series,,,Abandoned and Overrun,,,City,,Virginia or West Virginia,,,,,,,,,,,,""" Look at the Flowers "" to "" The Tower """,,,
Midge (TV Series),https://walkingdead.fandom.com/wiki/Midge_(TV_Series),https://static.wikia.nocookie.net/walkingdead/images/3/30/Season_eight_midge.png/revision/latest?cb=20180826033407,,,Hilda - Twin Sister,Caucasian-American,Unknown,,,,"Mid to Late 20s ("" The Key "") Early to Mid 30s ("" Stradivarius "")",,Brown,,,,,,Female,Unknown,,,Misty Ormiston,,,,
Miguel (TV Series),https://walkingdead.fandom.com/wiki/Miguel_(TV_Series),https://static.wikia.nocookie.net/walkingdead/images/8/82/Miguel_%28Vatos%29.png/revision/latest/scale-to-width-down/268?cb=20121207173012,,,( Unnamed ) † - Possible Grandmother Felipe † - Cousin,Mexican-American,Dead,,,,14,,Brown,,,,Brown,,Male,Pre-Apocalypse Assumed High School Student Post-Apocalypse Supply Runner for the Vatos Gang,,,Anthony Guajardo,,,,
Mika Samuels (TV Series),https://walkingdead.fandom.com/wiki/Mika_Samuels_(TV_Series),https://static.wikia.nocookie.net/walkingdead/images/c/c6/Season_four_mika_samuels_%282%29.png/revision/latest/scale-to-width-down/268?cb=20231027222315,,,Mrs. Samuels † - Mother Ryan Samuels † - Father Carol Peletier - Adoptive Mother Lizzie Samuels † - Sister,Caucasian-American,Dead,,,,10,,Blonde,,9,,,,Female,Pre-Apocalypse Elementary School Student,,,Kyla Kenedy,,,,
Mike (TV Series),https://walkingdead.fandom.com/wiki/Mike_(TV_Series),https://static.wikia.nocookie.net/walkingdead/images/9/90/Season_four_mike.png/revision/latest/scale-to-width-down/268?cb=20140210205108,,,Andre Anthony † - Son,African-American,Dead,,,,Early 30s,,Black,,8,Michonne Grimes - Girlfriend,Brown,,Male,Unknown,,,Aldis Hodge,,,Moses J. Moseley (Zombified),
Mike (Terminus),https://walkingdead.fandom.com/wiki/Mike_(Terminus),https://static.wikia.nocookie.net/walkingdead/images/f/f0/Season_five_mike.png/revision/latest/scale-to-width-down/268?cb=20250625031101,,,Unknown,Caucasian-American,Dead,,,,Mid 30s,,Brown,,2,,,,Male,Unknown,,,Chris Burns,,,,
Mikey (TV Series),https://walkingdead.fandom.com/wiki/Mikey_(TV_Series),https://static.wikia.nocookie.net/walkingdead/images/f/f5/Season_five_mikey.png/revision/latest/scale-to-width-down/268?cb=20191226181554,,,(Unnamed) - Father,Caucasian-American,Dead,,,,Mid to Late Teens,,Black,,2,,,,Male,Pre-Apocalypse Middle School Student,,,Elijah Marcano,,,,
Miles (Savior),https://walkingdead.fandom.com/wiki/Miles_(Savior),https://static.wikia.nocookie.net/walkingdead/images/b/ba/Season_six_miles.png/revision/latest/scale-to-width-down/268?cb=20160404235528,,,Unknown,Caucasian-American,Dead,,,,Late 40s,,Black (Graying),,,,,,Male,Unknown,,,Reece Fleetwood,,,,
Miles (TV Series),https://walkingdead.fandom.com/wiki/Miles_(TV_Series),https://static.wikia.nocookie.net/walkingdead/images/1/1d/Season_nine_miles.png/revision/latest/scale-to-width-down/268?cb=20250724014353,,,Hilde † - Wife,Caucasian-American,Dead,,,,Early 40s,,Dark Brown,,,,,,Male,Unknown,,,Brian Sheppard,,,,
Milo (TV Series),https://walkingdead.fandom.com/wiki/Milo_(TV_Series),https://static.wikia.nocookie.net/walkingdead/images/8/85/Season_ten_milo.png/revision/latest/scale-to-width-down/268?cb=20191106023600,,,Amelia † - Mother,Caucasian-American,Dead,,,,11-Sep,,Brown,,,,,,Male,Unknown,,,Roman Spink,,,,
Milton Mamet (TV Series),https://walkingdead.fandom.com/wiki/Milton_Mamet_(TV_Series),https://static.wikia.nocookie.net/walkingdead/images/3/30/MiltonAotD.png/revision/latest/scale-to-width-down/268?cb=20130311184403,,,Mrs. Mamet † - Mother Mr. Mamet † - Father,Caucasian-American,Dead,,,,Mid to Late 30s,,Dark Blond,,10,,Blue,Miltie (by Merle ),Male,Pre-Apocalypse Researcher/Scientist Post-Apocalypse Researcher/Scientist at Woodbury,,,Dallas Roberts,,,,
Miranda Morales (TV Series),https://walkingdead.fandom.com/wiki/Miranda_Morales_(TV_Series),https://static.wikia.nocookie.net/walkingdead/images/a/a9/Season_one_miranda_morales_%282%29.png/revision/latest/scale-to-width-down/268?cb=20230423233440,,,Morales † - Husband Eliza Morales † - Daughter Louis Morales † - Son,Latina-American,Dead,,,,Early to Mid 30s,,Black,,3,,Brown,,Female,Unknown,,,Viviana Chavez-Vega,,,,
Miss Wilhelm (TV Series),https://walkingdead.fandom.com/wiki/Miss_Wilhelm_(TV_Series),https://static.wikia.nocookie.net/walkingdead/images/2/2e/Season_four_wilhelm.png/revision/latest?cb=20180224213531,,,Unknown,Caucasian-American,Unknown,,,,Early to Mid 60s,,Blonde,,,,,,Female,Unknown,,,Unknown,,,,
Mitch Dolgen (TV Series),https://walkingdead.fandom.com/wiki/Mitch_Dolgen_(TV_Series),https://static.wikia.nocookie.net/walkingdead/images/6/63/Season_four_mitch_dolgen.png/revision/latest/scale-to-width-down/268?cb=20191119034038,,,Pete Dolgen † - Brother,Caucasian-American,Dead,,,,Mid 30s to Early 40s,,Brown,,3,,Brown,,Male,Pre-Apocalypse Ice Cream Truck Driver Tank Operator Post-Apocalypse Supply Runner for the River Camp Second-in-Command of the Governor's Militia,,,Kirk Acevedo,,,,
Mitchell (TV Series),https://walkingdead.fandom.com/wiki/Mitchell_(TV_Series),https://static.wikia.nocookie.net/walkingdead/images/d/d2/Season_nine_mitchell.png/revision/latest/scale-to-width-down/268?cb=20190318160854,,,Unknown,Caucasian-American,Dead,,,,16-18,,Black,,,,,,Male,Post-Apocalypse Second-in-Command of Jocelyn's Group,,,Joey Simon,,,,
Molly (Prison),https://walkingdead.fandom.com/wiki/Molly_(Prison),https://static.wikia.nocookie.net/walkingdead/images/6/69/Season_four_molly_%282%29.png/revision/latest/scale-to-width-down/268?cb=20220813165603,,,Unknown,Caucasian-American,Dead,,,,10,,Brown,,4,,,,Female,Pre-Apocalypse Student,,,Kennedy Brice,,,,
Molly (Savior),https://walkingdead.fandom.com/wiki/Molly_(Savior),https://static.wikia.nocookie.net/walkingdead/images/8/88/Season_six_molly.png/revision/latest/scale-to-width-down/268?cb=20221007023007,,,Unknown,Caucasian-American,Dead,,,,Mid to Late 50s,,Brown (Graying),,,,,Molls (by Michelle ),Female,Unknown,,,Jill Jane Clements,,,,
Montanio (TV Series),https://walkingdead.fandom.com/wiki/Montanio_(TV_Series),https://static.wikia.nocookie.net/walkingdead/images/8/8b/Reaper_%28No_Other_Way%29.png/revision/latest/scale-to-width-down/268?cb=20220221030939,,,Unknown,Italian-American,Dead,,,,Early to Mid 30s,,Brown,,,,,,Male,Pre-Apocalypse Soldier for the U.S. Military Mercenary,,,Wyatt Werneth,,,,
Morales (TV Series),https://walkingdead.fandom.com/wiki/Morales_(TV_Series),https://static.wikia.nocookie.net/walkingdead/images/3/38/Season_eight_morales.png/revision/latest/scale-to-width-down/268?cb=20180905005121,,,Miranda Morales † - Late Wife Eliza Morales † - Daughter Louis Morales † - Son,Latino-American,Dead,,,,Late 30s to Early 40s,,Black,,6,,Brown,,Male,Post-Apocalypse Former Supply Runner for the Atlanta Camp,,,Juan Gabriel Pareja,,,,
Morgan Jones (TV Universe),https://walkingdead.fandom.com/wiki/Morgan_Jones_(TV_Universe),https://static.wikia.nocookie.net/walkingdead/images/3/36/Season_eight_morgan_jones_fear.png/revision/latest/scale-to-width-down/268?cb=20230509011746,,,(Unnamed) - Brother Jenny Jones † - Late Wife Duane Jones † - Son Morgan Jones-Mukherjee - Adopted Daughter [ 1 ],African-American,Unknown,,,,"Early to Mid 40s ("" Days Gone Bye"" ) Mid to Late 50s ("" Remember What They Took From You "")",,Black (Graying),,36 ( The Walking Dead ) 62 ( Fear ),Grace Mukherjee † - Late Girlfriend,Brown,Mo-Mo (by Sarah ) Nightingale (by PADRE ),Male,Pre-Apocalypse Mechanic Post-Apocalypse Former Soldier for the Militia Former Aikido Teacher for Benjamin and Henry Sutton Former Leader of his own group and the Valley Town Former Co-Leader of the North Texas Alliance Former Collector for PADRE,,Rufus † - Former Dog,Lennie James,,,,
Moto (TV Series),https://walkingdead.fandom.com/wiki/Moto_(TV_Series),https://static.wikia.nocookie.net/walkingdead/images/5/5a/Season_eleven_moto.png/revision/latest/scale-to-width-down/267?cb=20220307020212,,,Unknown,Caucasian-American,Unknown,,,,Early 40s,,Dark Brown,,,,,,Male,Post-Apocalypse Former Head of the Opium Poppy Farm,,,William Mark McCullough,,,,
Mr. Gilbert (TV Series),https://walkingdead.fandom.com/wiki/Mr._Gilbert_(TV_Series),https://static.wikia.nocookie.net/walkingdead/images/1/1e/Mr_Gilbert_Vatos.png/revision/latest/scale-to-width-down/268?cb=20131130152055,,,Unknown,African-American,Dead,,,,Early to Mid 70s,,Gray,,,,Brown,,Male,Unknown,,,Unknown,,,,
Mr. Jacobson (TV Series),https://walkingdead.fandom.com/wiki/Mr._Jacobson_(TV_Series),https://static.wikia.nocookie.net/walkingdead/images/3/38/Season_4_survivor_%2812%29.png/revision/latest?cb=20130719235238,,,Unknown,African-American,Dead,,,,Mid 50s,,White,,11,,Brown,,Male,Unknown,,,Randy Woods,,,,
Mr. Martens (TV Series),https://walkingdead.fandom.com/wiki/Mr._Martens_(TV_Series),https://static.wikia.nocookie.net/walkingdead/images/2/2f/Season_eleven_mr_martens.png/revision/latest/scale-to-width-down/268?cb=20220926174012,,,Mrs. Martens - Wife April Martens † - Daughter ( Unnamed ) - Grandson ( Unnamed ) - Granddaughter,Caucasian-American,Alive,,,,Late 40s to Early 50s,,Brown (Graying),,3,,,,Male,Unknown,,,Preston James Hillier,,,,
Mr. Richards (TV Series),https://walkingdead.fandom.com/wiki/Mr._Richards_(TV_Series),https://static.wikia.nocookie.net/walkingdead/images/3/3b/Extra40_%28The_Suicide_King%29.png/revision/latest/scale-to-width-down/268?cb=20230509004811,,,Mrs. Richards † - Wife,Caucasian-American,Dead,,,,Mid 60s to Early 70s,,White,,4,,,,Male,Unknown,,,Rob Fitts,,,,
Mr. Siggard (TV Series),https://walkingdead.fandom.com/wiki/Mr._Siggard_(TV_Series),https://static.wikia.nocookie.net/walkingdead/images/3/34/Season_one_mr_siggard.png/revision/latest/scale-to-width-down/268?cb=20130918014417,,,Mrs. Siggard † - Late Wife,Caucasian-American,Dead,,,,Late 30s to Early 40s,,Red,,,,,,Male,Pre-Apocalypse Farmer,,( Unnamed ) † - Horse,None,,,,
Mrs. Blake (TV Series),https://walkingdead.fandom.com/wiki/Mrs._Blake_(TV_Series),https://static.wikia.nocookie.net/walkingdead/images/e/ed/Season_three_mrs_blake.png/revision/latest/scale-to-width-down/268?cb=20190124054157,,,Philip Blake † - Husband Penny Blake † - Daughter Mr. Blake - Brother-In-Law,Caucasian-American,Dead,,,,Mid to Late 30s,,Blonde,,5,,Blue,,Female,Unknown,,,Denise Huth,,,,
Mrs. Foster (TV Series),https://walkingdead.fandom.com/wiki/Mrs._Foster_(TV_Series),https://static.wikia.nocookie.net/walkingdead/images/0/0a/Season_three_mrs_foster.png/revision/latest/scale-to-width-down/268?cb=20200429025804,,,Richard Foster † - Late Husband ( Unnamed ) † - Daughter,Caucasian-American,Dead,,,,Early to Mid 30s,,Brown,,3,,,,Female,Unknown,,(Unnamed) - Dog,Carol Lane Tresan,,,,
Mrs. Martens (TV Series),https://walkingdead.fandom.com/wiki/Mrs._Martens_(TV_Series),https://static.wikia.nocookie.net/walkingdead/images/5/5a/Season_eleven_mrs_martens.png/revision/latest/scale-to-width-down/268?cb=20220926174028,,,Mr. Martens - Husband April Martens † - Daughter ( Unnamed ) - Grandson ( Unnamed ) - Granddaughter,Caucasian-American,Alive,,,,Late 40s to Early 50s,,Blonde,,3,,,,Female,Unknown,,,Korbi Dean,,,,
Mrs. Richards (TV Series),https://walkingdead.fandom.com/wiki/Mrs._Richards_(TV_Series),https://static.wikia.nocookie.net/walkingdead/images/d/d7/Extra10_%28Internment%29.png/revision/latest/scale-to-width-down/268?cb=20230504024214,,,Mr. Richards † - Late Husband,African-American,Dead,,,,Late 60s to Early 70s,,Black,,8,,Brown,,Female,Unknown,,,Leola Williams,,,,
Mrs. Robinson (TV Series),https://walkingdead.fandom.com/wiki/Mrs._Robinson_(TV_Series),https://static.wikia.nocookie.net/walkingdead/images/e/e5/Season_nine_mrs_robinson.png/revision/latest/scale-to-width-down/268?cb=20200513044454,,,(Unnamed) - Spouse,Caucasian-American,Unknown,,,,Early 40s,,Brown,,,,,,Female,Post-Apocalypse Gardener for the Alexandria Safe Zone,,,Jennifer Riker,,,,
Mrs. Siggard (TV Series),https://walkingdead.fandom.com/wiki/Mrs._Siggard_(TV_Series),https://static.wikia.nocookie.net/walkingdead/images/4/4d/Season_one_mrs_siggard.png/revision/latest/scale-to-width-down/268?cb=20190119181135,,,Mr. Siggard † - Husband,Caucasian-American,Dead,,,,Late 30s to Early 40s,,Blonde,,,,,,Female,Pre-Apocalypse Farmer,,( Unnamed ) † - Horse,Unknown,,,,
Ms. McLeod (TV Series),https://walkingdead.fandom.com/wiki/Ms._McLeod_(TV_Series),https://static.wikia.nocookie.net/walkingdead/images/6/68/Ms._McLeod_%28Welcome_to_the_Tombs%29.png/revision/latest/scale-to-width-down/268?cb=20200229165506,,,Unknown,Latina/Scottish-American,Dead,,,,Late 60s to Early 70s,,Dark Brown,,4,,Brown,,Female,Unknown,,,Lucie O'Ferrall,,,,
Ms. Tuscany (TV Series),https://walkingdead.fandom.com/wiki/Ms._Tuscany_(TV_Series),https://static.wikia.nocookie.net/walkingdead/images/8/8c/Season_four_ms_tuscany.png/revision/latest/scale-to-width-down/268?cb=20241111143614,,,Unknown,Caucasian-American,Dead,,,,Unknown,,Brown,,,,,,Female,Unknown,,,Unknown,,,,
Murphy (TV Series),https://walkingdead.fandom.com/wiki/Murphy_(TV_Series),https://static.wikia.nocookie.net/walkingdead/images/f/f4/Trooper3_%28Rogue_Element%29.png/revision/latest/scale-to-width-down/268?cb=20220228232431,,,Unknown,Caucasian-American,Alive,,,,Late 20s to Early 30s,,Brown,,3,,,,Male,Post-Apocalypse Former Soldier for the Commonwealth Army Gardener for the Hilltop Colony,,,Jason Fernandes,,,,
Nabila (TV Series),https://walkingdead.fandom.com/wiki/Nabila_(TV_Series),https://static.wikia.nocookie.net/walkingdead/images/8/83/Season_eleven_nabila.png/revision/latest/scale-to-width-down/268?cb=20221126215704,,,Jerry - Husband Ezra - Son Aliyah - Daughter Mariam - Daughter,African-American,Alive,,,,"Late 20s to Early 30s ("" Bury Me Here "") Mid to Late 30s ("" Bounty "") Late 30s to Early 40s ("" Rest in Peace "")",,Black,,28,,,,Female,Post-Apocalypse Former Gardener for the Kingdom Former Soldier for the Militia,,,Nadine Marissa,,,,
Natalie Miller (TV Series),https://walkingdead.fandom.com/wiki/Natalie_Miller_(TV_Series),https://static.wikia.nocookie.net/walkingdead/images/a/a7/Season_five_natalie_miller.png/revision/latest/scale-to-width-down/268?cb=20150310234032,,,Bob Miller † - Husband (Unnamed) - 5 Children (Unnamed) - 12 Grandchildren,Caucasian-American,Dead,,,,Mid 70s,,Gray,,6,,,,Female,Unknown,,,Helen Jackson,,,,
Natania (TV Series),https://walkingdead.fandom.com/wiki/Natania_(TV_Series),https://static.wikia.nocookie.net/walkingdead/images/3/3c/Season_eight_natania.png/revision/latest/scale-to-width-down/268?cb=20210308034419,,,( Unnamed ) † - Daughter ( Unnamed ) † - Grandson Cyndie - Granddaughter,Caucasian-American,Dead,,,,Early 60s,,Blonde,,3,,,,Female,Post-Apocalypse Former Leader of Oceanside,,,Deborah May,,,,
Nate Miller (TV Series),https://walkingdead.fandom.com/wiki/Nate_Miller_(TV_Series),https://static.wikia.nocookie.net/walkingdead/images/6/6a/Season_two_nate.png/revision/latest?cb=20131121040129,,,Unknown,Caucasian-American,Unknown,,,,Late 30s to Early 40s,,Brown,,,,Blue,,Male,Post-Apocalypse Leader of the Living,,,Phillip DeVona,,,,
Negan Smith (TV Universe),https://walkingdead.fandom.com/wiki/Negan_Smith_(TV_Universe),https://static.wikia.nocookie.net/walkingdead/images/5/5e/Season_three_negan_smith.png/revision/latest/scale-to-width-down/268?cb=20260806181257,,,Mrs. Smith † - Mother Mr. Smith † - Father Lucille Smith † - Late Wife Annie Smith - Wife Joshua Smith - Son,Caucasian-American,Alive,,,,"Late 40s ("" Here's Negan ""/"" Last Day on Earth "") Mid 50s ("" Who Are You Now? "") Mid 60s ("" Old Acquaintances "")",,Black (Graying),,63 ( The Walking Dead ) 16 ( Dead City ) 1 ( Fear ),"Janine - Ex-Mistress Sherry - Ex-""Wife"" Amber - Ex-""Wife"" Tanya - Ex-""Wife"" Frankie † - Ex-""Wife"" ( Unnamed ) - Ex-""Wife"" ( Unnamed ) - Ex-""Wife"" Alpha † - Late Lover",Brown,Neegs (by Simon ),Male,Pre-Apocalypse Gym Teacher Post-Apocalypse Former Leader of the Saviors and the Burazi Former Worker for the Alexandria Safe Zone Former Soldier for the Coalition Former Guard for the Easy Stay Motor Inn,,(Unnamed) † - Stray Dogs,Jeffrey Dean Morgan,,,"Unknown Stand-In ("" Sanctuary "")",
Neil (Hilltop),https://walkingdead.fandom.com/wiki/Neil_(Hilltop),https://static.wikia.nocookie.net/walkingdead/images/0/01/Season_eight_neil.png/revision/latest/scale-to-width-down/268?cb=20191226231357,,,Unknown,Caucasian-American,Dead,,,,Mid to Late 30s,,Brown,,10,,,,Male,Post-Apocalypse Woodworker and Blacksmith for the Hilltop Colony Soldier for the Militia,,,Karl Funk,,,,
Neil (Savior),https://walkingdead.fandom.com/wiki/Neil_(Savior),https://static.wikia.nocookie.net/walkingdead/images/a/a5/Season_six_neil.png/revision/latest?cb=20170418230206,,,Unknown,Caucasian-American,Dead,,,,Late 40s to Early 50s,,Brown,,3,,,,Male,Unknown,,,Robert Walker-Branchaud,,,,
Nelly (TV Series),https://walkingdead.fandom.com/wiki/Nelly_(TV_Series),https://static.wikia.nocookie.net/walkingdead/images/a/af/Bantvnel.png/revision/latest/scale-to-width-down/268?cb=20231207155453,,,Hershel Greene † - Former Owner,Mustang,Dead,,,,Unknown,,Brown with white,,,,Brown,Nervous Nelly,Female,,,,Blade,,,,
Nelson (TV Series),https://walkingdead.fandom.com/wiki/Nelson_(TV_Series),https://static.wikia.nocookie.net/walkingdead/images/c/ce/Season_eight_nelson.png/revision/latest/scale-to-width-down/268?cb=20171030032634,,,Unknown,Caucasian-American,Dead,,,,Early to Mid 20s,,Brown,,,,,,Male,Post-Apocalypse Lookout for the Saviors,,,Jake Kearney,,,,
Nicholas (TV Series),https://walkingdead.fandom.com/wiki/Nicholas_(TV_Series),https://static.wikia.nocookie.net/walkingdead/images/6/6f/Season_six_nicholas.png/revision/latest/scale-to-width-down/268?cb=20210308013755,,,Unknown,Caucasian-American,Dead,,,,Late 30s to Early 40s,,Dark Brown,,7,,,,Male,Post-Apocalypse Supply Runner for the Alexandria Safe Zone,,,Michael Traynor,,,,
Nicholls (TV Series),https://walkingdead.fandom.com/wiki/Nicholls_(TV_Series),https://static.wikia.nocookie.net/walkingdead/images/7/73/Season_eleven_nicholls.png/revision/latest/scale-to-width-down/267?cb=20210906010120,,,Unknown,Caucasian-American,Dead,,,,Mid to Late 30s,,Brown (Graying),,2,,,,Male,Pre-Apocalypse Soldier for the U.S. Military Mercenary,,,Hans Christopher,,,,
Nick (TV Series),https://walkingdead.fandom.com/wiki/Nick_(TV_Series),https://static.wikia.nocookie.net/walkingdead/images/9/94/Season_six_nick_edward.png/revision/latest/scale-to-width-down/268?cb=20250713144220,,,Unknown,Caucasian-American,Dead,,,,Early to Mid 30s,,Blond,,4,,,,Male,Pre-Apocalypse Car Mechanic Post-Apocalypse Second-in-Command of the Wolves,,,Jesse C. Boyd,,,,
Nick (Walker),https://walkingdead.fandom.com/wiki/Nick_(Walker),https://static.wikia.nocookie.net/walkingdead/images/3/32/Season_four_nick_zombie.png/revision/latest/scale-to-width-down/268?cb=20131014132553,,,Unknown,Caucasian-American,Dead,,,,Late 20s to Early 30s,,Brown,,2,,,,Male,Unknown,,,David Pierce,,,,
Noah (TV Series),https://walkingdead.fandom.com/wiki/Noah_(TV_Series),https://static.wikia.nocookie.net/walkingdead/images/d/dc/Season_five_noah.png/revision/latest/scale-to-width-down/268?cb=20210824095220,,,( Unnamed ) † - Mother (Unnamed) † - Father (Unnamed) - Uncle ( Unnamed ) † - Brother ( Unnamed ) † - Brother,African-American,Dead,,,,17,,Black,,12,,,,Male,Pre-Apocalypse High School Student Post-Apocalypse Dawn Lerner 's Former Ward at Grady Memorial Hospital Supply Runner for the Alexandria Safe Zone,,,Tyler James Williams,,,,
Noah (Woodbury),https://walkingdead.fandom.com/wiki/Noah_(Woodbury),https://static.wikia.nocookie.net/walkingdead/images/4/4f/Noah_%28I_Ain%27t_a_Judas%29.png/revision/latest/scale-to-width-down/268?cb=20191211023024,,,(Unnamed) † - Mother,Caucasian-American,Dead,,,,14,,Brown,,,,Blue,,Male,Pre-Apocalypse Assumed Middle School Student Post-Apocalypse Soldier for the Woodbury Army,,,Parker Wierling,,,,
Nora (TV Series),https://walkingdead.fandom.com/wiki/Nora_(TV_Series),https://static.wikia.nocookie.net/walkingdead/images/6/62/Season_ten_nora.png/revision/latest/scale-to-width-down/268?cb=20191125230750,,,Unknown,African-American,Unknown,,,,"Mid to Late 20s ("" The Obliged "") Early 30s ("" Who Are You Now? "")",,Dark Brown,,8,,,,Female,Post-Apocalypse Secretary for the Alexandria Safe Zone Member of the Alexandria Council,,,Tamara Austin,,,,
Noris (TV Series),https://walkingdead.fandom.com/wiki/Noris_(TV_Series),https://static.wikia.nocookie.net/walkingdead/images/1/15/Father_%28Internment%29.png/revision/latest/scale-to-width-down/267?cb=20230504024057,,,( Unnamed ) † - Son,Caucasian-American,Dead,,,,Early 40s,,Brown,,2,,,,Male,Unknown,,,Jan Harrelson,,,,
Norris (TV Series),https://walkingdead.fandom.com/wiki/Norris_(TV_Series),https://static.wikia.nocookie.net/walkingdead/images/3/31/Season_nine_norris.png/revision/latest/scale-to-width-down/268?cb=20200511180818,,,Unknown,Caucasian-American,Dead,,,,Mid 30s,,Brown,,7,,,,Male,Unknown,,,Aaron Farb,,,,
O'Donnell (TV Series),https://walkingdead.fandom.com/wiki/O%27Donnell_(TV_Series),https://static.wikia.nocookie.net/walkingdead/images/2/27/Season_five_officer_odonnell.png/revision/latest/scale-to-width-down/268?cb=20260802194503,,,Mrs. O'Donnell - Wife (Unnamed) - Child,Irish-American,Dead,,,,Early to Mid 40s,,Brown,,4,,Brown,,Male,Pre-Apocalypse Sergeant in the Atlanta Police Department,,,Ricky Wayne,,,,
O'Hara (TV Series),https://walkingdead.fandom.com/wiki/O%27Hara_(TV_Series),https://static.wikia.nocookie.net/walkingdead/images/f/f5/Extra12c_%28JSS%29.png/revision/latest?cb=20151115052903,,,Unknown,Irish-American,Dead,,,,Early 30s,,Brown,,2,,,,Male,Unknown,,,None,,,,
Oceanside (TV Series),https://walkingdead.fandom.com/wiki/Oceanside_(TV_Series),https://static.wikia.nocookie.net/walkingdead/images/6/64/Oceanside_entrance.jpg/revision/latest/scale-to-width-down/268?cb=20230820173405,,,,,Active,,,Pre-Apocalypse Cabin Resort Post-Apocalypse Settlement,,Virginia,,,,,,,,,,,,,,,
Oliver Band (TV Series),https://walkingdead.fandom.com/wiki/Oliver_Band_(TV_Series),https://static.wikia.nocookie.net/walkingdead/images/3/3c/SeasonSixOliverBand.png/revision/latest/scale-to-width-down/268?cb=20260519211959,,,Unknown,Caucasian-American,Dead,,,,Mid to Late 30s,,Red,,,,,,Male,Unknown,,,Preston Baker,,,,
Olivia (TV Series),https://walkingdead.fandom.com/wiki/Olivia_(TV_Series),https://static.wikia.nocookie.net/walkingdead/images/d/db/Season_seven_olivia.png/revision/latest/scale-to-width-down/268?cb=20210730030948,,,Unknown,Caucasian-American,Dead,,,,Late 30s to Early 40s,,Black,,12,,,,Female,Pre-Apocalypse Coffee Shop Employee Hotel Management Student Post-Apocalypse Inventory Manager at the Alexandria Safe Zone,,,Ann Mahoney,,,,
Opium Poppy Farm,https://walkingdead.fandom.com/wiki/Opium_Poppy_Farm,https://static.wikia.nocookie.net/walkingdead/images/d/df/11x11_Opium_Farm_1.png/revision/latest/scale-to-width-down/268?cb=20220307154604,,TV Series,,,Active,,,Farm,,Ohio,,,,,,,,,,,,""" Rogue Element """,,,
Oscar (Hilltop),https://walkingdead.fandom.com/wiki/Oscar_(Hilltop),https://static.wikia.nocookie.net/walkingdead/images/1/11/Season_ten_oscar.png/revision/latest/scale-to-width-down/268?cb=20200801013602,,,Unknown,Latino-American,Dead,,,,"Early to Mid 20s ("" Something They Need "") Late 20s to Early 30s ("" Stradivarius "")",,Brown,,17,,,,Male,"Post-Apocalypse Former Supply Runner for the Hilltop Colony Former Soldier for the Militia Former Gardener, Guard, and Hunter for the Hilltop Colony Soldier for the Coalition",,,Anthony Lopez,,,,
Oscar (Prison),https://walkingdead.fandom.com/wiki/Oscar_(Prison),https://static.wikia.nocookie.net/walkingdead/images/c/c6/Season_three_oscar.png/revision/latest/scale-to-width-down/268?cb=20210309220454,,,(Unnamed) - Wife (Unnamed) - Children,African-American,Dead,,,,Late 30s to Early 40s,,Black,,8,,Brown,,Male,Pre-Apocalypse Generator Operator for West Georgia Correctional Facility,,,Vincent Ward,,,,
Otis (TV Series),https://walkingdead.fandom.com/wiki/Otis_(TV_Series),https://static.wikia.nocookie.net/walkingdead/images/7/73/Season_two_otis.png/revision/latest/scale-to-width-down/268?cb=20180901162537,,,Patricia † - Wife,Caucasian-American,Dead,,,,Late 40s to Early 50s,,Brown (Graying),,3,,Brown,,Male,Pre-Apocalypse Farmhand on the Greene Family Farm Volunteer Emergency Medical Technician Post-Apocalypse Hunter,,,Pruitt Taylor Vince,,,,
Owen (TV Series),https://walkingdead.fandom.com/wiki/Owen_(TV_Series),https://static.wikia.nocookie.net/walkingdead/images/0/06/Season_six_alpha_wolf.png/revision/latest/scale-to-width-down/268?cb=20210806050303,,,Unknown,Caucasian-American,Dead,,,,Late 20s to Early 30s,,Brown,,5,,,,Male,Pre-Apocalypse Bartender [ 1 ] Post-Apocalypse Former Leader of the Wolves,,,Benedict Samuel,,,,
Owen (Woodbury),https://walkingdead.fandom.com/wiki/Owen_(Woodbury),https://static.wikia.nocookie.net/walkingdead/images/6/60/Season_four_owen.png/revision/latest?cb=20140507052819,,,( Unnamed ) † - Mother,Caucasian-American,Dead,,,,12-Nov,,Brown,,4,,Brown,,Male,Pre-Apocalypse Elementary School Student,,,Owen Ridings,,,,
Ozzy (TV Series),https://walkingdead.fandom.com/wiki/Ozzy_(TV_Series),https://static.wikia.nocookie.net/walkingdead/images/2/22/Season_nine_ozzy.png/revision/latest/scale-to-width-down/268?cb=20190312190001,,,Unknown,Caucasian-American,Dead,,,,Early 40s,,Dark Brown (Graying),,2,,,,Male,Post-Apocalypse Former Leader of the Highwaymen Road Patrol between the joint communities,,,Angus Sampson,,,,
P.J. (TV Series),https://walkingdead.fandom.com/wiki/P.J._(TV_Series),https://static.wikia.nocookie.net/walkingdead/images/9/92/Season_nine_pj.png/revision/latest/scale-to-width-down/267?cb=20190318160854,,,Unknown,Caucasian-American,Dead,,,,10-Aug,,Red,,,,,,Male,Pre-Apocalypse Student,,,P.J. Henley,,,,
Pamela Milton (TV Series),https://walkingdead.fandom.com/wiki/Pamela_Milton_(TV_Series),https://static.wikia.nocookie.net/walkingdead/images/a/ad/Season_eleven_pamela_milton.png/revision/latest/scale-to-width-down/268?cb=20221023011635,,,William Milton † - Father (Unnamed) † - Son Sebastian Milton † - Son Mr. Milton - Uncle,Caucasian-American,Alive,,,,Late 50s to Early 60s,,Blonde,,10,,,Pammy (by Negan ),Female,Pre-Apocalypse Socialite Post-Apocalypse Former Governor of the Commonwealth Former Commander-in-Chief of the Commonwealth Army,,,Laila Robins,,,,
Papa Bear (TV Series),https://walkingdead.fandom.com/wiki/Papa_Bear_(TV_Series),https://static.wikia.nocookie.net/walkingdead/images/7/7f/Hilltop1a_%28The_Lucky_Ones%29.png/revision/latest/scale-to-width-down/268?cb=20220404033918,,,Unknown,African-American,Alive,,,,Late 40's to Early 50s,,Brown,,14,,,,Male,Post-Apocalypse Distiller Guard for Hilltop Colony Soldier for the Coalition,,,Jamel Vaughn,,,,
Park (TV Series),https://walkingdead.fandom.com/wiki/Park_(TV_Series),https://static.wikia.nocookie.net/walkingdead/images/a/a4/Extra1_%28JSS%29.png/revision/latest/scale-to-width-down/268?cb=20200103192552,,,Unknown,Caucasian-American,Dead,,,,Mid 20s,,Brown,,2,,,,Male,Unknown,,,Bayland Rippenkroeger,,,,
Patricia (TV Series),https://walkingdead.fandom.com/wiki/Patricia_(TV_Series),https://static.wikia.nocookie.net/walkingdead/images/e/e3/Season_two_patricia.png/revision/latest/scale-to-width-down/268?cb=20200507154319,,,Otis † - Late Husband,Caucasian-American,Dead,,,,Mid to Late 40s,,Dirty Blonde,,12,,Blue,,Female,Pre-Apocalypse Farmhand on the Greene Family Farm Veterinary Assistant Post-Apocalypse Group Nurse,,,Jane McNeill,,,,
Patrick (TV Series),https://walkingdead.fandom.com/wiki/Patrick_(TV_Series),https://static.wikia.nocookie.net/walkingdead/images/7/7f/A_Patrick_is_not_ashamed.png/revision/latest/scale-to-width-down/268?cb=20251108081858,,,Unknown,Caucasian-American,Dead,,,,15-17,,Brown,,3,,,,Male,Pre-Apocalypse High School Student,,,Vincent Martella,,,,
Paul (TV Series),https://walkingdead.fandom.com/wiki/Paul_(TV_Series),https://static.wikia.nocookie.net/walkingdead/images/5/57/Season_three_paul.png/revision/latest/scale-to-width-down/268?cb=20230509004801,,,Unknown,African-American,Dead,,,,Early to Mid 40s,,Black (Graying),,3,,Brown,,Male,Post-Apocalypse Soldier for the Woodbury Army,,,E. Roger Mitchell,,,,
Paul Rovia (TV Universe),https://walkingdead.fandom.com/wiki/Paul_Rovia_(TV_Universe),https://static.wikia.nocookie.net/walkingdead/images/7/70/Season_nine_paul_rovia_%282%29.png/revision/latest/scale-to-width-down/268?cb=20181119162359,,,Mrs. Rovia † - Mother Mr. Rovia † - Father,Caucasian-American,Dead,,,,"Early 30s ("" The Next World "") Late 30s ("" Stradivarius "")",,Light Brown,,26 ( The Walking Dead ) 1 ( Fear ),Aaron - Ex-Boyfriend [ 1 ],,Jesus,Male,"Post-Apocalypse Former Recruiter, Supply Runner, Martial Arts Teacher, and Leader of the Hilltop Colony Former Soldier for the Militia",,,Tom Payne,,,,
Paul Wells (TV Series),https://walkingdead.fandom.com/wiki/Paul_Wells_(TV_Series),https://static.wikia.nocookie.net/walkingdead/images/6/62/Season_eleven_paul_wells.png/revision/latest/scale-to-width-down/267?cb=20211012005719,,,Unknown,African-American,Dead,,,,Early to Mid 30s,,Black,,4,,,,Male,Pre-Apocalypse Soldier for the U.S. Military Mercenary,,,Robert Hayes,,,,
Paula (King County),https://walkingdead.fandom.com/wiki/Paula_(King_County),https://static.wikia.nocookie.net/walkingdead/images/2/29/Paula_%28Bloodletting%29.jpg/revision/latest/scale-to-width-down/268?cb=20230423175323,,,Tom - Husband (Unnamed) - Child/Children,Caucasian-American,Unknown,,,,Early to Mid 30s,,Auburn,,,,Brown,,Female,Unknown,,,Kelley Davis,,,,
Paula (Savior),https://walkingdead.fandom.com/wiki/Paula_(Savior),https://static.wikia.nocookie.net/walkingdead/images/0/0c/Season_six_paula.png/revision/latest/scale-to-width-down/268?cb=20221026062210,,,(Unnamed) † - Late Husband (Unnamed) † - Four Daughters,Caucasian-American,Dead,,,,Mid to Late 30s,,Red,,2,Donnie † - Late Lover,,,Female,Pre-Apocalypse Secretary Post-Apocalypse Lieutenant of the Saviors,,,Alicia Witt,,,Katie Thomas (Zombified),
Paulie (TV Series),https://walkingdead.fandom.com/wiki/Paulie_(TV_Series),https://static.wikia.nocookie.net/walkingdead/images/7/79/Savior3_%28Honor%29.png/revision/latest/scale-to-width-down/268?cb=20200520221228,,,Unknown,Caucasian-American,Dead,,,,Mid 40s,,Brown,,,,,,Male,Unknown,,,Paul E. Short,,,,
Penny (TV Series),https://walkingdead.fandom.com/wiki/Penny_(TV_Series),https://static.wikia.nocookie.net/walkingdead/images/f/f9/Season_ten_penny.png/revision/latest?cb=20200309011204,,,Unknown,Caucasian-American,Dead,,,,Early to Mid 30s,,Dark Brown,,,,,,Female,Post-Apocalypse Soldier for the Coalition,,,Kristin Reyelt,,,,
Penny Blake (TV Series),https://walkingdead.fandom.com/wiki/Penny_Blake_(TV_Series),https://static.wikia.nocookie.net/walkingdead/images/a/a9/Season_three_penny_blake.png/revision/latest/scale-to-width-down/268?cb=20260310204040,,,Mrs. Blake † - Mother Philip Blake † - Father Mr. Blake - Uncle,Caucasian-American,Dead,,,,12-Nov,,Brown,,5,,Blue,,Female,Pre-Apocalypse Elementary School Student,,,Kylie Szymanski,,,Savana Wehunt (Stunt Double),
Percy (TV Series),https://walkingdead.fandom.com/wiki/Percy_(TV_Series),https://static.wikia.nocookie.net/walkingdead/images/9/95/Season_five_percy.png/revision/latest/scale-to-width-down/268?cb=20260802194852,,,Unknown,Caucasian-American,Dead,,,,Late 60s to Early 70s,,Gray (Balding),,2,,,,Male,Post-Apocalypse Dawn Lerner 's Ward at Grady Memorial Hospital,,,Marc Gowan,,,,
Pete Anderson (TV Series),https://walkingdead.fandom.com/wiki/Pete_Anderson_(TV_Series),https://static.wikia.nocookie.net/walkingdead/images/5/5f/Season_five_pete_anderson.png/revision/latest/scale-to-width-down/268?cb=20210227051958,,,Jessie Anderson † - Wife Ron Anderson † - Son Sam Anderson † - Son,Caucasian-American,Dead,,,,Late 30s,,Dirty Blond,,6,,Blue,,Male,Pre-Apocalypse Surgeon Post-Apocalypse Doctor for the Alexandria Safe Zone,,,Corey Brill,,,"Prop ("" First Time Again "")",
Pete Dolgen (TV Series),https://walkingdead.fandom.com/wiki/Pete_Dolgen_(TV_Series),https://static.wikia.nocookie.net/walkingdead/images/1/11/Season_four_pete_dolgen.png/revision/latest/scale-to-width-down/268?cb=20191119034039,,,Mitch Dolgen † - Brother,Caucasian-American,Undead,,,,Mid 30s,,Black,,,,Brown,,Male,Pre-Apocalypse Army Soldier Post-Apocalypse Supply Runner for the River Camp Former De-Facto Leader of the River Camp,,,Enver Gjokaj,,,,
Philip Blake (TV Series),https://walkingdead.fandom.com/wiki/Philip_Blake_(TV_Series),https://static.wikia.nocookie.net/walkingdead/images/7/7a/Season_four_philip_blake.png/revision/latest/scale-to-width-down/268?cb=20191119034041,,,Mrs. Blake † - Late Wife Penny Blake † - Daughter Mr. Blake - Brother,Caucasian-American,Dead,,,,Mid to Late 40s,,Brown (Graying),,19,Rowan † - Ex-Lover Andrea Harrison † - Ex-Girlfriend Lilly Chambler † - Ex-Girlfriend,Blue,The Governor Brian Heriot (fake identity) One Eye Bri (by Mitch ),Male,"Pre-Apocalypse Middle-Management Employee Post-Apocalypse Former Leader of Woodbury , the Woodbury Army , the River Camp and his own militia Former Supply Runner for the River Camp",,,David Morrissey,,,,
Phillips (TV Series),https://walkingdead.fandom.com/wiki/Phillips_(TV_Series),https://static.wikia.nocookie.net/walkingdead/images/7/72/Commonwealth2_%28Acts_of_God%29.png/revision/latest/scale-to-width-down/268?cb=20220411015603,,,Unknown,Caucasian-American,Dead,,,,Mid to Late 30s,,Brown,,3,,,,Male,Post-Apocalypse Soldier for the Commonwealth Army,,,Nathan W. Collins,,,,
Pope (TV Series),https://walkingdead.fandom.com/wiki/Pope_(TV_Series),https://static.wikia.nocookie.net/walkingdead/images/4/46/Season_eleven_pope.png/revision/latest/scale-to-width-down/268?cb=20260728170514,,,Unknown,Caucasian-American,Dead,,,,Early to Mid 50s,,"Brown (Graying, Balding)",,4,,,,Male,Pre-Apocalypse Officer in the U.S. Military Mercenary Post-Apocalypse Former Leader of the Reapers,,Tick † - Dog,Ritchie Coster,,,,
Potter (TV Series),https://walkingdead.fandom.com/wiki/Potter_(TV_Series),https://static.wikia.nocookie.net/walkingdead/images/9/9f/Season_nine_potter.png/revision/latest?cb=20181009011645,,,Unknown,African-American,Unknown,,,,Early to Mid 40s,,Black (Graying),,4,,,,Male,Post-Apocalypse Former Worker for the Saviors,,,Jon Eyez,,,,
Primo (TV Series),https://walkingdead.fandom.com/wiki/Primo_(TV_Series),https://static.wikia.nocookie.net/walkingdead/images/4/47/Season_six_primo.png/revision/latest/scale-to-width-down/268?cb=20210806045759,,,Unknown,Latino-American,Dead,,,,Late 30s to Early 40s,,Unknown (Bald),,2,,,,Male,Post-Apocalypse Medic for the Saviors,,,Jimmy Gonzales,,,,
Private Franklin (TV Series),https://walkingdead.fandom.com/wiki/Private_Franklin_(TV_Series),https://static.wikia.nocookie.net/walkingdead/images/f/f6/Franklinhelicopter.jpg/revision/latest/scale-to-width-down/268?cb=20130724194755,,,Unknown,Caucasian-American,Dead,,,,Late 20s,,Brown,,,,,,Male,Pre-Apocalypse Soldier for the U.S. Military,,,Mike Mayhall,,,,
Private Sean (TV Series),https://walkingdead.fandom.com/wiki/Private_Sean_(TV_Series),https://static.wikia.nocookie.net/walkingdead/images/9/94/SeanCrop.PNG/revision/latest?cb=20200810034852,,,Unknown,African-American,Dead,,,,Late 20s to Early 30s,,Black,,,,,,Male,Pre-Apocalypse Soldier for the U.S. Military,,,Troy Faruk,,,,
Private Wilson (TV Series),https://walkingdead.fandom.com/wiki/Private_Wilson_(TV_Series),https://static.wikia.nocookie.net/walkingdead/images/6/6b/Walk_with_me_national_guardsman_%284%29.png/revision/latest/scale-to-width-down/268?cb=20250222183055,,,Unknown,Caucasian-American,Dead,,,,Late 20s to Mid 30s,,Dark Brown,,2,,,,Male,Pre-Apocalypse Soldier for the U.S. Military,,,Matthew Austin Murray,,,,
Quan (TV Series),https://walkingdead.fandom.com/wiki/Quan_(TV_Series),https://static.wikia.nocookie.net/walkingdead/images/e/e9/Season_ten_quan.png/revision/latest?cb=20200317215645,,,Unknown,African-American,Dead,,,,"Early to Mid 20s ("" Hostiles and Calamities "") Late 20s to Early 30s ("" Stradivarius "")",,Black,,14,,,,Male,Post-Apocalypse Former Worker for the Saviors Distiller Guard for the Hilltop Colony Soldier for the Coalition,,,Quandae Stewart,,,,
Quintana (TV Series),https://walkingdead.fandom.com/wiki/Quintana_(TV_Series),https://static.wikia.nocookie.net/walkingdead/images/4/48/Season_eleven_quintana.png/revision/latest/scale-to-width-down/268?cb=20220228024622,,,Unknown,African-American,Unknown,,,,Mid to Late 30s,,Black,,,,,,Male,Post-Apocalypse Soldier for the Commonwealth Army,,,Unknown,,,,
Rachel Ward (TV Series),https://walkingdead.fandom.com/wiki/Rachel_Ward_(TV_Series),https://static.wikia.nocookie.net/walkingdead/images/9/90/Season_eleven_rachel_ward.png/revision/latest/scale-to-width-down/268?cb=20220411162844,,,Unknown,Caucasian-American,Alive,,,,"Pre-Teen ("" Swear "") Late Teens ("" The Calm Before "") Early 20s ("" The Lucky Ones "")",,Brown,,16,,,,Female,Pre-Apocalypse Student Post-Apocalypse Former Soldier for the Militia Former Fisherwoman at Oceanside Co-Leader of Oceanside and the Coalition,,,Mimi Kirkland ( S7 - S9 ) Avianna Mynhier ( S9 - S11 ),,,,
Randall Culver (TV Series),https://walkingdead.fandom.com/wiki/Randall_Culver_(TV_Series),https://static.wikia.nocookie.net/walkingdead/images/5/55/Season_two_randall_culver.png/revision/latest/scale-to-width-down/268?cb=20180901162537,,,Mrs. Culver † - Mother (Unnamed) † - Brother,Caucasian-American,Dead,,,,20,,Dark Brown,,4,,Brown,,Male,Pre-Apocalypse Former Student at Cranwall High School Possible College Student,,,Michael Zegen,,,,
Rasmus (TV Series),https://walkingdead.fandom.com/wiki/Rasmus_(TV_Series),https://static.wikia.nocookie.net/walkingdead/images/d/dc/Season_nine_rasmus.png/revision/latest/scale-to-width-down/267?cb=20190303210007,,,Unknown,Caucasian-American,Dead,,,,Mid 30s,,Brown,,3,,,,Male,Unknown,,,Ethan Patterson,,,,
Reg Monroe (TV Series),https://walkingdead.fandom.com/wiki/Reg_Monroe_(TV_Series),https://static.wikia.nocookie.net/walkingdead/images/b/b4/Season_five_reg_monroe.png/revision/latest/scale-to-width-down/268?cb=20210831234042,,,Deanna Monroe † - Wife Aiden Monroe † - Son Spencer Monroe † - Son,Caucasian-American,Dead,,,,Late 50s to Early 60s,,Gray,,5,,,,Male,Pre-Apocalypse Professor of Architecture,,,Steve Coulter,,,"Prop ("" First Time Again "")",
Regina (TV Series),https://walkingdead.fandom.com/wiki/Regina_(TV_Series),https://static.wikia.nocookie.net/walkingdead/images/a/ac/Season_nine_regina_%282%29.png/revision/latest/scale-to-width-down/268?cb=20200504012403,,,Unknown,Middle Eastern/Caucasian-American,Dead,,,,"Early 40s ("" Mercy "") Late 40s ("" Who Are You Now? "")",,Brown,,12,,,,Female,Post-Apocalypse Former Lieutenant of the Saviors Former Head of the Shephard Office Plaza,,,Traci Dinwiddie,,,,
Reilly (TV Series),https://walkingdead.fandom.com/wiki/Reilly_(TV_Series),https://static.wikia.nocookie.net/walkingdead/images/3/37/Season_eight_reilly.png/revision/latest/scale-to-width-down/268?cb=20200517035644,,,Unknown,Caucasian-American,Dead,,,,Late 20s to Early 30s,,Brown,,,,,,Male,Unknown,,,Lane Miller,,,,
Richard (TV Series),https://walkingdead.fandom.com/wiki/Richard_(TV_Series),https://static.wikia.nocookie.net/walkingdead/images/0/04/Season_seven_richard.png/revision/latest/scale-to-width-down/268?cb=20170315014517,,,(Unnamed) † - Late Wife Katy † - Daughter,Caucasian-American,Dead,,,,Mid 40s,,Dark Brown,,5,,,,Male,Post-Apocalypse Soldier for the Kingdom,,,Karl Makinen,,,,
Richard Foster (TV Series),https://walkingdead.fandom.com/wiki/Richard_Foster_(TV_Series),https://static.wikia.nocookie.net/walkingdead/images/4/40/Season_three_richard_foster.png/revision/latest?cb=20181114183438,,,Mrs. Foster † - Wife ( Unnamed ) † - Daughter,Caucasian-American,Dead,,,,Early to Mid 50s,,Gray,,6,,,,Male,Unknown,,(Unnamed) - Dog,Greg Tresan,,,,
Richards (TV Series),https://walkingdead.fandom.com/wiki/Richards_(TV_Series),https://static.wikia.nocookie.net/walkingdead/images/6/6c/Season_six_richards.png/revision/latest?cb=20150605213605,,,Unknown,Caucasian-American,Dead,,,,Late 20s to Early 30s,,Brown,,,,,,Male,Post-Apocalypse Guard for the Alexandria Safe Zone,,,Darian Fisher (Alive),,,Dalton Louis Simons (Zombified),
Richie (TV Series),https://walkingdead.fandom.com/wiki/Richie_(TV_Series),https://static.wikia.nocookie.net/walkingdead/images/8/8d/Season_nine_richie.png/revision/latest/scale-to-width-down/268?cb=20190214042900,,,Unknown,Caucasian-American,Dead,,,,Mid to Late 40s,,Brown (Graying),,,,,,Male,Unknown,,,Alex Hill,,,,
Rick Grimes (TV Universe),https://walkingdead.fandom.com/wiki/Rick_Grimes_(TV_Universe),https://static.wikia.nocookie.net/walkingdead/images/5/58/Season_one_rick_grimes_towl_%282%29.png/revision/latest/scale-to-width-down/268?cb=20240421154052,,,Mrs. Grimes - Mother Mr. Grimes † - Father Mr. Grimes † - Paternal Grandfather Lori Grimes † - Late Wife Michonne Grimes - Wife Carl Grimes † - Son R.J. Grimes - Son Judith Grimes - Adopted Daughter [ 1 ] Evie - Sister or Sister-In-Law (Unnamed) - Cousin [ 2 ],Caucasian-American,Alive,,8 ( Onslaught ),,"29 ("" Wrath "", Flashback) 38 ("" Days Gone Bye "") 39 ("" Seed "") 40 ("" 30 Days Without An Accident "") 42 ("" A New Beginning "") 45-46 ("" Rest in Peace "", Flashback) 50 ("" Years "") 51 ("" The Last Time "")",,Dark Brown (Graying),,106 ( The Walking Dead ) 2 ( Fear ) 6 ( The Ones Who Live ),Sheila - Ex-Girlfriend Jessie Anderson † - Late Girlfriend,Blue,Dumbass (by Glenn ) Officer Friendly (by himself) Helicopter Boy (by Morales ) Atlanta (by Tomas ) The Sheriff (by Merle ) Ringleader (by Gareth ) Rich (by Gregory ) Peaches (by Morales) Chief (by Oscar and Julia ) Mother Goose (by Tara ) The Brave Man (by his fa mi ly ) Commando (by Michonne ),Male,Pre-Apocalypse Former Student at King County High School Former Student at Georgia Central University Deputy for King County Sheriff's Department Post-Apocalypse Former Co-Leader of the Atlanta Camp and the Militia Former Leader of the Prison community and the Alexandria Safe Zone Former Constable for the Alexandria Safe Zone Former Consignee for the Civic Republic of Philadelphia Former Sergeant Major of the Civic Republic Military Former Co-Project Lead on the Cascadia Forward Operating Base Conversion Team,,Codger † - Dog,Andrew Lincoln,,,Keith Ferguson (Voice; Onslaught ),
Rick Grimes Jr. (TV Universe),https://walkingdead.fandom.com/wiki/Rick_Grimes_Jr._(TV_Universe),https://static.wikia.nocookie.net/walkingdead/images/2/23/Season_one_rj_grimes.png/revision/latest/scale-to-width-down/268?cb=20240401223015,,,Michonne Grimes - Mother Rick Grimes - Father Mrs. Hawthorne † - Maternal Grandmother (Unnamed) † - Paternal Great-Grandfather Mrs. Grimes - Paternal Grandmother Mr. Grimes † - Paternal Grandfather Carl Grimes † - Half Brother Andre Anthony † - Half Brother Judith Grimes - Adoptive Sister,African/Caucasian-American,Alive,,,,"5 ("" Who Are You Now? "") 6 ("" The Storm "") 7 ("" Trust "") 8 ("" Rest in Peace ""/"" The Last Time "")",,Brown,,24 ( The Walking Dead ) 2 ( The Ones Who Live ),,Brown,R.J. Little Brave Man,Male,Post-Apocalypse Former Student at the Alexandria Safe Zone Student at the Commonwealth 's Education Hall,,,Antony Azor,,,,
Riverbend,https://walkingdead.fandom.com/wiki/Riverbend,https://static.wikia.nocookie.net/walkingdead/images/5/52/11x13_Riverbend_Outside.png/revision/latest/scale-to-width-down/268?cb=20220321175326,,TV Series,,,Abandoned,,,Apartment Building,,Virginia or West Virginia,,,,,,,,,,,,""" Warlords "" to "" Trust """,,,
Roberts (TV Series),https://walkingdead.fandom.com/wiki/Roberts_(TV_Series),https://static.wikia.nocookie.net/walkingdead/images/a/af/Season_eleven_roberts.png/revision/latest/scale-to-width-down/268?cb=20221108000302,,,Mr. Roberts - Brother,African-American,Alive,,,,Late 30s to Early 40s,,Black,,,,,Trooper 197 (by the Commonwealth Army ),Male,Post-Apocalypse Soldier for the Commonwealth Army,,,Mahdi Cocci,,,,
Rodney (TV Series),https://walkingdead.fandom.com/wiki/Rodney_(TV_Series),https://static.wikia.nocookie.net/walkingdead/images/b/be/Season_nine_rodney.png/revision/latest/scale-to-width-down/268?cb=20190312185938,,,Unknown,Asian-American,Dead,,,,Mid to Late Teens,,Black,,3,,,,Male,Pre-Apocalypse Student,,,Joe Ando Hirsh,,,,
Roman (TV Series),https://walkingdead.fandom.com/wiki/Roman_(TV_Series),https://static.wikia.nocookie.net/walkingdead/images/3/34/Season_six_roman.png/revision/latest/scale-to-width-down/268?cb=20160404235530,,,Unknown,Caucasian-American,Dead,,,,Early 50s,,Gray,,2,,,,Male,Unknown,,,Stuart Greer,,,,
Roman Calhoun (TV Series),https://walkingdead.fandom.com/wiki/Roman_Calhoun_(TV_Series),https://static.wikia.nocookie.net/walkingdead/images/7/73/Season_eleven_roman_calhoun.png/revision/latest/scale-to-width-down/268?cb=20221003183442,,,Unknown,Caucasian-American,Dead,,,,Mid to Late 40s,,"Black (Graying, Balding)",,5,,,,Male,Post-Apocalypse Government Agent for the Commonwealth,,,Michael Tourek,,,,
Romano (TV Series),https://walkingdead.fandom.com/wiki/Romano_(TV_Series),https://static.wikia.nocookie.net/walkingdead/images/e/e1/Season_eleven_romano.png/revision/latest/scale-to-width-down/268?cb=20220411015705,,,Unknown,Caucasian-American,Dead,,,,Early to Mid 40s,,Unknown (Bald),,3,,,,Male,Post-Apocalypse Soldier for the Commonwealth Army,,,Matt Bushell,,,,
Ron Anderson (TV Series),https://walkingdead.fandom.com/wiki/Ron_Anderson_(TV_Series),https://static.wikia.nocookie.net/walkingdead/images/8/81/Season_six_ron_anderson.png/revision/latest/scale-to-width-down/268?cb=20210308014215,,,Jessie Anderson † - Mother Pete Anderson † - Father Sam Anderson † - Brother,Caucasian-American,Dead,,,,Mid Teens,,Light Brown,,9,Enid † - Ex-Girlfriend,,,Male,Pre-Apocalypse Student,,,Austin Abrams,,,,
Rose (TV Series),https://walkingdead.fandom.com/wiki/Rose_(TV_Series),https://static.wikia.nocookie.net/walkingdead/images/e/e0/Season_nine_rose.png/revision/latest/scale-to-width-down/267?cb=20200613014256,,,Unknown,Caucasian-American,Dead,,,,Late 20s to Early 30s,,Blonde,,,,,,Female,Unknown,,,Caroline Arapoglou,,,,
Rosie Porter (TV Series),https://walkingdead.fandom.com/wiki/Rosie_Porter_(TV_Series),https://static.wikia.nocookie.net/walkingdead/images/d/db/Season_eleven_rosie_porter.png/revision/latest/scale-to-width-down/268?cb=20221121230814,,,Maxxine Porter - Mother Eugene Porter - Father Michael Mercer - Maternal Uncle Stephanie Mercer - Maternal Grandmother,African/Caucasian-American,Alive,,,,Up to 3 months,,Black,,,,,,Female,,,,Eli Nkrumah Payton,,,,
Rosita Espinosa (TV Series),https://walkingdead.fandom.com/wiki/Rosita_Espinosa_(TV_Series),https://static.wikia.nocookie.net/walkingdead/images/7/7f/Season_eleven_rosita_espinosa.png/revision/latest/scale-to-width-down/268?cb=20221031230103,,,(Unnamed) † - Mother (Unnamed) - Brother (Unnamed) - Nephew Socorro Espinosa - Daughter,Mexican-American,Dead,,,,"Mid 20s ("" Inmates "") Early 30s ("" Who Are You Now? "") Mid 30s ("" Rest in Peace "")",,Dark Brown,,94,"Johnny - Ex-Lover Marcus - Ex-Lover "" Chaser "" - Ex-Lover Abraham Ford † - Ex-Boyfriend Spencer Monroe † - Ex-Lover Siddiq † - Ex-Lover Gabriel Stokes - Ex-Boyfriend",Brown,,Female,"Pre-Apocalypse Soldier Post-Apocalypse Former Medical Assistant at the Alexandria Safe Zone Former Soldier for the Militia , the Coalition and the Commonwealth Army",,,Christian Serratos,,,,
Ross (TV Series),https://walkingdead.fandom.com/wiki/Ross_(TV_Series),https://static.wikia.nocookie.net/walkingdead/images/4/49/Season_eleven_ross.png/revision/latest/scale-to-width-down/268?cb=20220328045757,,,Unknown,Caucasian-American,Alive,,,,Late 30s to Early 40s,,Brown,,8,,,,Male,Post-Apocalypse Soldier for the Commonwealth Army,,,Marcus Tyler Estes,,,,
Rowan (TV Series),https://walkingdead.fandom.com/wiki/Rowan_(TV_Series),https://static.wikia.nocookie.net/walkingdead/images/8/84/Rowan3x03.jpg/revision/latest/scale-to-width-down/268?cb=20130304162404,,,Unknown,Caucasian-American,Dead,,,,Mid to Late 20s,,Black,,,Philip Blake † - Ex-Lover,Blue,,Female,Unknown,,,Lindsay Abernathy,,,,
Roy (Hilltop),https://walkingdead.fandom.com/wiki/Roy_(Hilltop),https://static.wikia.nocookie.net/walkingdead/images/d/d8/Season_eleven_roy.png/revision/latest/scale-to-width-down/268?cb=20210813225030,,,(Unnamed) - Children,Caucasian-American,Dead,,,,Early to Mid 50s,,White,,6,,,,Male,Post-Apocalypse Former Guard for the Hilltop Colony Soldier for the Coalition,,,C. Thomas Howell,,,"William Michael deArmon ("" Evolution "")",
Roy (Savior),https://walkingdead.fandom.com/wiki/Roy_(Savior),https://static.wikia.nocookie.net/walkingdead/images/3/3d/Season_seven_roy.png/revision/latest/scale-to-width-down/268?cb=20170327033318,,,Unknown,Caucasian-American,Dead,,,,Early 30s,,Brown,,3,,,,Male,Unknown,,,Brian Stapf,,,,
Rudy (TV Series),https://walkingdead.fandom.com/wiki/Rudy_(TV_Series),https://static.wikia.nocookie.net/walkingdead/images/a/ac/Season_eight_rudy.png/revision/latest?cb=20171116012355,,,Unknown,Caucasian-American,Dead,,,,Mid 50s,,Brown (Graying),,,,,,Male,Unknown,,,Keith Hudson,,,,
Rufus (TV Series),https://walkingdead.fandom.com/wiki/Rufus_(TV_Series),https://static.wikia.nocookie.net/walkingdead/images/4/46/Season_ten_rufus.png/revision/latest/scale-to-width-down/268?cb=20200323151916,,,Unknown,Caucasian-American,Dead,,,,Late 50s,,Gray,,,,,,Male,Unknown,,,Mark Sivertsen,,,,
Russ (TV Series),https://walkingdead.fandom.com/wiki/Russ_(TV_Series),https://static.wikia.nocookie.net/walkingdead/images/0/0b/RussSeason8Crop.png/revision/latest/scale-to-width-down/268?cb=20260129231932,,,Unknown,Caucasian-American,Dead,,,,Early to Mid 40s,,Blond (Graying),,8,,,,Male,Post-Apocalypse Former Soldier for the Militia Guard for the Alexandria Safe Zone,,,Thomas Downing,,,,
Ryan Samuels (TV Series),https://walkingdead.fandom.com/wiki/Ryan_Samuels_(TV_Series),https://static.wikia.nocookie.net/walkingdead/images/7/7c/Season_four_ryan_samuels.png/revision/latest/scale-to-width-down/268?cb=20210313145926,,,Mrs. Samuels † - Late Wife Lizzie Samuels † - Daughter Mika Samuels † - Daughter,Caucasian-American,Dead,,,,Late 30s to Early 40s,,Brown,,2,,,,Male,Unknown,,,Victor McCay,,,,
Sally (TV Series),https://walkingdead.fandom.com/wiki/Sally_(TV_Series),https://static.wikia.nocookie.net/walkingdead/images/d/d5/Season_eleven_sally.png/revision/latest/scale-to-width-down/268?cb=20220228024947,,,(Unnamed) - Children,African-American,Unknown,,,,Mid to Late 40s,,Black,,,,,,Female,Post-Apocalypse Server at the Commonwealth,,,Sharon Conley,,,,
Sam (TV Series),https://walkingdead.fandom.com/wiki/Sam_(TV_Series),https://static.wikia.nocookie.net/walkingdead/images/7/75/Season_five_sam.png/revision/latest/scale-to-width-down/268?cb=20210728023435,,,Unknown,Caucasian-American,Undead,,,,Early to Mid 20s,,Blond,,2,Ana † - Late Girlfriend,,,Male,Unknown,,,Robin Lord Taylor,,,,
Sam Anderson (TV Series),https://walkingdead.fandom.com/wiki/Sam_Anderson_(TV_Series),https://static.wikia.nocookie.net/walkingdead/images/3/3a/Season_six_sam_anderson.png/revision/latest/scale-to-width-down/267?cb=20210308013818,,,Jessie Anderson † - Mother Pete Anderson † - Father Ron Anderson † - Brother,Caucasian-American,Dead,,,,12-Oct,,Dirty Blond,,10,,,,Male,Pre-Apocalypse Assumed Elementary School Student,,,Major Dodson,,,,
Samantha (TV Series),https://walkingdead.fandom.com/wiki/Samantha_(TV_Series),https://static.wikia.nocookie.net/walkingdead/images/e/ef/Extra10_%28JSS%29.png/revision/latest?cb=20151102215339,,,Unknown,Caucasian-American,Dead,,,,Mid 20s,,Blonde,,2,,,,Female,Unknown,,,Sierra Laird,,,,
Sanborn (TV Series),https://walkingdead.fandom.com/wiki/Sanborn_(TV_Series),https://static.wikia.nocookie.net/walkingdead/images/d/dd/Season_eleven_sanborn.png/revision/latest/scale-to-width-down/268?cb=20221209205153,,,Unknown,Caucasian-American,Dead,,,,Late 30s to Early 40s,,Brown,,2,,,,Male,Post-Apocalypse Soldier for the Commonwealth Army,,,Phil Armijo,,,,
Sasha Williams (TV Series),https://walkingdead.fandom.com/wiki/Sasha_Williams_(TV_Series),https://static.wikia.nocookie.net/walkingdead/images/1/1c/Season_seven_sasha_williams.png/revision/latest/scale-to-width-down/268?cb=20170313234127,,,Mr. Williams - Father Tyreese Williams † - Brother,African-American,Dead,,,,Early 30s,,Dark Brown,,48,Bob Stookey † - Late Boyfriend Abraham Ford † - Late Boyfriend,,,Female,Pre-Apocalypse Firefighter Post-Apocalypse Former Guard for Woodbury Former Member of the Prison Council Former Supply Runner for the Prison Former Guard and Marksman for the Alexandria Safe Zone Former Gardener for the Hilltop Colony,,,Sonequa Martin-Green,,,,
Scott (TV Series),https://walkingdead.fandom.com/wiki/Scott_(TV_Series),https://static.wikia.nocookie.net/walkingdead/images/6/63/Season_ten_scott.png/revision/latest/scale-to-width-down/268?cb=20230723112229,,,Marcus - Adopted Son,African-American,Unknown,,,,"Early 30s ("" First Time Again "") Late 30s to Early 40s ("" Scars "")",,Black,,27,,,,Male,Post-Apocalypse Former Supply Runner for the Alexandria Safe Zone Former Soldier for the Militia Former Prison Guard for the Alexandria Safe Zone Soldier for the Coalition,,,Kenric Green,,,,
Sean (The Living),https://walkingdead.fandom.com/wiki/Sean_(The_Living),https://static.wikia.nocookie.net/walkingdead/images/9/94/Season_two_sean.png/revision/latest?cb=20220804043002,,,Unknown,African-American,Dead,,,,Late 20s,,Black,,,,Brown,,Male,Unknown,,,Keedar Whittle,,,,
Sean (Whisperer),https://walkingdead.fandom.com/wiki/Sean_(Whisperer),https://static.wikia.nocookie.net/walkingdead/images/5/5a/Season_nine_sean.png/revision/latest/scale-to-width-down/268?cb=20190731145442,,,Unknown,Caucasian-American,Dead,,,,Early 30s,,Brown,,,Helen † - Late Girlfriend,,,Male,Unknown,,,Benjamin Keepers,,,,
Sebastian Milton (TV Series),https://walkingdead.fandom.com/wiki/Sebastian_Milton_(TV_Series),https://static.wikia.nocookie.net/walkingdead/images/d/d1/Season_eleven_sebastian_milton.png/revision/latest/scale-to-width-down/268?cb=20221003182238,,,Pamela Milton - Mother (Unnamed) † - Brother William Milton † - Grandfather Mr. Milton - Great-Uncle,Caucasian-American,Dead,,,,Early to Mid 20s,,Brown,,8,Kayla Brand - Girlfriend,,Champ (by Negan ) Junior (by Negan),Male,Pre-Apocalypse Student,,,Teo Rapp-Olsson,,,,
Shane Walsh (TV Universe),https://walkingdead.fandom.com/wiki/Shane_Walsh_(TV_Universe),https://static.wikia.nocookie.net/walkingdead/images/a/a8/Season-two_shane_walsh.png/revision/latest/scale-to-width-down/268?cb=20221017051657,,,Jean † - Grandmother Judith Grimes - Daughter [ 1 ],Caucasian-American,Dead,,7,,38,,Black,,21,Mrs. Kelly - Ex-Lover Maryanne - Ex-Lover Holly - Ex-Lover Patricia Taylor † - Ex-Girlfriend Lori Grimes † - Ex-Girlfriend Andrea Harrison † - Ex-Lover,Brown,,Male,Pre-Apocalypse High School Football Player Gun Instructor Deputy for King County Sheriff's Department Post-Apocalypse Former Co-Leader of the Atlanta Camp Head of Gun Training,,,Jon Bernthal,,,,
Shawn Greene (TV Series),https://walkingdead.fandom.com/wiki/Shawn_Greene_(TV_Series),https://static.wikia.nocookie.net/walkingdead/images/c/ca/Season_two_shawn_greene.png/revision/latest/scale-to-width-down/267?cb=20130727230849,,,Annette Greene † - Mother Hershel Greene † - Stepfather Beth Greene † - Half Sister Maggie Rhee - Stepsister Arnold Greene † - Stepcousin Hershel Rhee - Stepnephew Glenn Rhee † - Stepbrother-In-Law,Caucasian-American,Dead,,,,Early 20s,,Brown,,2,,Brown,,Male,Pre-Apocalypse Assumed High School or College Student Farmhand on the Greene Family Farm,,,Travis Charpentier,,,,
Shelly Neudermeyer (TV Series),https://walkingdead.fandom.com/wiki/Shelly_Neudermeyer_(TV_Series),https://static.wikia.nocookie.net/walkingdead/images/2/20/Season_six_shelly_neudermeyer.png/revision/latest/scale-to-width-down/268?cb=20200102171855,,,(Unnamed) - Spouse,Caucasian-American,Dead,,,,Mid 40s,,Auburn,,2,,,Shel (by Carol ),Female,Unknown,,,Susie Spear Purcell,,,,
Sherry (TV Universe),https://walkingdead.fandom.com/wiki/Sherry_(TV_Universe),https://static.wikia.nocookie.net/walkingdead/images/d/de/Season_eight_sherry.png/revision/latest/scale-to-width-down/268?cb=20230605231039,,,Tina † - Sister Dwight - Husband Finch † - Son (Unnamed) † - Grandfather-in-law,Caucasian-American,Alive,,,,"Late 20s to Early 30s ("" Always Accountable "") Late 30s to Early 40s ("" Blue Jay "")",,Brown,,4 ( The Walking Dead ) 26 ( Fear ),"Negan Smith - Ex-""Husband""",,Honey (by Dwight ) Starling (in PADRE ),Female,Pre-Apocalypse Babysitter Post-Apocalypse Former Worker for the Saviors Former Leader of The Outcasts Former Co-Leader of the North Texas Alliance Former Nursery Worker for PADRE Co-Leader of MADRE and the Sanctuary,,,Christine Evangelista,,,,
Shira (TV Series),https://walkingdead.fandom.com/wiki/Shira_(TV_Series),https://static.wikia.nocookie.net/walkingdead/images/7/7f/Season_eleven_shira.png/revision/latest/scale-to-width-down/268?cb=20221010165615,,,Unknown,Asian/Caucasian-American,Unknown,,,,Late 20s,,Dark Brown,,7,Eugene Porter - Ex-Boyfriend,,Stephanie Vega (fake identity),Female,Pre-Apocalypse Student Post-Apocalypse Government Agent for the Commonwealth,,,Chelle Ramos,,,,
Shiva (TV Series),https://walkingdead.fandom.com/wiki/Shiva_(TV_Series),https://static.wikia.nocookie.net/walkingdead/images/e/ed/Season_eight_shiva.png/revision/latest?cb=20220918230120,,,Ezekiel Sutton - Owner,Bengal Tiger,Dead,,,,Unknown,,Orange and white with black stripes,,10,,Yellow/Amber,,Female,Pre-Apocalypse Zoo Exhibit,,,None (Computer Generated/Prop) Randy Carnival (Motion Capture) Scott Hunter (Motion Capture),,,,
Shumpert (TV Series),https://walkingdead.fandom.com/wiki/Shumpert_(TV_Series),https://static.wikia.nocookie.net/walkingdead/images/8/8f/Season_three_shumpert.png/revision/latest/scale-to-width-down/268?cb=20240702023949,,,Unknown,African-American,Dead,,,,Mid to Late 30s,,Black,,11,,Brown,Bowman,Male,Post-Apocalypse Former Guard for Woodbury Former Soldier for the Woodbury Army,,,Travis Love,,,,
Siddiq (TV Series),https://walkingdead.fandom.com/wiki/Siddiq_(TV_Series),https://static.wikia.nocookie.net/walkingdead/images/1/11/Season_ten_siddiq.png/revision/latest/scale-to-width-down/268?cb=20200811014444,,,(Unnamed) † - Mother (Unnamed) † - Father (Unnamed) - Aunt Socorro Espinosa - Daughter,Arab-American,Dead,,,,"Late 20s to Early 30s ("" Mercy "") Mid to Late 30s ("" Who Are You Now? "")",,Dark Brown (Graying),,28,Rosita Espinosa † - Ex-Lover,,Dr. Baby Daddy (by Negan ),Male,Pre-Apocalypse Resident Doctor Post-Apocalypse Former Medic for the Militia Doctor for the Alexandria Safe Zone Member of the Alexandria Council,,,Avi Nash,,,,
Simon (TV Universe),https://walkingdead.fandom.com/wiki/Simon_(TV_Universe),https://static.wikia.nocookie.net/walkingdead/images/6/65/Season_eight_simon.png/revision/latest/scale-to-width-down/268?cb=20180312190602,,,Unknown,Caucasian-American,Dead,,,,Mid to Late 40s,,"Black (Graying, Balding)",,15 ( The Walking Dead ) 1 ( Dead City ),,Brown,,Male,Pre-Apocalypse Mortgage Broker [ 1 ] Post-Apocalypse Former Head of the Satellite Outpost Former Second-in-Command and De-Facto Leader of the Saviors,,,Steven Ogg,,,,
Snyder (TV Series),https://walkingdead.fandom.com/wiki/Snyder_(TV_Series),https://static.wikia.nocookie.net/walkingdead/images/f/f8/Season_three_snyder.png/revision/latest/scale-to-width-down/268?cb=20250222183112,,,Unknown,African-American,Dead,,,,Early 30s,,Black,,,,,,Male,Pre-Apocalypse Soldier for the U.S. Military,,,Dwayne Boyd,,,,
Socorro Espinosa (TV Series),https://walkingdead.fandom.com/wiki/Socorro_Espinosa_(TV_Series),https://static.wikia.nocookie.net/walkingdead/images/c/c2/Season_eleven_socorro_espinosa.png/revision/latest/scale-to-width-down/268?cb=20221124050648,,,Rosita Espinosa † - Mother Siddiq † - Father Gabriel Stokes - Adoptive Father Mrs. Espinosa † - Maternal Grandmother (Unnamed) - Maternal Uncle (Unnamed) - Cousin,Mexican/Arab-American,Alive,,,,"3 months ("" Lines We Cross "") 11 months ("" A New Deal "") 2 ("" Rest in Peace "")",,Brown,,12,,,Coco,Female,,,,Eleni and Elijah Carrillo [ 1 ] ( S10 ) Unknown ( S11 ),,,"Liza Hoo ("" Rest in Peace "")",
Sophia Peletier (TV Series),https://walkingdead.fandom.com/wiki/Sophia_Peletier_(TV_Series),https://static.wikia.nocookie.net/walkingdead/images/c/c9/SophiaTVface.jpg/revision/latest?cb=20120818215733,,,Carol Peletier - Mother Ed Peletier † - Father,French-American,Dead,,,,12,,Strawberry Blonde,,9 ( The Walking Dead ) 4 ( Daryl Dixon ),,Brown,,Female,Pre-Apocalypse Middle School Student (Assumed),,,Madison Lintz,,,"Sandra Brunelle [ 1 ] ("" La Gentillesse Des Étrangers "") Romane Vialle ("" Au Revoir Les Enfants "")",
Sorensen (TV Series),https://walkingdead.fandom.com/wiki/Sorensen_(TV_Series),https://static.wikia.nocookie.net/walkingdead/images/5/51/Soldier2_%28Promises_Broken%29.png/revision/latest/scale-to-width-down/268?cb=20211012165354,,,Unknown,Caucasian-American,Dead,,,,Early to Mid 50s,,Brown (Graying),,7,,,,Male,Post-Apocalypse Soldier for the Commonwealth Army,,,John Prozny,,,,
Spencer Monroe (TV Series),https://walkingdead.fandom.com/wiki/Spencer_Monroe_(TV_Series),https://static.wikia.nocookie.net/walkingdead/images/e/ef/Season_seven_spencer_monroe.png/revision/latest/scale-to-width-down/268?cb=20210909155426,,,Deanna Monroe † - Mother Reg Monroe † - Father Aiden Monroe † - Brother,Caucasian-American,Dead,,,,Early to Mid 30s,,Brown,,16,Rosita Espinosa † - Lover,,,Male,Post-Apocalypse Former Lookout for the Alexandria Safe Zone,,,Austin Nichols,,,,
St. Sarah's Church (TV Series),https://walkingdead.fandom.com/wiki/St._Sarah%27s_Church_(TV_Series),https://static.wikia.nocookie.net/walkingdead/images/8/8b/Stsarah.jpg/revision/latest/scale-to-width-down/268?cb=20141020210849,,,,,Abandoned,,,Church,,Georgia,,,,,,,,,,,,,,,
Stacy (TV Series),https://walkingdead.fandom.com/wiki/Stacy_(TV_Series),https://static.wikia.nocookie.net/walkingdead/images/4/4f/Extra2_%28Forget%29.png/revision/latest?cb=20200407142755,,,Unknown,Caucasian-American,Dead,,,,Late 30s to Early 40s,,Brown,,6,,,,Female,Unknown,,,Stacy Payne,,,,
Stephanie (TV Series),https://walkingdead.fandom.com/wiki/Stephanie_(TV_Series),https://static.wikia.nocookie.net/walkingdead/images/1/1e/Extra4_%28Knots_Untie%29.png/revision/latest/scale-to-width-down/268?cb=20160321200112,,,Unknown,Caucasian-American,Dead,,,,Early 20s,,Brown,,2,,,,Female,Unknown,,,Stephanie Rae,,,,
Steven Edwards (TV Series),https://walkingdead.fandom.com/wiki/Steven_Edwards_(TV_Series),https://static.wikia.nocookie.net/walkingdead/images/d/d9/Season_five_steven_edwards.png/revision/latest/scale-to-width-down/268?cb=20210525132338,,,Unknown,Caucasian-American,Dead,,,,Early 40s,,Light Brown,,3,,,,Male,Pre-Apocalypse Internal Medicine Doctor Post-Apocalypse Internal Medicine Doctor for the Grady Memorial Hospital,,,Erik Jensen,,,,
Sturgess (TV Series),https://walkingdead.fandom.com/wiki/Sturgess_(TV_Series),https://static.wikia.nocookie.net/walkingdead/images/0/02/Season_six_sturgess.png/revision/latest?cb=20210310024243,,,Unknown,Caucasian-American,Dead,,,,Early to Mid 20s,,Brown,,2,,,,Male,Post-Apocalypse Gardener for the Alexandria Safe Zone,,,Jonathan Kleitman,,,,
Summer (TV Series),https://walkingdead.fandom.com/wiki/Summer_(TV_Series),https://static.wikia.nocookie.net/walkingdead/images/0/06/Season_one_summer.png/revision/latest/scale-to-width-down/268?cb=20230423191953,,,Unknown,Caucasian-American,Dead,,,,10-Jul,,Blonde,,,,,,Female,Pre-Apocalypse Elementary School Student (Assumed),,,Addy Miller,,,,
Tabitha (TV Series),https://walkingdead.fandom.com/wiki/Tabitha_(TV_Series),https://static.wikia.nocookie.net/walkingdead/images/9/9e/Tabitha.png/revision/latest?cb=20170411205345,,,Eastman † - Owner,Capra aegagrus hircus,Dead,,,,Unknown,,Beige,,,,,,Female,,,,Ruby Eli,,,,
Tamiel (TV Series),https://walkingdead.fandom.com/wiki/Tamiel_(TV_Series),https://static.wikia.nocookie.net/walkingdead/images/8/82/Season_eight_tamiel.png/revision/latest/scale-to-width-down/268?cb=20210328195446,,,Unknown,Caucasian-American,Dead,,,,Mid to Late 40s,,Dirty Blonde,,9,,,,Female,Post-Apocalypse Lieutenant of the Scavengers,,,Sabrina Gennarino,,,,
Tammy Rose Sutton (TV Series),https://walkingdead.fandom.com/wiki/Tammy_Rose_Sutton_(TV_Series),https://static.wikia.nocookie.net/walkingdead/images/3/37/Season_nine_tammy_rose_sutton_%282%29.png/revision/latest/scale-to-width-down/268?cb=20190304195610,,,Earl Sutton † - Husband Kenneth Sutton † - Son Adam Sutton - Adopted Son,Caucasian-American,Dead,,,,"Late 50s to Early 60s ("" A New Beginning "") Mid to Late 60s ("" Adaptation "")",,Blonde (Graying),,6,,,,Female,Post-Apocalypse Head Gardener for the Hilltop Colony,,,Brett Butler,,,,
Tanaka (TV Series),https://walkingdead.fandom.com/wiki/Tanaka_(TV_Series),https://static.wikia.nocookie.net/walkingdead/images/d/de/Season_five_officer_tanaka.png/revision/latest/scale-to-width-down/268?cb=20250711232541,,,Unknown,Japanese-American,Dead,,,,Early 30s,,Black,,3,,,,Male,Pre-Apocalypse Police Officer,,,Jarod Thompson,,,,
Tanya (TV Series),https://walkingdead.fandom.com/wiki/Tanya_(TV_Series),https://static.wikia.nocookie.net/walkingdead/images/f/ff/Season_nine_tanya.png/revision/latest/scale-to-width-down/268?cb=20220221223505,,,Unknown,Caucasian-American,Unknown,,,,Late 20s,,Dark Brown,,6,"Negan Smith - Ex-""Husband""",,,Female,Pre-Apocalypse Chef Post-Apocalypse Former Gardener for the Sanctuary,,,Chloé Aktas,,,,
Tara Chambler (TV Series),https://walkingdead.fandom.com/wiki/Tara_Chambler_(TV_Series),https://static.wikia.nocookie.net/walkingdead/images/6/63/Season_nine_tara_chambler_%282%29.png/revision/latest/scale-to-width-down/268?cb=20190318154153,,,David Chambler † - Father Lilly Chambler † - Sister Meghan Chambler † - Niece (Unnamed) - Ex-Brother-In-Law,Caucasian-American,Dead,,,,"Mid to Late 20s ("" Live Bait "") Early to Mid 30s ("" Stradivarius "")",,Dark Brown,,57,Sam - Ex-Girlfriend Alisha † - Late Girlfriend Denise Cloyd † - Late Girlfriend,,,Female,Pre-Apocalypse Police Academy Student Post-Apocalypse Former Soldier for the Governor's Militia and the Militia Former Supply Runner for the Alexandria Safe Zone Former De-Facto Leader of the Hilltop Colony Former Co-Leader of the Coalition,,,Alanna Masterson,,,,
Teresa (TV Series),https://walkingdead.fandom.com/wiki/Teresa_(TV_Series),https://static.wikia.nocookie.net/walkingdead/images/a/a1/Season_eleven_teresa.png/revision/latest/scale-to-width-down/268?cb=20211013215117,,,Unknown,Caucasian-American,Dead,,,,Mid to Late Teens,,Brown,,,,,,Female,Pre-Apocalypse Student,,,Unknown,,,,
Terminus (TV Series),https://walkingdead.fandom.com/wiki/Terminus_(TV_Series),https://static.wikia.nocookie.net/walkingdead/images/0/09/Terminus_3.png/revision/latest/scale-to-width-down/268?cb=20190713005330,,,,,"Abandoned, Overrun by the undead, and partially destroyed",,,Pre-Apocalypse Terminal Train Station Post-Apocalypse Settlement Slaughterhouse,,Georgia,,,,,,,,,,,,,,,
Terry (TV Series),https://walkingdead.fandom.com/wiki/Terry_(TV_Series),https://static.wikia.nocookie.net/walkingdead/images/d/db/Season_four_terry.png/revision/latest/scale-to-width-down/268?cb=20140210130554,,,Unknown,African-American,Dead,,,,Early 30s,,Black,,8,,Brown,,Male,Unknown,,,Brandon Fobbs,,,Theshay West (Zombified),
The Claimers,https://walkingdead.fandom.com/wiki/The_Claimers,https://static.wikia.nocookie.net/walkingdead/images/7/7b/Daryl_and_Joe%27s_group.png/revision/latest/scale-to-width-down/268?cb=20241111013331,Rick's Group,,,,Inactive,Georgia,,Bandits/Marauders/Hunter-Gatherers,,,,Joe,,,,,,,,,,,,,None
The Commonwealth (TV Universe),https://walkingdead.fandom.com/wiki/The_Commonwealth_(TV_Universe),https://static.wikia.nocookie.net/walkingdead/images/c/c4/Commonwealth_Flag.jpg/revision/latest/scale-to-width-down/268?cb=20240408014659,,,,,Active,,,Civilization,,Ohio [ 1 ],,,,,,,,,,,,,,,
The Highwaymen,https://walkingdead.fandom.com/wiki/The_Highwaymen,https://static.wikia.nocookie.net/walkingdead/images/4/46/Highwaymen_Ozzy_913.jpg/revision/latest/scale-to-width-down/268?cb=20190312184444,The Whisperers,TV Series,,,Inactive,Alexandria Safe Zone Purification Plant (Formerly),,Road Guards Bandits/Extortionists (Formerly),,,,Ozzy (Formerly),,,,,,,,,,""" Chokepoint "" to "" Stalker """,The Coalition,,None
The Kingdom (TV Series),https://walkingdead.fandom.com/wiki/The_Kingdom_(TV_Series),https://static.wikia.nocookie.net/walkingdead/images/5/5a/The_Kingdom_%28TV_Series%29.png/revision/latest/scale-to-width-down/268?cb=20160722204139,,TV Series,,,"Abandoned, partially destroyed and in ruins.",,,Pre-Apocalypse Military Base Post-Apocalypse Settlement,,Virginia,,,,,,,,,,,,""" The Well "" to "" The Storm """,,,
The Living (TV Series),https://walkingdead.fandom.com/wiki/The_Living_(TV_Series),https://static.wikia.nocookie.net/walkingdead/images/1/1e/TonyAndDaveEntersTheBar.png/revision/latest/scale-to-width-down/268?cb=20241111005505,Rick's Group (Formerly),TV Series,,,Unknown,"Gainsville, Georgia",,Gang/Bandits,,,,Nate Miller,,,,,,,,,,""" Nebraska "" to "" Better Angels """,,,None
The Nomads,https://walkingdead.fandom.com/wiki/The_Nomads,https://static.wikia.nocookie.net/walkingdead/images/6/68/Caravan_%28What_We_Become%29.png/revision/latest/scale-to-width-down/268?cb=20200720101915,,,,,Unknown,Transitory,,Survivors,,,,Elle,,,,,,,,,,,,,
The Reapers,https://walkingdead.fandom.com/wiki/The_Reapers,https://static.wikia.nocookie.net/walkingdead/images/e/e2/11x04_Initiation_in_Fire.jpg/revision/latest/scale-to-width-down/267?cb=20210913214818,The Coalition The Wardens,TV Series,,,Inactive,Meridian Unknown camp (Formerly),,Pre-Apocalypse Military Unit/Mercenaries Post Apocalypse Raiders/Hunters/Bandits/Cult,,,,Former: Leah Shaw Brandon Carver (Second-in-Command) Pope,,,,,,,,,,""" Home Sweet Home "" to "" No Other Way """,,,None
The Saviors (TV Universe),https://walkingdead.fandom.com/wiki/The_Saviors_(TV_Universe),https://static.wikia.nocookie.net/walkingdead/images/6/65/AMC_716_Saviors.png/revision/latest/scale-to-width-down/268?cb=20190821115122,Former: The Militia The Scavengers River People The Savages,,,,Disbanded,Former: The Sanctuary Satellite Outpost Slaughterhouse Outpost (Meet-Up Point) Chemical Plant Outpost Shephard Office Plaza Bullet Factory Outpost Paze Industrial Research (Lookout Station) Savior Compound,,Formerly Raiders Extortionists Cult Community Network,,,,Former: Jed Carol Peletier Daryl Dixon Negan Smith Simon (Temporary),,,,,,,,,,,,,None
The Scavengers (TV Series),https://walkingdead.fandom.com/wiki/The_Scavengers_(TV_Series),https://static.wikia.nocookie.net/walkingdead/images/8/83/AMC_710_group.png/revision/latest/scale-to-width-down/268?cb=20170220134724,The Saviors The Militia,,,,Inactive,The Heaps,,Gang/Bandits/Scavengers,,,,Anne (Formerly),,,,The Heapsters Garbage People,,,,,,,,,Civic Republic Military
The Wardens,https://walkingdead.fandom.com/wiki/The_Wardens,https://static.wikia.nocookie.net/walkingdead/images/5/54/11x01_Reunited_Wardens.jpg/revision/latest/scale-to-width-down/267?cb=20210823142606,Commonwealth Army (Formerly) The Reapers (Formerly),TV Series,,,Disbanded,Virginia Hilltop Colony (Formerly) Alexandria Safe Zone (Formerly) Meridian (Formerly),,Survivors,,,,Maggie Rhee,,,,,,,,,,""" A Certain Doom "" to "" Rest in Peace """,The Coalition,,Unknown
The Whisperers (TV Universe),https://walkingdead.fandom.com/wiki/The_Whisperers_(TV_Universe),https://static.wikia.nocookie.net/walkingdead/images/d/dc/The-walking-dead-episode-910-alpha-morton-post-2560x1440-1280x720.jpg/revision/latest/scale-to-width-down/267?cb=20190224113211,Former: The Coalition,,,,Unknown,Multiple herds Former: Hilltop Colony Whisperers' Camp,,Survivors Formerly: Primitivists/Cult,,,,Keith Former: Beta (De-Facto) Alpha Hera,,,,Skins (by other survivors) Skin-jobs (by other survivors),,,,,,,,,None
The Wolves,https://walkingdead.fandom.com/wiki/The_Wolves,https://static.wikia.nocookie.net/walkingdead/images/6/6a/Morgan_surrounded.png/revision/latest/scale-to-width-down/268?cb=20190714203248,Rick's Group,TV Series,,,Inactive,Del Arno Foods,,Scavengers/Hunters/Raiders/ Cult/Bandits,,,,Owen Nick (Second-in-Command),,,,,,,,,,""" Conquer "" to "" Thank You """,,,None
Theo (TV Series),https://walkingdead.fandom.com/wiki/Theo_(TV_Series),https://static.wikia.nocookie.net/walkingdead/images/a/af/Season_eleven_theo.png/revision/latest/scale-to-width-down/267?cb=20220314033756,,,Unknown,Latino/African-American,Alive,,,,Early to Mid 30s,,Black,,2,,,,Male,Post-Apocalypse Nurse at the Commonwealth Hospital,,,Nicholas Velez,,,,
Theodore Douglas (TV Series),https://walkingdead.fandom.com/wiki/Theodore_Douglas_(TV_Series),https://static.wikia.nocookie.net/walkingdead/images/b/b1/Season_three_theodore_douglas.png/revision/latest/scale-to-width-down/268?cb=20140803201735,,,Unknown,African-American,Dead,,,,Mid 30s,,Black (Bald),,22,,Brown,T-Dog T,Male,Pre-Apocalypse Former College Football Player Church Van Driver Post-Apocalypse Former Supply Runner for the Atlanta Camp,,,IronE Singleton,,,,
Theresa (Kingdom),https://walkingdead.fandom.com/wiki/Theresa_(Kingdom),https://static.wikia.nocookie.net/walkingdead/images/0/01/Season_eleven_theresa.png/revision/latest/scale-to-width-down/268?cb=20221031231419,,,Unknown,Asian-American,Alive,,,,"Late 40s to Early 50s ("" The Well "") Mid to Late 50s ("" Bounty "") Late 50s to Early 60s ("" Rest in Peace "")",,Black,,21,,,,Female,Unknown,,,Terri Joe Kennedy,,,,
Theresa (TV Series),https://walkingdead.fandom.com/wiki/Theresa_(TV_Series),https://static.wikia.nocookie.net/walkingdead/images/1/1c/TheresaFixed.PNG/revision/latest/scale-to-width-down/268?cb=20141030050658,,,Unknown,Caucasian-American,Dead,,,,Early 30s,,Black,,3,,,,Female,Unknown,,,April Billingsley,,,,
Thomas (TV Series),https://walkingdead.fandom.com/wiki/Thomas_(TV_Series),https://static.wikia.nocookie.net/walkingdead/images/1/1f/Season_eleven_thomas.png/revision/latest?cb=20220228024630,,,Unknown,Caucasian-American,Unknown,,,,Early 30s,,Blond,,,,,,Male,Post-Apocalypse Soldier for the Commonwealth Army,,,Marcus Stevens,,,,
Tim (TV Series),https://walkingdead.fandom.com/wiki/Tim_(TV_Series),https://static.wikia.nocookie.net/walkingdead/images/3/3b/Season_three_tim_%282%29.png/revision/latest/scale-to-width-down/268?cb=20250626193457,,,Unknown,Asian-American,Dead,,,,Early to Mid 20s,,Black,,3,,Brown,,Male,Post-Apocalypse Guard for Woodbury Soldier for the Woodbury Army,,,Lawrence Kao,,,,
Timmy (TV Series),https://walkingdead.fandom.com/wiki/Timmy_(TV_Series),https://static.wikia.nocookie.net/walkingdead/images/5/5b/Savior1_%28No_Way_Out%29.png/revision/latest/scale-to-width-down/268?cb=20160218233620,,,Unknown,Caucasian-American,Dead,,,,Late 40s to Early 50s,,Black (Shaved),,2,,,T Little Timmy (by Negan ),Male,Unknown,,,Brian Lancaster,,,,
Tina (TV Series),https://walkingdead.fandom.com/wiki/Tina_(TV_Series),https://static.wikia.nocookie.net/walkingdead/images/8/87/Season_six_tina.png/revision/latest/scale-to-width-down/268?cb=20190723213041,,,Sherry - Sister Dwight - Brother-In-Law Finch † - Nephew,Caucasian-American,Dead,,,,Early 20s,,Strawberry Blonde,,,,,,Female,Pre-Apocalypse Babysitter Post-Apocalypse Former Worker for the Saviors,,,Liz E. Morgan,,,,
Tobin (TV Series),https://walkingdead.fandom.com/wiki/Tobin_(TV_Series),https://static.wikia.nocookie.net/walkingdead/images/4/46/Season_eight_tobin.png/revision/latest/scale-to-width-down/268?cb=20180329231647,,,(Unnamed) - Relatives,Caucasian-American,Dead,,,,Early to Mid 40s,,"Brown (Graying, Balding)",,27,Carol Peletier - Ex-Girlfriend,,,Male,Pre-Apocalypse Laborer Post-Apocalypse Former Construction Foreman for the Alexandria Safe Zone Former Lookout for the Alexandria Safe Zone Soldier for the Militia,,,Jason Douglas,,,,
Toby Carlson (TV Series),https://walkingdead.fandom.com/wiki/Toby_Carlson_(TV_Series),https://static.wikia.nocookie.net/walkingdead/images/9/9c/Season_eleven_toby_carlson.png/revision/latest/scale-to-width-down/268?cb=20220321165525,,,Unknown,Caucasian-American,Dead,,,,Mid to Late 40s,,Dark Brown (Graying),,3,,,,Male,Pre-Apocalypse CIA Agent Post-Apocalypse Head Recruiter for the Commonwealth,,,Jason Butler Harner,,,,
Todd (TV Series),https://walkingdead.fandom.com/wiki/Todd_(TV_Series),https://static.wikia.nocookie.net/walkingdead/images/a/aa/Season_eight_todd.png/revision/latest?cb=20190111075029,,,Unknown,Caucasian-American,Dead,,,,Mid 20s,,Brown,,2,,,,Male,Post-Apocalypse Worker for the Saviors,,,Lee Norris,,,,
Tom (TV Series),https://walkingdead.fandom.com/wiki/Tom_(TV_Series),https://static.wikia.nocookie.net/walkingdead/images/b/b0/Season_eleven_tom.png/revision/latest/scale-to-width-down/268?cb=20210830014727,,,Jesse - Sister,African-American,Unknown,,,,12-Oct,,Black,,,,,,Male,Pre-Apocalypse Student,,,Unknown,,,,
Tomas (TV Series),https://walkingdead.fandom.com/wiki/Tomas_(TV_Series),https://static.wikia.nocookie.net/walkingdead/images/8/8d/Season_three_tomas.png/revision/latest/scale-to-width-down/268?cb=20210227042140,,,Unknown,Latino-American,Dead,,,,Early to Mid 30s,,Black,,,,Brown,,Male,Post-Apocalypse Leader of the Prisoners,,,Nick Gomez,,,,
Tomichi Okumura (TV Series),https://walkingdead.fandom.com/wiki/Tomichi_Okumura_(TV_Series),https://static.wikia.nocookie.net/walkingdead/images/e/e2/Season_eleven_tomichi_okumura.png/revision/latest/scale-to-width-down/268?cb=20220923011308,,,Yumiko Okumura - Sister Magna - Sister-In-Law (Unnamed) - Unborn Nibling [ 1 ],English/Japanese,Alive,,,,Late 30s to Early 40s,,Black,,7,,,Tomi,Male,Pre-Apocalypse Thoracic Surgeon Post-Apocalypse Former Baker at Elodie's Treats Thoracic Surgeon at the Commonwealth Hospital,,,Ian Anthony Dale,,,,
Tommy (TV Series),https://walkingdead.fandom.com/wiki/Tommy_(TV_Series),https://static.wikia.nocookie.net/walkingdead/images/4/4a/Extra6_%28Conquer%29.png/revision/latest/scale-to-width-down/268?cb=20191227213737,,,Unknown,Caucasian-American,Dead,,,,Early 30s,,Blond,,5,,,,Male,Post-Apocalypse Construction Worker for the Alexandria Safe Zone,,,Duane Kicak,,,,
Tony (TV Series),https://walkingdead.fandom.com/wiki/Tony_(TV_Series),https://static.wikia.nocookie.net/walkingdead/images/5/5a/TonyTVface.jpg/revision/latest/scale-to-width-down/267?cb=20120826004307,,,Unknown,Caucasian-American,Dead,,,,Late 20s to Mid 30s,,Dirty Blond,,2,,Blue,,Male,Unknown,,,Aaron Munoz,,,"Ray Wessels ("" Triggerfinger "")",
Tony (TV Universe),https://walkingdead.fandom.com/wiki/Tony_(TV_Universe),https://static.wikia.nocookie.net/walkingdead/images/e/ee/Season_four_tony.png/revision/latest/scale-to-width-down/268?cb=20140401012449,,,Unknown,African-American,Dead,,,,Mid 30s,,Black,,1 ( Red Machete ) 4 ( The Walking Dead ),,,,Male,Unknown,,,Davi Jay,,,,
Trooper Hart (TV Series),https://walkingdead.fandom.com/wiki/Trooper_Hart_(TV_Series),https://static.wikia.nocookie.net/walkingdead/images/e/ec/Season_eleven_trooper_hart.png/revision/latest/scale-to-width-down/268?cb=20220228024631,,,Unknown,Caucasian-American,Unknown,,,,Early 30s,,Brown,,,,,,Male,Post-Apocalypse Soldier for the Commonwealth Army,,,Unknown,,,,
Trooper Nelson (TV Series),https://walkingdead.fandom.com/wiki/Trooper_Nelson_(TV_Series),https://static.wikia.nocookie.net/walkingdead/images/a/a6/Season_eleven_nelson.png/revision/latest/scale-to-width-down/268?cb=20221031230100,,,Unknown,Caucasian-American,Dead,,,,Late 30s to Early 40s,,Brown,,,,,Trooper 141,Male,Post-Apocalypse Soldier for the Commonwealth Army,,,Greg Perrow,,,,
Troy (TV Series),https://walkingdead.fandom.com/wiki/Troy_(TV_Series),https://static.wikia.nocookie.net/walkingdead/images/4/4b/Coalition8_%28Walk_With_Us%29.png/revision/latest?cb=20200317215621,,,Unknown,Caucasian-American,Dead,,,,Mid to Late 20s,,Brown,,9,,,,Male,Post-Apocalypse Guard for the Hilltop Colony Soldier for the Coalition,,,Andrew Douglass,,,,
Tyler Davis (TV Series),https://walkingdead.fandom.com/wiki/Tyler_Davis_(TV_Series),https://static.wikia.nocookie.net/walkingdead/images/8/8e/Season_eleven_tyler_davis.png/revision/latest/scale-to-width-down/268?cb=20221114230341,,,(Unnamed) - Sister (Unnamed) - Niblings,Caucasian-American,Dead,,,,Early to Mid 20s,,Brown,,5,,,,Male,Pre-Apocalypse Student Post-Apocalypse Former Soldier for the Commonwealth Army Former Server at the Commonwealth Soldier for the Coalition,,,Cameron Roberts,,,,
Tyreese's Group (TV Series),https://walkingdead.fandom.com/wiki/Tyreese%27s_Group_(TV_Series),https://static.wikia.nocookie.net/walkingdead/images/f/f0/WD311HD_0890.jpg/revision/latest/scale-to-width-down/268?cb=20130301061526,Unknown,TV Series,,,Disbanded,"Woodbury, Georgia (Formerly)",,Survivors,,,,Tyreese Williams,,,,,,,,,,""" Made to Suffer "" to "" Welcome to the Tombs """,Woodbury Army,,Rick's Group (Formerly)
Tyreese Williams (TV Series),https://walkingdead.fandom.com/wiki/Tyreese_Williams_(TV_Series),https://static.wikia.nocookie.net/walkingdead/images/f/f0/Season_five_tyreese.png/revision/latest/scale-to-width-down/268?cb=20221014035125,,,Mr. Williams - Father Sasha Williams † - Sister,African-American,Dead,,,,Late 30s to Early 40s,,Black,,25,Karen † - Late Girlfriend,,Ty,Male,Pre-Apocalypse Former NFL Player [ 1 ] Post-Apocalypse Former Leader of his own group Former Guard for Woodbury Former Supply Runner for the Prison,,,Chad Coleman,,,,
Unnamed or Unseen Characters (TV Series),https://walkingdead.fandom.com/wiki/Unnamed_or_Unseen_Characters_(TV_Series),,,,,,,,,,,,,,,,,,,,,,,,,,
Valak's Vipers,https://walkingdead.fandom.com/wiki/Valak%27s_Vipers,https://static.wikia.nocookie.net/walkingdead/images/7/75/10x22_Valak%27s_Vipers.jpg/revision/latest/scale-to-width-down/267?cb=20210329170333,Franklin's Group,TV Series,,,Inactive,Ohio Scorpion's Tail Restaurant & Beer,,Motorcycle Gang,,,,Craven,,,,,,,,,,""" Here's Negan "" (Flashback)",,,None
Vazquez (TV Series),https://walkingdead.fandom.com/wiki/Vazquez_(TV_Series),https://static.wikia.nocookie.net/walkingdead/images/c/c5/Season_eleven_vazquez.png/revision/latest/scale-to-width-down/268?cb=20210830014728,,,Unknown,Latino-American,Unknown,,,,Late 20s to Early 30s,,Black,,,,,,Male,Post-Apocalypse Soldier for the Commonwealth Army,,,Marcello Audino,,,,
Vickers (TV Series),https://walkingdead.fandom.com/wiki/Vickers_(TV_Series),https://static.wikia.nocookie.net/walkingdead/images/0/09/Season_eleven_vickers.png/revision/latest/scale-to-width-down/268?cb=20221107231556,,,Unknown,African-American,Alive,,,,Mid 40s,,Black,,4,,,,Female,Post-Apocalypse Colonel of the Commonwealth Army,,,Monique Grant,,,,
Vincent (TV Series),https://walkingdead.fandom.com/wiki/Vincent_(TV_Series),https://static.wikia.nocookie.net/walkingdead/images/c/cd/Season_eleven_vincent.png/revision/latest/scale-to-width-down/268?cb=20210920010236,,,Unknown,Caucasian-American,Unknown,,,,Early Teens,,Brown,,,,,,Male,Unknown,,,Pilot Bunch,,,,
Violet (TV Series),https://walkingdead.fandom.com/wiki/Violet_(TV_Series),https://static.wikia.nocookie.net/walkingdead/images/2/26/Season_four_violet.png/revision/latest/scale-to-width-down/268?cb=20191202150533,,,Carl Grimes † - Owner Piglets † - Children,Pig,Dead,,,,Unknown,,Pale Pink,,,,,,Female,Post-Apocalypse Farm Animal,,,Unknown,,,,
Virgil (TV Series),https://walkingdead.fandom.com/wiki/Virgil_(TV_Series),https://static.wikia.nocookie.net/walkingdead/images/5/53/Season_eleven_virgil.png/revision/latest/scale-to-width-down/268?cb=20260223215533,,,Lisa † - Late Wife Jasmine † - Daughter Bobby † - Son,African-American,Unknown,,,,Late 40s to Early 50s,,Black (Graying),,5,,,,Male,Pre-Apocalypse Researcher,,,Kevin Carroll,,,,
Virginia,https://walkingdead.fandom.com/wiki/Virginia,https://static.wikia.nocookie.net/walkingdead/images/c/c8/Virginia_Flag.jpg/revision/latest/scale-to-width-down/268?cb=20211211033427,,,,,"Mostly overrun, several active communities in the area",,,State,,,,,,,,,,,Virginia,,,,,,
Wade (TV Series),https://walkingdead.fandom.com/wiki/Wade_(TV_Series),https://static.wikia.nocookie.net/walkingdead/images/8/8b/117697.jpg/revision/latest/scale-to-width-down/268?cb=20160620084139,,,Unknown,Caucasian-American,Dead,,,,Mid 40s to Early 50s,,Black (Balding),,,,,,Male,Post-Apocalypse Lieutenant of the Saviors,,,Darin Cooper,,,,
Warren (TV Series),https://walkingdead.fandom.com/wiki/Warren_(TV_Series),https://static.wikia.nocookie.net/walkingdead/images/0/0e/WarrenUpdate.PNG/revision/latest/scale-to-width-down/268?cb=20140529034300,,,Unknown,Caucasian-American,Dead,,,,Early to Mid 30s,,Dark Brown,,,,Brown,,Male,Post-Apocalypse Guard for Woodbury Soldier for the Woodbury Army,,,Philip Dido,,,,
Wayne (TV Series),https://walkingdead.fandom.com/wiki/Wayne_(TV_Series),https://static.wikia.nocookie.net/walkingdead/images/0/00/Season_ten_wayne.png/revision/latest/scale-to-width-down/268?cb=20200322110537,,,Unknown,Asian-American,Unknown,,,,Mid to Late 30s,,Black,,,,,,Male,Unknown,,,Vince Foster,,,,
Wayne Dunlap (TV Series),https://walkingdead.fandom.com/wiki/Wayne_Dunlap_(TV_Series),https://static.wikia.nocookie.net/walkingdead/images/b/be/Season_one_wayne_dunlap.png/revision/latest/scale-to-width-down/268?cb=20220802030206,,,Rachel - Unspecified Relative,Caucasian-American,Dead,,,,30-31,,Black,,,,,,Male,Unknown,,,Unknown,,,,
Welles (TV Series),https://walkingdead.fandom.com/wiki/Welles_(TV_Series),https://static.wikia.nocookie.net/walkingdead/images/d/d6/Welles_S3_Crop.png/revision/latest/scale-to-width-down/268?cb=20141011213931,,,Unknown,Hispanic-American,Dead,,,,Early 30s,,Dark Brown,,2,,,,Male,Pre-Apocalypse Helicopter pilot Lieutenant in the U.S. Military,,,Julio Cesar Cedillo,,,,
Wesley (TV Series),https://walkingdead.fandom.com/wiki/Wesley_(TV_Series),https://static.wikia.nocookie.net/walkingdead/images/8/85/Season_eight_wesley.png/revision/latest/scale-to-width-down/268?cb=20180327022848,,,Unknown,Caucasian-American,Dead,,,,Early 30s,,Brown,,4,,,,Male,Post-Apocalypse Supply Runner for the Hilltop Colony Soldier for the Militia,,,Ilan Srulovicz,,,,
West Georgia Correctional Facility (TV Series),https://walkingdead.fandom.com/wiki/West_Georgia_Correctional_Facility_(TV_Series),https://static.wikia.nocookie.net/walkingdead/images/a/a4/Litprison.jpg/revision/latest/scale-to-width-down/268?cb=20221230015002,,,,,"Abandoned, overrun by the undead, and partially destroyed",,,Pre-Apocalypse Men's Correctional Facility Post-Apocalypse Settlement,,Georgia,,,,,,The Prison,,,,,,,,,
Will (TV Series),https://walkingdead.fandom.com/wiki/Will_(TV_Series),https://static.wikia.nocookie.net/walkingdead/images/9/92/Season_six_will.png/revision/latest/scale-to-width-down/268?cb=20210402144600,,,Unknown,Caucasian-American,Dead,,,,19,,Red,,,,,,Male,Post-Apocalypse Supply Runner for the Alexandria Safe Zone,,,Andrew Rusk,,,,
William (TV Series),https://walkingdead.fandom.com/wiki/William_(TV_Series),https://static.wikia.nocookie.net/walkingdead/images/1/16/Season_nine_william.png/revision/latest/scale-to-width-down/268?cb=20190226040217,,,Unknown,African-American,Unknown,,,,Mid 30s,,Black,,,,,,Male,Post-Apocalypse Soldier for the Kingdom,,,Jason Graham,,,,
William Milton (TV Series),https://walkingdead.fandom.com/wiki/William_Milton_(TV_Series),https://static.wikia.nocookie.net/walkingdead/images/5/5d/President_William_Milton.png/revision/latest/scale-to-width-down/268?cb=20221124025840,,,Pamela Milton - Daughter (Unnamed) † - Grandson Sebastian Milton † - Grandson Mr. Milton - Brother,Caucasian-American,Dead,,,,Early to Mid 80s,,Gray,,,,,,Male,Pre-Apocalypse Former President of the United States of America Post-Apocalypse Founder and Former Governor of the Commonwealth Former Commander-in-Chief of the Commonwealth Army,,,Tom Luse [ 1 ],,,,
Wilson (TV Series),https://walkingdead.fandom.com/wiki/Wilson_(TV_Series),https://static.wikia.nocookie.net/walkingdead/images/4/47/Season_eleven_wilson.png/revision/latest/scale-to-width-down/268?cb=20221031230118,,,(Unnamed) - Wife (Unnamed) - Son (Unnamed) - Son,Caucasian-American,Dead,,,,Late 30s to Early 40s,,Brown,,,,,,Male,Post-Apocalypse Train Engineer for the Commonwealth,,,Bryan McClure,,,,
Winnie (TV Series),https://walkingdead.fandom.com/wiki/Winnie_(TV_Series),https://static.wikia.nocookie.net/walkingdead/images/0/0e/Season_nine_winnie.png/revision/latest/scale-to-width-down/268?cb=20190318160854,,,Unknown,Caucasian-American,Unknown,,,,10-Aug,,Blonde,,,,,,Female,Pre-Apocalypse Student,,,Elle Graham,,,,
Winslow (TV Series),https://walkingdead.fandom.com/wiki/Winslow_(TV_Series),https://static.wikia.nocookie.net/walkingdead/images/0/0f/Season_seven_winslow.png/revision/latest/scale-to-width-down/268?cb=20170222005555,,,Unknown,Caucasian-American,Undead,,,,Early to Mid 50s,,Unknown,,,,,,Male,Unknown,,,Gino Crognale,,,,
Wolery (TV Series),https://walkingdead.fandom.com/wiki/Wolery_(TV_Series),https://static.wikia.nocookie.net/walkingdead/images/3/3f/Season_seven_wolery.png/revision/latest/scale-to-width-down/268?cb=20260511183851,,,Unknown,Caucasian-American,Dead,,,,Late 30s to Early 40s,,Unknown (Bald),,,,,,Male,Pre-Apocalypse Soldier in the U.S. Military,,,Unknown,,,,
"Woodbury, Georgia (TV Series)","https://walkingdead.fandom.com/wiki/Woodbury,_Georgia_(TV_Series)",https://static.wikia.nocookie.net/walkingdead/images/1/13/Vlcsnap-2012-10-29-09h16m37s30.png/revision/latest/scale-to-width-down/268?cb=20200212214335,,TV Series,,,"Destroyed, abandoned and overrun by the undead",,,Pre-Apocalypse Town Post-Apocalypse Settlement,,Georgia,,,,,,,,,"Woodbury, Georgia",,,""" Walk With Me "" to "" What Happened and What's Going On "" (Flashback)",,,
Yago (TV Series),https://walkingdead.fandom.com/wiki/Yago_(TV_Series),https://static.wikia.nocookie.net/walkingdead/images/7/74/Season_eight_yago.png/revision/latest/scale-to-width-down/268?cb=20171116012356,,,Unknown,Caucasian-American,Dead,,,,Late 40s,,Brown,,2,,,,Male,Unknown,,,Charles Halford,,,,
Yumiko Okumura (TV Series),https://walkingdead.fandom.com/wiki/Yumiko_Okumura_(TV_Series),https://static.wikia.nocookie.net/walkingdead/images/5/55/Season_eleven_yumiko_okumura_%282%29.png/revision/latest/scale-to-width-down/268?cb=20221126214936,,,Tomichi Okumura - Brother Magna - Wife [ 2 ] (Unnamed) - Unborn Child [ 3 ],English/Japanese,Alive,,,,Mid to Late 30s,,Black,,29,,,Miko,Female,Pre-Apocalypse Criminal Defense Attorney Post-Apocalypse Former Lookout for Coalport Former Member of the Hilltop Council [ 1 ] Former Soldier for the Coalition Former Attorney for the Milton Administration Attorney for the Commonwealth,,,Eleanor Matsuura,,,"Courtney Chen ("" Splinter "")",
Zach (TV Series),https://walkingdead.fandom.com/wiki/Zach_(TV_Series),https://static.wikia.nocookie.net/walkingdead/images/c/cd/Season_four_zach.png/revision/latest/scale-to-width-down/268?cb=20210302041145,,,Unknown,Caucasian-American,Dead,,,,Late Teens to Early 20s,,Brown,,2,Beth Greene † - Girlfriend,,,Male,Pre-Apocalypse College Student Post-Apocalypse Supply Runner for the Prison,,,Kyle Gallner,,,,
Zell (TV Series),https://walkingdead.fandom.com/wiki/Zell_(TV_Series),https://static.wikia.nocookie.net/walkingdead/images/6/6d/Soldier6_%28Out_of_the_Ashes%29.png/revision/latest/scale-to-width-down/268?cb=20210920160231,,,,African-American,Alive,,,,Late 20s to Early 30s,,Black,,5,Livits † - Late Lover,,,Male,Post-Apocalypse Soldier for the Commonwealth Army,,,Terrence James,,,,
Zia (TV Series),https://walkingdead.fandom.com/wiki/Zia_(TV_Series),https://static.wikia.nocookie.net/walkingdead/images/8/84/Season_eight_zia.png/revision/latest/scale-to-width-down/268?cb=20200517182931,,,Unknown,African-American,Dead,,,,Early to Mid 30s,,Brown,,,,,,Female,Unknown,,,Ciera L. Payton,,,,
Zion (TV Series),https://walkingdead.fandom.com/wiki/Zion_(TV_Series),https://static.wikia.nocookie.net/walkingdead/images/c/c0/CP_zion.png/revision/latest/scale-to-width-down/268?cb=20190721155014,,,Unknown,Caucasian-American,Undead,,,,Early 40s,,Brown,,2,,,,Male,Unknown,,,David Ury,,,,
Zombies,https://walkingdead.fandom.com/wiki/Zombies,https://static.wikia.nocookie.net/walkingdead/images/5/5e/Zombie_Deluxe.png/revision/latest/scale-to-width-down/268?cb=20210423230911,,,,Varies,Undead,,,,Varies,,Varies,,,,,,Varies,Varies,,,Varies,,,,
